Page_URL,Downloads,day
open.canada.ca/data/en/dataset/90fed587-1364-4f33-a9ee-208181dc0b97/resource/4ee7a4e0-ffc3-47af-94e7-30929d1eeb67,39.0,"Aug 1, 2026"
open.canada.ca/data/en/dataset/90fed587-1364-4f33-a9ee-208181dc0b97,33.0,"Aug 1, 2026"
open.canada.ca/data/en/dataset/13564ca4-e330-40a5-9521-bfb1be767147,25.0,"Aug 1, 2026"
open.canada.ca/data/en/dataset/90fed587-1364-4f33-a9ee-208181dc0b97/resource/8c205edb-9a82-468e-9aa4-b82266cbaad6,15.0,"Aug 1, 2026"
open.canada.ca/data/en/dataset/b27ec3ef-7338-4e76-a6fd-128339a92df5/resource/945045fa-2de0-47d4-aad2-144d69467824,13.0,"Aug 1, 2026"
open.canada.ca/data/en/dataset/dfa4daf1-669e-4514-82cd-982f27707ed0/resource/5d87eeb6-5305-4a0e-bc1d-fdf96e691749,12.0,"Aug 1, 2026"
open.canada.ca/data/en/dataset/dfa4daf1-669e-4514-82cd-982f27707ed0/resource/f015e958-829b-44bb-b201-641584b818dd,11.0,"Aug 1, 2026"
open.canada.ca/data/en/dataset/e8745429-21e7-4a73-b3f5-90a779b78d1e,10.0,"Aug 1, 2026"
open.canada.ca/data/en/dataset/dfa4daf1-669e-4514-82cd-982f27707ed0,10.0,"Aug 1, 2026"
open.canada.ca/data/en/dataset/e8a3fc19-6016-4c90-a5c0-eb35233d708e/resource/04b0ca5c-01e0-46ba-bd70-9d6a29e092ed,8.0,"Aug 1, 2026"
open.canada.ca/data/en/dataset/dfa4daf1-669e-4514-82cd-982f27707ed0/resource/0a7918f0-6e8a-433b-9ea2-60e2b8674cb5,8.0,"Aug 1, 2026"
open.canada.ca/data/en/dataset/90115b00-f9b8-49e8-afa3-b4cff8facaee/resource/b505b9bc-d375-4525-af39-afdf25639acf,8.0,"Aug 1, 2026"
open.canada.ca/data/en/dataset/90fed587-1364-4f33-a9ee-208181dc0b97/resource/06512c1b-d4a7-413f-bc1e-fc38de9f9aca,7.0,"Aug 1, 2026"
open.canada.ca/data/en/dataset/d46a91b9-727d-45d6-9e8c-e2b3b265ea5d/resource/407d429e-41b5-4d99-a9dd-7904898557f8,6.0,"Aug 1, 2026"
open.canada.ca/data/en/dataset/dfa4daf1-669e-4514-82cd-982f27707ed0/resource/a2f5faf4-07fe-4a3c-9bd3-62bbf11a426f,6.0,"Aug 1, 2026"
ouvert.canada.ca/data/fr/dataset/dfa4daf1-669e-4514-82cd-982f27707ed0,6.0,"Aug 1, 2026"
open.canada.ca/data/en/dataset/bf00b7f4-e370-46b7-94e4-0bdedc98531b,5.0,"Aug 1, 2026"
open.canada.ca/data/en/dataset/b61755fd-824b-469d-b75c-3448e31deb89,5.0,"Aug 1, 2026"
open.canada.ca/data/en/dataset/90fed587-1364-4f33-a9ee-208181dc0b97/resource/3b7a821b-becc-4d96-9e39-0c2849f90c50,5.0,"Aug 1, 2026"
open.canada.ca/data/en/dataset/dfa4daf1-669e-4514-82cd-982f27707ed0/resource/a5fec3bd-e1e4-4a98-bf0d-1b0e8735ec7a,5.0,"Aug 1, 2026"
open.canada.ca/data/en/dataset/4c6c515f-7c44-4bb6-ab56-c5f79f75f705,4.0,"Aug 1, 2026"
open.canada.ca/data/en/dataset/6abd20d4-7a1c-4b38-baa2-9525d0bb2fd2/resource/5870de7c-86fe-4d05-8d73-cd412e12fdeb,4.0,"Aug 1, 2026"
open.canada.ca/data/en/dataset/9c52df44-7a34-4a73-a92a-5e3b20de6c73,4.0,"Aug 1, 2026"
open.canada.ca/data/en/dataset/40544b3a-4821-55cf-95c5-ff056f1ade05/resource/232dc21d-612f-4e1e-a499-306afef52d13,4.0,"Aug 1, 2026"
open.canada.ca/data/en/dataset/9cbaef00-b52c-4a70-9fed-d9aa8263ab74,4.0,"Aug 1, 2026"
open.canada.ca/data/en/dataset/02401edc-c484-462b-a6f0-b33024d66e9f,4.0,"Aug 1, 2026"
open.canada.ca/data/en/dataset/dfa4daf1-669e-4514-82cd-982f27707ed0/resource/5efa3920-83f6-4108-bb51-db2456e7b37c,4.0,"Aug 1, 2026"
open.canada.ca/data/en/dataset/cdfc2d7b-c046-4bf0-90ac-4897232619e1/resource/ca2e29ce-220b-459c-bcbf-6117abb16d77,4.0,"Aug 1, 2026"
open.canada.ca/data/en/dataset/061c8cb7-ca4e-45be-a990-61fce7e7d2dc/resource/22cb51ed-3d28-4ae9-bac0-1fb6e4e91980,4.0,"Aug 1, 2026"
open.canada.ca/data/en/dataset/d5ad9eb8-5195-4d1d-83e1-b5afe6b7c737,4.0,"Aug 1, 2026"
open.canada.ca/data/en/dataset/f7e5498e-0ad8-4417-85c9-9b8aff9b9eda,4.0,"Aug 1, 2026"
open.canada.ca/data/en/dataset/f7e5498e-0ad8-4417-85c9-9b8aff9b9eda/resource/d1c1f4f3-2d7f-4e02-9a79-7af98209c2f3,4.0,"Aug 1, 2026"
ouvert.canada.ca/data/fr/dataset/90fed587-1364-4f33-a9ee-208181dc0b97,3.0,"Aug 1, 2026"
open.canada.ca/data/en/dataset/05a9e718-6810-4e73-8bb9-5955efeb91a0,3.0,"Aug 1, 2026"
open.canada.ca/data/en/dataset/6abd20d4-7a1c-4b38-baa2-9525d0bb2fd2,3.0,"Aug 1, 2026"
open.canada.ca/data/en/dataset/91ed76b4-a1a2-4f87-9c4c-59cd64f7a9de/resource/d0f6040e-671c-4301-a235-e9e7ba164604,3.0,"Aug 1, 2026"
open.canada.ca/data/en/dataset/1b6139bd-ed7e-4043-bc28-ff00e10f3109,3.0,"Aug 1, 2026"
open.canada.ca/data/en/dataset/90fed587-1364-4f33-a9ee-208181dc0b97/resource/fbfda891-5327-4e01-927e-0e0dd580d304,3.0,"Aug 1, 2026"
ouvert.canada.ca/data/fr/dataset/dfa4daf1-669e-4514-82cd-982f27707ed0/resource/a2f5faf4-07fe-4a3c-9bd3-62bbf11a426f,3.0,"Aug 1, 2026"
open.canada.ca/data/en/dataset/e98ebcd8-5989-4924-85e1-7657d920b949/resource/510f1a12-3e00-4a37-8601-fa35eae9d598,3.0,"Aug 1, 2026"
open.canada.ca/data/en/dataset/0032ce54-c5dd-4b66-99a0-320a7b5e99f2,3.0,"Aug 1, 2026"
open.canada.ca/data/en/dataset/6abd20d4-7a1c-4b38-baa2-9525d0bb2fd2/resource/05b804dd-11ec-4271-8d69-d6044e1a5481,3.0,"Aug 1, 2026"
open.canada.ca/data/en/dataset/8c387c19-9411-c58c-89d3-9e222ea3f50a/resource/fb18822e-19ba-4140-b7a1-0deb5583a607,3.0,"Aug 1, 2026"
open.canada.ca/data/en/dataset/dfa4daf1-669e-4514-82cd-982f27707ed0/resource/bdc68e9a-9e15-40eb-b1f2-05afc48a828a,3.0,"Aug 1, 2026"
open.canada.ca/openmap/en.html,3.0,"Aug 1, 2026"
open.canada.ca/data/en/dataset/e8a3fc19-6016-4c90-a5c0-eb35233d708e,3.0,"Aug 1, 2026"
ouvert.canada.ca/data/dataset/38ddc983-1bf0-4bee-ad18-07dac8cfe884,3.0,"Aug 1, 2026"
open.canada.ca/data/en/dataset/4dab5b98-b97b-7ba7-9c23-b3eaf8e8d762,3.0,"Aug 1, 2026"
open.canada.ca/data/en/dataset/c7413d9f-112e-4a26-bbd1-ae2711856629/resource/7e5679e0-bd93-4fe2-871f-86a7bc2479b5,3.0,"Aug 1, 2026"
open.canada.ca/data/en/dataset/3901b6c5-d936-449c-a7d1-73ec90b11399/resource/286f21f3-6564-423e-b815-e38754db54e0,3.0,"Aug 1, 2026"
open.canada.ca/data/en/dataset/90bf9b99-1ae8-413f-acbe-8254c5e9b77b,2.0,"Aug 1, 2026"
open.canada.ca/data/en/dataset/e2c8aa2e-fe17-4bd5-92ce-1462460cc330,2.0,"Aug 1, 2026"
ouvert.canada.ca/data/fr/dataset/ca1046dc-dc69-4467-8113-8871c5ea7254/resource/afe4f45b-a39f-4588-a367-da28ff0299ed,2.0,"Aug 1, 2026"
open.canada.ca/data/en/dataset/b6cbcf4d-f763-4924-a2fb-8cc4a06e3de4,2.0,"Aug 1, 2026"
open.canada.ca/data/en/dataset/3e4efd44-7a00-46d1-9c7c-171028a01066/resource/8c13971e-1175-4e52-80f2-e41de48e9cf7,2.0,"Aug 1, 2026"
open.canada.ca/data/en/dataset/1feee3b5-8068-4dbb-b361-180875837593/resource/08e5b494-e7e8-4082-8e3e-e8df0f4f28c6,2.0,"Aug 1, 2026"
open.canada.ca/data/en/dataset/23344072-7118-4715-84a9-daf630ec76c8/resource/e05b011e-f782-44ad-913a-971de5730923,2.0,"Aug 1, 2026"
open.canada.ca/data/en/dataset/6e47f705-71ed-41f0-8fd5-d1a8508a3b63/resource/e6966014-6f2b-48ac-8cb3-f4d9e26f9194,2.0,"Aug 1, 2026"
open.canada.ca/data/en/dataset/56578f58-a775-44ea-9cc5-9bf7c78410e6,2.0,"Aug 1, 2026"
open.canada.ca/data/en/dataset/90115b00-f9b8-49e8-afa3-b4cff8facaee/resource/3897ef92-a491-4bab-b9c0-eb94c8b173ad,2.0,"Aug 1, 2026"
open.canada.ca/data/en/dataset/e98ebcd8-5989-4924-85e1-7657d920b949/resource/bcbbda97-848c-4b4d-8113-fc4589ec0d3a,2.0,"Aug 1, 2026"
open.canada.ca/data/en/dataset/cdfc2d7b-c046-4bf0-90ac-4897232619e1,2.0,"Aug 1, 2026"
open.canada.ca/data/en/dataset/fcf3e4d7-054c-4165-ac34-b8809b2ae0cd/resource/9b174775-fe94-45fe-945a-cf5557433392,2.0,"Aug 1, 2026"
open.canada.ca/data/en/dataset/04e19eaa-1e18-428e-9118-7ba11e85bf1b/resource/1138584a-4477-4f8e-8d83-8da9bdbccb35,2.0,"Aug 1, 2026"
open.canada.ca/data/en/dataset/873cfcb0-1c9b-4a48-a366-076697069bb9,2.0,"Aug 1, 2026"
open.canada.ca/data/en/dataset/529376d6-b8de-47f2-a3d0-05cd9a767110,2.0,"Aug 1, 2026"
open.canada.ca/data/en/dataset/6abd20d4-7a1c-4b38-baa2-9525d0bb2fd2/resource/fa0e6965-4339-4694-9f91-7b84e7216c72,2.0,"Aug 1, 2026"
open.canada.ca/data/en/dataset/17dfa825-9515-4fac-be6b-3964d25194c3,2.0,"Aug 1, 2026"
open.canada.ca/data/en/dataset/0032ce54-c5dd-4b66-99a0-320a7b5e99f2/resource/7b6dd154-aa04-46ce-8880-ce4a5fa0a680,2.0,"Aug 1, 2026"
open.canada.ca/data/en/dataset/ceb1ab5a-7d7c-4491-a2f7-560c47c4e22f,2.0,"Aug 1, 2026"
open.canada.ca/data/en/dataset/90fed587-1364-4f33-a9ee-208181dc0b97/resource/bd5dab03-02dc-4542-8e01-c04dca9a0337,2.0,"Aug 1, 2026"
open.canada.ca/data/en/dataset/fa349b87-f7af-1b65-2aa3-f1dffa7b6e3c/resource/7048bf0a-7064-41de-8958-c793a2737c17,2.0,"Aug 1, 2026"
open.canada.ca/data/en/dataset/38ddc983-1bf0-4bee-ad18-07dac8cfe884/resource/0c5ebda6-9ca2-4956-9767-7f8c7f33c109,2.0,"Aug 1, 2026"
ouvert.canada.ca/data/fr/dataset/f7e5498e-0ad8-4417-85c9-9b8aff9b9eda/resource/1b3c140b-8d3a-49a1-859e-da338bf907c6,2.0,"Aug 1, 2026"
open.canada.ca/data/en/dataset/d90eaf1b-2de8-43f0-923a-27a620ecdf41,2.0,"Aug 1, 2026"
open.canada.ca/data/en/dataset/fa349b87-f7af-1b65-2aa3-f1dffa7b6e3c/resource/5eb2f777-2b5a-465c-83f2-9383724e308e,2.0,"Aug 1, 2026"
open.canada.ca/data/en/dataset/4b326871-2d4a-4cec-8b24-2d17f9219d12/resource/b28a8861-aed1-48bd-94cc-411c79002648,2.0,"Aug 1, 2026"
open.canada.ca/data/en/dataset/04f5b200-bab1-4ecf-bd1a-0cd2f55cb34d,2.0,"Aug 1, 2026"
open.canada.ca/data/en/dataset/90115b00-f9b8-49e8-afa3-b4cff8facaee/resource/d3702eb4-5ef4-412f-86fd-219e6b8f5fdc,2.0,"Aug 1, 2026"
open.canada.ca/data/en/dataset/742b4dcb-b834-46c9-93b7-6878bb0ae295/resource/a56fc93a-c40c-458f-8e30-f4156cb6fc33,2.0,"Aug 1, 2026"
open.canada.ca/data/en/dataset/957782bf-847c-4644-a757-e383c0057995,2.0,"Aug 1, 2026"
open.canada.ca/data/en/dataset/90115b00-f9b8-49e8-afa3-b4cff8facaee,2.0,"Aug 1, 2026"
open.canada.ca/data/en/dataset/dfa4daf1-669e-4514-82cd-982f27707ed0/resource/d5303a76-30ca-4e03-b670-e726140a08f5,2.0,"Aug 1, 2026"
open.canada.ca/data/en/dataset/adad580f-76b0-4502-bd05-20c125de9116/resource/9da94d63-b178-4a64-aeb3-b6a3bd721ad2,2.0,"Aug 1, 2026"
open.canada.ca/data/en/dataset/a348c1d1-2392-4595-b5e2-c6a244a7e87f,2.0,"Aug 1, 2026"
open.canada.ca/data/en/dataset/f82f66f2-a22b-4511-bccf-e1d74db39ae5,2.0,"Aug 1, 2026"
open.canada.ca/data/en/dataset/90115b00-f9b8-49e8-afa3-b4cff8facaee/resource/00d1a009-9ce6-403e-befa-7ae1070d0b0d,2.0,"Aug 1, 2026"
ouvert.canada.ca/data/fr/dataset/90fed587-1364-4f33-a9ee-208181dc0b97/resource/8c205edb-9a82-468e-9aa4-b82266cbaad6,2.0,"Aug 1, 2026"
open.canada.ca/data/en/dataset/d4551ff4-be93-4d16-ad84-812e5ba0b1d5,2.0,"Aug 1, 2026"
open.canada.ca/data/en/dataset/22c7cb44-1463-48f7-8e47-88857f207702/resource/4d6d5025-6b94-47b5-9620-8130e2014bb4,2.0,"Aug 1, 2026"
open.canada.ca/data/en/dataset/d46a91b9-727d-45d6-9e8c-e2b3b265ea5d,2.0,"Aug 1, 2026"
open.canada.ca/data/en/dataset/190a6a38-1fef-4bfa-8f60-e07a771ea558,2.0,"Aug 1, 2026"
open.canada.ca/data/en/dataset/29122e72-5762-25f0-732f-c6377f11763f,2.0,"Aug 1, 2026"
open.canada.ca/data/en/dataset/976bb4f8-2b63-4150-910c-1f8e094cc83a/resource/16c18c38-b255-4793-82d4-e32853adec33,2.0,"Aug 1, 2026"
open.canada.ca/data/en/dataset/98f1a129-f628-4ce4-b24d-6f16bf24dd64/resource/9df1b18d-d036-4783-a61c-99f1f75b3ac5,2.0,"Aug 1, 2026"
open.canada.ca/data/en/dataset/360024f2-17e9-4558-bfc1-3616485d65b9/resource/d5779439-e0fb-4e6f-82d0-c6070f654bec,2.0,"Aug 1, 2026"
open.canada.ca/data/en/dataset/061c8cb7-ca4e-45be-a990-61fce7e7d2dc,2.0,"Aug 1, 2026"
open.canada.ca/data/en/dataset/56578f58-a775-44ea-9cc5-9bf7c78410e6/resource/d14e66b9-b839-40e1-b0d3-50ddcedf777f,2.0,"Aug 1, 2026"
ouvert.canada.ca/data/fr/dataset/8dd0ab9b-d45d-4526-9256-c598fbc4ff3a,2.0,"Aug 1, 2026"
open.canada.ca/data/en/dataset/b0c4a8e1-bb44-4ea8-a389-a3a6b87573aa,2.0,"Aug 1, 2026"
open.canada.ca/data/en/dataset/1c949987-310c-4bd8-adaa-a9268332e4c0/resource/aa8a57d9-38ec-4082-b87f-c6ba53d0726f,2.0,"Aug 1, 2026"
open.canada.ca/data/en/dataset/094c9b54-a1ca-4aad-935e-2541e5a23b3f/resource/96afd472-924d-4af2-971c-bb7aade8989e,2.0,"Aug 1, 2026"
open.canada.ca/data/en/dataset/65658050-7a80-4da3-9a09-da137c203a34,2.0,"Aug 1, 2026"
open.canada.ca/data/en/dataset/f6dacc0f-8f64-471e-8b2e-6409d42a0af3,2.0,"Aug 1, 2026"
open.canada.ca/data/en/dataset/dfa4daf1-669e-4514-82cd-982f27707ed0/resource/fc52e37f-1520-47d1-bff6-5925deb6974f,2.0,"Aug 1, 2026"
open.canada.ca/data/en/dataset/90fed587-1364-4f33-a9ee-208181dc0b97/resource/68a48c73-39a1-4049-a7ae-044f9c6c87b3,2.0,"Aug 1, 2026"
open.canada.ca/data/en/dataset/40544b3a-4821-55cf-95c5-ff056f1ade05/resource/f88fe485-2402-41a3-aedd-32f7e600e200,2.0,"Aug 1, 2026"
open.canada.ca/data/en/dataset/4cc207cc-ff03-44f8-8c5f-415af5224646/resource/4a3fb621-d335-4892-abe5-845391d7798e,2.0,"Aug 1, 2026"
open.canada.ca/data/en/dataset/6d9f412c-c5fa-497e-9a97-447369440f71/resource/2135c64a-cf28-4d23-9309-e96c43f14315,2.0,"Aug 1, 2026"
ouvert.canada.ca/data/fr/dataset/dfa4daf1-669e-4514-82cd-982f27707ed0/resource/5d87eeb6-5305-4a0e-bc1d-fdf96e691749,2.0,"Aug 1, 2026"
open.canada.ca/data/en/dataset/9b34e712-513f-44e9-babf-9df4f7256550/resource/966285a7-88f7-43f1-9fe5-030fcb92397b,1.0,"Aug 1, 2026"
open.canada.ca/data/en/dataset/56578f58-a775-44ea-9cc5-9bf7c78410e6/resource/a98cb0f8-67c7-48ae-8085-5e947b0f896d,1.0,"Aug 1, 2026"
open.canada.ca/data/en/dataset/3f718801-099d-4037-bb0a-1d41ba8aca8b,1.0,"Aug 1, 2026"
open.canada.ca/data/en/dataset/dd548674-d011-4f81-b745-351cd930eb87/resource/a531a583-aa1d-4403-9231-b159b62f1cc2,1.0,"Aug 1, 2026"
open.canada.ca/data/en/dataset/cace513c-9506-4f20-8dd1-7a072034f5fe,1.0,"Aug 1, 2026"
open.canada.ca/data/en/dataset/df77cdc9-9b34-d843-8df3-db5fba28d204/resource/cc1a0223-f2e9-4927-b361-732265f3c35c,1.0,"Aug 1, 2026"
open.canada.ca/data/en/dataset/4dab5b98-b97b-7ba7-9c23-b3eaf8e8d762/resource/365343d5-cef7-4497-a8c0-e91b1b4f4f57,1.0,"Aug 1, 2026"
open.canada.ca/data/en/dataset/a763088c-018d-48b7-bf47-3027a8c725b8/resource/03e2c0aa-f3e7-43ec-96b1-bd3f200b91db,1.0,"Aug 1, 2026"
open.canada.ca/data/en/dataset/b9f51ef4-4605-4ef2-8231-62a2edda1b54/resource/7b301f1a-2a7a-48bd-9ea9-e0ac4a5313ed,1.0,"Aug 1, 2026"
open.canada.ca/data/en/dataset/13564ca4-e330-40a5-9521-bfb1be767147/resource/ce5e63d1-57e1-4f30-a26c-742e4bcd86aa,1.0,"Aug 1, 2026"
open.canada.ca/data/en/dataset/adad580f-76b0-4502-bd05-20c125de9116,1.0,"Aug 1, 2026"
open.canada.ca/data/en/dataset/8ec4a9df-b76b-4a67-8f93-cdbc2e040098/resource/139c1476-355f-4052-bde9-e15fc7948909,1.0,"Aug 1, 2026"
open.canada.ca/data/en/dataset/d2090097-2984-4b75-967c-e0f1eaa3f31b/resource/8179d2a5-fb0d-4e5b-9f99-7d83c2ea6d4f,1.0,"Aug 1, 2026"
open.canada.ca/data/en/dataset/f4112442-bdc8-45d2-be3c-12efae72fb27/resource/7cbb77ee-ae04-495a-b4ea-8b28da2d2624,1.0,"Aug 1, 2026"
open.canada.ca/data/en/dataset/bf00b7f4-e370-46b7-94e4-0bdedc98531b/resource/e46d33d1-d83f-478b-813d-0bcbd56a2f69,1.0,"Aug 1, 2026"
open.canada.ca/data/en/dataset/1a78a4bb-53e8-4c89-94fe-74b550100120,1.0,"Aug 1, 2026"
open.canada.ca/data/en/dataset/8dd0ab9b-d45d-4526-9256-c598fbc4ff3a,1.0,"Aug 1, 2026"
open.canada.ca/data/en/dataset/885eee85-11f0-18bb-c954-48e5ff8bf551/resource/13512b23-29e8-4d50-bfeb-2ea66735e3a5,1.0,"Aug 1, 2026"
open.canada.ca/data/en/dataset/2ce347e5-02fd-4487-975d-67a435efdf9b,1.0,"Aug 1, 2026"
open.canada.ca/data/en/dataset/2916fad5-ebcc-4c86-b0f3-4f619b29f412/resource/15eeafa2-c331-44e7-b37f-d0d54a51d2eb,1.0,"Aug 1, 2026"
open.canada.ca/data/en/dataset/9b34e712-513f-44e9-babf-9df4f7256550/resource/c294b584-bee1-4fc2-b02e-cef8601816ab,1.0,"Aug 1, 2026"
open.canada.ca/data/en/dataset/13564ca4-e330-40a5-9521-bfb1be767147/resource/9c86eae1-8ef4-4d2e-aa9c-ef058741257a,1.0,"Aug 1, 2026"
open.canada.ca/data/en/dataset/d85f68c5-fcb0-4b4d-aec5-3047db47dcd5/resource/71688c89-b758-4950-832d-865445694d68,1.0,"Aug 1, 2026"
open.canada.ca/data/en/dataset/ee1580ab-a23d-4f86-a09b-79763677eb47/resource/baddbc7e-4381-4af1-935f-454b53c32483,1.0,"Aug 1, 2026"
open.canada.ca/data/en/dataset/261c32ab-4cfd-4f81-9dea-7b64065690dc/resource/39434379-45a1-43d5-aea7-a7a50113c291,1.0,"Aug 1, 2026"
open.canada.ca/data/en/dataset/6ad8e956-e6f7-410c-9403-27bd6fcb7ead/resource/152b9142-6ee7-42fc-a8f8-d9c902b258b7,1.0,"Aug 1, 2026"
open.canada.ca/data/en/dataset/90fed587-1364-4f33-a9ee-208181dc0b97/resource/aed9328a-1b42-48bd-a096-75ef06eba025,1.0,"Aug 1, 2026"
ouvert.canada.ca/data/dataset/49ff9fe4-eb30-4c1a-a30a-fca82d4f5c2f,1.0,"Aug 1, 2026"
ouvert.canada.ca/data/fr/dataset/dfa4daf1-669e-4514-82cd-982f27707ed0/resource/f015e958-829b-44bb-b201-641584b818dd,1.0,"Aug 1, 2026"
open.canada.ca/data/en/dataset/082e7992-266e-4832-84de-d542c8a59b7b,1.0,"Aug 1, 2026"
open.canada.ca/data/en/dataset/29892c85-2ff5-484c-873c-f494ffba6e1b/resource/192fa2e2-7401-4b20-8b94-be9c21c6a7ee,1.0,"Aug 1, 2026"
ouvert.canada.ca/data/fr/dataset/778989e3-f9a2-4a61-92dc-fdf0293cf6ca/resource/b17b6dab-febb-4bca-8328-2bd19220ee96,1.0,"Aug 1, 2026"
open.canada.ca/data/en/dataset/719955f2-bf8e-44f7-bc26-6bd623e82884/resource/92cf469b-7add-45ba-aec2-e1116d7407c1,1.0,"Aug 1, 2026"
open.canada.ca/data/en/dataset/56578f58-a775-44ea-9cc5-9bf7c78410e6/resource/e1748ba2-37f5-48e3-ba37-c87a4dbfc50e,1.0,"Aug 1, 2026"
open.canada.ca/data/en/dataset/873cfcb0-1c9b-4a48-a366-076697069bb9/resource/4e92c7a1-ea9c-4b83-8306-6eb1827348b5,1.0,"Aug 1, 2026"
open.canada.ca/data/en/dataset/bdc81d33-1ab5-4882-9764-8701e8971bb7,1.0,"Aug 1, 2026"
open.canada.ca/data/en/dataset/38ef4d26-b838-447b-b874-9233a0884cf0/resource/723b2ffe-f8f4-4c37-b4c4-bb94d9fa9516,1.0,"Aug 1, 2026"
search.open.canada.ca/grants/download/5ca189a4-56e9-4f7f-b3b7-990d7d975bee,1.0,"Aug 1, 2026"
open.canada.ca/data/en/dataset/82b06c86-253a-4e77-a050-c022462e90eb,1.0,"Aug 1, 2026"
open.canada.ca/data/en/dataset/73244bd4-048b-4a6b-9b9d-aeaa8228d6b2/resource/b49b0548-1db2-4f9b-a25b-6227d9bfd48d,1.0,"Aug 1, 2026"
open.canada.ca/data/en/dataset/4c6c515f-7c44-4bb6-ab56-c5f79f75f705/resource/6987c14b-8c4f-4462-9339-1341960d0fc6,1.0,"Aug 1, 2026"
open.canada.ca/data/en/dataset/3ff1e1de-d665-4398-a12a-e8ce55f887ac/resource/6619e979-6db6-4e02-9674-dc05bf97834c,1.0,"Aug 1, 2026"
ouvert.canada.ca/data/fr/dataset/18c56d8a-696f-512f-961d-e4bc17945620/resource/24b17b5e-e7b1-431a-9924-8ec632ef0e88,1.0,"Aug 1, 2026"
open.canada.ca/data/en/dataset/2916fad5-ebcc-4c86-b0f3-4f619b29f412/resource/ba980e38-f110-466a-ad92-3ee0d5a60d49,1.0,"Aug 1, 2026"
open.canada.ca/data/en/dataset/4a1b260a-7ac4-4985-80a0-603bfe4aec11,1.0,"Aug 1, 2026"
open.canada.ca/data/en/dataset/63de8585-ef22-5638-84c4-5da763eb57bb/resource/fd24032e-238f-414f-b703-1fa9a9c163f6,1.0,"Aug 1, 2026"
open.canada.ca/data/en/dataset/38ddc983-1bf0-4bee-ad18-07dac8cfe884/resource/ea2c3b7d-e778-45bd-a0ea-34e59de1b818,1.0,"Aug 1, 2026"
ouvert.canada.ca/data/dataset/90fed587-1364-4f33-a9ee-208181dc0b97/resource/8c205edb-9a82-468e-9aa4-b82266cbaad6,1.0,"Aug 1, 2026"
open.canada.ca/data/en/dataset/9764d6c6-3044-450c-ac5a-383cedbfef17,1.0,"Aug 1, 2026"
search.open.canada.ca/grants/download/9d582ed0-b33e-4d8b-84bb-2965f89007b7,1.0,"Aug 1, 2026"
open.canada.ca/data/en/dataset/55a4e3da-6726-4abb-a573-6d3bd5b02c08,1.0,"Aug 1, 2026"
open.canada.ca/data/en/dataset/50248c72-b49e-43a6-a4d4-5388153fd9ec/resource/723008c4-0f92-4a9e-aec0-78fe01f00571,1.0,"Aug 1, 2026"
open.canada.ca/data/en/dataset/db177a8c-5d7d-49eb-8290-31e6a45d786c/resource/c77e1689-e4f7-4d38-8222-db7da1998f8c,1.0,"Aug 1, 2026"
open.canada.ca/data/en/dataset/d38de914-c94c-429b-8ab1-8776c31643e3,1.0,"Aug 1, 2026"
open.canada.ca/data/en/dataset/66d05825-d3a4-440c-bc31-1e5f555421e5/resource/e1211c78-347f-4441-9bdd-d82d7cc9e733,1.0,"Aug 1, 2026"
open.canada.ca/data/en/dataset/89fdaea0-2c28-5d35-b8e6-e7cf811f96d6,1.0,"Aug 1, 2026"
open.canada.ca/data/en/dataset/ac5c16b9-7f4b-4d84-dfe2-4d9d1118e685,1.0,"Aug 1, 2026"
ouvert.canada.ca/data/dataset/23ada5c3-67a6-4703-9369-c8d690b092e1/resource/90c4450b-f4b8-486c-82a7-f77da0b160a3,1.0,"Aug 1, 2026"
open.canada.ca/data/en/dataset/7f5b2c8f-f3e8-47b2-a5b6-0f736f3613eb/resource/3f3a9648-35ed-4275-8b16-225bc7b15dc7,1.0,"Aug 1, 2026"
open.canada.ca/data/en/dataset/38ef4d26-b838-447b-b874-9233a0884cf0/resource/28ca774f-cbd6-47e8-9089-4f605d3e2683,1.0,"Aug 1, 2026"
open.canada.ca/data/en/dataset/56578f58-a775-44ea-9cc5-9bf7c78410e6/resource/56b07192-31d0-4036-85af-2a85b20a0609,1.0,"Aug 1, 2026"
open.canada.ca/data/en/dataset/52e4b14b-597a-4ecf-a184-23a6e69b0d57/resource/2bf5346f-3314-4640-a06e-1b287d02a552,1.0,"Aug 1, 2026"
open.canada.ca/data/en/dataset/b628f1da-9dc3-4bb1-9875-1470f891afb1,1.0,"Aug 1, 2026"
open.canada.ca/data/en/dataset/d11d65d2-f908-4c53-b020-df0d002ad979,1.0,"Aug 1, 2026"
open.canada.ca/data/en/dataset/36515a02-cc2e-4f17-a1d8-6bcbfc92bce1/resource/0babaae6-94be-45dc-9b54-84443e9f6691,1.0,"Aug 1, 2026"
ouvert.canada.ca/data/fr/dataset/8cf43e2b-f276-4fb7-8d3a-e20fecc618b4,1.0,"Aug 1, 2026"
open.canada.ca/data/en/dataset/2582c87b-03b4-406c-af6b-3cfea418dc7b,1.0,"Aug 1, 2026"
open.canada.ca/data/en/dataset/13564ca4-e330-40a5-9521-bfb1be767147/resource/41f9de36-cf7a-4839-9f7f-970a716b429a,1.0,"Aug 1, 2026"
open.canada.ca/data/en/dataset/ea639e28-c0fc-48bf-b5dd-b8899bd43072,1.0,"Aug 1, 2026"
open.canada.ca/data/en/dataset/4fe645a1-ffcd-40c1-9385-2c771be956a4,1.0,"Aug 1, 2026"
open.canada.ca/data/en/dataset/84246a46-2029-458a-3001-a884b77e52c1/resource/a98575ed-3595-4370-bf22-fabbbaa62fb2,1.0,"Aug 1, 2026"
open.canada.ca/data/en/dataset/787ce9ee-811c-4de7-9254-a5991a123f90/resource/d123f056-326c-4c69-93a6-6f64f2ee0764,1.0,"Aug 1, 2026"
open.canada.ca/data/en/dataset/5aad65db-0321-4739-95a0-3db6738b327f/resource/6068d827-20c8-4795-a5b2-20c5b470c1a4,1.0,"Aug 1, 2026"
open.canada.ca/data/en/dataset/9f9595ee-c5a2-4bcc-8ada-97a2c8ef0394,1.0,"Aug 1, 2026"
ouvert.canada.ca/data/fr/dataset/a289fd54-060c-4a96-9fcf-b1c6e706426f/resource/ecfd5baa-a095-4d0c-8358-95fee9aa36fe,1.0,"Aug 1, 2026"
ouvert.canada.ca/data/fr/dataset/1b6139bd-ed7e-4043-bc28-ff00e10f3109,1.0,"Aug 1, 2026"
open.canada.ca/data/en/dataset/f82f66f2-a22b-4511-bccf-e1d74db39ae5/resource/6022699b-5213-4933-a58d-6bdc7cce78c3,1.0,"Aug 1, 2026"
open.canada.ca/data/en/dataset/13564ca4-e330-40a5-9521-bfb1be767147/resource/9de0a2ed-b2df-4a11-8833-c26dcb684c3c,1.0,"Aug 1, 2026"
open.canada.ca/data/en/dataset/f498bb69-3982-4b62-94db-4c0e0065bc17/resource/886fc9a0-3648-4515-ab8d-786309476369,1.0,"Aug 1, 2026"
open.canada.ca/data/en/dataset/90115b00-f9b8-49e8-afa3-b4cff8facaee/resource/77b26dc4-d4f3-4f36-9a82-14e9660896be,1.0,"Aug 1, 2026"
open.canada.ca/data/en/dataset/9b34e712-513f-44e9-babf-9df4f7256550/resource/5c8f8ab6-4e1b-4346-a2e2-e55b5e1abbad,1.0,"Aug 1, 2026"
open.canada.ca/data/en/dataset/ff1d7bcf-6606-4c4f-8b91-3a07dab73d67/resource/033a0a88-c762-4455-b08e-54c62fa939f5,1.0,"Aug 1, 2026"
open.canada.ca/data/en/dataset/64a90e8d-5bc0-4027-8645-b5881b4068d4/resource/44d59cc0-52a2-4675-9ba6-82d73ed947a1,1.0,"Aug 1, 2026"
ouvert.canada.ca/data/fr/dataset/757bb61a-a5c5-4f38-947b-0130355a7917/resource/ce076e34-e3c4-45bc-b426-45833ef83abc,1.0,"Aug 1, 2026"
open.canada.ca/data/en/dataset/8f3a449b-bde5-4631-ada6-8bd94dbc7d15/resource/d6a8d37f-da1d-4cc3-aea1-f28f8f4d8f00,1.0,"Aug 1, 2026"
open.canada.ca/data/en/dataset/13564ca4-e330-40a5-9521-bfb1be767147/resource/e8e13130-8033-44ae-ae10-6c50521fbb75,1.0,"Aug 1, 2026"
ouvert.canada.ca/data/fr/dataset/460aa2e0-5a37-47cf-a858-98b4327d29de,1.0,"Aug 1, 2026"
open.canada.ca/data/en/dataset/ee1580ab-a23d-4f86-a09b-79763677eb47/resource/f1ba2faa-ff10-4526-815a-c57b99eef1bb,1.0,"Aug 1, 2026"
open.canada.ca/data/en/dataset/22c7cb44-1463-48f7-8e47-88857f207702,1.0,"Aug 1, 2026"
open.canada.ca/data/en/dataset/10ce43bd-fb58-4969-806b-4bffebc87bec/resource/d2a00c9b-2b7d-458f-a41f-10011d8164c7,1.0,"Aug 1, 2026"
open.canada.ca/data/en/dataset/92aeb8dc-c7ca-4f44-81df-fdaf289d23fd,1.0,"Aug 1, 2026"
open.canada.ca/data/en/dataset/8ac6dd33-b0d3-4eab-a334-5a6283eb7940,1.0,"Aug 1, 2026"
open.canada.ca/data/en/dataset/e8745429-21e7-4a73-b3f5-90a779b78d1e/resource/52536f3d-7664-4bf5-86c0-88f03764915d,1.0,"Aug 1, 2026"
open.canada.ca/data/en/dataset/e2c8aa2e-fe17-4bd5-92ce-1462460cc330/resource/783e6ce4-553c-4eed-9d0d-86f55466bde4,1.0,"Aug 1, 2026"
ouvert.canada.ca/data/fr/dataset/689a20f0-55bd-574a-9917-a0ab89912d56,1.0,"Aug 1, 2026"
open.canada.ca/data/en/dataset/a01d8483-04d4-4428-8ad4-16949f91fe75,1.0,"Aug 1, 2026"
open.canada.ca/data/en/dataset/d83f4d0c-f3b9-4ab9-8b81-b90d174d4f9e,1.0,"Aug 1, 2026"
open.canada.ca/data/en/dataset/963a87c9-3206-4221-b932-2ec5a0bee0e4/resource/c2b44943-37b3-4f01-a44d-6cfdc868baf0,1.0,"Aug 1, 2026"
ouvert.canada.ca/data/fr/dataset/1b6139bd-ed7e-4043-bc28-ff00e10f3109/resource/e1ffee62-58cb-4e3e-b359-115c658388ad,1.0,"Aug 1, 2026"
open.canada.ca/data/en/dataset/5cb32773-e7b1-4681-b82a-43cc39778c1a,1.0,"Aug 1, 2026"
open.canada.ca/data/en/dataset/06022cc0-a31e-4b4c-850d-d4dccda5f3ac,1.0,"Aug 1, 2026"
open.canada.ca/data/en/dataset/7069387e-9986-4297-9f55-0288e9676947/resource/bc081c9f-7264-4ffe-bbbf-6cd12975f0f0,1.0,"Aug 1, 2026"
open.canada.ca/data/en/dataset/f2d9985b-7195-4a12-8f6c-4efc9adca8d1/resource/b39fe6a2-f762-465a-b6ae-a095f0d81aef,1.0,"Aug 1, 2026"
open.canada.ca/data/en/dataset/d3f49015-38dd-451e-aaf0-6ce5d128f1da/resource/f5889abe-aaf0-43cb-96e7-49b414ed1b3e,1.0,"Aug 1, 2026"
open.canada.ca/data/en/dataset/c17c23b2-7349-41f6-bd6a-b3ce84f5b045,1.0,"Aug 1, 2026"
open.canada.ca/data/en/dataset/fe83a604-aa5a-4e46-903c-685f8b0cc33c/resource/6e56162a-2025-451e-8417-81ccec2612d9,1.0,"Aug 1, 2026"
open.canada.ca/data/dataset/e8c42d2b-f8e4-4c7f-8540-9f7b3681ee41,1.0,"Aug 1, 2026"
open.canada.ca/data/en/dataset/08132980-c6b8-45e5-a9e0-9a88f9808c8a,1.0,"Aug 1, 2026"
open.canada.ca/data/en/dataset/90fed587-1364-4f33-a9ee-208181dc0b97/resource/f995383c-800e-46dd-92fa-a06ec7a9a706,1.0,"Aug 1, 2026"
open.canada.ca/data/en/dataset/2bf9f4e2-7fdb-4568-9f55-731ad96c94e2,1.0,"Aug 1, 2026"
open.canada.ca/data/en/dataset/fb1c834b-5a59-44f4-8ed9-6585e826f88d/resource/ae495c4b-daab-4401-84cd-3571031b81d1,1.0,"Aug 1, 2026"
open.canada.ca/data/en/dataset/dc343c43-a592-4a27-8ee7-c77df56afb34/resource/999ce2ea-60da-410c-ada0-aebf14d43793,1.0,"Aug 1, 2026"
open.canada.ca/data/en/dataset/3c6c4ef0-4e3c-59fc-b614-e895bf881ce4,1.0,"Aug 1, 2026"
ouvert.canada.ca/data/dataset/ef76c27c-3c9c-b129-5050-ed356e962964,1.0,"Aug 1, 2026"
ouvert.canada.ca/data/dataset/90fed587-1364-4f33-a9ee-208181dc0b97/resource/4ee7a4e0-ffc3-47af-94e7-30929d1eeb67,1.0,"Aug 1, 2026"
open.canada.ca/data/en/dataset/b8001156-e2bb-48bb-bc32-dd99bb34e408/resource/0edcee3a-7f44-449c-9b5c-f47219e3884f,1.0,"Aug 1, 2026"
open.canada.ca/data/en/dataset/56578f58-a775-44ea-9cc5-9bf7c78410e6/resource/5a2ef704-f245-49be-9634-d54b80020749,1.0,"Aug 1, 2026"
open.canada.ca/data/en/dataset/56578f58-a775-44ea-9cc5-9bf7c78410e6/resource/1d509472-3a30-4a18-bb97-317f81a867cc,1.0,"Aug 1, 2026"
open.canada.ca/data/en/dataset/a6ca7336-656c-4ca5-98d1-ceb9c9b6bfc9/resource/386cd291-3442-47b0-885c-9ba73c745241,1.0,"Aug 1, 2026"
open.canada.ca/data/en/dataset/66d05825-d3a4-440c-bc31-1e5f555421e5/resource/7e74d0c2-f3f7-4971-bde5-c6791f0a458b,1.0,"Aug 1, 2026"
open.canada.ca/data/en/dataset/9ae4eb3f-8b65-47f5-98be-57f536db9ac7,1.0,"Aug 1, 2026"
open.canada.ca/data/en/dataset/38ef4d26-b838-447b-b874-9233a0884cf0/resource/44c1216e-5303-4261-8f6b-e4b7ec22e5c1,1.0,"Aug 1, 2026"
open.canada.ca/data/en/dataset/ad975a26-df23-456a-8ada-756191a23695/resource/143c94fa-f40a-469c-8c53-4e9f421dc339,1.0,"Aug 1, 2026"
open.canada.ca/data/en/dataset/b34089f5-9861-5c58-aaf7-f0475afa5418,1.0,"Aug 1, 2026"
open.canada.ca/data/en/dataset/b6cbcf4d-f763-4924-a2fb-8cc4a06e3de4/resource/46bee0ae-2abf-40f8-ab56-91ebe529a4ba,1.0,"Aug 1, 2026"
open.canada.ca/data/en/dataset/6fa480f5-106e-9c42-3a01-6ceb1dd537e5/resource/71848c64-e3cc-4e7f-a841-5e60d000aa69,1.0,"Aug 1, 2026"
open.canada.ca/data/en/dataset/d2330b1b-8c22-4ce4-8aa2-c0372bf94a94,1.0,"Aug 1, 2026"
ouvert.canada.ca/data/fr/dataset/07fc6d4f-d197-4caa-86e5-6da30f7c1d5c/resource/a8ae899d-ba34-479c-bfa4-c25aa745700a,1.0,"Aug 1, 2026"
open.canada.ca/data/en/dataset/6ad8e956-e6f7-410c-9403-27bd6fcb7ead/resource/7b59b023-0638-429a-abdb-302ebae2f910,1.0,"Aug 1, 2026"
open.canada.ca/data/en/dataset/b8241e15-2872-4a63-9d36-3083d03e8474/resource/5350611a-9b7c-4652-913c-73a3b853a84f,1.0,"Aug 1, 2026"
open.canada.ca/data/en/dataset/56578f58-a775-44ea-9cc5-9bf7c78410e6/resource/0ffe51f6-20b2-491f-b3fd-d1eb6fd014e4,1.0,"Aug 1, 2026"
ouvert.canada.ca/data/dataset/23ada5c3-67a6-4703-9369-c8d690b092e1,1.0,"Aug 1, 2026"
open.canada.ca/data/en/dataset/bee2dd44-963c-4854-b72f-0a70b55964ab,1.0,"Aug 1, 2026"
open.canada.ca/data/en/dataset/90fed587-1364-4f33-a9ee-208181dc0b97/resource/d48a4d9a-fffa-4c02-81c9-93332c52f2df,1.0,"Aug 1, 2026"
open.canada.ca/data/en/dataset/fce488e7-4233-22e4-f264-997d04547551,1.0,"Aug 1, 2026"
open.canada.ca/data/en/dataset/a7dcb3a3-7519-497a-8d38-ef2376298f4f/resource/f27bc68e-d1d2-4bfc-9be2-e42d5ad73c30,1.0,"Aug 1, 2026"
open.canada.ca/data/en/dataset/50248c72-b49e-43a6-a4d4-5388153fd9ec,1.0,"Aug 1, 2026"
search.open.canada.ca/grants/download/eb738b47-c4d1-403d-93a0-45e4c762490f,1.0,"Aug 1, 2026"
open.canada.ca/data/en/dataset/41797f6a-4e41-5084-220d-0ae47d03fcd2/resource/9b0e1a6a-7935-4098-a8a9-54c234f2b9c0,1.0,"Aug 1, 2026"
open.canada.ca/data/en/dataset/ea639e28-c0fc-48bf-b5dd-b8899bd43072/resource/0fd5a87f-8a1f-4886-902f-5e6b98821fd7,1.0,"Aug 1, 2026"
open.canada.ca/data/en/dataset/b3b39fe5-13a9-48b2-a31c-b320f8e070e6/resource/6feecd75-aaad-42b8-8a2a-e776617665be,1.0,"Aug 1, 2026"
open.canada.ca/data/en/dataset/7f625e97-9d02-4c12-a756-1ddebb50e69f/resource/79086ab7-c4ec-421b-9e30-69c196ffb941,1.0,"Aug 1, 2026"
open.canada.ca/data/en/dataset/f281b150-0645-48e4-9c30-01f55f93f78e,1.0,"Aug 1, 2026"
open.canada.ca/data/en/dataset/957782bf-847c-4644-a757-e383c0057995/resource/68178b60-beb5-45de-a6cf-7154c6057279,1.0,"Aug 1, 2026"
open.canada.ca/data/en/dataset/52e4b14b-597a-4ecf-a184-23a6e69b0d57/resource/287b23d1-c020-4fea-ac25-95fe3ca393a7,1.0,"Aug 1, 2026"
open.canada.ca/data/en/dataset/69282c2b-52da-4e63-97d8-7890cdf5c217/resource/a0478021-6e84-4809-88e6-a44219a82f00,1.0,"Aug 1, 2026"
open.canada.ca/data/en/dataset/bf00b7f4-e370-46b7-94e4-0bdedc98531b/resource/0b5a739d-b01e-43df-8757-7fc1453baec5,1.0,"Aug 1, 2026"
open.canada.ca/data/en/dataset/72196bcf-41a7-45a5-8a3b-79226ebcb85c/resource/83e5141c-f215-42a4-8b1b-7c20731c8d91,1.0,"Aug 1, 2026"
open.canada.ca/data/en/dataset/1b026aab-edb3-4d5d-8231-270a09ed4e82/resource/6bb6d45d-da21-45ed-900c-8c5a792af90e,1.0,"Aug 1, 2026"
open.canada.ca/data/en/dataset/5829b5b0-ea6f-476f-be94-bc2b8797769a,1.0,"Aug 1, 2026"
open.canada.ca/data/en/dataset/dc343c43-a592-4a27-8ee7-c77df56afb34/resource/990254ab-7ffa-4fcf-883b-94b9231c7074,1.0,"Aug 1, 2026"
open.canada.ca/data/en/dataset/90115b00-f9b8-49e8-afa3-b4cff8facaee/resource/49417e55-61e6-42bc-a640-856b9986f02a,1.0,"Aug 1, 2026"
open.canada.ca/data/en/dataset/9b34e712-513f-44e9-babf-9df4f7256550,1.0,"Aug 1, 2026"
open.canada.ca/data/en/dataset/a34eb330-7136-4f5e-9f5f-3ba41df58b06,1.0,"Aug 1, 2026"
open.canada.ca/data/en/dataset/f82f66f2-a22b-4511-bccf-e1d74db39ae5/resource/b5432d4f-403f-44a2-b952-1eb2e65faa76,1.0,"Aug 1, 2026"
open.canada.ca/data/en/dataset/ee88aa17-fd30-4d4a-8924-897fd47cf560/resource/eab6cc59-a002-4a1f-a997-f064ba6997c6,1.0,"Aug 1, 2026"
open.canada.ca/data/en/dataset/e1f0c975-f40c-4313-9be2-beb951e35f4e/resource/03b7de74-5f7d-4ffb-8fa1-e1f46de52f91,1.0,"Aug 1, 2026"
ouvert.canada.ca/data/fr/dataset/98e56d84-011b-484c-8cb4-23c8c3db6ba1/resource/93710da0-7a15-4dad-abb5-fcb766ac0460,1.0,"Aug 1, 2026"
open.canada.ca/data/en/dataset/cc4465ed-ec36-4ccd-bbe7-0946bb50e27c,1.0,"Aug 1, 2026"
open.canada.ca/data/en/dataset/13564ca4-e330-40a5-9521-bfb1be767147/resource/8e9dd128-d52e-49c3-9a3e-6783797c8216,1.0,"Aug 1, 2026"
ouvert.canada.ca/data/fr/dataset/754e11cc-3e75-4148-816d-2509470a0f4f/resource/9ab767de-a53f-44c8-b25e-8e8bdb3435ab,1.0,"Aug 1, 2026"
open.canada.ca/data/en/dataset/f8d3bc9f-aebe-0bc2-bc72-27275607138d/resource/3a27d503-0d53-41bb-96c4-71e9ce278070,1.0,"Aug 1, 2026"
open.canada.ca/data/en/dataset/f7e5498e-0ad8-4417-85c9-9b8aff9b9eda/resource/5582034d-8f89-49d5-8597-483d628078a1,1.0,"Aug 1, 2026"
open.canada.ca/data/en/dataset/ea639e28-c0fc-48bf-b5dd-b8899bd43072/resource/5ce10bd7-4411-4266-808c-374363281fbf,1.0,"Aug 1, 2026"
open.canada.ca/data/en/dataset/ff1d7bcf-6606-4c4f-8b91-3a07dab73d67,1.0,"Aug 1, 2026"
open.canada.ca/data/en/dataset/56578f58-a775-44ea-9cc5-9bf7c78410e6/resource/aef42693-20d9-4e0a-9c12-b1c10a9612b8,1.0,"Aug 1, 2026"
open.canada.ca/data/en/dataset/ca1046dc-dc69-4467-8113-8871c5ea7254,1.0,"Aug 1, 2026"
ouvert.canada.ca/data/fr/dataset/a1e18963-25dd-4219-a33f-1a38c4971250,1.0,"Aug 1, 2026"
open.canada.ca/data/en/dataset/a188a39e-38cb-491b-95fb-9793b1b9083b,1.0,"Aug 1, 2026"
open.canada.ca/data/en/dataset/3cb4845e-fa06-4fd2-87af-f66a7832f879,1.0,"Aug 1, 2026"
open.canada.ca/data/en/dataset/76c6ef9f-1869-4f1d-9cbc-9c26e4d1d4bf,1.0,"Aug 1, 2026"
open.canada.ca/data/en/dataset/94fc74d6-9b9a-4c2e-9c6c-45a5092453aa/resource/8825a8d9-8134-475f-a48c-31748e6fb536,1.0,"Aug 1, 2026"
open.canada.ca/data/en/dataset/508040d7-6fa9-46e4-afbc-aa61f3ca317e/resource/20a7a325-19f7-4aa8-b666-e1cf0b01fe92,1.0,"Aug 1, 2026"
open.canada.ca/data/en/dataset/eb7e73b2-767c-48f1-ba56-daf4fad59082/resource/a30ebde5-260b-4487-bf2f-c9f4f4274e47,1.0,"Aug 1, 2026"
open.canada.ca/data/en/dataset/009f9a49-c2d9-4d29-a6d4-1a228da335ce,1.0,"Aug 1, 2026"
ouvert.canada.ca/data/fr/dataset/f7e5498e-0ad8-4417-85c9-9b8aff9b9eda/resource/c5f2d5d3-e1c7-44d6-a54d-b6b2fb62fdba,1.0,"Aug 1, 2026"
open.canada.ca/data/en/dataset/f82f66f2-a22b-4511-bccf-e1d74db39ae5/resource/59d3b563-600c-486f-bec8-c8095ed77d8d,1.0,"Aug 1, 2026"
open.canada.ca/data/en/dataset/67d33e1c-0289-49e4-8eb2-85ac731197a0,1.0,"Aug 1, 2026"
open.canada.ca/data/en/dataset/e8a3fc19-6016-4c90-a5c0-eb35233d708e/resource/dfe2a6fc-ce6d-43ee-9e9e-920f40956515,1.0,"Aug 1, 2026"
ouvert.canada.ca/data/fr/info/778989e3-f9a2-4a61-92dc-fdf0293cf6ca/resource/f6a0f91c-0246-45fc-9a82-9a2170be3448,1.0,"Aug 1, 2026"
open.canada.ca/data/en/dataset/10ce43bd-fb58-4969-806b-4bffebc87bec/resource/bd9cf3f2-4cd5-47b1-ba74-ab68cd0a941b,1.0,"Aug 1, 2026"
open.canada.ca/data/en/dataset/467571fa-1c56-a4b6-0a97-bb0c22f0d72f,1.0,"Aug 1, 2026"
open.canada.ca/data/en/dataset/5c0099e0-7081-404e-a95f-b0541de06630/resource/293059ca-79c6-4115-a9ca-1ac8965932b4,1.0,"Aug 1, 2026"
open.canada.ca/data/en/dataset/51fc6bfb-e743-4073-9f12-e997bcb99299/resource/681b9a95-873c-45d4-aa22-45b6a8d1632a,1.0,"Aug 1, 2026"
open.canada.ca/data/en/dataset/f82f66f2-a22b-4511-bccf-e1d74db39ae5/resource/99615d96-207b-4fb6-83b5-564dfdc54003,1.0,"Aug 1, 2026"
open.canada.ca/data/en/dataset/d5ad9eb8-5195-4d1d-83e1-b5afe6b7c737/resource/b761074b-277f-4fff-a518-51c6cad35acb,1.0,"Aug 1, 2026"
search.open.canada.ca/hospitalityq/download/14846c1e-4776-4741-bd52-52ea6eeec4ce,1.0,"Aug 1, 2026"
open.canada.ca/data/en/dataset/9a916ae8-6088-4732-b467-dba6688636a1,1.0,"Aug 1, 2026"
open.canada.ca/data/en/dataset/ba4b40be-8f08-4910-b4ba-8557676a0c81,1.0,"Aug 1, 2026"
open.canada.ca/data/en/dataset/3f718801-099d-4037-bb0a-1d41ba8aca8b/resource/200d710b-17ac-4c1a-a624-fdcc5fc62af9,1.0,"Aug 1, 2026"
open.canada.ca/data/en/dataset/809e4442-983a-4943-a2a0-382ba39c227a/resource/fec3e36b-2353-4ab9-bf24-f0d1a828a77d,1.0,"Aug 1, 2026"
ouvert.canada.ca/data/fr/dataset/d7860bf2-d5b6-42b8-9136-0ffe75563ed0,1.0,"Aug 1, 2026"
open.canada.ca/data/en/dataset/a221e7a0-4f46-4be7-9c5a-e29de9a3447e,1.0,"Aug 1, 2026"
open.canada.ca/data/en/dataset/a6b1c845-e21d-5a9b-9710-8d8a4e695351/resource/cd9c51c1-b7c1-4fd9-9af1-8e371556fd98,1.0,"Aug 1, 2026"
open.canada.ca/data/en/dataset/98e56d84-011b-484c-8cb4-23c8c3db6ba1/resource/9476cc4c-0e44-4395-9bfa-daa17120a4bc,1.0,"Aug 1, 2026"
open.canada.ca/data/en/dataset/f7e5498e-0ad8-4417-85c9-9b8aff9b9eda/resource/c5f2d5d3-e1c7-44d6-a54d-b6b2fb62fdba,1.0,"Aug 1, 2026"
open.canada.ca/data/en/dataset/f82f66f2-a22b-4511-bccf-e1d74db39ae5/resource/1e854188-18c4-4cbe-b4e0-88561955fe05,1.0,"Aug 1, 2026"
open.canada.ca/data/en/dataset/13564ca4-e330-40a5-9521-bfb1be767147/resource/fbc43e3f-47a7-4bda-98ad-525c946e5163,1.0,"Aug 1, 2026"
open.canada.ca/data/en/dataset/2c28f68d-4385-49fd-931b-220a220b17da/resource/fc6dbb7c-ab21-4bd5-bcb6-8628bdcca013,1.0,"Aug 1, 2026"
open.canada.ca/data/en/dataset/4aabd7c6-9bc5-1b99-1fc9-6c1be83e7909/resource/1a5c4ac7-8ecc-402c-b99e-4a06b386e61c,1.0,"Aug 1, 2026"
ouvert.canada.ca/data/fr/dataset/d7860bf2-d5b6-42b8-9136-0ffe75563ed0/resource/a18424f7-55cd-44bc-afd8-937d815ef4ea,1.0,"Aug 1, 2026"
open.canada.ca/data/en/dataset/c24f676e-36e9-42f2-9be0-5d43f1926073/resource/8de27667-ff31-4fc7-9f76-e34e67ee9daf,1.0,"Aug 1, 2026"
open.canada.ca/data/en/dataset/bf55e42a-63cb-4556-bfd8-44f26e5a36fe,1.0,"Aug 1, 2026"
search.open.canada.ca/travelq/download/639d8fe6-f53b-44a7-bfe6-b562a3e33edb,1.0,"Aug 1, 2026"
open.canada.ca/data/en/dataset/00a331db-121b-445d-b119-35dbbe3eedd9,1.0,"Aug 1, 2026"
open.canada.ca/data/en/dataset/d603d3de-8893-11e0-9d21-6cf049291510,1.0,"Aug 1, 2026"
open.canada.ca/data/en/dataset/547b8052-1710-4d69-8760-beaa3aa35ec6/resource/9e296c9e-421a-4f15-8f3c-8d8230e30978,1.0,"Aug 1, 2026"
open.canada.ca/data/en/dataset/90115b00-f9b8-49e8-afa3-b4cff8facaee/resource/3039046e-2905-406f-a9aa-dd49c92cf604,1.0,"Aug 1, 2026"
open.canada.ca/data/en/dataset/094c9b54-a1ca-4aad-935e-2541e5a23b3f,1.0,"Aug 1, 2026"
open.canada.ca/data/en/dataset/0797e893-751e-4695-8229-a5066e4fe43c/resource/19383ca2-b01a-487d-88f7-e1ffbc7d39c2,1.0,"Aug 1, 2026"
open.canada.ca/data/en/dataset/a883eb14-0c0e-45c4-b8c4-b54c4a819edb/resource/12c03de6-c3f7-4f5f-bb5c-d479f2332842,1.0,"Aug 1, 2026"
ouvert.canada.ca/data/fr/dataset/bcc15e72-fe46-4215-8de0-33951662465e,1.0,"Aug 1, 2026"
open.canada.ca/data/en/dataset/dc343c43-a592-4a27-8ee7-c77df56afb34/resource/4db7bc7c-d9cc-468b-8130-e799b13c69e8,1.0,"Aug 1, 2026"
open.canada.ca/data/en/dataset/90fed587-1364-4f33-a9ee-208181dc0b97/resource/7c428f2a-c0af-4ef4-a262-20c5b70f343f,1.0,"Aug 1, 2026"
open.canada.ca/data/en/dataset/e5ada449-0242-47a4-ab46-181216dec8ca/resource/10f6aa9e-b265-4f26-9d00-2f7d2641f38e,1.0,"Aug 1, 2026"
open.canada.ca/data/en/dataset/1b026aab-edb3-4d5d-8231-270a09ed4e82/resource/d236aac9-7ca1-47b6-8e9e-33d869259ad2,1.0,"Aug 1, 2026"
open.canada.ca/data/en/dataset/757bb61a-a5c5-4f38-947b-0130355a7917,1.0,"Aug 1, 2026"
open.canada.ca/data/dataset/dc5c4808-ef54-41c9-9a65-e99e89fe673a,1.0,"Aug 1, 2026"
open.canada.ca/data/en/dataset/32345685-dcf5-4c6e-922d-8a8e195d82a5/resource/92bba903-ce60-4c45-854c-c0da2b547871,1.0,"Aug 1, 2026"
open.canada.ca/data/en/dataset/261c32ab-4cfd-4f81-9dea-7b64065690dc/resource/0f4bcd22-f5d0-4b26-bbb4-f1a5b1af9b09,1.0,"Aug 1, 2026"
open.canada.ca/data/en/dataset/2ce347e5-02fd-4487-975d-67a435efdf9b/resource/18294a26-0def-4ec2-bb87-dc0a93174b43,1.0,"Aug 1, 2026"
open.canada.ca/data/en/dataset/dd334315-8632-4b14-b845-30f5d488a153/resource/792cfa10-f06a-462e-802b-6856221d3462,1.0,"Aug 1, 2026"
open.canada.ca/data/en/dataset/f7e5498e-0ad8-4417-85c9-9b8aff9b9eda/resource/81021dfd-c110-42cf-a975-1b9be8b82980,1.0,"Aug 1, 2026"
open.canada.ca/data/en/dataset/1f5c05ff-311f-4271-8d21-4c96c725c2af/resource/86f7a1cb-8cbf-41b5-8146-2184265e9903,1.0,"Aug 1, 2026"
open.canada.ca/data/en/dataset/5e55833e-0198-4ca2-9090-e6f878316c26/resource/2f331d07-7369-40d0-9564-15d2dd02cf52,1.0,"Aug 1, 2026"
open.canada.ca/data/en/dataset/39194018-abf3-45fd-9310-2acac0f64fa2,1.0,"Aug 1, 2026"
open.canada.ca/data/en/dataset/86d88f96-2a6f-435f-82cd-1c427f7641ff/resource/4ce75ed4-b201-4b73-9bfd-820899142337,1.0,"Aug 1, 2026"
open.canada.ca/data/en/dataset/c7413d9f-112e-4a26-bbd1-ae2711856629,1.0,"Aug 1, 2026"
open.canada.ca/data/en/dataset/8ac6dd33-b0d3-4eab-a334-5a6283eb7940/resource/d11a3eab-e058-4ed8-98a2-9633161af9f5,1.0,"Aug 1, 2026"
open.canada.ca/data/dataset/7f625e97-9d02-4c12-a756-1ddebb50e69f/resource/f5f874fe-f0ee-4d8b-9b90-3ee42611ee3c,1.0,"Aug 1, 2026"
open.canada.ca/data/en/dataset/18bf3ea7-1940-46ec-af52-9ba3f77ed708,1.0,"Aug 1, 2026"
open.canada.ca/data/en/dataset/4c53d593-6d84-46fc-af40-784721763116,1.0,"Aug 1, 2026"
open.canada.ca/data/en/dataset/bda8f884-5a24-1e35-b7ef-3d178d15ae3b,1.0,"Aug 1, 2026"
open.canada.ca/data/en/dataset/9b34e712-513f-44e9-babf-9df4f7256550/resource/a707bdc3-6278-497a-bcf7-971c171ea47e,1.0,"Aug 1, 2026"
open.canada.ca/data/en/dataset/3f718801-099d-4037-bb0a-1d41ba8aca8b/resource/ffc24eed-14b7-41ad-82f5-d01f73b5a9ea,1.0,"Aug 1, 2026"
ouvert.canada.ca/data/dataset/1e730ea9-dd19-4c22-aa95-fe644efc7a06,1.0,"Aug 1, 2026"
open.canada.ca/data/en/dataset/05b3abd0-e70f-4b3b-a9c5-acc436bd15b6/resource/798a4a5f-f1ac-41a1-82d7-ef777f905bfe,1.0,"Aug 1, 2026"
open.canada.ca/data/en/dataset/873cfcb0-1c9b-4a48-a366-076697069bb9/resource/5f4a0315-38a4-4717-a71b-31eae674a566,1.0,"Aug 1, 2026"
open.canada.ca/data/en/dataset/1b6139bd-ed7e-4043-bc28-ff00e10f3109/resource/019f2a90-e3a9-489d-b6e1-f74f4ba1d006,1.0,"Aug 1, 2026"
open.canada.ca/data/en/dataset/a221e7a0-4f46-4be7-9c5a-e29de9a3447e/resource/7caa154f-5a30-4e09-babb-25f612c24397,1.0,"Aug 1, 2026"
ouvert.canada.ca/data/fr/dataset/be851247-c896-4161-9e6e-c8f2ae667133,1.0,"Aug 1, 2026"
open.canada.ca/data/en/dataset/13564ca4-e330-40a5-9521-bfb1be767147/resource/193b8a5c-8083-42f4-b369-6cb97a42afe4,1.0,"Aug 1, 2026"
open.canada.ca/data/en/dataset/023ef1fd-878e-425d-a369-15c3e27a67f9/resource/2ae4b787-1470-415b-bb67-3e3eef1686fe,1.0,"Aug 1, 2026"
open.canada.ca/data/dataset/8da9064c-22f7-424b-b730-7a136e89f69f,1.0,"Aug 1, 2026"
open.canada.ca/data/en/dataset/97a2a33c-54cc-4f2e-82c1-047ad8212f05/resource/7926827c-f8a2-458c-9a7f-f0379d045451,1.0,"Aug 1, 2026"
ouvert.canada.ca/data/fr/dataset/8a21881f-178a-4160-8789-990a0f2a838c/resource/a29e62f4-f7a9-4163-9ebe-93a193137f9f,1.0,"Aug 1, 2026"
open.canada.ca/data/en/dataset/f5c8a5a0-354d-455a-99ab-8276aa38032e,1.0,"Aug 1, 2026"
open.canada.ca/data/en/dataset/ebd35eda-e224-4bbb-ae9e-1e70d05c6e7d,1.0,"Aug 1, 2026"
open.canada.ca/data/en/dataset/52e4b14b-597a-4ecf-a184-23a6e69b0d57/resource/88e63879-f893-4edf-af84-70418b5ec114,1.0,"Aug 1, 2026"
open.canada.ca/data/en/dataset/90fed587-1364-4f33-a9ee-208181dc0b97/resource/dc061c7d-5d56-450d-8060-4bfc0ed6f0b3,1.0,"Aug 1, 2026"
open.canada.ca/data/en/dataset/e6d4e154-b569-4817-bd51-d139f1196ec5,1.0,"Aug 1, 2026"
open.canada.ca/data/en/dataset/ff1d7bcf-6606-4c4f-8b91-3a07dab73d67/resource/37973f9a-036a-40ed-bc17-4208e1f1fb13,1.0,"Aug 1, 2026"
open.canada.ca/data/en/dataset/2916fad5-ebcc-4c86-b0f3-4f619b29f412,1.0,"Aug 1, 2026"
ouvert.canada.ca/data/fr/dataset/7069387e-9986-4297-9f55-0288e9676947/resource/45befb0b-e202-41aa-aa9c-48f243b2e213,1.0,"Aug 1, 2026"
open.canada.ca/data/en/dataset/b37e5d17-0180-4bd9-9c38-98f1845f6499/resource/e7e8a322-d844-451b-9da6-ef028ab92433,1.0,"Aug 1, 2026"
open.canada.ca/data/en/dataset/023ef1fd-878e-425d-a369-15c3e27a67f9/resource/14a3a5f3-97c6-4a13-b4fc-5fa261aca49c,1.0,"Aug 1, 2026"
open.canada.ca/data/en/dataset/dc343c43-a592-4a27-8ee7-c77df56afb34/resource/404fa9e0-73b1-4a8c-9f43-8045d7edb426,1.0,"Aug 1, 2026"
ouvert.canada.ca/data/fr/dataset/d7860bf2-d5b6-42b8-9136-0ffe75563ed0/resource/c400d7be-acac-47ec-ab63-7b89649a6d18,1.0,"Aug 1, 2026"
open.canada.ca/data/en/dataset/f7fc1957-ec28-55d7-be83-8d61c3937f62/resource/4465de39-a86e-4cee-85fe-bd51e93bb58d,1.0,"Aug 1, 2026"
open.canada.ca/data/en/dataset/000fe5aa-1d77-42d1-bfe7-458c51dacfef,1.0,"Aug 1, 2026"
open.canada.ca/data/en/dataset/90115b00-f9b8-49e8-afa3-b4cff8facaee/resource/b663a97c-61d4-4e17-af51-0cba01ef3a44,1.0,"Aug 1, 2026"
open.canada.ca/data/en/dataset/009f9a49-c2d9-4d29-a6d4-1a228da335ce/resource/8282db2a-878f-475c-af10-ad56aa8fa72c,1.0,"Aug 1, 2026"
ouvert.canada.ca/data/fr/dataset/f7e5498e-0ad8-4417-85c9-9b8aff9b9eda,1.0,"Aug 1, 2026"
open.canada.ca/data/en/dataset/0f86ccba-bb9d-4b47-a098-f0e5b2fc97a4,1.0,"Aug 1, 2026"
open.canada.ca/data/en/dataset/6268b894-5ae7-4203-9ded-131fc872313f,1.0,"Aug 1, 2026"
open.canada.ca/data/en/dataset/4cf233c2-f020-4f7a-9b87-1923252fbc24,1.0,"Aug 1, 2026"
open.canada.ca/data/en/dataset/ce55bffd-1a1f-475e-bc31-117843f4a84a,1.0,"Aug 1, 2026"
open.canada.ca/data/en/dataset/d22354e8-cb01-5262-aed5-1de48d1ffb0a/resource/748cedf8-b0bc-4424-9afc-94dc86571f7f,1.0,"Aug 1, 2026"
open.canada.ca/data/en/dataset/df77cdc9-9b34-d843-8df3-db5fba28d204/resource/fb349ce6-a53e-4c87-adbd-c1f0c1c58e47,1.0,"Aug 1, 2026"
open.canada.ca/data/en/dataset/92aeb8dc-c7ca-4f44-81df-fdaf289d23fd/resource/be3892a0-8561-48f6-9161-e4e2f9d30760,1.0,"Aug 1, 2026"
open.canada.ca/data/en/dataset/4445388a-4c4d-40df-bb21-6eaa2600a34c,1.0,"Aug 1, 2026"
open.canada.ca/data/en/dataset/ac3515d6-2753-47a5-8575-35be7d127f43,1.0,"Aug 1, 2026"
open.canada.ca/data/en/dataset/957782bf-847c-4644-a757-e383c0057995/resource/5c4565a4-aaec-4458-8509-e03c360f93ce,1.0,"Aug 1, 2026"
open.canada.ca/data/en/dataset/791de1ec-7fc8-48f1-a4e4-8bbaebc67080/resource/a709204d-5d3f-4f35-8414-a567b37ec872,1.0,"Aug 1, 2026"
open.canada.ca/data/en/dataset/ed05b3ff-5441-4743-9fb5-9b95741c0073/resource/b00c254d-7081-4396-a515-6cd5ff403530,1.0,"Aug 1, 2026"
open.canada.ca/data/en/dataset/c1d65779-d3cb-44e8-af0a-b9f2c5f7766d/resource/9d819301-b92e-4f3e-9f9e-4946fc270259,1.0,"Aug 1, 2026"
ouvert.canada.ca/data/fr/dataset/cc3fbf3d-f93c-479d-a807-9ae042721aba/resource/505eaf1b-b863-4421-9dbc-f96d1ce3eebf,1.0,"Aug 1, 2026"
open.canada.ca/data/en/dataset/90fed587-1364-4f33-a9ee-208181dc0b97/resource/3a28dd68-e061-46f4-824f-053ad292ad89,1.0,"Aug 1, 2026"
open.canada.ca/data/en/dataset/dd334315-8632-4b14-b845-30f5d488a153/resource/34f8bb27-5e91-4e9c-8151-95cc54d25008,1.0,"Aug 1, 2026"
open.canada.ca/data/en/dataset/56578f58-a775-44ea-9cc5-9bf7c78410e6/resource/0bbf5529-6f52-4000-bd18-c8bbcfd14cc1,1.0,"Aug 1, 2026"
open.canada.ca/data/en/dataset/f82f66f2-a22b-4511-bccf-e1d74db39ae5/resource/dce97de0-120f-4f85-bfc7-e0bd95a85433,1.0,"Aug 1, 2026"
open.canada.ca/data/en/dataset/b579bb2a-8799-49d9-9aa4-dd55b8ccecf1,1.0,"Aug 1, 2026"
open.canada.ca/data/en/dataset/d0f54727-6c0b-4e5a-aa04-ea1463cf9f4c/resource/a53fda5b-134f-449d-a639-9b896065fc21,1.0,"Aug 1, 2026"
open.canada.ca/data/en/dataset/5785bce6-9cb8-458e-8441-e8f02edc6a0c/resource/b93b6878-67fd-454b-8544-9c90692a53ee,1.0,"Aug 1, 2026"
open.canada.ca/data/en/dataset/b8001156-e2bb-48bb-bc32-dd99bb34e408/resource/46806f79-6843-4d93-b4b7-c433bdc2423b,1.0,"Aug 1, 2026"
open.canada.ca/data/en/dataset/1b026aab-edb3-4d5d-8231-270a09ed4e82/resource/9c0c352d-a714-4337-8c39-a52da261badb,1.0,"Aug 1, 2026"
open.canada.ca/data/en/dataset/98f1a129-f628-4ce4-b24d-6f16bf24dd64,1.0,"Aug 1, 2026"
open.canada.ca/data/en/dataset/f5c8a5a0-354d-455a-99ab-8276aa38032e/resource/e5dcaf48-87d6-4ce1-b17a-35607916b640,1.0,"Aug 1, 2026"
open.canada.ca/data/en/dataset/8ccfef8e-8493-5701-96d7-95f5a16bdfd6,1.0,"Aug 1, 2026"
open.canada.ca/data/en/dataset/e3c3c580-996a-4668-8bc5-6aa7c7dc4932/resource/14b48217-b76b-461e-a202-be025c75e94c,1.0,"Aug 1, 2026"
open.canada.ca/data/en/dataset/10837e5e-d2f6-4eba-a208-161c661530a1,1.0,"Aug 1, 2026"
ouvert.canada.ca/data/fr/dataset/7069387e-9986-4297-9f55-0288e9676947/resource/9bc9aa40-7427-4504-b946-9f353b7c2ce5,1.0,"Aug 1, 2026"
open.canada.ca/data/en/dataset/1b026aab-edb3-4d5d-8231-270a09ed4e82/resource/ed0a3a5b-f320-44fe-94d9-cc73b7cb0248,1.0,"Aug 1, 2026"
open.canada.ca/data/en/dataset/b8241e15-2872-4a63-9d36-3083d03e8474/resource/f291c9a0-b41a-4c45-8468-097b7f9bbd92,1.0,"Aug 1, 2026"
ouvert.canada.ca/data/fr/dataset/fec926ca-25ad-5c92-a9a7-6009c21d17b3,1.0,"Aug 1, 2026"
open.canada.ca/data/en/dataset/ff1e4882-685c-4518-b741-c3cf9bb74c3e,1.0,"Aug 1, 2026"
open.canada.ca/data/en/dataset/4129e42c-bfa6-40f1-9b2a-19dc04136bb4,1.0,"Aug 1, 2026"
open.canada.ca/data/en/dataset/dc343c43-a592-4a27-8ee7-c77df56afb34/resource/4c1ad1fd-5507-451c-b487-e6bf8725e67d,1.0,"Aug 1, 2026"
open.canada.ca/data/en/dataset/fefafa4a-ceb1-0109-5169-e5ac5e79979d/resource/8f859400-19eb-4c1c-a41f-e8ee29bef66c,1.0,"Aug 1, 2026"
open.canada.ca/data/en/dataset/86d88f96-2a6f-435f-82cd-1c427f7641ff/resource/eb4bb75c-b76d-4247-a833-05e0a08ed5f4,1.0,"Aug 1, 2026"
open.canada.ca/data/en/dataset/cebc283f-bae1-4eae-a91f-a26480cd4e4a/resource/dbae7dee-521c-4429-a11f-73a75304ca0b,1.0,"Aug 1, 2026"
ouvert.canada.ca/data/fr/dataset/7069387e-9986-4297-9f55-0288e9676947/resource/2edb8b2d-90c3-454a-aef6-2b8cea7c3f53,1.0,"Aug 1, 2026"
open.canada.ca/data/en/dataset/eedac88d-8ec4-435f-ba07-32978127e540/resource/ddef02b8-9ec6-496b-a89f-2907e47cda0b,1.0,"Aug 1, 2026"
open.canada.ca/data/en/dataset/6e47f705-71ed-41f0-8fd5-d1a8508a3b63,1.0,"Aug 1, 2026"
open.canada.ca/data/en/dataset/ff1d7bcf-6606-4c4f-8b91-3a07dab73d67/resource/75ff54b9-eb8a-4124-98c3-7b853a2c7087,1.0,"Aug 1, 2026"
open.canada.ca/data/en/dataset/6e47f705-71ed-41f0-8fd5-d1a8508a3b63/resource/24e71ba5-a774-4ec0-8766-05f129fcf539,1.0,"Aug 1, 2026"
open.canada.ca/data/en/dataset/6dc97b50-5bbb-482d-8dd5-c9b23cd770dc/resource/1d9f8e55-35fb-439d-82df-5a85d28bdc44,1.0,"Aug 1, 2026"
open.canada.ca/data/en/dataset/9d57ee67-9507-53b1-b018-0ef19ed3dc5c,1.0,"Aug 1, 2026"
open.canada.ca/data/en/dataset/05b3abd0-e70f-4b3b-a9c5-acc436bd15b6/resource/b02f94b3-6555-4315-96ab-2658f61290c5,1.0,"Aug 1, 2026"
open.canada.ca/data/en/dataset/1b6139bd-ed7e-4043-bc28-ff00e10f3109/resource/0ff718fc-1133-4154-80c5-3d619e6c63be,1.0,"Aug 1, 2026"
open.canada.ca/data/en/dataset/6c0aa172-47ed-457a-a3f9-ed2eb3cd8d23/resource/78993a6f-d72d-47e8-9e93-d4a224bd62bf,1.0,"Aug 1, 2026"
open.canada.ca/data/en/dataset/e547539b-7fc6-4879-be54-3d1f80ac9e9e/resource/b47a541b-2e8a-46e1-9586-4e4b0496eaa7,1.0,"Aug 1, 2026"
open.canada.ca/data/en/dataset/296de17c-001c-4435-8f9a-f5acab632e85,1.0,"Aug 1, 2026"
open.canada.ca/data/dataset/76c6ef9f-1869-4f1d-9cbc-9c26e4d1d4bf/resource/5af976e5-a470-40a0-8546-54f19a74903b,1.0,"Aug 1, 2026"
open.canada.ca/data/en/dataset/023ef1fd-878e-425d-a369-15c3e27a67f9/resource/503ef587-1fe5-40eb-9426-bda35b7e3167,1.0,"Aug 1, 2026"
open.canada.ca/data/en/dataset/07fc6d4f-d197-4caa-86e5-6da30f7c1d5c,1.0,"Aug 1, 2026"
search.open.canada.ca/contracts/download/37a53e02-66e0-46b4-b338-79952df0577a,1.0,"Aug 1, 2026"
open.canada.ca/data/en/dataset/1d42f7b9-1549-40aa-8ac6-0e0302ff2902/resource/e1b7912c-f71a-4b80-aeb0-8dde1a7084f0,1.0,"Aug 1, 2026"
open.canada.ca/data/en/dataset/cb47d4b9-059a-4c09-a522-ee4e6eb1329d/resource/139e8820-66b3-4f34-bfd8-089c85c97fe4,1.0,"Aug 1, 2026"
rechercher.ouvert.canada.ca/contracts/telecharger/4e4572cb-0c46-4fef-b326-006ff3d3c210,1.0,"Aug 1, 2026"
open.canada.ca/data/en/dataset/ceb1ab5a-7d7c-4491-a2f7-560c47c4e22f/resource/648f0b3b-8d21-4373-94b4-72847dbf79a1,1.0,"Aug 1, 2026"
open.canada.ca/data/en/dataset/d70e2d11-60f0-031b-7c3d-ec05f1f4886b/resource/d1cb1119-d26e-416a-addd-306ef44859a2,1.0,"Aug 1, 2026"
open.canada.ca/data/en/dataset/d8f85d91-7dec-4fd1-8055-483b77225d8b,1.0,"Aug 1, 2026"
open.canada.ca/data/en/dataset/1feee3b5-8068-4dbb-b361-180875837593/resource/38a40ddd-4543-44c5-a9cb-efbb334dfe0d,1.0,"Aug 1, 2026"
ouvert.canada.ca/data/fr/dataset/f7e5498e-0ad8-4417-85c9-9b8aff9b9eda/resource/166ea45e-4919-47c9-b1a6-35c4bdf51c03,1.0,"Aug 1, 2026"
open.canada.ca/data/en/dataset/885eee85-11f0-18bb-c954-48e5ff8bf551/resource/c9dc1fff-c5ef-4c29-a966-0f4ea8696fc6,1.0,"Aug 1, 2026"
open.canada.ca/data/en/info/7c22bd44-d7ed-4d1f-b3bd-9df75e1f6c4e/resource/f7b27c50-f391-43b8-a585-7946cdb81c16,1.0,"Aug 1, 2026"
open.canada.ca/data/en/dataset/f7aea609-4a2c-4e20-ba1a-08e0ad2789d1/resource/cee813e1-e177-44a8-b7ba-80980ba4dfc3,1.0,"Aug 1, 2026"
ouvert.canada.ca/data/fr/dataset/a883eb14-0c0e-45c4-b8c4-b54c4a819edb/resource/1b0a85fc-272b-49c7-b165-b2ba380c48fe,1.0,"Aug 1, 2026"
open.canada.ca/data/en/dataset/6268b894-5ae7-4203-9ded-131fc872313f/resource/aef3e813-6532-417a-8f08-0bbb1b907ec0,1.0,"Aug 1, 2026"
open.canada.ca/data/en/dataset/2a55313f-26fc-4872-9a57-2a7bf2a4cc38/resource/3bbe193c-53de-4d36-a1f7-208f162059bf,1.0,"Aug 1, 2026"
open.canada.ca/data/en/dataset/d5ad9eb8-5195-4d1d-83e1-b5afe6b7c737/resource/9924500d-edd9-4eb5-960e-418307df0d01,1.0,"Aug 1, 2026"
open.canada.ca/data/en/dataset/8ec4a9df-b76b-4a67-8f93-cdbc2e040098,1.0,"Aug 1, 2026"
open.canada.ca/data/en/dataset/b6567c5c-8339-4055-99fa-63f92114d9e4,1.0,"Aug 1, 2026"
ouvert.canada.ca/data/dataset/45711667-7878-4d86-8b5e-d0be5997dd16/resource/7f2943d2-526f-4b29-b4ab-0e106ecf2308,1.0,"Aug 1, 2026"
open.canada.ca/data/en/dataset/e10b0d6e-04ac-4014-a64a-666c3874bbe0,1.0,"Aug 1, 2026"
open.canada.ca/data/en/dataset/d92224ee-03ef-4904-be53-b677d8e01ac4/resource/29eac3f9-b6c0-4fb3-86b0-eb10a331645d,1.0,"Aug 1, 2026"
open.canada.ca/data/en/dataset/37161aef-e169-4734-8511-7c91b7e0d169,1.0,"Aug 1, 2026"
open.canada.ca/data/en/dataset/9b34e712-513f-44e9-babf-9df4f7256550/resource/fdc69618-dd90-4f38-b040-3046ee6657db,1.0,"Aug 1, 2026"
open.canada.ca/data/en/dataset/03ccfb5c-a06e-43e3-80fd-09d4f8f69703,1.0,"Aug 1, 2026"
open.canada.ca/data/en/dataset/4aabd7c6-9bc5-1b99-1fc9-6c1be83e7909/resource/7deecafc-2ea4-4420-810a-e8b3b5300f17,1.0,"Aug 1, 2026"
open.canada.ca/data/en/dataset/adda404d-93e4-48e9-b6bf-5d1d3952ff22/resource/87a490bb-c318-4a7b-b174-884fd3c5c703,1.0,"Aug 1, 2026"
open.canada.ca/data/en/dataset/90115b00-f9b8-49e8-afa3-b4cff8facaee/resource/c2866561-bd7b-4859-a275-072039e3dfe3,1.0,"Aug 1, 2026"
open.canada.ca/data/en/dataset/4cc207cc-ff03-44f8-8c5f-415af5224646,1.0,"Aug 1, 2026"
open.canada.ca/data/en/dataset/ff586a90-0757-48cf-afaf-a28a5883bdaf,1.0,"Aug 1, 2026"
open.canada.ca/data/en/dataset/04bb62a9-bd7a-4f2d-bb42-a27c620b1f68,1.0,"Aug 1, 2026"
open.canada.ca/data/en/dataset/dd548674-d011-4f81-b745-351cd930eb87,1.0,"Aug 1, 2026"
open.canada.ca/data/en/dataset/324befd1-893b-42e6-bece-6d30af3dd9f1/resource/65d0305a-e725-467c-91ce-cd028e5133b1,1.0,"Aug 1, 2026"
open.canada.ca/data/en/dataset/90fed587-1364-4f33-a9ee-208181dc0b97/resource/5b9c1873-dc36-456d-a308-2819d4e25309,1.0,"Aug 1, 2026"
open.canada.ca/data/en/dataset/33ffc1e4-065d-35f2-93e4-80d3d829d462/resource/8e9edc03-252f-42ee-892d-c9d45be02afb,1.0,"Aug 1, 2026"
open.canada.ca/data/en/dataset/90fed587-1364-4f33-a9ee-208181dc0b97/resource/4ee7a4e0-ffc3-47af-94e7-30929d1eeb67,43.0,"Aug 2, 2026"
open.canada.ca/data/en/dataset/90fed587-1364-4f33-a9ee-208181dc0b97,19.0,"Aug 2, 2026"
open.canada.ca/data/en/dataset/90fed587-1364-4f33-a9ee-208181dc0b97/resource/8c205edb-9a82-468e-9aa4-b82266cbaad6,13.0,"Aug 2, 2026"
open.canada.ca/data/en/dataset/b27ec3ef-7338-4e76-a6fd-128339a92df5/resource/945045fa-2de0-47d4-aad2-144d69467824,13.0,"Aug 2, 2026"
open.canada.ca/data/en/dataset/dfa4daf1-669e-4514-82cd-982f27707ed0,13.0,"Aug 2, 2026"
open.canada.ca/data/en/dataset/1fb7d8d4-7713-4ec6-b957-4a882a84fed3,9.0,"Aug 2, 2026"
open.canada.ca/data/en/dataset/20e546a9-f626-4e14-bdac-56f6803daf5b,8.0,"Aug 2, 2026"
open.canada.ca/data/en/dataset/90fed587-1364-4f33-a9ee-208181dc0b97/resource/06512c1b-d4a7-413f-bc1e-fc38de9f9aca,7.0,"Aug 2, 2026"
open.canada.ca/data/en/dataset/90115b00-f9b8-49e8-afa3-b4cff8facaee/resource/2dc2f5e8-a7db-4986-bc8f-6a971b26b424,6.0,"Aug 2, 2026"
open.canada.ca/data/en/dataset/360024f2-17e9-4558-bfc1-3616485d65b9,6.0,"Aug 2, 2026"
open.canada.ca/data/en/dataset/6abd20d4-7a1c-4b38-baa2-9525d0bb2fd2,6.0,"Aug 2, 2026"
open.canada.ca/data/en/dataset/07fc6d4f-d197-4caa-86e5-6da30f7c1d5c/resource/a8ae899d-ba34-479c-bfa4-c25aa745700a,6.0,"Aug 2, 2026"
open.canada.ca/data/en/dataset/dfa4daf1-669e-4514-82cd-982f27707ed0/resource/a5fec3bd-e1e4-4a98-bf0d-1b0e8735ec7a,6.0,"Aug 2, 2026"
open.canada.ca/data/en/dataset/f82f66f2-a22b-4511-bccf-e1d74db39ae5,6.0,"Aug 2, 2026"
open.canada.ca/data/en/dataset/ceb1ab5a-7d7c-4491-a2f7-560c47c4e22f/resource/648f0b3b-8d21-4373-94b4-72847dbf79a1,6.0,"Aug 2, 2026"
open.canada.ca/data/en/dataset/90115b00-f9b8-49e8-afa3-b4cff8facaee/resource/b505b9bc-d375-4525-af39-afdf25639acf,6.0,"Aug 2, 2026"
ouvert.canada.ca/data/fr/dataset/dfa4daf1-669e-4514-82cd-982f27707ed0,5.0,"Aug 2, 2026"
open.canada.ca/data/en/dataset/90fed587-1364-4f33-a9ee-208181dc0b97/resource/bd5dab03-02dc-4542-8e01-c04dca9a0337,5.0,"Aug 2, 2026"
open.canada.ca/data/en/dataset/6457fad6-b6f5-47a3-9bd1-ad14aea4b9e0,5.0,"Aug 2, 2026"
open.canada.ca/data/en/dataset/f82f66f2-a22b-4511-bccf-e1d74db39ae5/resource/1e854188-18c4-4cbe-b4e0-88561955fe05,5.0,"Aug 2, 2026"
open.canada.ca/data/en/dataset/98f1a129-f628-4ce4-b24d-6f16bf24dd64/resource/c98b9dc8-b23f-4cd8-8b19-e892da1e4688,5.0,"Aug 2, 2026"
open.canada.ca/data/en/dataset/f5c8a5a0-354d-455a-99ab-8276aa38032e/resource/e5dcaf48-87d6-4ce1-b17a-35607916b640,5.0,"Aug 2, 2026"
open.canada.ca/data/en/dataset/26bd6b89-0b85-4697-8d51-fc84e9f4b549/resource/9508f4d2-ce54-4389-a659-c8d54c4c97b6,5.0,"Aug 2, 2026"
open.canada.ca/data/en/dataset/f7e5498e-0ad8-4417-85c9-9b8aff9b9eda,5.0,"Aug 2, 2026"
open.canada.ca/data/dataset/9150ad66-73f7-444f-a67c-4be5cf676453/resource/ec361407-d131-4db4-84fc-1be70ca14561,4.0,"Aug 2, 2026"
open.canada.ca/data/en/dataset/e8a3fc19-6016-4c90-a5c0-eb35233d708e/resource/04b0ca5c-01e0-46ba-bd70-9d6a29e092ed,4.0,"Aug 2, 2026"
open.canada.ca/data/en/dataset/dfa4daf1-669e-4514-82cd-982f27707ed0/resource/a2f5faf4-07fe-4a3c-9bd3-62bbf11a426f,4.0,"Aug 2, 2026"
open.canada.ca/data/en/dataset/522d1b67-30d8-4a34-9b62-5da99b1035e6/resource/a54e6cdf-0a7e-31a7-a3ff-b0b214e35bde,4.0,"Aug 2, 2026"
open.canada.ca/data/en/dataset/90fed587-1364-4f33-a9ee-208181dc0b97/resource/f995383c-800e-46dd-92fa-a06ec7a9a706,4.0,"Aug 2, 2026"
ouvert.canada.ca/data/fr/dataset/9a37b089-542e-43de-b445-147d81ff60e2/resource/532bd8e5-06c3-4b55-9178-f57934b9e2b6,4.0,"Aug 2, 2026"
open.canada.ca/data/en/dataset/cdfc2d7b-c046-4bf0-90ac-4897232619e1/resource/ca2e29ce-220b-459c-bcbf-6117abb16d77,4.0,"Aug 2, 2026"
open.canada.ca/data/en/dataset/f7e5498e-0ad8-4417-85c9-9b8aff9b9eda/resource/5582034d-8f89-49d5-8597-483d628078a1,4.0,"Aug 2, 2026"
open.canada.ca/data/en/dataset/8c387c19-9411-c58c-89d3-9e222ea3f50a,4.0,"Aug 2, 2026"
open.canada.ca/data/en/dataset/0032ce54-c5dd-4b66-99a0-320a7b5e99f2,4.0,"Aug 2, 2026"
open.canada.ca/data/en/dataset/e8a3fc19-6016-4c90-a5c0-eb35233d708e,4.0,"Aug 2, 2026"
open.canada.ca/data/en/dataset/07c42deb-9435-43b9-a416-7ce316f3893d,4.0,"Aug 2, 2026"
open.canada.ca/data/en/dataset/094c9b54-a1ca-4aad-935e-2541e5a23b3f/resource/96afd472-924d-4af2-971c-bb7aade8989e,4.0,"Aug 2, 2026"
open.canada.ca/data/en/dataset/f7e5498e-0ad8-4417-85c9-9b8aff9b9eda/resource/d1c1f4f3-2d7f-4e02-9a79-7af98209c2f3,4.0,"Aug 2, 2026"
open.canada.ca/data/en/dataset/4dab5b98-b97b-7ba7-9c23-b3eaf8e8d762/resource/068745ec-8ba5-4191-83b7-2b8d7df88ae7,3.0,"Aug 2, 2026"
open.canada.ca/data/en/dataset/74f2472e-5bb9-4d2d-8be5-0931c96eeeff,3.0,"Aug 2, 2026"
open.canada.ca/data/en/dataset/f5c8a5a0-354d-455a-99ab-8276aa38032e/resource/f352898d-87bd-407e-873d-d9981c5c3cba,3.0,"Aug 2, 2026"
open.canada.ca/data/en/dataset/dc343c43-a592-4a27-8ee7-c77df56afb34,3.0,"Aug 2, 2026"
open.canada.ca/data/en/dataset/7f5b2c8f-f3e8-47b2-a5b6-0f736f3613eb/resource/3f3a9648-35ed-4275-8b16-225bc7b15dc7,3.0,"Aug 2, 2026"
open.canada.ca/data/en/dataset/23344072-7118-4715-84a9-daf630ec76c8,3.0,"Aug 2, 2026"
open.canada.ca/data/en/dataset/db177a8c-5d7d-49eb-8290-31e6a45d786c/resource/f49d3696-eb6f-4a85-87c2-3e83a09f9fa5,3.0,"Aug 2, 2026"
open.canada.ca/data/en/dataset/e8745429-21e7-4a73-b3f5-90a779b78d1e/resource/52536f3d-7664-4bf5-86c0-88f03764915d,3.0,"Aug 2, 2026"
open.canada.ca/data/en/dataset/c48669a3-045b-400d-b730-48aafe8c5ee6/resource/d237a304-6b32-38d7-ace2-d5fc9b4c0a54,3.0,"Aug 2, 2026"
open.canada.ca/data/en/dataset/5a86d8f4-1ec3-da3c-709a-e2c79a1653a4,3.0,"Aug 2, 2026"
open.canada.ca/data/en/dataset/742b4dcb-b834-46c9-93b7-6878bb0ae295/resource/a56fc93a-c40c-458f-8e30-f4156cb6fc33,3.0,"Aug 2, 2026"
open.canada.ca/data/en/dataset/4c8566db-bf93-2bc9-13af-56c0a564761b/resource/e9e7458b-5ece-49f0-9e33-227549847ab7,3.0,"Aug 2, 2026"
open.canada.ca/data/en/dataset/8c387c19-9411-c58c-89d3-9e222ea3f50a/resource/fb18822e-19ba-4140-b7a1-0deb5583a607,3.0,"Aug 2, 2026"
open.canada.ca/data/en/dataset/7f5b2c8f-f3e8-47b2-a5b6-0f736f3613eb,3.0,"Aug 2, 2026"
open.canada.ca/data/en/dataset/90115b00-f9b8-49e8-afa3-b4cff8facaee,3.0,"Aug 2, 2026"
open.canada.ca/data/en/dataset/dfa4daf1-669e-4514-82cd-982f27707ed0/resource/0a7918f0-6e8a-433b-9ea2-60e2b8674cb5,3.0,"Aug 2, 2026"
open.canada.ca/data/en/dataset/43651f1a-14bb-4f68-91c7-34092f0a9247/resource/a732fa00-a1c7-4a37-a61e-53a739ed1604,3.0,"Aug 2, 2026"
open.canada.ca/data/en/dataset/dfa4daf1-669e-4514-82cd-982f27707ed0/resource/f015e958-829b-44bb-b201-641584b818dd,3.0,"Aug 2, 2026"
open.canada.ca/data/en/dataset/11245675-b047-49fc-8bd1-cc2ce8314a6d/resource/e7c87325-7b14-4e4b-9e35-4f70e1f2630f,3.0,"Aug 2, 2026"
ouvert.canada.ca/data/fr/dataset/655e89c1-de63-52b4-b18e-eb86bad97f31,3.0,"Aug 2, 2026"
open.canada.ca/data/en/dataset/70ef2117-1095-4d77-80eb-b87f2bada2a4/resource/ab35c449-ef35-40cf-bf96-0b0589c1eba5,3.0,"Aug 2, 2026"
open.canada.ca/data/en/dataset/a75c3d6c-354d-436d-999d-431fb3a9de79/resource/be95e003-ebc0-45f4-953d-83629927e105,3.0,"Aug 2, 2026"
ouvert.canada.ca/data/fr/dataset/8dc04c10-708e-4afa-813e-acb96c3101a1/resource/799085bc-80fa-43ba-ae86-1306158a61aa,2.0,"Aug 2, 2026"
open.canada.ca/data/en/dataset/522d1b67-30d8-4a34-9b62-5da99b1035e6/resource/892aa864-9e19-3a7c-ae44-8e485157f1a9,2.0,"Aug 2, 2026"
open.canada.ca/data/en/dataset/6a679258-5a4f-4c99-bd39-d507f9567790/resource/e6b0e6a9-7e94-474d-8b5a-1f224c2837d6,2.0,"Aug 2, 2026"
open.canada.ca/data/en/dataset/261c32ab-4cfd-4f81-9dea-7b64065690dc/resource/39434379-45a1-43d5-aea7-a7a50113c291,2.0,"Aug 2, 2026"
open.canada.ca/data/en/dataset/beee0771-dab9-4be8-9b80-f8e8b3fdfd9d/resource/58de6f86-6b29-4e55-8bad-4ce96a0ef055,2.0,"Aug 2, 2026"
open.canada.ca/data/en/dataset/522d1b67-30d8-4a34-9b62-5da99b1035e6/resource/64622d22-5638-32aa-b3f0-09e25098e632,2.0,"Aug 2, 2026"
open.canada.ca/data/dataset/76c6ef9f-1869-4f1d-9cbc-9c26e4d1d4bf,2.0,"Aug 2, 2026"
open.canada.ca/data/en/dataset/4f421dfd-116d-434c-a295-830af4bf582a/resource/d69ff92f-a5f5-40ec-bd41-091d27d2914e,2.0,"Aug 2, 2026"
open.canada.ca/data/en/dataset/d38de914-c94c-429b-8ab1-8776c31643e3,2.0,"Aug 2, 2026"
ouvert.canada.ca/data/fr/dataset/90fed587-1364-4f33-a9ee-208181dc0b97,2.0,"Aug 2, 2026"
open.canada.ca/data/en/dataset/a1acb126-9ce8-40a9-b889-5da2b1dd20cb/resource/643c2420-0944-4a76-a455-e20da6493b4c,2.0,"Aug 2, 2026"
open.canada.ca/data/en/dataset/90fed587-1364-4f33-a9ee-208181dc0b97/resource/3b7a821b-becc-4d96-9e39-0c2849f90c50,2.0,"Aug 2, 2026"
open.canada.ca/data/en/dataset/70ef2117-1095-4d77-80eb-b87f2bada2a4/resource/fe95e450-aa7a-4972-87af-af77d8996b94,2.0,"Aug 2, 2026"
open.canada.ca/data/en/dataset/1c3d15f9-9cfa-4010-8462-0d67e493d9b9/resource/c701e05e-4554-4c96-b7c9-0ec4a845fe91,2.0,"Aug 2, 2026"
open.canada.ca/data/en/dataset/c5df3a4d-2520-4dcb-8445-0cff5107bb92,2.0,"Aug 2, 2026"
search.open.canada.ca/contracts/download/c50a392c-83e2-4001-a2ce-6f42fc939615,2.0,"Aug 2, 2026"
ouvert.canada.ca/data/fr/dataset/6cec3792-be4d-41ed-bab9-6f6c995e420a/resource/47e63dd8-2795-43d4-9690-5be5e6399a3b,2.0,"Aug 2, 2026"
open.canada.ca/data/en/dataset/f0efbfba-6243-538a-ad73-56a4c629f40f,2.0,"Aug 2, 2026"
open.canada.ca/data/en/dataset/4c9f59d6-667f-8285-a75d-25ac73d61e9b,2.0,"Aug 2, 2026"
ouvert.canada.ca/data/fr/dataset/1b6139bd-ed7e-4043-bc28-ff00e10f3109,2.0,"Aug 2, 2026"
open.canada.ca/data/en/dataset/d3881c4c-650d-4070-bf9b-1e00aabf0a1d,2.0,"Aug 2, 2026"
open.canada.ca/data/en/dataset/199e5070-2fd5-49d3-aa21-aece08964d18,2.0,"Aug 2, 2026"
ouvert.canada.ca/data/fr/dataset/d8c9838f-8893-11e0-9097-6cf049291510/resource/1946a68b-9c6b-4eea-ae27-5fbb7561973b,2.0,"Aug 2, 2026"
open.canada.ca/data/en/dataset/f2d9985b-7195-4a12-8f6c-4efc9adca8d1/resource/b39fe6a2-f762-465a-b6ae-a095f0d81aef,2.0,"Aug 2, 2026"
open.canada.ca/data/en/dataset/1b6139bd-ed7e-4043-bc28-ff00e10f3109,2.0,"Aug 2, 2026"
open.canada.ca/data/dataset/2abe0796-c3e6-443b-a5c5-74e770e9fbe0,2.0,"Aug 2, 2026"
search.open.canada.ca/grants/download/97cbd8d2-4f5e-46da-9a46-b95979195edd,2.0,"Aug 2, 2026"
open.canada.ca/data/en/dataset/ceb1ab5a-7d7c-4491-a2f7-560c47c4e22f,2.0,"Aug 2, 2026"
open.canada.ca/data/en/dataset/9b34e712-513f-44e9-babf-9df4f7256550/resource/3c3e4213-81e2-4515-971d-eae1f8985617,2.0,"Aug 2, 2026"
open.canada.ca/data/en/dataset/2513374b-d342-55fb-8a23-4c2f5667850a,2.0,"Aug 2, 2026"
open.canada.ca/data/en/dataset/91ed76b4-a1a2-4f87-9c4c-59cd64f7a9de/resource/f2271fb5-6a8a-40c0-8425-503728c3f956,2.0,"Aug 2, 2026"
open.canada.ca/data/en/dataset/f82f66f2-a22b-4511-bccf-e1d74db39ae5/resource/59d3b563-600c-486f-bec8-c8095ed77d8d,2.0,"Aug 2, 2026"
open.canada.ca/data/en/dataset/cbd4563e-ef6a-5065-bbe0-f97fb52f6462,2.0,"Aug 2, 2026"
open.canada.ca/data/en/dataset/f7e5498e-0ad8-4417-85c9-9b8aff9b9eda/resource/c5f2d5d3-e1c7-44d6-a54d-b6b2fb62fdba,2.0,"Aug 2, 2026"
open.canada.ca/data/en/dataset/dfa4daf1-669e-4514-82cd-982f27707ed0/resource/d5303a76-30ca-4e03-b670-e726140a08f5,2.0,"Aug 2, 2026"
open.canada.ca/data/en/dataset/d63a4407-6b46-52c1-9ff1-50eb72446167/resource/6056c1ce-227d-4558-9825-344733802671,2.0,"Aug 2, 2026"
open.canada.ca/data/dataset/6c240c79-c857-4fd4-bbd6-b1fd7f04fdbc,2.0,"Aug 2, 2026"
ouvert.canada.ca/data/fr/dataset/29220ec8-593e-49da-8fb3-5c10969f6c24,2.0,"Aug 2, 2026"
open.canada.ca/data/en/dataset/22c7cb44-1463-48f7-8e47-88857f207702/resource/4d6d5025-6b94-47b5-9620-8130e2014bb4,2.0,"Aug 2, 2026"
open.canada.ca/data/en/dataset/c7413d9f-112e-4a26-bbd1-ae2711856629,2.0,"Aug 2, 2026"
open.canada.ca/data/en/dataset/38ddc983-1bf0-4bee-ad18-07dac8cfe884,2.0,"Aug 2, 2026"
open.canada.ca/data/en/dataset/36ffce4a-0f94-5675-9da8-2fe05a274860/resource/bd9db251-b492-4ccc-a935-6bbc236f0bf8,2.0,"Aug 2, 2026"
open.canada.ca/data/en/dataset/6a679258-5a4f-4c99-bd39-d507f9567790/resource/c9a0ff6d-c40d-4833-8ab0-3d89d0c34353,2.0,"Aug 2, 2026"
open.canada.ca/data/en/dataset/0fe65119-e96e-4a57-8bfe-9d9245fba06b/resource/008455f0-a480-4f93-bb7f-458e696d4ece,2.0,"Aug 2, 2026"
open.canada.ca/data/en/dataset/360024f2-17e9-4558-bfc1-3616485d65b9/resource/d5779439-e0fb-4e6f-82d0-c6070f654bec,2.0,"Aug 2, 2026"
open.canada.ca/data/en/dataset/f8f404f3-3476-4ed5-8f66-8a7f5749aa80,2.0,"Aug 2, 2026"
open.canada.ca/data/dataset/90fed587-1364-4f33-a9ee-208181dc0b97,2.0,"Aug 2, 2026"
open.canada.ca/data/en/dataset/activity/d412e6d0-879d-4632-baed-9b8cb25a94b7,2.0,"Aug 2, 2026"
open.canada.ca/data/en/dataset/dfa4daf1-669e-4514-82cd-982f27707ed0/resource/5d87eeb6-5305-4a0e-bc1d-fdf96e691749,2.0,"Aug 2, 2026"
open.canada.ca/data/en/dataset/bb66787c-9509-456d-bd72-5016abdf39c5,2.0,"Aug 2, 2026"
open.canada.ca/data/en/dataset/028d4791-1241-437a-9f7b-fdf08b0d6dfb/resource/ff4af5f4-6f5c-4196-bd28-34b9731793ae,2.0,"Aug 2, 2026"
open.canada.ca/data/en/dataset/26bd6b89-0b85-4697-8d51-fc84e9f4b549,2.0,"Aug 2, 2026"
open.canada.ca/data/en/dataset/163c8a62-e37e-4d06-a291-eaca2434c018,2.0,"Aug 2, 2026"
open.canada.ca/data/en/dataset/4dab5b98-b97b-7ba7-9c23-b3eaf8e8d762,2.0,"Aug 2, 2026"
open.canada.ca/data/en/dataset/4c6c515f-7c44-4bb6-ab56-c5f79f75f705/resource/c046ea03-a121-470d-bd23-20a4d7fd7b20,2.0,"Aug 2, 2026"
open.canada.ca/data/en/dataset/719955f2-bf8e-44f7-bc26-6bd623e82884,2.0,"Aug 2, 2026"
open.canada.ca/data/en/dataset/90fed587-1364-4f33-a9ee-208181dc0b97/resource/68a48c73-39a1-4049-a7ae-044f9c6c87b3,2.0,"Aug 2, 2026"
open.canada.ca/data/en/dataset/5ad5e20c-f2bb-497d-a2a2-440eec6e10cd/resource/e4bbe76e-20e2-4c5f-b29b-1e9b331715aa,2.0,"Aug 2, 2026"
open.canada.ca/data/en/dataset/47caa405-be2b-4e9e-8f53-c478ade2ca74/resource/7f88fac2-9a58-4213-8a55-fa7611947a94,2.0,"Aug 2, 2026"
open.canada.ca/data/en/dataset/c7413d9f-112e-4a26-bbd1-ae2711856629/resource/7e5679e0-bd93-4fe2-871f-86a7bc2479b5,2.0,"Aug 2, 2026"
ouvert.canada.ca/data/dataset/fba1f620-b269-44f5-83f9-871dfbcef563,2.0,"Aug 2, 2026"
open.canada.ca/data/dataset/dba6c78a-1bc1-4d4f-b75c-96b5b0e7fd30/resource/032f70be-c30a-4091-a35e-eb2fb82fdcb5,2.0,"Aug 2, 2026"
open.canada.ca/data/en/dataset/363300fd-6ac1-47f0-abc2-58213a66be12,2.0,"Aug 2, 2026"
ouvert.canada.ca/data/fr/dataset/8f1749a5-ac67-467a-9c01-752b375127c3/resource/9b5a9da8-4d61-441e-af8a-784ab4121cc1,2.0,"Aug 2, 2026"
ouvert.canada.ca/data/fr/dataset/d4a716f5-a2fc-4c3c-88ed-451fe05900e4,2.0,"Aug 2, 2026"
open.canada.ca/data/en/dataset/90fed587-1364-4f33-a9ee-208181dc0b97/resource/5b9c1873-dc36-456d-a308-2819d4e25309,2.0,"Aug 2, 2026"
open.canada.ca/data/en/dataset/dd548674-d011-4f81-b745-351cd930eb87/resource/a531a583-aa1d-4403-9231-b159b62f1cc2,1.0,"Aug 2, 2026"
open.canada.ca/data/en/dataset/199e5070-2fd5-49d3-aa21-aece08964d18/resource/fce53469-baac-4e35-adcb-8cf9883aff0c,1.0,"Aug 2, 2026"
open.canada.ca/data/en/dataset/4dab5b98-b97b-7ba7-9c23-b3eaf8e8d762/resource/365343d5-cef7-4497-a8c0-e91b1b4f4f57,1.0,"Aug 2, 2026"
open.canada.ca/data/en/dataset/596e91d5-b2a7-4f46-8062-2f027ebbc947/resource/48620f37-2421-4686-b0e1-f4337d3785cc,1.0,"Aug 2, 2026"
open.canada.ca/data/en/dataset/77381606-95c0-411a-a7cd-eba5d038c1c4/resource/1564dd36-c934-4393-b9b6-db3356da3ea0,1.0,"Aug 2, 2026"
open.canada.ca/data/en/dataset/8065555d-6e2e-4455-b520-5e4e4ad25ac2,1.0,"Aug 2, 2026"
open.canada.ca/data/dataset/2909a648-5753-4924-878a-b069392d9cde/resource/22d58168-f6d2-4a89-ad20-4980e9e7530d,1.0,"Aug 2, 2026"
ouvert.canada.ca/data/fr/dataset/b0e112e9-cf53-4e79-8838-23cd98debe5b/resource/cb52e1d0-ab62-4357-91cc-d8f5a2114e02,1.0,"Aug 2, 2026"
open.canada.ca/data/en/dataset/65658050-7a80-4da3-9a09-da137c203a34/resource/7550bcef-8697-4a0e-972f-7878303f5e86,1.0,"Aug 2, 2026"
open.canada.ca/data/en/dataset/be36f85e-e419-4978-9c34-cb5795622595/resource/55135d25-ca94-47aa-ac6e-18799bc67dda,1.0,"Aug 2, 2026"
open.canada.ca/data/en/dataset/482ed36e-b506-48c2-814b-ff6aff78b08d/resource/a68ffd6f-d106-4ac2-99a4-e710caf7e28a,1.0,"Aug 2, 2026"
open.canada.ca/data/en/dataset/4c6c515f-7c44-4bb6-ab56-c5f79f75f705/resource/d4c1d98d-c19e-4730-ab2d-6e64160351a7,1.0,"Aug 2, 2026"
open.canada.ca/data/en/dataset/f11dcb31-cdc9-499d-a129-afcfe0f4eba7,1.0,"Aug 2, 2026"
open.canada.ca/data/en/dataset/08013e71-101a-457c-af76-c7b13a08ff64/resource/b92bc011-8f5b-4911-b286-f202020f85f0,1.0,"Aug 2, 2026"
open.canada.ca/data/en/dataset/4f1c44a6-1ecf-4da7-a1da-058b1ff9ce06/resource/6439cc6a-3e2d-4eca-8246-c5ca2dd35a69,1.0,"Aug 2, 2026"
open.canada.ca/data/en/dataset/adad580f-76b0-4502-bd05-20c125de9116,1.0,"Aug 2, 2026"
ouvert.canada.ca/data/fr/dataset/d603d3de-8893-11e0-9d21-6cf049291510/resource/16788bb4-4135-46e4-b45c-818fc8680484,1.0,"Aug 2, 2026"
open.canada.ca/data/en/dataset/a1acb126-9ce8-40a9-b889-5da2b1dd20cb,1.0,"Aug 2, 2026"
open.canada.ca/data/en/dataset/0e1e57aa-e664-41b5-a69f-d814d4407d62,1.0,"Aug 2, 2026"
open.canada.ca/data/en/dataset/90fed587-1364-4f33-a9ee-208181dc0b97/resource/dd627095-614a-45df-a7ef-df0a4a46a812,1.0,"Aug 2, 2026"
open.canada.ca/data/en/dataset/bcc45cfc-bfb3-4afd-b162-eb76dfd4e8a3/resource/87e97f0a-5ecc-45ce-9803-6a4a3c0bc7f3,1.0,"Aug 2, 2026"
open.canada.ca/data/en/dataset/3abb5c74-3bbf-4647-b1c1-fe8390e98223/resource/dac34711-02bf-4477-8cb0-abcffb5d3b8b,1.0,"Aug 2, 2026"
open.canada.ca/data/en/dataset/ab48c63b-4143-4e62-8f36-831e31a2095d/resource/ce8888b4-6fe1-41d4-ba2e-9b7e28fd199e,1.0,"Aug 2, 2026"
open.canada.ca/data/en/dataset/34eb85a2-1558-46b7-adca-a40c446cb05f/resource/e76801e9-02d0-4c99-8511-87d7b6a4e933,1.0,"Aug 2, 2026"
open.canada.ca/data/en/dataset/6e47f705-71ed-41f0-8fd5-d1a8508a3b63/resource/072273f6-bac1-4e3c-92be-1a1411f63913,1.0,"Aug 2, 2026"
open.canada.ca/data/en/dataset/fe1761bf-5e9f-c098-098e-a205519a43b3,1.0,"Aug 2, 2026"
open.canada.ca/data/en/dataset/90fed587-1364-4f33-a9ee-208181dc0b97/resource/8da7aa91-8df9-469e-9120-87ddf12c9944,1.0,"Aug 2, 2026"
open.canada.ca/data/dataset/7f245e4d-76c2-4caa-951a-45d1d2051333,1.0,"Aug 2, 2026"
open.canada.ca/data/en/dataset/e9e6d7e4-cfdc-4ac2-bbe3-87e6f0504366,1.0,"Aug 2, 2026"
open.canada.ca/data/en/dataset/039e7efd-9a39-41a7-88bc-dcf2c40265d9/resource/df12123c-ab75-4c0b-ba37-cec77061abaa,1.0,"Aug 2, 2026"
open.canada.ca/data/en/dataset/6abd20d4-7a1c-4b38-baa2-9525d0bb2fd2/resource/5870de7c-86fe-4d05-8d73-cd412e12fdeb,1.0,"Aug 2, 2026"
open.canada.ca/data/en/dataset/ca69f450-e24e-4666-aa61-be5d63fd0348,1.0,"Aug 2, 2026"
open.canada.ca/data/en/dataset/79fdad93-9025-49ad-ba16-c26d718cc070/resource/8e6f9c8b-7b8b-4692-a69f-a90d83b6a5ea,1.0,"Aug 2, 2026"
open.canada.ca/data/en/dataset/360024f2-17e9-4558-bfc1-3616485d65b9/resource/cd45aa67-6d0d-46e9-948b-46c36cb1d2b4,1.0,"Aug 2, 2026"
open.canada.ca/data/en/dataset/90fed587-1364-4f33-a9ee-208181dc0b97/resource/aed9328a-1b42-48bd-a096-75ef06eba025,1.0,"Aug 2, 2026"
ouvert.canada.ca/data/fr/dataset/dfa4daf1-669e-4514-82cd-982f27707ed0/resource/f015e958-829b-44bb-b201-641584b818dd,1.0,"Aug 2, 2026"
ouvert.canada.ca/data/fr/dataset/96e248e8-f422-5d69-a085-cce12b04e11a/resource/dfb90f63-356c-46ed-82df-49817bcf0d83,1.0,"Aug 2, 2026"
open.canada.ca/data/en/dataset/ea639e28-c0fc-48bf-b5dd-b8899bd43072/resource/0b70e798-1ab5-4b74-8444-3c6ceab175d7,1.0,"Aug 2, 2026"
open.canada.ca/data/en/dataset/c088f841-2d79-4c7e-9281-cc65cbae1b06/resource/895872b9-390d-42d9-a795-f9f4f79ff52a,1.0,"Aug 2, 2026"
open.canada.ca/data/en/dataset/65bf6a0d-018b-45f1-b8b5-e8f4d486332a/resource/dfc75629-6057-4a7f-bd6e-edf3a485d996,1.0,"Aug 2, 2026"
open.canada.ca/data/en/dataset/8b434ac7-aedb-4698-90df-ba77424a551f,1.0,"Aug 2, 2026"
open.canada.ca/data/en/dataset/861ae633-be72-480c-9e7e-30219ebb67a9,1.0,"Aug 2, 2026"
open.canada.ca/data/en/dataset/db48834a-4f61-4ed7-9816-aa01c7a7b5bd,1.0,"Aug 2, 2026"
open.canada.ca/data/en/dataset/873cfcb0-1c9b-4a48-a366-076697069bb9/resource/4e92c7a1-ea9c-4b83-8306-6eb1827348b5,1.0,"Aug 2, 2026"
open.canada.ca/data/en/dataset/957782bf-847c-4644-a757-e383c0057995/resource/e47dfedf-4d65-4526-aa23-87e40d8583ae,1.0,"Aug 2, 2026"
open.canada.ca/data/dataset/6e47f705-71ed-41f0-8fd5-d1a8508a3b63/resource/072273f6-bac1-4e3c-92be-1a1411f63913,1.0,"Aug 2, 2026"
ouvert.canada.ca/data/fr/dataset/cb181cc0-8893-11e0-a4a7-6cf049291510/resource/031def7d-a182-4c53-bc64-494e453c68e0,1.0,"Aug 2, 2026"
open.canada.ca/data/en/dataset/065439a9-c194-4259-9c95-245a852be4a1,1.0,"Aug 2, 2026"
open.canada.ca/data/en/dataset/f7e5498e-0ad8-4417-85c9-9b8aff9b9eda/resource/5a3ec9ec-bcee-4207-b00b-0d81784e6aa0,1.0,"Aug 2, 2026"
open.canada.ca/data/en/dataset/039e7efd-9a39-41a7-88bc-dcf2c40265d9/resource/f09f13f5-26bf-4a63-ad39-b28477152006,1.0,"Aug 2, 2026"
ouvert.canada.ca/data/fr/dataset/761e3ea6-7cc7-409c-9c9c-ca1d30c969b6/resource/c02cfe82-0a23-4b48-ab1d-0de3e2056ac8,1.0,"Aug 2, 2026"
open.canada.ca/data/en/dataset/6d9f412c-c5fa-497e-9a97-447369440f71,1.0,"Aug 2, 2026"
open.canada.ca/data/en/dataset/79f037d9-0b3a-41d1-abfa-7b3b1ef6882f/resource/8b9aa53f-34ad-4318-852c-5e3643c57496,1.0,"Aug 2, 2026"
open.canada.ca/data/en/dataset/c3a943a0-1c3c-4fdb-8684-49b4c75a44a5/resource/d9f3125a-6a67-4b28-b7ee-de0d0fadead5,1.0,"Aug 2, 2026"
open.canada.ca/data/en/dataset/ff583e29-f8b8-456f-abea-18e94f877af5/resource/2dcfa2dd-b047-4625-b889-0f7da54b282e,1.0,"Aug 2, 2026"
open.canada.ca/data/en/dataset/8a5710e7-5009-5695-aefc-b6d200a20481/resource/6dd55500-5a3d-4c51-aa61-72f5eedb3605,1.0,"Aug 2, 2026"
open.canada.ca/data/en/dataset/db177a8c-5d7d-49eb-8290-31e6a45d786c/resource/c77e1689-e4f7-4d38-8222-db7da1998f8c,1.0,"Aug 2, 2026"
open.canada.ca/data/en/dataset/b0e112e9-cf53-4e79-8838-23cd98debe5b/resource/2a32dbcb-574c-4731-9a2a-cd01f5449802,1.0,"Aug 2, 2026"
open.canada.ca/data/en/dataset/9b34e712-513f-44e9-babf-9df4f7256550/resource/07139405-03f0-40f8-8dbc-bc6025fce2ab,1.0,"Aug 2, 2026"
open.canada.ca/data/en/info/5423054a-093c-4239-85be-fa0b36ae0b2e/resource/b3bcac90-e633-4c90-9bec-d2bb7202c2c2,1.0,"Aug 2, 2026"
open.canada.ca/data/en/dataset/ba2645d5-4458-414d-b196-6303ac06c1c9/resource/2742af46-118d-4cc1-b78f-b9eefce37165,1.0,"Aug 2, 2026"
open.canada.ca/data/dataset/45a00be0-d572-4e42-be18-1bbaaf6c85ee/resource/19364963-c620-41e6-bb07-9febe6ce7dd7,1.0,"Aug 2, 2026"
search.open.canada.ca/grants/download/1c1e5017-98ee-4c6f-8cc6-d0c777e2bcb9,1.0,"Aug 2, 2026"
open.canada.ca/data/en/dataset/6e47f705-71ed-41f0-8fd5-d1a8508a3b63/resource/e6966014-6f2b-48ac-8cb3-f4d9e26f9194,1.0,"Aug 2, 2026"
open.canada.ca/data/en/dataset/1cda0df2-550a-4449-9462-1c7464161b20/resource/aaf70018-ab48-43a9-84e7-34623d7c80f0,1.0,"Aug 2, 2026"
open.canada.ca/data/en/dataset/1c3d15f9-9cfa-4010-8462-0d67e493d9b9,1.0,"Aug 2, 2026"
open.canada.ca/data/en/dataset/c1b0f627-8c29-427c-ab73-33968ad9176e/resource/f4c9d4f1-e552-482d-8259-181dad6a3c3f,1.0,"Aug 2, 2026"
open.canada.ca/data/en/dataset/8a6a3f7e-dbca-467c-ad55-8ab6ddc7754b,1.0,"Aug 2, 2026"
open.canada.ca/data/en/dataset/f314a39f-009d-430b-97b9-d6e0cae22340,1.0,"Aug 2, 2026"
ouvert.canada.ca/data/fr/dataset/ceb1ab5a-7d7c-4491-a2f7-560c47c4e22f/resource/648f0b3b-8d21-4373-94b4-72847dbf79a1,1.0,"Aug 2, 2026"
open.canada.ca/data/en/dataset/af4842fd-562f-420d-9373-f68304bd9b0d/resource/d4f22f7f-d6bf-4a93-85a8-d92601c61c14,1.0,"Aug 2, 2026"
open.canada.ca/data/en/dataset/c5df3a4d-2520-4dcb-8445-0cff5107bb92/resource/1f0842ac-2e00-4251-aa9b-547f761ae041,1.0,"Aug 2, 2026"
open.canada.ca/data/en/dataset/d46a91b9-727d-45d6-9e8c-e2b3b265ea5d/resource/407d429e-41b5-4d99-a9dd-7904898557f8,1.0,"Aug 2, 2026"
open.canada.ca/data/en/dataset/787ce9ee-811c-4de7-9254-a5991a123f90/resource/d123f056-326c-4c69-93a6-6f64f2ee0764,1.0,"Aug 2, 2026"
open.canada.ca/data/en/dataset/be2f5020-a1e1-4e02-a12e-9874599c7dfe/resource/aa37ab22-ae36-4bef-958f-5818149b9492,1.0,"Aug 2, 2026"
open.canada.ca/data/en/dataset/29ab4f6e-3ba3-48b9-8861-f2123ae30326,1.0,"Aug 2, 2026"
ouvert.canada.ca/data/fr/dataset/69fed58b-e725-487e-aa23-e32ff11fe316/resource/dd7dd76e-a04e-4b25-8db5-cde607619a2f,1.0,"Aug 2, 2026"
open.canada.ca/data/en/dataset/d7a034ac-c316-4c57-beda-587de041b833,1.0,"Aug 2, 2026"
open.canada.ca/data/en/dataset/a4b190fe-e090-4e6d-881e-b87956c07977,1.0,"Aug 2, 2026"
open.canada.ca/data/en/dataset/1d628c1b-bc18-4c23-9dc6-c1f2fb01691d,1.0,"Aug 2, 2026"
ouvert.canada.ca/data/dataset/bd8b1c56-6fca-4baa-ab50-7c2b2674862f,1.0,"Aug 2, 2026"
open.canada.ca/data/en/dataset/e8745429-21e7-4a73-b3f5-90a779b78d1e/resource/359c65db-db11-46b1-b903-5c9d8ff1ea4c,1.0,"Aug 2, 2026"
ouvert.canada.ca/data/fr/dataset/74f2472e-5bb9-4d2d-8be5-0931c96eeeff,1.0,"Aug 2, 2026"
open.canada.ca/data/en/dataset/65658050-7a80-4da3-9a09-da137c203a34/resource/9de99e2e-d5fc-4ca2-bf0e-cb1af77b6134,1.0,"Aug 2, 2026"
open.canada.ca/data/en/dataset/06d31e10-a2a8-4d53-9ff3-567714a0a9f3,1.0,"Aug 2, 2026"
open.canada.ca/data/en/dataset/b9f51ef4-4605-4ef2-8231-62a2edda1b54,1.0,"Aug 2, 2026"
ouvert.canada.ca/data/dataset/7114187e-305c-4a79-acbb-3294ba0f53c8/resource/e483ab57-a6f4-40a5-a0fe-4df946e88fe1,1.0,"Aug 2, 2026"
open.canada.ca/data/en/dataset/91ed76b4-a1a2-4f87-9c4c-59cd64f7a9de/resource/d0f6040e-671c-4301-a235-e9e7ba164604,1.0,"Aug 2, 2026"
open.canada.ca/data/en/dataset/44b103eb-ab35-58df-8be5-d37eeecbc576/resource/e957000a-12be-45dd-8c94-da83406ff8a9,1.0,"Aug 2, 2026"
open.canada.ca/data/en/dataset/22c7cb44-1463-48f7-8e47-88857f207702,1.0,"Aug 2, 2026"
ouvert.canada.ca/data/fr/dataset/a4a5575d-e8e8-4410-bfc6-18e9361ffd3f,1.0,"Aug 2, 2026"
open.canada.ca/data/en/dataset/e25aa5d6-8878-452b-8aa8-2e0f71b83e52,1.0,"Aug 2, 2026"
open.canada.ca/data/en/dataset/06d31e10-a2a8-4d53-9ff3-567714a0a9f3/resource/a42d8d12-aab3-479f-938f-22ba99cec314,1.0,"Aug 2, 2026"
open.canada.ca/data/en/dataset/a4e73c9e-2024-5009-acb5-c6fa68ed8767/resource/33ba20a1-d79e-40d7-9a60-21473e2d6d0a,1.0,"Aug 2, 2026"
ouvert.canada.ca/data/fr/dataset/0a7619fd-2ffe-44b5-9027-3dfcec0866fd/resource/15b6e00f-862b-4bbf-9b28-04b81a4eb87f,1.0,"Aug 2, 2026"
open.canada.ca/data/en/dataset/7f781d44-270f-405b-8162-9f009311a902/resource/83605629-6c2c-4105-86d9-d3739101f3a8,1.0,"Aug 2, 2026"
open.canada.ca/data/en/dataset/f7e5498e-0ad8-4417-85c9-9b8aff9b9eda/resource/0f1e6cce-a2e3-4ded-92ca-47d3c7e55128,1.0,"Aug 2, 2026"
open.canada.ca/data/en/dataset/f8c7ff85-c6cb-450f-99d2-0cd907cc3593,1.0,"Aug 2, 2026"
open.canada.ca/data/en/dataset/f7e5498e-0ad8-4417-85c9-9b8aff9b9eda/resource/166ea45e-4919-47c9-b1a6-35c4bdf51c03,1.0,"Aug 2, 2026"
open.canada.ca/data/dataset/dba6c78a-1bc1-4d4f-b75c-96b5b0e7fd30/resource/f21ff929-a784-4f2f-8966-d36dfc1ed8e4,1.0,"Aug 2, 2026"
open.canada.ca/data/en/dataset/90fed587-1364-4f33-a9ee-208181dc0b97/resource/b08b86d0-0aa6-43cf-a99e-20f4eb3046d4,1.0,"Aug 2, 2026"
open.canada.ca/data/en/dataset/cb47d4b9-059a-4c09-a522-ee4e6eb1329d,1.0,"Aug 2, 2026"
open.canada.ca/data/en/dataset/978ace15-85bb-42cb-99a6-f7e3f202070e/resource/4af47dbf-d552-4ea5-a2ac-6b65122dff0b,1.0,"Aug 2, 2026"
open.canada.ca/data/en/dataset/89077c3a-cfe1-4b6c-a35f-015cb8688f47/resource/b70eaa67-b9bc-45a4-855c-e468338a094d,1.0,"Aug 2, 2026"
open.canada.ca/data/dataset/07bf1adb-c6a5-4e91-8911-5565f4e38e0f/resource/00d02942-be15-4d7c-93bd-3782babcf0ae,1.0,"Aug 2, 2026"
open.canada.ca/data/en/dataset/d4f80bd3-17e3-a7e8-4bfe-d22a430678d5/resource/0037f487-16f6-4050-8310-bb69d2e61a1d,1.0,"Aug 2, 2026"
open.canada.ca/data/en/dataset/53377276-6db5-5ad6-82e6-dc9b7c70a321/resource/f988e7bb-8529-4f4b-aa29-81a4b74ce104,1.0,"Aug 2, 2026"
open.canada.ca/data/en/dataset/f6986d8e-81ac-4c3f-9eb2-867cae32b984,1.0,"Aug 2, 2026"
open.canada.ca/data/en/dataset/dfa4daf1-669e-4514-82cd-982f27707ed0/resource/89b0fa2c-af49-4fb5-a74c-1cf2268fb521,1.0,"Aug 2, 2026"
ouvert.canada.ca/data/fr/dataset/69fed58b-e725-487e-aa23-e32ff11fe316,1.0,"Aug 2, 2026"
open.canada.ca/data/en/dataset/d4935570-ff39-d216-3500-c8d1de513dc2/resource/5f9fed2f-0565-4a75-80c3-1b86335e8f6f,1.0,"Aug 2, 2026"
open.canada.ca/data/en/dataset/86bc05cb-b5c2-407c-aa7c-f1f3646c8baf,1.0,"Aug 2, 2026"
open.canada.ca/data/en/dataset/76defa14-473e-41e2-abfa-60021c4d934b/resource/a799d4c0-4f00-4624-a4dc-389f81ee381b,1.0,"Aug 2, 2026"
open.canada.ca/data/en/dataset/e35848ac-7a75-4b6d-b097-cae687a4b51d/resource/fc4b0189-c1e7-4024-911e-a93dd022a4d9,1.0,"Aug 2, 2026"
ouvert.canada.ca/data/dataset/18754165-1daa-42ea-8c43-fef0e8cf4598/resource/02476340-e33d-44c7-b250-ad8c16cdc1cc,1.0,"Aug 2, 2026"
open.canada.ca/data/en/dataset/2c30e366-ef2b-400e-8363-0b13e4a7b6f4/resource/bcc396bf-5f62-4395-8969-2355f7e90c0b,1.0,"Aug 2, 2026"
open.canada.ca/data/en/dataset/0968ddc5-710e-4388-b379-184764df6f4c/resource/ebef5b60-128c-4f71-a702-30c3446b7ed5,1.0,"Aug 2, 2026"
search.open.canada.ca/grants/download/9802102c-3a4b-4db8-9b50-0e84c0822575,1.0,"Aug 2, 2026"
open.canada.ca/data/en/dataset/502b8125-e48b-443a-b463-a5b76eda8c25,1.0,"Aug 2, 2026"
open.canada.ca/data/en/dataset/330ec960-cc52-47d9-840b-d93470347ab4/resource/8a772ad6-338b-4614-a8df-f1a533aa60ac,1.0,"Aug 2, 2026"
open.canada.ca/data/en/dataset/ce864400-7577-5c81-86bb-4e0fb42bac24,1.0,"Aug 2, 2026"
open.canada.ca/data/en/dataset/976bb4f8-2b63-4150-910c-1f8e094cc83a,1.0,"Aug 2, 2026"
open.canada.ca/data/en/dataset/7c1bf2a8-96bb-4ad5-888d-a90672eb306e,1.0,"Aug 2, 2026"
open.canada.ca/data/en/dataset/53753f06-8b28-42d7-89f7-04cd014323b0/resource/94a220b8-feea-4df3-8ee0-1b512c50fe2e,1.0,"Aug 2, 2026"
ouvert.canada.ca/data/fr/dataset/8a503fcd-208a-4a9a-b7ca-fbb3467a7b69/resource/853828b4-e5ff-4176-8e87-0bdd2697a6a7,1.0,"Aug 2, 2026"
open.canada.ca/data/en/dataset/00124591-6db4-49dc-ae48-0e9aa1301eab/resource/0560fb9f-da42-498d-8e7b-4e71b9225ee5,1.0,"Aug 2, 2026"
open.canada.ca/data/en/dataset/ce99c2c9-c224-43eb-aef0-1f379b70c91d,1.0,"Aug 2, 2026"
ouvert.canada.ca/data/fr/dataset/a99cec2f-472b-4c56-bfe3-e7fcdd1f2ad4,1.0,"Aug 2, 2026"
open.canada.ca/data/en/dataset/de153dc6-30fd-46b7-9922-3b159df4d4d8,1.0,"Aug 2, 2026"
open.canada.ca/data/en/dataset/66d05825-d3a4-440c-bc31-1e5f555421e5/resource/7e74d0c2-f3f7-4971-bde5-c6791f0a458b,1.0,"Aug 2, 2026"
ouvert.canada.ca/data/fr/dataset/cb181cc0-8893-11e0-a4a7-6cf049291510/resource/f1b8a77b-c132-4aeb-a0b7-8826d89e8319,1.0,"Aug 2, 2026"
open.canada.ca/data/en/dataset/6e16f703-9c57-46c9-9194-6573398c17e6/resource/900f78e1-93e5-3a73-93de-e153962bab6b,1.0,"Aug 2, 2026"
open.canada.ca/data/en/dataset/261c32ab-4cfd-4f81-9dea-7b64065690dc,1.0,"Aug 2, 2026"
open.canada.ca/data/en/dataset/360024f2-17e9-4558-bfc1-3616485d65b9/resource/8d4c4240-88ea-421d-b80d-6cc6a3d28044,1.0,"Aug 2, 2026"
open.canada.ca/data/en/dataset/089885f9-ed53-44e6-854a-14d21a1ec2e0/resource/b3dbfc4d-ee5a-4378-807f-ec3cab121a53,1.0,"Aug 2, 2026"
open.canada.ca/data/en/dataset/90fed587-1364-4f33-a9ee-208181dc0b97/resource/fbfda891-5327-4e01-927e-0e0dd580d304,1.0,"Aug 2, 2026"
open.canada.ca/data/en/dataset/4cc14294-b40d-40f2-bb27-201e40e1ded4/resource/6d33c2a9-4955-46a6-933a-9f8b2a3690c9,1.0,"Aug 2, 2026"
ouvert.canada.ca/data/fr/dataset/f82f66f2-a22b-4511-bccf-e1d74db39ae5/resource/59d3b563-600c-486f-bec8-c8095ed77d8d,1.0,"Aug 2, 2026"
open.canada.ca/data/en/dataset/07c42deb-9435-43b9-a416-7ce316f3893d/resource/df8176eb-d34f-44c7-a30a-fb4b2d7f8687,1.0,"Aug 2, 2026"
open.canada.ca/data/en/dataset/97a2a33c-54cc-4f2e-82c1-047ad8212f05,1.0,"Aug 2, 2026"
open.canada.ca/data/en/dataset/cdf6ab31-fa03-479a-b6e0-f9a0c71edf91/resource/3bdbd94a-8ba6-49b1-871e-b31a4cea237c,1.0,"Aug 2, 2026"
open.canada.ca/data/en/dataset/779f9b2d-d010-4ddc-b3b3-57a9ac7631b2,1.0,"Aug 2, 2026"
ouvert.canada.ca/data/fr/dataset/dfa4daf1-669e-4514-82cd-982f27707ed0/resource/a2f5faf4-07fe-4a3c-9bd3-62bbf11a426f,1.0,"Aug 2, 2026"
ouvert.canada.ca/data/fr/dataset/8dc04c10-708e-4afa-813e-acb96c3101a1/resource/2897dcfb-d7fc-4fe6-b5a3-2a106f4a0ccc,1.0,"Aug 2, 2026"
open.canada.ca/data/en/dataset/96b9e0dd-7ae8-4d68-87c3-be3a5bc7a2c0/resource/7a33d311-833d-4e71-8999-eba66c4333ba,1.0,"Aug 2, 2026"
open.canada.ca/data/en/dataset/0032ce54-c5dd-4b66-99a0-320a7b5e99f2/resource/7b6dd154-aa04-46ce-8880-ce4a5fa0a680,1.0,"Aug 2, 2026"
open.canada.ca/data/en/dataset/2ece9991-62aa-4b7a-bd7d-4f8f1052cd21,1.0,"Aug 2, 2026"
open.canada.ca/data/en/dataset/a75c3d6c-354d-436d-999d-431fb3a9de79,1.0,"Aug 2, 2026"
ouvert.canada.ca/data/fr/dataset/1d247489-ebc3-457e-87aa-362bee1ae84e,1.0,"Aug 2, 2026"
open.canada.ca/data/en/dataset/3d282116-e556-400c-9306-ca1a3cada77f,1.0,"Aug 2, 2026"
open.canada.ca/data/en/dataset/957782bf-847c-4644-a757-e383c0057995/resource/68178b60-beb5-45de-a6cf-7154c6057279,1.0,"Aug 2, 2026"
open.canada.ca/data/en/dataset/dbc3fc05-ba53-43af-8170-496f22941fc5/resource/ac39e4e7-1936-4f54-be9b-d0aa662675e8,1.0,"Aug 2, 2026"
open.canada.ca/data/en/dataset/360024f2-17e9-4558-bfc1-3616485d65b9/resource/3989b766-1db1-4ad7-817d-52d95c41c0fa,1.0,"Aug 2, 2026"
open.canada.ca/data/en/dataset/fa349b87-f7af-1b65-2aa3-f1dffa7b6e3c/resource/746ee3b2-be7f-41ee-be05-1e0780ee6fe0,1.0,"Aug 2, 2026"
open.canada.ca/data/en/dataset/779f9b2d-d010-4ddc-b3b3-57a9ac7631b2/resource/94401ec9-9e13-4a51-b994-4efdd9625458,1.0,"Aug 2, 2026"
open.canada.ca/data/en/dataset/0715efb0-4fd2-426f-9e37-ed474c76947a,1.0,"Aug 2, 2026"
open.canada.ca/data/en/dataset/b5b01346-6a3f-a523-9f52-c61a52791356/resource/81aba354-6569-43cf-8a07-d37f6a9b63d8,1.0,"Aug 2, 2026"
open.canada.ca/data/en/dataset/dfb8b498-fa4b-4286-b3ec-58db88aca1cf/resource/9a272add-964c-4978-8bc6-afe1f012728f,1.0,"Aug 2, 2026"
open.canada.ca/data/en/dataset/a4ccc194-c286-4615-86ad-35698313db6a/resource/76b265c7-7118-450b-8c47-c8088ee0e5c2,1.0,"Aug 2, 2026"
ouvert.canada.ca/data/dataset/742b4dcb-b834-46c9-93b7-6878bb0ae295/resource/a56fc93a-c40c-458f-8e30-f4156cb6fc33,1.0,"Aug 2, 2026"
open.canada.ca/data/en/dataset/60263d0f-5bd5-492a-81de-d6f7dc35c7e4,1.0,"Aug 2, 2026"
open.canada.ca/data/en/dataset/4eee1558-45b7-4484-9336-e692897d393f/resource/5455750e-a079-4bf8-828b-09e2337eb29b,1.0,"Aug 2, 2026"
open.canada.ca/data/en/dataset/8b434ac7-aedb-4698-90df-ba77424a551f/resource/82ef5fde-2813-4948-b7e8-0ece5bbd9b3a,1.0,"Aug 2, 2026"
open.canada.ca/data/en/dataset/0e63446e-6288-4bc6-a050-a5a07372ff24/resource/bd35ce3d-94fd-4ed4-a818-6d1922692195,1.0,"Aug 2, 2026"
open.canada.ca/data/en/dataset/e8a3fc19-6016-4c90-a5c0-eb35233d708e/resource/1273c645-44dc-4f4a-b018-7eeef94f9f86,1.0,"Aug 2, 2026"
open.canada.ca/data/en/dataset/061c8cb7-ca4e-45be-a990-61fce7e7d2dc/resource/3db007c4-814e-41e3-ba34-384eab9203f9,1.0,"Aug 2, 2026"
open.canada.ca/data/en/dataset/a75c3d6c-354d-436d-999d-431fb3a9de79/resource/cb80bcee-f856-4764-a188-4713c6e3fb1f,1.0,"Aug 2, 2026"
open.canada.ca/data/en/dataset/3b37042d-e787-475d-9bb0-b9f0d147a7c2/resource/d4ffa9fe-5c80-49ac-999b-e7875db48e78,1.0,"Aug 2, 2026"
open.canada.ca/data/en/dataset/d0cdef71-9343-46c3-b2e7-c1ded5907686/resource/51e0db22-b5ef-40b8-b260-eca19d6564fe,1.0,"Aug 2, 2026"
open.canada.ca/data/en/dataset/edc6f2cf-3d1a-c69f-08fa-e9e1fed88957/resource/11f432a5-d553-445f-8f68-9134193ae7e0,1.0,"Aug 2, 2026"
open.canada.ca/data/en/dataset/3b070a33-c13e-4a1f-a5ce-63e3a4d616bc/resource/6b888ac4-7120-46e2-9365-68ff1d3ed8d9,1.0,"Aug 2, 2026"
open.canada.ca/data/en/dataset/fa349b87-f7af-1b65-2aa3-f1dffa7b6e3c/resource/2196dfe5-26d5-46a0-8079-09f1bc9584cb,1.0,"Aug 2, 2026"
open.canada.ca/data/en/dataset/1e1ad733-43b8-4d21-944f-0520d16e3cb8/resource/9044878e-4120-4601-abbf-6121fa9c8b3a,1.0,"Aug 2, 2026"
open.canada.ca/data/en/dataset/e037b4dd-4c13-4cc2-b8c4-0262083dbbd0/resource/1716d4c1-3450-4628-8b51-e11d245a99d7,1.0,"Aug 2, 2026"
open.canada.ca/data/en/dataset/fa349b87-f7af-1b65-2aa3-f1dffa7b6e3c/resource/5eb2f777-2b5a-465c-83f2-9383724e308e,1.0,"Aug 2, 2026"
open.canada.ca/data/en/dataset/353333bd-3b26-4b05-8088-ca883188b80c,1.0,"Aug 2, 2026"
open.canada.ca/data/en/dataset/460aa2e0-5a37-47cf-a858-98b4327d29de/resource/affafb5b-068e-49fe-8abe-60c345e044e4,1.0,"Aug 2, 2026"
open.canada.ca/data/en/dataset/4e615eae-b90c-420b-adee-2ca35896caf6/resource/3dad2d6c-30bd-463f-8a36-c61070433c97,1.0,"Aug 2, 2026"
open.canada.ca/data/en/dataset/06d31e10-a2a8-4d53-9ff3-567714a0a9f3/resource/adf3e432-4076-435b-88fb-46f094bc1ac4,1.0,"Aug 2, 2026"
ouvert.canada.ca/data/fr/dataset/ddff556d-dfca-4249-a6ba-91f7871e8e88/resource/3bfdeba5-1daf-4f10-8355-7125d6ce6b82,1.0,"Aug 2, 2026"
open.canada.ca/data/en/dataset/380f8da2-a18e-4747-a29f-7775450b7283,1.0,"Aug 2, 2026"
open.canada.ca/data/en/dataset/1e1ad733-43b8-4d21-944f-0520d16e3cb8/resource/1b5e9f59-8bc8-49c1-aed6-a2362616aef8,1.0,"Aug 2, 2026"
open.canada.ca/data/en/dataset/055919c2-101e-4329-bfd7-1d0c333c0e62/resource/de8a365d-6326-4013-a661-7647e5996c55,1.0,"Aug 2, 2026"
open.canada.ca/data/dataset/1a7fa21f-b2f2-4f85-b40d-231b4e6a94e7/resource/794820e5-3386-4920-bfb8-40c10f632d6d,1.0,"Aug 2, 2026"
open.canada.ca/data/en/dataset/43651f1a-14bb-4f68-91c7-34092f0a9247/resource/7470b32e-149b-4eeb-83a0-b89817cdf7ce,1.0,"Aug 2, 2026"
open.canada.ca/data/en/dataset/8ec4a9df-b76b-4a67-8f93-cdbc2e040098/resource/a1de6faa-cb68-4f47-aa57-efd46bd8f82b,1.0,"Aug 2, 2026"
open.canada.ca/data/en/dataset/6abd20d4-7a1c-4b38-baa2-9525d0bb2fd2/resource/05b804dd-11ec-4271-8d69-d6044e1a5481,1.0,"Aug 2, 2026"
open.canada.ca/data/en/dataset/c48669a3-045b-400d-b730-48aafe8c5ee6,1.0,"Aug 2, 2026"
open.canada.ca/data/en/dataset/9addf54a-7148-459f-b785-0e240414ef7f/resource/a7f7e890-1ef9-4dd8-96b2-73c7bfa54f10,1.0,"Aug 2, 2026"
open.canada.ca/data/en/dataset/a35cf382-690c-4221-a971-cf0fd189a46f/resource/64774bc1-c90a-4ae2-a3ac-d9b50673a895,1.0,"Aug 2, 2026"
ouvert.canada.ca/data/fr/dataset/7f5b2c8f-f3e8-47b2-a5b6-0f736f3613eb,1.0,"Aug 2, 2026"
open.canada.ca/data/dataset/b72f248c-2e08-4b37-9882-9360c8398bec,1.0,"Aug 2, 2026"
open.canada.ca/data/en/dataset/2b0c5ebe-c4a6-4a1d-9b4b-c850f9b5c3c4/resource/9f7adbf8-ad73-4e98-8f92-37514149e2cd,1.0,"Aug 2, 2026"
open.canada.ca/data/en/dataset/791de1ec-7fc8-48f1-a4e4-8bbaebc67080/resource/8fde8d47-0a9d-47bd-befb-77ad23f375e4,1.0,"Aug 2, 2026"
open.canada.ca/data/en/dataset/a34eb330-7136-4f5e-9f5f-3ba41df58b06/resource/fb2843fb-f5a7-4e4c-92ea-004e65313fe9,1.0,"Aug 2, 2026"
ouvert.canada.ca/data/dataset/7114187e-305c-4a79-acbb-3294ba0f53c8/resource/235a3768-2330-4f7c-a94d-e60b53319e65,1.0,"Aug 2, 2026"
open.canada.ca/data/en/dataset/330ec960-cc52-47d9-840b-d93470347ab4,1.0,"Aug 2, 2026"
open.canada.ca/data/en/dataset/6a4cbf2c-c9b7-413a-86b1-e8f7081e2578/resource/4ca0ade9-2b49-45c5-90eb-bdec0bf09fab,1.0,"Aug 2, 2026"
open.canada.ca/data/en/dataset/90fed587-1364-4f33-a9ee-208181dc0b97/resource/36d1f9d3-9906-4079-8741-c55bf539de3b,1.0,"Aug 2, 2026"
open.canada.ca/data/en/dataset/4d39c9f9-a85c-4bf2-b920-138fdd423384,1.0,"Aug 2, 2026"
open.canada.ca/data/en/dataset/913f8940-036a-45f2-a5f2-19bde76c1252/resource/d96bb679-2e2e-4d91-b620-c319a7d4fe25,1.0,"Aug 2, 2026"
open.canada.ca/data/dataset/2c53729a-2453-4633-92f3-6876a45f8bc4,1.0,"Aug 2, 2026"
ouvert.canada.ca/data/fr/dataset/96e248e8-f422-5d69-a085-cce12b04e11a/resource/062cc05b-9784-4711-8ba9-e11495a98969,1.0,"Aug 2, 2026"
open.canada.ca/data/en/dataset/0968ddc5-710e-4388-b379-184764df6f4c/resource/01984947-d750-461b-8494-de0aa2acea6d,1.0,"Aug 2, 2026"
open.canada.ca/data/en/dataset/e39ed0e9-1825-4e23-b63e-e0e91d3b71c5,1.0,"Aug 2, 2026"
open.canada.ca/data/dataset/0797e893-751e-4695-8229-a5066e4fe43c,1.0,"Aug 2, 2026"
open.canada.ca/data/en/dataset/3c981dfe-30ac-44cb-b9a3-0fb450913d1b/resource/49e89ccb-5877-46c1-817d-ef51a9d6826e,1.0,"Aug 2, 2026"
open.canada.ca/data/en/dataset/6a26841c-5771-4d98-ac6a-5af3691d8e09,1.0,"Aug 2, 2026"
open.canada.ca/data/en/dataset/1e1ad733-43b8-4d21-944f-0520d16e3cb8/resource/ab73e7a2-e97e-45b6-8b33-a329614f05ff,1.0,"Aug 2, 2026"
ouvert.canada.ca/data/fr/dataset/f9103ed8-0920-4274-ad37-2cf5b2bfa0d1/resource/8226554c-1da2-46e8-a552-0d01b15be677,1.0,"Aug 2, 2026"
ouvert.canada.ca/data/fr/dataset/f0d12b41-54dc-4784-ad2b-83dffed2ab84/resource/33a658fe-3d05-4344-af2b-f462d5c1e6b7,1.0,"Aug 2, 2026"
open.canada.ca/data/en/dataset/4d339626-98f9-49fe-aede-d64f03fa914f/resource/37149be5-bf27-46e9-ade0-0d81c39c2c07,1.0,"Aug 2, 2026"
open.canada.ca/data/dataset/dba6c78a-1bc1-4d4f-b75c-96b5b0e7fd30/resource/ed8fc241-7757-4b1f-af18-f0661000d8b5,1.0,"Aug 2, 2026"
open.canada.ca/data/en/dataset/5ad5e20c-f2bb-497d-a2a2-440eec6e10cd/resource/0f158391-c99f-463b-9b92-f2d1eb1559bd,1.0,"Aug 2, 2026"
search.open.canada.ca/data/download/0d8c6f9e-f6b7-4d19-a18e-042aa6625f53,1.0,"Aug 2, 2026"
open.canada.ca/data/en/dataset/cd163ea0-2a83-eac2-0585-09c5af298e21/resource/49d5413f-4f54-4ae3-98b1-338cecf9e8c4,1.0,"Aug 2, 2026"
open.canada.ca/data/en/dataset/adad580f-76b0-4502-bd05-20c125de9116/resource/9da94d63-b178-4a64-aeb3-b6a3bd721ad2,1.0,"Aug 2, 2026"
ouvert.canada.ca/data/fr/dataset/b27ec3ef-7338-4e76-a6fd-128339a92df5/resource/945045fa-2de0-47d4-aad2-144d69467824,1.0,"Aug 2, 2026"
open.canada.ca/data/en/dataset/8c387c19-9411-c58c-89d3-9e222ea3f50a/resource/17dbc03b-9e83-4478-be50-c760308149a5,1.0,"Aug 2, 2026"
open.canada.ca/data/en/dataset/e6951cc4-ff29-52bf-af41-a162d52b1011/resource/0866c894-d3db-4bf9-83d3-16598c99d2f5,1.0,"Aug 2, 2026"
open.canada.ca/data/en/dataset/ca243c40-a6d3-4a46-a578-b4fad4369df0/resource/ccbf3d29-3a57-4b9d-87e5-7905ccc194a5,1.0,"Aug 2, 2026"
open.canada.ca/data/en/info/791de1ec-7fc8-48f1-a4e4-8bbaebc67080,1.0,"Aug 2, 2026"
open.canada.ca/data/dataset/6e47f705-71ed-41f0-8fd5-d1a8508a3b63/resource/e6966014-6f2b-48ac-8cb3-f4d9e26f9194,1.0,"Aug 2, 2026"
open.canada.ca/data/en/dataset/cdf6ab31-fa03-479a-b6e0-f9a0c71edf91/resource/1606aca9-f21a-4a38-9128-4ffaab0bb108,1.0,"Aug 2, 2026"
open.canada.ca/data/en/dataset/bfab5876-77e5-4dbf-8693-3b0bc69428b8,1.0,"Aug 2, 2026"
open.canada.ca/data/dataset/2d90548d-50ef-4802-91f8-c59c5cf68251/resource/36830ed0-cd83-4fea-b2ae-15890116c68e,1.0,"Aug 2, 2026"
open.canada.ca/data/en/dataset/86bc05cb-b5c2-407c-aa7c-f1f3646c8baf/resource/e1a00df8-a243-446a-a8c8-051460aea30b,1.0,"Aug 2, 2026"
open.canada.ca/data/en/dataset/59700495-8526-403c-88b6-b0fa8d574297,1.0,"Aug 2, 2026"
open.canada.ca/data/en/dataset/80a96113-1f7a-4718-92df-4832cd5eb2ba/resource/c5a6c8c8-87b7-4594-902d-c45df2bc4a73,1.0,"Aug 2, 2026"
open.canada.ca/data/en/dataset/a883eb14-0c0e-45c4-b8c4-b54c4a819edb/resource/12c03de6-c3f7-4f5f-bb5c-d479f2332842,1.0,"Aug 2, 2026"
open.canada.ca/data/en/dataset/a2c4bdd0-d79c-5395-a857-2a06b4dd717c,1.0,"Aug 2, 2026"
open.canada.ca/data/en/dataset/91ed76b4-a1a2-4f87-9c4c-59cd64f7a9de/resource/52af898b-9901-4239-b130-3aa25e5b3f14,1.0,"Aug 2, 2026"
open.canada.ca/data/en/dataset/7ef1a494-b371-4f7d-acc0-6b7e8f24d497/resource/aa923d87-d769-4c13-ae23-e4a26a1ee1d1,1.0,"Aug 2, 2026"
ouvert.canada.ca/data/dataset/7114187e-305c-4a79-acbb-3294ba0f53c8/resource/82c09a39-2f70-49e8-b3f3-15637e12caaa,1.0,"Aug 2, 2026"
open.canada.ca/data/en/dataset/f2a711f9-be80-4b98-a205-8ac9e5e0d126/resource/211adf12-1213-4953-afda-846c33a10972,1.0,"Aug 2, 2026"
open.canada.ca/data/en/dataset/90fed587-1364-4f33-a9ee-208181dc0b97/resource/65794992-cce4-4103-a1f6-ec6e3d249e90,1.0,"Aug 2, 2026"
open.canada.ca/data/en/dataset/e57cc953-a96c-41df-8822-a5e456e76c35/resource/0e696721-ef82-489f-a285-9010e2e0a888,1.0,"Aug 2, 2026"
open.canada.ca/data/en/dataset/14366a8e-5f4c-48f2-bacf-78b15226ce9c,1.0,"Aug 2, 2026"
open.canada.ca/data/en/dataset/d46a91b9-727d-45d6-9e8c-e2b3b265ea5d,1.0,"Aug 2, 2026"
open.canada.ca/data/en/dataset/26b9c811-adbf-445a-95eb-941065431b44/resource/9f0bd0f6-61fb-43b9-bdcc-c79852bfc3b0,1.0,"Aug 2, 2026"
open.canada.ca/data/en/dataset/90fed587-1364-4f33-a9ee-208181dc0b97/resource/b369ae20-0c7e-4d10-93ca-07c86c91e6fe,1.0,"Aug 2, 2026"
open.canada.ca/data/en/dataset/e23241b9-36fa-4b02-968c-af7fed60ec03/resource/1511d188-6425-448f-8f43-b006595730d9,1.0,"Aug 2, 2026"
open.canada.ca/data/en/dataset/29122e72-5762-25f0-732f-c6377f11763f,1.0,"Aug 2, 2026"
open.canada.ca/data/en/dataset/c1b0f627-8c29-427c-ab73-33968ad9176e/resource/4188ce85-d83d-4855-8b49-3544b45e76ba,1.0,"Aug 2, 2026"
open.canada.ca/data/en/dataset/90fed587-1364-4f33-a9ee-208181dc0b97/resource/cff0477d-8ab1-4252-b56a-2cd96b057049,1.0,"Aug 2, 2026"
open.canada.ca/data/en/dataset/98f1a129-f628-4ce4-b24d-6f16bf24dd64/resource/8812228b-a6aa-4303-b3d0-66489225120d,1.0,"Aug 2, 2026"
open.canada.ca/data/en/dataset/f086e1f7-66f9-45dd-9dc7-bc1ee8436bc9,1.0,"Aug 2, 2026"
open.canada.ca/data/en/dataset/86c37418-0efb-4b4c-b8fe-7d54b1833055/resource/fea14753-fda8-48d9-85e8-ddc39ff62b7d,1.0,"Aug 2, 2026"
open.canada.ca/data/en/dataset/ceb1ab5a-7d7c-4491-a2f7-560c47c4e22f/resource/d02053b1-0f36-4561-9984-477297b1ef10,1.0,"Aug 2, 2026"
open.canada.ca/data/en/dataset/47caa405-be2b-4e9e-8f53-c478ade2ca74/resource/7ac98bbb-0611-4f32-8bfc-ca4234a8edd6,1.0,"Aug 2, 2026"
open.canada.ca/data/en/dataset/dfa4daf1-669e-4514-82cd-982f27707ed0/resource/bdc68e9a-9e15-40eb-b1f2-05afc48a828a,1.0,"Aug 2, 2026"
open.canada.ca/data/en/dataset/1a09c5c1-3554-4b70-9e53-6322a72ec7d4,1.0,"Aug 2, 2026"
ouvert.canada.ca/data/fr/dataset/be36f85e-e419-4978-9c34-cb5795622595/resource/55135d25-ca94-47aa-ac6e-18799bc67dda,1.0,"Aug 2, 2026"
open.canada.ca/data/en/dataset/d8f85d91-7dec-4fd1-8055-483b77225d8b/resource/7f9b18ca-f627-4852-93d5-69adeb9437d6,1.0,"Aug 2, 2026"
open.canada.ca/data/en/dataset/f0efbfba-6243-538a-ad73-56a4c629f40f/resource/2987c8d8-02d7-4fb9-9ced-f1c612c559b8,1.0,"Aug 2, 2026"
ouvert.canada.ca/data/fr/dataset/fd1c2162-bf37-5e5b-9166-6c4e89ff30f0,1.0,"Aug 2, 2026"
open.canada.ca/data/en/dataset/0fe65119-e96e-4a57-8bfe-9d9245fba06b/resource/295b734e-8ba5-4085-8035-288486598e0f,1.0,"Aug 2, 2026"
open.canada.ca/data/en/dataset/653e2bb1-dc81-5780-a4b8-b655b4846366,1.0,"Aug 2, 2026"
open.canada.ca/data/en/dataset/742b4dcb-b834-46c9-93b7-6878bb0ae295,1.0,"Aug 2, 2026"
open.canada.ca/data/en/dataset/07653869-f303-46c2-a04e-9ab479b73cbf/resource/e55822fc-12e5-430c-8359-58a72c56f8c8,1.0,"Aug 2, 2026"
ouvert.canada.ca/data/fr/dataset/92b44847-f92a-4606-bdf1-6c841f26fc7d/resource/396e82f9-bfb9-4348-b01d-52290c13d4ea,1.0,"Aug 2, 2026"
open.canada.ca/data/en/dataset/2f4117d9-41fc-44db-87d4-dbdb77f14086,1.0,"Aug 2, 2026"
open.canada.ca/data/en/dataset/593e9165-c6ce-4f9b-b519-03d315f92cd4/resource/a7ee3178-378a-4b75-b542-027ce8ab428e,1.0,"Aug 2, 2026"
open.canada.ca/data/en/dataset/360024f2-17e9-4558-bfc1-3616485d65b9/resource/bed6c44f-1cc7-47c2-9483-9b467c3c0f97,1.0,"Aug 2, 2026"
open.canada.ca/data/en/dataset/ee9bd7e8-90a5-45db-9287-85c8cf3589b6,1.0,"Aug 2, 2026"
open.canada.ca/data/en/dataset/cdf6ab31-fa03-479a-b6e0-f9a0c71edf91/resource/c9b86175-e9cd-4c2c-a903-001040d64b7f,1.0,"Aug 2, 2026"
open.canada.ca/data/en/dataset/b3a1d603-19ca-466c-ae95-b5185e56addf,1.0,"Aug 2, 2026"
open.canada.ca/data/en/dataset/8a6f6de3-b385-4544-8e5a-52d5aa5bc0cc,1.0,"Aug 2, 2026"
open.canada.ca/data/en/dataset/90fed587-1364-4f33-a9ee-208181dc0b97/resource/dc061c7d-5d56-450d-8060-4bfc0ed6f0b3,1.0,"Aug 2, 2026"
open.canada.ca/openmap/en.html,1.0,"Aug 2, 2026"
open.canada.ca/data/en/dataset/8f1749a5-ac67-467a-9c01-752b375127c3/resource/384cd0c5-9d00-41e9-bcdc-7e480e09f823,1.0,"Aug 2, 2026"
open.canada.ca/data/en/dataset/360024f2-17e9-4558-bfc1-3616485d65b9/resource/f1a9f9bd-c313-41f8-8e35-bd9f948cc40f,1.0,"Aug 2, 2026"
open.canada.ca/data/en/dataset/000fe5aa-1d77-42d1-bfe7-458c51dacfef,1.0,"Aug 2, 2026"
open.canada.ca/data/en/dataset/1c795c9f-ab00-4234-8bf2-0b7d447d8dd6/resource/e81ace9f-cd51-4ac2-87e9-72f7c99c3839,1.0,"Aug 2, 2026"
open.canada.ca/data/dataset/9150ad66-73f7-444f-a67c-4be5cf676453,1.0,"Aug 2, 2026"
open.canada.ca/data/en/dataset/2f7fce2e-e012-54d5-aef2-00a4562920fd,1.0,"Aug 2, 2026"
open.canada.ca/data/en/dataset/4dab5b98-b97b-7ba7-9c23-b3eaf8e8d762/resource/85543f4c-607a-4039-b6a0-b10e44576c8a,1.0,"Aug 2, 2026"
open.canada.ca/data/en/dataset/618f4b84-8020-5943-9669-251eec77e3a8/resource/f09a91d3-7003-475f-9b31-4d8b03cfb3d8,1.0,"Aug 2, 2026"
open.canada.ca/data/en/dataset/f8d1c621-f784-4380-994c-97c4369bb17f,1.0,"Aug 2, 2026"
open.canada.ca/data/dataset/90fed587-1364-4f33-a9ee-208181dc0b97/resource/4ee7a4e0-ffc3-47af-94e7-30929d1eeb67,1.0,"Aug 2, 2026"
open.canada.ca/data/en/dataset/a883eb14-0c0e-45c4-b8c4-b54c4a819edb,1.0,"Aug 2, 2026"
open.canada.ca/data/en/dataset/791de1ec-7fc8-48f1-a4e4-8bbaebc67080/resource/0078679e-6e99-4cee-b1a6-0980991d9783,1.0,"Aug 2, 2026"
open.canada.ca/data/en/dataset/1a7fa21f-b2f2-4f85-b40d-231b4e6a94e7/resource/794820e5-3386-4920-bfb8-40c10f632d6d,1.0,"Aug 2, 2026"
open.canada.ca/data/en/dataset/5ad5e20c-f2bb-497d-a2a2-440eec6e10cd/resource/710ba2a6-d7e4-4151-98d3-c1560a7e9a34,1.0,"Aug 2, 2026"
open.canada.ca/data/en/dataset/d22354e8-cb01-5262-aed5-1de48d1ffb0a/resource/748cedf8-b0bc-4424-9afc-94dc86571f7f,1.0,"Aug 2, 2026"
open.canada.ca/data/en/dataset/d4a716f5-a2fc-4c3c-88ed-451fe05900e4,1.0,"Aug 2, 2026"
open.canada.ca/data/en/dataset/904d1050-b7ff-4f41-a1bb-50b450e962a8,1.0,"Aug 2, 2026"
open.canada.ca/data/en/dataset/6ee4deae-7d63-420c-8baa-9cc80ad6fb23,1.0,"Aug 2, 2026"
open.canada.ca/data/en/dataset/a0bd9999-600e-48ad-a186-310dfe135b28/resource/371681b4-1835-4e1e-8dd4-11c97d465835,1.0,"Aug 2, 2026"
ouvert.canada.ca/data/fr/dataset/0f1bd9e5-5b67-553a-9598-23cc2004b804,1.0,"Aug 2, 2026"
ouvert.canada.ca/data/fr/dataset/d91f289c-8d34-4025-9fc8-34d7e8326b8e,1.0,"Aug 2, 2026"
open.canada.ca/data/dataset/ed0a83cc-93af-59cb-8cb0-fef78bfa2d86/resource/2f3be3fe-63ae-4594-a685-a2048f073cb0,1.0,"Aug 2, 2026"
open.canada.ca/data/en/dataset/873cfcb0-1c9b-4a48-a366-076697069bb9/resource/1aed64b3-a376-48d7-91de-9f1304235eae,1.0,"Aug 2, 2026"
open.canada.ca/data/en/dataset/1c949987-310c-4bd8-adaa-a9268332e4c0/resource/aa8a57d9-38ec-4082-b87f-c6ba53d0726f,1.0,"Aug 2, 2026"
open.canada.ca/data/en/dataset/29122e72-5762-25f0-732f-c6377f11763f/resource/bdab5c93-0dac-4fb2-94c8-615d4181e7ea,1.0,"Aug 2, 2026"
open.canada.ca/data/en/dataset/3f273148-3aaf-4194-b846-04fbf524e476/resource/348ffdaf-278d-489c-92d7-c25e09ae9d15,1.0,"Aug 2, 2026"
open.canada.ca/data/en/dataset/fe945388-1dd9-4a4a-9a1e-5c552579a28c/resource/b33d2a53-504e-4d64-af05-08d1ead0ac54,1.0,"Aug 2, 2026"
open.canada.ca/data/en/dataset/38bf49b8-78fa-4480-8044-7635b252f13a/resource/8e843463-5063-451d-9c2d-47588fb2c132,1.0,"Aug 2, 2026"
ouvert.canada.ca/data/fr/dataset/eb7ca624-3b22-4a01-8541-a5c289669b60/resource/93d268db-210c-4ca6-bb37-823436e5cbb0,1.0,"Aug 2, 2026"
open.canada.ca/data/en/dataset/f7e5498e-0ad8-4417-85c9-9b8aff9b9eda/resource/1b3c140b-8d3a-49a1-859e-da338bf907c6,1.0,"Aug 2, 2026"
open.canada.ca/data/en/dataset/b27ec3ef-7338-4e76-a6fd-128339a92df5/resource/2282e8c7-f949-454d-9c34-b6a78d94b162,1.0,"Aug 2, 2026"
ouvert.canada.ca/data/fr/dataset/976bb4f8-2b63-4150-910c-1f8e094cc83a,1.0,"Aug 2, 2026"
open.canada.ca/data/en/dataset/58667412-c707-47db-a113-be0f11d8cf83/resource/6b2a7f78-d951-4cd7-98ad-41cc402b4485,1.0,"Aug 2, 2026"
open.canada.ca/data/en/dataset/98f1a129-f628-4ce4-b24d-6f16bf24dd64/resource/42495676-28b7-40f3-b0e0-3d7fe005ca56,1.0,"Aug 2, 2026"
open.canada.ca/data/en/dataset/65658050-7a80-4da3-9a09-da137c203a34,1.0,"Aug 2, 2026"
open.canada.ca/data/en/dataset/9e5bfa62-2339-445e-bf67-81657180c682/resource/14048934-dd34-443b-9aae-270d3d0683dd,1.0,"Aug 2, 2026"
open.canada.ca/data/en/dataset/6e47f705-71ed-41f0-8fd5-d1a8508a3b63,1.0,"Aug 2, 2026"
ouvert.canada.ca/data/fr/dataset/058b74e9-de96-77c5-f196-e679a3d7ea38/resource/1524b044-11b9-4f78-ac18-6e9590706d11,1.0,"Aug 2, 2026"
ouvert.canada.ca/data/dataset/18754165-1daa-42ea-8c43-fef0e8cf4598/resource/9cf46477-4431-4eb1-b361-bcab8bf7bc02,1.0,"Aug 2, 2026"
ouvert.canada.ca/data/fr/dataset/29220ec8-593e-49da-8fb3-5c10969f6c24/resource/5e0ec531-dfe4-4163-97e8-a3ec5a749fb6,1.0,"Aug 2, 2026"
open.canada.ca/data/en/dataset/0f4331e4-f927-4ec6-b6e4-58e80c134b6d/resource/0a0e2039-45f4-4272-af37-8088ec1070d9,1.0,"Aug 2, 2026"
ouvert.canada.ca/data/dataset/876f7f9a-6fe1-f229-dc3b-1029e6682c13/resource/a91b944c-8c6f-4809-b54a-2a8ef7142a53,1.0,"Aug 2, 2026"
open.canada.ca/data/en/dataset/f3b4a7c6-79b1-40ac-b23f-8daede71c655/resource/1e569f11-0e81-4f5e-8e52-88f2b105ad15,1.0,"Aug 2, 2026"
open.canada.ca/data/en/dataset/028d4791-1241-437a-9f7b-fdf08b0d6dfb,1.0,"Aug 2, 2026"
open.canada.ca/data/en/dataset/039e7efd-9a39-41a7-88bc-dcf2c40265d9/resource/f1478a78-0b4c-46db-950e-826d5d35ef0d,1.0,"Aug 2, 2026"
open.canada.ca/data/en/dataset/38bf49b8-78fa-4480-8044-7635b252f13a/resource/bea0811b-e9b9-4983-9fa7-ab7e3a8c81dd,1.0,"Aug 2, 2026"
open.canada.ca/data/en/dataset/98f1a129-f628-4ce4-b24d-6f16bf24dd64/resource/d589f2bc-9a85-4f65-be2f-20f17debfcb1,1.0,"Aug 2, 2026"
open.canada.ca/data/en/dataset/7a5cda52-c7df-427f-9ced-26f19a8a64d6/resource/e4214872-2754-4a35-96ea-4521c8dd0b22,1.0,"Aug 2, 2026"
open.canada.ca/data/en/dataset/07fc6d4f-d197-4caa-86e5-6da30f7c1d5c,1.0,"Aug 2, 2026"
open.canada.ca/data/en/dataset/2f4117d9-41fc-44db-87d4-dbdb77f14086/resource/f475c05f-a697-41a5-8a6f-420c05610d36,1.0,"Aug 2, 2026"
open.canada.ca/data/en/dataset/91ed76b4-a1a2-4f87-9c4c-59cd64f7a9de/resource/027ee7f8-4b87-45cd-a10f-f95d3a5d4e09,1.0,"Aug 2, 2026"
open.canada.ca/data/en/dataset/c1b0f627-8c29-427c-ab73-33968ad9176e/resource/6758d9f0-d233-4bbc-a3ca-966a7bbfe720,1.0,"Aug 2, 2026"
open.canada.ca/data/en/dataset/f77dc929-5ff0-ddcc-30a0-c9773212484f,1.0,"Aug 2, 2026"
open.canada.ca/data/en/dataset/d8f85d91-7dec-4fd1-8055-483b77225d8b,1.0,"Aug 2, 2026"
open.canada.ca/data/en/dataset/1358284b-26e7-4c69-abd8-398d3da2c270/resource/cc527ad2-e297-463f-8e58-372fe746904e,1.0,"Aug 2, 2026"
open.canada.ca/data/en/dataset/f7130012-beca-4de8-a57d-50c03ca323d0,1.0,"Aug 2, 2026"
open.canada.ca/data/en/dataset/4cc207cc-ff03-44f8-8c5f-415af5224646/resource/4a3fb621-d335-4892-abe5-845391d7798e,1.0,"Aug 2, 2026"
open.canada.ca/data/en/dataset/d78d46b4-ff3f-4156-b07c-2efd5d5e1607/resource/d14d4843-8ed8-4b67-a657-b73f7ebe6ddb,1.0,"Aug 2, 2026"
open.canada.ca/data/en/dataset/a6df1938-89f2-57d5-98c5-0b86fd4afa33,1.0,"Aug 2, 2026"
open.canada.ca/data/en/dataset/1fb7d8d4-7713-4ec6-b957-4a882a84fed3/resource/e839f072-93d9-4da5-8b05-47fc70266e88,1.0,"Aug 2, 2026"
open.canada.ca/data/en/dataset/24969dcc-6618-4aa0-94d9-083e6400072a/resource/a7c242f5-0f4d-407c-874f-9a747d5c48ff,1.0,"Aug 2, 2026"
open.canada.ca/data/en/dataset/6766bc68-d087-42fc-87f8-5ab4ad6925cf/resource/9c505809-3dad-476e-83aa-5b34649aa0ee,1.0,"Aug 2, 2026"
open.canada.ca/data/en/dataset/f9cd437b-3f29-4c6b-bbc1-288a6ddf3b09/resource/b9f8917e-19b4-4921-af5b-37b6be57973b,1.0,"Aug 2, 2026"
open.canada.ca/data/en/dataset/3a261a74-c4d8-5973-b966-6866f71e7841/resource/e2b47b0d-9eb6-44c9-98bc-e2479d38887b,1.0,"Aug 2, 2026"
open.canada.ca/data/en/dataset/beee0771-dab9-4be8-9b80-f8e8b3fdfd9d,1.0,"Aug 2, 2026"
open.canada.ca/data/en/dataset/b6567c5c-8339-4055-99fa-63f92114d9e4,1.0,"Aug 2, 2026"
open.canada.ca/data/en/dataset/ca15d496-55d4-4214-a2d0-8f88dbb2b9e8/resource/df8ec741-5a12-4a2d-9776-e7c2d95ae35e,1.0,"Aug 2, 2026"
open.canada.ca/data/en/dataset/e10b0d6e-04ac-4014-a64a-666c3874bbe0,1.0,"Aug 2, 2026"
open.canada.ca/data/en/dataset/9b34e712-513f-44e9-babf-9df4f7256550/resource/fdc69618-dd90-4f38-b040-3046ee6657db,1.0,"Aug 2, 2026"
open.canada.ca/data/en/dataset/40544b3a-4821-55cf-95c5-ff056f1ade05/resource/507f9ab9-561e-4d97-8e46-6a8d6fa19d4f,1.0,"Aug 2, 2026"
ouvert.canada.ca/data/fr/dataset/65658050-7a80-4da3-9a09-da137c203a34,1.0,"Aug 2, 2026"
open.canada.ca/data/en/dataset/4cc207cc-ff03-44f8-8c5f-415af5224646,1.0,"Aug 2, 2026"
ouvert.canada.ca/data/fr/dataset/dfa4daf1-669e-4514-82cd-982f27707ed0/resource/5d87eeb6-5305-4a0e-bc1d-fdf96e691749,1.0,"Aug 2, 2026"
open.canada.ca/data/en/dataset/e8745429-21e7-4a73-b3f5-90a779b78d1e/resource/b7d3ebe5-c771-4efe-acec-89ab7782d669,1.0,"Aug 2, 2026"
open.canada.ca/data/en/dataset/c7cbdd4e-4975-53b0-83c2-e2fda2ac69ee,1.0,"Aug 2, 2026"
open.canada.ca/data/en/dataset/07fc6d4f-d197-4caa-86e5-6da30f7c1d5c/resource/c6c2b17b-bb10-420e-90c3-e978b3bc771f,1.0,"Aug 2, 2026"
open.canada.ca/data/en/dataset/360024f2-17e9-4558-bfc1-3616485d65b9/resource/4bb3bcb3-7466-40b7-8e00-ac80f8f640a0,1.0,"Aug 2, 2026"
open.canada.ca/data/en/dataset/f358a53b-ffde-4830-a325-a5a03ff672c3/resource/0e605c64-3ad1-4a8e-902a-203158db20b6,1.0,"Aug 2, 2026"
open.canada.ca/data/en/dataset/eba4f740-e188-4524-b01e-dfb96624acf3/resource/af8ac0e1-4a47-4c8c-9b79-495c5b66720c,1.0,"Aug 2, 2026"
open.canada.ca/data/en/dataset/2462d66b-c622-4fbb-bb1d-d9f1ad6f87e5,1.0,"Aug 2, 2026"
open.canada.ca/data/en/dataset/757bb61a-a5c5-4f38-947b-0130355a7917/resource/ce076e34-e3c4-45bc-b426-45833ef83abc,1.0,"Aug 2, 2026"
open.canada.ca/data/en/dataset/ca69f450-e24e-4666-aa61-be5d63fd0348/resource/202781d4-6592-46dc-9738-c9bf5967a23a,1.0,"Aug 2, 2026"
