day,Downloads,dataset_id,resource_id,Dataset_creation,Resource_creation,Resource_modification,dataset_title,titre_du_jeu_de_donnees,resource_title,titre_du_ressource,institution_EN,institution_FR
"Aug 3, 2026",1.0,000183ed-8864-42f0-ae43-c4313a860720,No resource,2019-06-07,2019-06-07,2026-02-27,"Principal Mineral Areas, Producing Mines, and Oil and Gas Fields (900A)","Principales régions minières, principales mines productrices, principaux champs de pétrole et de gaz (900A)",No resources covered,Aucune ressource couverte,Natural Resources Canada , Ressources naturelles Canada
"Aug 1, 2026",1.0,000fe5aa-1d77-42d1-bfe7-458c51dacfef,No resource,2016-09-23,2016-09-23,2025-12-18,Historical Border Wait Times – Land Mode,Historique du temps d’attente à la frontière – Mode terrestre,No resources covered,Aucune ressource couverte,Canada Border Services Agency , Agence des services frontaliers du Canada
"Aug 2, 2026",1.0,000fe5aa-1d77-42d1-bfe7-458c51dacfef,No resource,2016-09-23,2016-09-23,2025-12-18,Historical Border Wait Times – Land Mode,Historique du temps d’attente à la frontière – Mode terrestre,No resources covered,Aucune ressource couverte,Canada Border Services Agency , Agence des services frontaliers du Canada
"Aug 2, 2026",1.0,00124591-6db4-49dc-ae48-0e9aa1301eab,0560fb9f-da42-498d-8e7b-4e71b9225ee5,2025-09-17,2026-05-20,2026-05-20,"Lithofacies and lithostratigraphic correlation potential of the Rapitan iron formation, Snake River area (NTS 106F), Yukon","Lithofaciès et potentiel de corrélation lithostratigraphique de la formation de fer de Rapitan, région de Snake River (NTS 106F), Yukon",Paper,Papier,Government of Yukon , Gouvernement du Yukon
"Aug 1, 2026",2.0,0032ce54-c5dd-4b66-99a0-320a7b5e99f2,7b6dd154-aa04-46ce-8880-ce4a5fa0a680,2016-09-23,2026-05-07,2026-08-03,Federal Corporations,Sociétés de régime fédéral,Active business corporations,Sociétés par actions actives,"Innovation, Science and Economic Development Canada "," Innovation, Sciences et Développement économique Canada"
"Aug 2, 2026",1.0,0032ce54-c5dd-4b66-99a0-320a7b5e99f2,7b6dd154-aa04-46ce-8880-ce4a5fa0a680,2016-09-23,2026-05-07,2026-08-03,Federal Corporations,Sociétés de régime fédéral,Active business corporations,Sociétés par actions actives,"Innovation, Science and Economic Development Canada "," Innovation, Sciences et Développement économique Canada"
"Aug 3, 2026",1.0,0032ce54-c5dd-4b66-99a0-320a7b5e99f2,7b6dd154-aa04-46ce-8880-ce4a5fa0a680,2016-09-23,2026-05-07,2026-08-03,Federal Corporations,Sociétés de régime fédéral,Active business corporations,Sociétés par actions actives,"Innovation, Science and Economic Development Canada "," Innovation, Sciences et Développement économique Canada"
"Aug 3, 2026",1.0,0032ce54-c5dd-4b66-99a0-320a7b5e99f2,95b36c01-e21b-4a8a-8bdf-0c128928dc27,2016-09-23,2026-05-07,2026-08-03,Federal Corporations,Sociétés de régime fédéral,Inactive business corporations,Sociétés par actions inactives,"Innovation, Science and Economic Development Canada "," Innovation, Sciences et Développement économique Canada"
"Aug 1, 2026",3.0,0032ce54-c5dd-4b66-99a0-320a7b5e99f2,No resource,2016-09-23,2016-09-23,2026-08-03,Federal Corporations,Sociétés de régime fédéral,No resources covered,Aucune ressource couverte,"Innovation, Science and Economic Development Canada "," Innovation, Sciences et Développement économique Canada"
"Aug 2, 2026",4.0,0032ce54-c5dd-4b66-99a0-320a7b5e99f2,No resource,2016-09-23,2016-09-23,2026-08-03,Federal Corporations,Sociétés de régime fédéral,No resources covered,Aucune ressource couverte,"Innovation, Science and Economic Development Canada "," Innovation, Sciences et Développement économique Canada"
"Aug 3, 2026",6.0,0032ce54-c5dd-4b66-99a0-320a7b5e99f2,No resource,2016-09-23,2016-09-23,2026-08-03,Federal Corporations,Sociétés de régime fédéral,No resources covered,Aucune ressource couverte,"Innovation, Science and Economic Development Canada "," Innovation, Sciences et Développement économique Canada"
"Aug 3, 2026",1.0,0032ce54-c5dd-4b66-99a0-320a7b5e99f2,e9f89fec-428d-4a30-a9e8-fc8e42d91bf6,2016-09-23,2026-05-07,2026-08-03,Federal Corporations,Sociétés de régime fédéral,Other inactive corporations,Autres sociétés inactives,"Innovation, Science and Economic Development Canada "," Innovation, Sciences et Développement économique Canada"
"Aug 3, 2026",1.0,0032ce54-c5dd-4b66-99a0-320a7b5e99f2,eb1a8f01-b85b-4190-9aa7-65dde7c623b9,2016-09-23,2026-05-07,2026-08-03,Federal Corporations,Sociétés de régime fédéral,Other active corporations,Autres sociétés actives,"Innovation, Science and Economic Development Canada "," Innovation, Sciences et Développement économique Canada"
"Aug 1, 2026",1.0,009f9a49-c2d9-4d29-a6d4-1a228da335ce,8282db2a-878f-475c-af10-ad56aa8fa72c,2017-02-20,2017-02-20,2026-08-03,Proactive Disclosure - Travel Expenses,Divulgation des frais de voyage,Proactive Disclosure - Travel Expenses,Divulgation des frais de voyage ,Treasury Board of Canada Secretariat , Secrétariat du Conseil du Trésor du Canada
"Aug 3, 2026",1.0,009f9a49-c2d9-4d29-a6d4-1a228da335ce,8282db2a-878f-475c-af10-ad56aa8fa72c,2017-02-20,2017-02-20,2026-08-03,Proactive Disclosure - Travel Expenses,Divulgation des frais de voyage,Proactive Disclosure - Travel Expenses,Divulgation des frais de voyage ,Treasury Board of Canada Secretariat , Secrétariat du Conseil du Trésor du Canada
"Aug 1, 2026",1.0,009f9a49-c2d9-4d29-a6d4-1a228da335ce,No resource,2017-02-20,2017-02-20,2026-08-03,Proactive Disclosure - Travel Expenses,Divulgation des frais de voyage,No resources covered,Aucune ressource couverte,Treasury Board of Canada Secretariat , Secrétariat du Conseil du Trésor du Canada
"Aug 3, 2026",2.0,009f9a49-c2d9-4d29-a6d4-1a228da335ce,No resource,2017-02-20,2017-02-20,2026-08-03,Proactive Disclosure - Travel Expenses,Divulgation des frais de voyage,No resources covered,Aucune ressource couverte,Treasury Board of Canada Secretariat , Secrétariat du Conseil du Trésor du Canada
"Aug 1, 2026",1.0,00a331db-121b-445d-b119-35dbbe3eedd9,No resource,2016-09-23,2016-09-23,2026-06-18,National Broadband Data,Données nationales de large bande,No resources covered,Aucune ressource couverte,"Innovation, Science and Economic Development Canada "," Innovation, Sciences et Développement économique Canada"
"Aug 3, 2026",1.0,00a331db-121b-445d-b119-35dbbe3eedd9,No resource,2016-09-23,2016-09-23,2026-06-18,National Broadband Data,Données nationales de large bande,No resources covered,Aucune ressource couverte,"Innovation, Science and Economic Development Canada "," Innovation, Sciences et Développement économique Canada"
"Aug 1, 2026",1.0,023ef1fd-878e-425d-a369-15c3e27a67f9,14a3a5f3-97c6-4a13-b4fc-5fa261aca49c,2020-11-27,2026-06-19,2026-06-19,GO Train stations,Gares ferroviaires du réseau GO Transit,GO Train stations,Gares GO,Government of Ontario , Gouvernement de l'Ontario
"Aug 1, 2026",1.0,023ef1fd-878e-425d-a369-15c3e27a67f9,2ae4b787-1470-415b-bb67-3e3eef1686fe,2020-11-27,2026-06-19,2026-06-19,GO Train stations,Gares ferroviaires du réseau GO Transit,GO Train stations,Gares GO,Government of Ontario , Gouvernement de l'Ontario
"Aug 1, 2026",1.0,023ef1fd-878e-425d-a369-15c3e27a67f9,503ef587-1fe5-40eb-9426-bda35b7e3167,2020-11-27,2026-06-19,2026-06-19,GO Train stations,Gares ferroviaires du réseau GO Transit,https://files.ontario.ca/opendata/go train stations xslttransf.zip,https://files.ontario.ca/opendata/go_train_stations_xslttransf.zip,Government of Ontario , Gouvernement de l'Ontario
"Aug 1, 2026",4.0,02401edc-c484-462b-a6f0-b33024d66e9f,No resource,2016-12-19,2016-12-19,2024-12-16,"Field data for the mapping of the Boucherville Islands sector’s wetlands (St. Lawrence River), 2012","Données de terrain pour la cartographie des milieux humides du secteur des îles de Boucherville (fleuve Saint-Laurent), 2012",No resources covered,Aucune ressource couverte,Environment and Climate Change Canada , Environnement et Changement climatique Canada
"Aug 2, 2026",1.0,028d4791-1241-437a-9f7b-fdf08b0d6dfb,No resource,2020-06-05,2020-06-05,2026-01-28,Wildlife Management Units,Unités de gestion de la faune,No resources covered,Aucune ressource couverte,Government of British Columbia , Gouvernment de la Colombie-Britannique
"Aug 2, 2026",2.0,028d4791-1241-437a-9f7b-fdf08b0d6dfb,ff4af5f4-6f5c-4196-bd28-34b9731793ae,2020-06-05,2026-01-28,2026-01-28,Wildlife Management Units,Unités de gestion de la faune,WAA_WILDLIFE_MGMT_UNITS_SVW,WAA_WILDLIFE_MGMT_UNITS_SVW,Government of British Columbia , Gouvernment de la Colombie-Britannique
"Aug 3, 2026",1.0,02986ea0-3ab7-4a13-b391-209e535726d9,No resource,2016-09-24,2016-09-24,2026-04-11,"Contractual Obligations (information from Transfer Payment Agreements, Capital Assets, Purchases and Operating Leases), as reported in the Public  Accounts of Canada","Obligations contractuelles (informations sur les accords de paiements de transfert, immobilisations, achats et contrats de location-exploitation), telles que rapportées dans les Comptes publics du Canada",No resources covered,Aucune ressource couverte,Public Services and Procurement Canada , Services publics et Approvisionnement Canada
"Aug 3, 2026",1.0,02bdd89e-fe1e-49b0-abb5-011cbf24ac27,3fdbacd2-7d58-4f7c-9b36-01d4462f12d7,2020-09-14,2026-07-29,2026-07-29,CPTAQ decisions,Décisions de la CPTAQ,Raw file to download,Fichier brut à télécharger,Government and Municipalities of Québec , Gouvernement et municipalités du Québec
"Aug 3, 2026",2.0,02dd45fb-0ec6-45ed-bb63-bf331a74649a,No resource,2020-09-14,2020-09-14,2026-05-27,Urban perimeter,Périmètre urbain,No resources covered,Aucune ressource couverte,Government and Municipalities of Québec , Gouvernement et municipalités du Québec
"Aug 3, 2026",1.0,02e85d01-ee78-4c4b-9d8f-56b61b8142ce,eb2f4bdb-137d-493a-a790-ec5d00d546db,2025-06-04,2025-06-04,2025-12-02,Heating and Air-Conditioning Equipment,Systèmes de chauffage et de climatisation,"Air Conditioners (portable) 8.80 - Manufactured on or after January 10, 2025","Climatiseurs (portatifs) 8,80 - Fabriqué le 10 janvier 2025 ou après cette date",Natural Resources Canada , Ressources naturelles Canada
"Aug 3, 2026",1.0,03652383-bed9-4170-9a7a-0bdc218ea2bb,No resource,2023-05-08,2023-05-08,2026-07-23,"Number, percentage and rate of homicide victims, by gender and Indigenous identity","Nombre, pourcentage et taux de victimes d'homicide, selon le genre et l'identité autochtone",No resources covered,Aucune ressource couverte,Statistics Canada , Statistique Canada
"Aug 2, 2026",1.0,039e7efd-9a39-41a7-88bc-dcf2c40265d9,df12123c-ab75-4c0b-ba37-cec77061abaa,2025-01-15,2026-07-29,2026-07-29,Portrait of forest cover in Quebec,Portrait du couvert forestier du Québec,READ ME,LISEZ-MOI,Government and Municipalities of Québec , Gouvernement et municipalités du Québec
"Aug 2, 2026",1.0,039e7efd-9a39-41a7-88bc-dcf2c40265d9,f09f13f5-26bf-4a63-ad39-b28477152006,2025-01-15,2026-07-29,2026-07-29,Portrait of forest cover in Quebec,Portrait du couvert forestier du Québec,🔗 Download links (👁️ Overview of administrative regions),🔗Liens de téléchargement (👁️ Aperçu des régions administratives ),Government and Municipalities of Québec , Gouvernement et municipalités du Québec
"Aug 2, 2026",1.0,039e7efd-9a39-41a7-88bc-dcf2c40265d9,f1478a78-0b4c-46db-950e-826d5d35ef0d,2025-01-15,2026-07-29,2026-07-29,Portrait of forest cover in Quebec,Portrait du couvert forestier du Québec,Provincial forest cover,Couvert forestier provincial,Government and Municipalities of Québec , Gouvernement et municipalités du Québec
"Aug 1, 2026",1.0,03ccfb5c-a06e-43e3-80fd-09d4f8f69703,No resource,2022-04-14,2022-04-14,2024-02-20,"Temporal Series of the National Air Photo Library (NAPL) - Regina, Saskatchewan (1947-1967)","Série temporelle de la photothèque nationale de l'air (PNA) - Regina, Saskatchewan (1947-1967)",No resources covered,Aucune ressource couverte,Natural Resources Canada , Ressources naturelles Canada
"Aug 3, 2026",2.0,0490749d-b0b0-410a-9577-a903c6cec2be,e1f43209-3441-4f94-8449-dbbfa34d8585,2022-10-18,2022-10-18,2024-11-20,Simulated composite diets,Simulation de régimes alimentaire à base de composites,Methodology - Simulated Composite Diets,Méthodologie - Simulation de régimes alimentaires,Health Canada , Santé Canada
"Aug 1, 2026",1.0,04bb62a9-bd7a-4f2d-bb42-a27c620b1f68,No resource,2021-01-27,2021-01-27,2026-06-17,Death registrations in Ontario (by residence),Enregistrement des décès en Ontario (par résidence),No resources covered,Aucune ressource couverte,Government of Ontario , Gouvernement de l'Ontario
"Aug 3, 2026",1.0,04dbdd30-8c00-9b8d-f5f5-156c242a0b14,512192a2-d2a3-4414-a7c5-903674e4adc7,2021-04-20,2026-01-28,2026-01-28,Local Service Districts,Districts de services locaux,Local Service Districts (CSV Excel),Districts de services locaux (CSV Excel),Government of New Brunswick , Gouvernement du Nouveau-Brunswick
"Aug 3, 2026",1.0,04dbdd30-8c00-9b8d-f5f5-156c242a0b14,No resource,2021-04-20,2021-04-20,2026-01-28,Local Service Districts,Districts de services locaux,No resources covered,Aucune ressource couverte,Government of New Brunswick , Gouvernement du Nouveau-Brunswick
"Aug 3, 2026",1.0,04dbdd30-8c00-9b8d-f5f5-156c242a0b14,ac859543-c4e9-4679-817a-39047a51d0c7,2021-04-20,2026-01-28,2026-01-28,Local Service Districts,Districts de services locaux,Local Service Districts (CSV),Districts de services locaux (CSV),Government of New Brunswick , Gouvernement du Nouveau-Brunswick
"Aug 1, 2026",2.0,04e19eaa-1e18-428e-9118-7ba11e85bf1b,1138584a-4477-4f8e-8d83-8da9bdbccb35,2020-09-14,2026-05-27,2026-05-27,Aggregates,Granulats,Sand and Gravel Sites - Geographic Datasets,Sites de sable et gravier - Jeux de données géographiques,Government and Municipalities of Québec , Gouvernement et municipalités du Québec
"Aug 1, 2026",2.0,04f5b200-bab1-4ecf-bd1a-0cd2f55cb34d,No resource,2022-08-11,2022-08-11,2024-07-29,Federal Whales Initiative – Freshwater and sediment data (Pacific Region),Initiative fédérale sur les baleines – Données sur l'eau douce et les sédiments (région du Pacifique),No resources covered,Aucune ressource couverte,Environment and Climate Change Canada , Environnement et Changement climatique Canada
"Aug 3, 2026",2.0,055919c2-101e-4329-bfd7-1d0c333c0e62,2a1880f4-5580-439c-8914-7d3be02dec28,2017-03-29,2021-11-24,2021-11-24,Indexes of the National Topographic System of Canada,Index du système national de référence cartographique du Canada,Pre-packaged KML files,Fichiers KML pré-emballés,Natural Resources Canada , Ressources naturelles Canada
"Aug 3, 2026",3.0,055919c2-101e-4329-bfd7-1d0c333c0e62,No resource,2017-03-29,2017-03-29,2021-11-24,Indexes of the National Topographic System of Canada,Index du système national de référence cartographique du Canada,No resources covered,Aucune ressource couverte,Natural Resources Canada , Ressources naturelles Canada
"Aug 2, 2026",1.0,055919c2-101e-4329-bfd7-1d0c333c0e62,de8a365d-6326-4013-a661-7647e5996c55,2017-03-29,2021-11-24,2021-11-24,Indexes of the National Topographic System of Canada,Index du système national de référence cartographique du Canada,Pre-packaged SHAPE files,Fichiers SHAPE pré-emballés,Natural Resources Canada , Ressources naturelles Canada
"Aug 3, 2026",2.0,055919c2-101e-4329-bfd7-1d0c333c0e62,de8a365d-6326-4013-a661-7647e5996c55,2017-03-29,2021-11-24,2021-11-24,Indexes of the National Topographic System of Canada,Index du système national de référence cartographique du Canada,Pre-packaged SHAPE files,Fichiers SHAPE pré-emballés,Natural Resources Canada , Ressources naturelles Canada
"Aug 2, 2026",1.0,058b74e9-de96-77c5-f196-e679a3d7ea38,1524b044-11b9-4f78-ac18-6e9590706d11,2021-04-20,2026-02-18,2026-02-18,Mineral Occurrence,Base de données des venues minérales,Mineral Occurrence (CSV),Base de données des venues minérales (CSV),Government of New Brunswick , Gouvernement du Nouveau-Brunswick
"Aug 3, 2026",1.0,05a9e718-6810-4e73-8bb9-5955efeb91a0,62912bac-ced1-4d8c-8892-936b358f9721,2021-06-30,2026-05-27,2026-05-27,Food inspections and offenders,Inspections des aliments et contrevenants,Offenders,Contrevenants,Government and Municipalities of Québec , Gouvernement et municipalités du Québec
"Aug 1, 2026",3.0,05a9e718-6810-4e73-8bb9-5955efeb91a0,No resource,2021-06-30,2021-06-30,2026-05-27,Food inspections and offenders,Inspections des aliments et contrevenants,No resources covered,Aucune ressource couverte,Government and Municipalities of Québec , Gouvernement et municipalités du Québec
"Aug 1, 2026",1.0,05b3abd0-e70f-4b3b-a9c5-acc436bd15b6,798a4a5f-f1ac-41a1-82d7-ef777f905bfe,2025-07-29,2025-07-29,2026-05-28,2023 List of charities,Liste des organismes de bienfaisance 2023,Charities Businesses Directors/Officers,Directeurs/Officiers  ,Canada Revenue Agency , Agence du revenu du Canada
"Aug 1, 2026",1.0,05b3abd0-e70f-4b3b-a9c5-acc436bd15b6,b02f94b3-6555-4315-96ab-2658f61290c5,2025-07-29,2025-07-29,2026-05-28,2023 List of charities,Liste des organismes de bienfaisance 2023,Charitable Programs,Programmes de bienfaisance,Canada Revenue Agency , Agence du revenu du Canada
"Aug 3, 2026",1.0,06022cc0-a31e-4b4c-850d-d4dccda5f3ac,805eb061-0a74-4811-81a9-7a38ed293221,2016-09-24,2026-05-01,2026-05-01,Database – all data for all years,Base de données – Toutes les données pour toutes les années,NPRI-INRP_DatabaseBaseDeDonnées_1993-present,NPRI-INRP_DatabaseBaseDeDonnees_1993-présent,Environment and Climate Change Canada , Environnement et Changement climatique Canada
"Aug 1, 2026",1.0,06022cc0-a31e-4b4c-850d-d4dccda5f3ac,No resource,2016-09-24,2016-09-24,2026-05-01,Database – all data for all years,Base de données – Toutes les données pour toutes les années,No resources covered,Aucune ressource couverte,Environment and Climate Change Canada , Environnement et Changement climatique Canada
"Aug 3, 2026",2.0,06022cc0-a31e-4b4c-850d-d4dccda5f3ac,No resource,2016-09-24,2016-09-24,2026-05-01,Database – all data for all years,Base de données – Toutes les données pour toutes les années,No resources covered,Aucune ressource couverte,Environment and Climate Change Canada , Environnement et Changement climatique Canada
"Aug 1, 2026",4.0,061c8cb7-ca4e-45be-a990-61fce7e7d2dc,22cb51ed-3d28-4ae9-bac0-1fb6e4e91980,2022-08-10,2026-05-27,2026-05-27,Quebec property assessment rolls,Rôles d'évaluation foncière du Québec,Index of 2026 property assessment rolls by municipality,Index des rôles d'évaluation foncière 2026 par municipalité,Government and Municipalities of Québec , Gouvernement et municipalités du Québec
"Aug 2, 2026",1.0,061c8cb7-ca4e-45be-a990-61fce7e7d2dc,3db007c4-814e-41e3-ba34-384eab9203f9,2022-08-10,2026-05-27,2026-05-27,Quebec property assessment rolls,Rôles d'évaluation foncière du Québec,Index of 2025 property assessment rolls by municipality,Index des rôles d'évaluation foncière 2025 par municipalité,Government and Municipalities of Québec , Gouvernement et municipalités du Québec
"Aug 1, 2026",2.0,061c8cb7-ca4e-45be-a990-61fce7e7d2dc,No resource,2022-08-10,2022-08-10,2026-05-27,Quebec property assessment rolls,Rôles d'évaluation foncière du Québec,No resources covered,Aucune ressource couverte,Government and Municipalities of Québec , Gouvernement et municipalités du Québec
"Aug 3, 2026",1.0,061c8cb7-ca4e-45be-a990-61fce7e7d2dc,No resource,2022-08-10,2022-08-10,2026-05-27,Quebec property assessment rolls,Rôles d'évaluation foncière du Québec,No resources covered,Aucune ressource couverte,Government and Municipalities of Québec , Gouvernement et municipalités du Québec
"Aug 3, 2026",1.0,061ee9d1-a04a-4590-a381-df8527390f68,No resource,2024-04-18,2024-04-18,2025-03-05,"GC HR and Pay - Algorithmic Impact Assessment (AIA), Leveraging Artificial Intelligence (AI) for backlog reduction: AI assistant prototype","RH et paye du GC - L’évaluation de l’incidence algorithmique,  Tirer parti de l’intelligence artificielle (IA) pour réduire les retards : prototype d’assistant IA",No resources covered,Aucune ressource couverte,Public Services and Procurement Canada , Services publics et Approvisionnement Canada
"Aug 2, 2026",1.0,065439a9-c194-4259-9c95-245a852be4a1,No resource,2022-09-09,2022-09-09,2024-12-09,44th General Election: Official Voting Results,44e élection générale : Résultats officiels du scrutin,No resources covered,Aucune ressource couverte,Elections Canada , Élections Canada
"Aug 3, 2026",1.0,0672060b-dae7-49b0-ac2f-bc2b6c45c3b8,36b425fc-1e84-4cc9-a412-97b503ee61b8,2025-02-26,2026-04-17,2026-04-17,"Housing Starts, Urban Areas and Communities","Translation of Housing Starts, Urban Areas and Communities","Housing Starts, Urban Areas and Communities (CSV)","Translation of Housing Starts, Urban Areas and Communities (CSV)",Government of British Columbia , Gouvernment de la Colombie-Britannique
"Aug 2, 2026",1.0,06d31e10-a2a8-4d53-9ff3-567714a0a9f3,No resource,2019-06-12,2019-06-12,2026-03-29,Canadian Charter of Rights and Freedoms in various languages,Charte canadienne des droits et libertés en différentes langues,No resources covered,Aucune ressource couverte,Canadian Heritage , Patrimoine canadien
"Aug 3, 2026",1.0,06d31e10-a2a8-4d53-9ff3-567714a0a9f3,No resource,2019-06-12,2019-06-12,2026-03-29,Canadian Charter of Rights and Freedoms in various languages,Charte canadienne des droits et libertés en différentes langues,No resources covered,Aucune ressource couverte,Canadian Heritage , Patrimoine canadien
"Aug 2, 2026",1.0,06d31e10-a2a8-4d53-9ff3-567714a0a9f3,a42d8d12-aab3-479f-938f-22ba99cec314,2019-06-12,2019-06-12,2024-11-21,Canadian Charter of Rights and Freedoms in various languages,Charte canadienne des droits et libertés en différentes langues,Canadian Charter of Rights and Freedoms – Punjabi version (certificate format),Charte canadienne des droits et libertés – version pendjabi (format certificat),Canadian Heritage , Patrimoine canadien
"Aug 2, 2026",1.0,06d31e10-a2a8-4d53-9ff3-567714a0a9f3,adf3e432-4076-435b-88fb-46f094bc1ac4,2019-06-12,2019-06-12,2024-11-21,Canadian Charter of Rights and Freedoms in various languages,Charte canadienne des droits et libertés en différentes langues,Canadian Charter of Rights and Freedoms – English version (certificate format),Charte canadienne des droits et libertés – version anglaise (format certificat),Canadian Heritage , Patrimoine canadien
"Aug 3, 2026",1.0,06d31e10-a2a8-4d53-9ff3-567714a0a9f3,b7a79ce1-f99e-442a-b628-94437e6022bb,2019-06-12,2019-12-03,2026-03-26,Canadian Charter of Rights and Freedoms in various languages,Charte canadienne des droits et libertés en différentes langues,Canadian Charter of Rights and Freedoms – Farsi version (text only),Charte canadienne des droits et libertés – version farsi (texte seulement),Canadian Heritage , Patrimoine canadien
"Aug 2, 2026",1.0,0715efb0-4fd2-426f-9e37-ed474c76947a,No resource,2023-10-10,2023-10-10,2023-10-10,Population and dwelling counts: Canada and census subdivisions (municipalities),Chiffres de population et des logements : Canada et subdivisions de recensement (municipalités),No resources covered,Aucune ressource couverte,Statistics Canada , Statistique Canada
"Aug 2, 2026",1.0,07653869-f303-46c2-a04e-9ab479b73cbf,e55822fc-12e5-430c-8359-58a72c56f8c8,2026-02-12,2026-06-19,2026-06-19,SCANFI v2: the Spatialized CAnadian National Forest Inventory data product,SCANFI v2: Base de données spatialisées de l'inventaire forestier national canadien,"detailed information: ""___SCANFI v2 – EN - Update report.pdf""","information détaillée: ""___SCANFI v2 – EN - Update report.pdf""",Natural Resources Canada , Ressources naturelles Canada
"Aug 1, 2026",1.0,0797e893-751e-4695-8229-a5066e4fe43c,19383ca2-b01a-487d-88f7-e1ffbc7d39c2,2016-09-24,2016-11-24,2026-08-03,Completed Access to Information Request Summaries dataset,Jeu de données des sommaires de demandes d’accès à l’information complétées,Completed Access to Information Request Summaries dataset,Jeu de données des sommaires de demandes d’accès à l’information complétées,Treasury Board of Canada Secretariat , Secrétariat du Conseil du Trésor du Canada
"Aug 2, 2026",1.0,0797e893-751e-4695-8229-a5066e4fe43c,No resource,2016-09-24,2016-09-24,2026-08-03,Completed Access to Information Request Summaries dataset,Jeu de données des sommaires de demandes d’accès à l’information complétées,No resources covered,Aucune ressource couverte,Treasury Board of Canada Secretariat , Secrétariat du Conseil du Trésor du Canada
"Aug 3, 2026",1.0,0797e893-751e-4695-8229-a5066e4fe43c,No resource,2016-09-24,2016-09-24,2026-08-03,Completed Access to Information Request Summaries dataset,Jeu de données des sommaires de demandes d’accès à l’information complétées,No resources covered,Aucune ressource couverte,Treasury Board of Canada Secretariat , Secrétariat du Conseil du Trésor du Canada
"Aug 2, 2026",1.0,07bf1adb-c6a5-4e91-8911-5565f4e38e0f,00d02942-be15-4d7c-93bd-3782babcf0ae,2024-10-02,2025-08-06,2025-08-06,"Health indicator statistics, annual estimates","Statistiques d'indicateurs de santé, estimations annuelles",Dataset,Ensembles de données,Statistics Canada , Statistique Canada
"Aug 3, 2026",1.0,07c42deb-9435-43b9-a416-7ce316f3893d,07ebfe88-3af9-4a66-a712-386beb344ad5,2026-03-17,2026-03-17,2026-05-07,Canada’s Energy Future 2026: Energy Supply and Demand Projections to 2050,Le rapport Avenir énergétique du Canada en 2026 – Offre et demande énergétiques à l’horizon 2050,propane-2026,propane-2026,Canada Energy Regulator , La Régie de l’énergie du Canada
"Aug 3, 2026",1.0,07c42deb-9435-43b9-a416-7ce316f3893d,4aa7e906-8382-4a91-913c-a6e80078d66a,2026-03-17,2026-03-17,2026-03-17,Canada’s Energy Future 2026: Energy Supply and Demand Projections to 2050,Le rapport Avenir énergétique du Canada en 2026 – Offre et demande énergétiques à l’horizon 2050,electricity-capacity-2026,capacite-d-electricite-2026,Canada Energy Regulator , La Régie de l’énergie du Canada
"Aug 3, 2026",1.0,07c42deb-9435-43b9-a416-7ce316f3893d,4ae6dd57-19fb-4534-9da7-0540d4432064,2026-03-17,2026-03-17,2026-05-07,Canada’s Energy Future 2026: Energy Supply and Demand Projections to 2050,Le rapport Avenir énergétique du Canada en 2026 – Offre et demande énergétiques à l’horizon 2050,natural-gas-production-2026,production-de-gaz-naturel-2026,Canada Energy Regulator , La Régie de l’énergie du Canada
"Aug 3, 2026",1.0,07c42deb-9435-43b9-a416-7ce316f3893d,6e5aaf71-3768-45d9-b96d-1d32cc8aac61,2026-03-17,2026-03-17,2026-03-17,Canada’s Energy Future 2026: Energy Supply and Demand Projections to 2050,Le rapport Avenir énergétique du Canada en 2026 – Offre et demande énergétiques à l’horizon 2050,benchmark-prices-2026,prix-de-reference-2026,Canada Energy Regulator , La Régie de l’énergie du Canada
"Aug 3, 2026",1.0,07c42deb-9435-43b9-a416-7ce316f3893d,88f04421-fa9c-40d4-a152-30fc50629161,2026-03-17,2026-03-17,2026-03-17,Canada’s Energy Future 2026: Energy Supply and Demand Projections to 2050,Le rapport Avenir énergétique du Canada en 2026 – Offre et demande énergétiques à l’horizon 2050,electricity-generation-2026,generation-electricite-2026,Canada Energy Regulator , La Régie de l’énergie du Canada
"Aug 2, 2026",4.0,07c42deb-9435-43b9-a416-7ce316f3893d,No resource,2026-03-17,2026-03-17,2026-05-07,Canada’s Energy Future 2026: Energy Supply and Demand Projections to 2050,Le rapport Avenir énergétique du Canada en 2026 – Offre et demande énergétiques à l’horizon 2050,No resources covered,Aucune ressource couverte,Canada Energy Regulator , La Régie de l’énergie du Canada
"Aug 3, 2026",1.0,07c42deb-9435-43b9-a416-7ce316f3893d,aff8c4ce-6d05-4940-94a3-f1980cf39299,2026-03-17,2026-03-17,2026-05-07,Canada’s Energy Future 2026: Energy Supply and Demand Projections to 2050,Le rapport Avenir énergétique du Canada en 2026 – Offre et demande énergétiques à l’horizon 2050,butane-2026,butanes-2026,Canada Energy Regulator , La Régie de l’énergie du Canada
"Aug 3, 2026",2.0,07c42deb-9435-43b9-a416-7ce316f3893d,b67e0e60-3200-4330-b2b2-afb7debca8bf,2026-03-17,2026-03-17,2026-03-17,Canada’s Energy Future 2026: Energy Supply and Demand Projections to 2050,Le rapport Avenir énergétique du Canada en 2026 – Offre et demande énergétiques à l’horizon 2050,end-use-demand-2026,demande-finale-d-energie-2026,Canada Energy Regulator , La Régie de l’énergie du Canada
"Aug 2, 2026",1.0,07c42deb-9435-43b9-a416-7ce316f3893d,df8176eb-d34f-44c7-a30a-fb4b2d7f8687,2026-03-17,2026-03-17,2026-03-17,Canada’s Energy Future 2026: Energy Supply and Demand Projections to 2050,Le rapport Avenir énergétique du Canada en 2026 – Offre et demande énergétiques à l’horizon 2050,end-use-prices-2026,prix-de-fin-d-utilisation-2026,Canada Energy Regulator , La Régie de l’énergie du Canada
"Aug 3, 2026",1.0,07c42deb-9435-43b9-a416-7ce316f3893d,df8176eb-d34f-44c7-a30a-fb4b2d7f8687,2026-03-17,2026-03-17,2026-03-17,Canada’s Energy Future 2026: Energy Supply and Demand Projections to 2050,Le rapport Avenir énergétique du Canada en 2026 – Offre et demande énergétiques à l’horizon 2050,end-use-prices-2026,prix-de-fin-d-utilisation-2026,Canada Energy Regulator , La Régie de l’énergie du Canada
"Aug 3, 2026",1.0,07f63502-d623-46a2-8c3e-d1573269b7c5,No resource,2021-04-13,2021-04-13,2026-01-13,"Deaths, by cause, Chapter XIV: Diseases of the genitourinary system (N00 to N99)","Décès, selon la cause, Chapitre XIV : Maladies de l'appareil génito-urinaire (N00 à N99)",No resources covered,Aucune ressource couverte,Statistics Canada , Statistique Canada
"Aug 1, 2026",1.0,07fc6d4f-d197-4caa-86e5-6da30f7c1d5c,No resource,2022-04-13,2022-04-13,2026-02-25,Moose tag allocation process results — detailed,Résultats du processus d’attribution de vignettes de chasse à l’orignal – détails,No resources covered,Aucune ressource couverte,Government of Ontario , Gouvernement de l'Ontario
"Aug 2, 2026",1.0,07fc6d4f-d197-4caa-86e5-6da30f7c1d5c,No resource,2022-04-13,2022-04-13,2026-02-25,Moose tag allocation process results — detailed,Résultats du processus d’attribution de vignettes de chasse à l’orignal – détails,No resources covered,Aucune ressource couverte,Government of Ontario , Gouvernement de l'Ontario
"Aug 1, 2026",1.0,07fc6d4f-d197-4caa-86e5-6da30f7c1d5c,a8ae899d-ba34-479c-bfa4-c25aa745700a,2022-04-13,2026-02-25,2026-02-25,Moose tag allocation process results — detailed,Résultats du processus d’attribution de vignettes de chasse à l’orignal – détails,Moose tag allocation process results — detailed,Moose tag allocation process results – détails,Government of Ontario , Gouvernement de l'Ontario
"Aug 2, 2026",6.0,07fc6d4f-d197-4caa-86e5-6da30f7c1d5c,a8ae899d-ba34-479c-bfa4-c25aa745700a,2022-04-13,2026-02-25,2026-02-25,Moose tag allocation process results — detailed,Résultats du processus d’attribution de vignettes de chasse à l’orignal – détails,Moose tag allocation process results — detailed,Moose tag allocation process results – détails,Government of Ontario , Gouvernement de l'Ontario
"Aug 3, 2026",1.0,07fc6d4f-d197-4caa-86e5-6da30f7c1d5c,a8ae899d-ba34-479c-bfa4-c25aa745700a,2022-04-13,2026-02-25,2026-02-25,Moose tag allocation process results — detailed,Résultats du processus d’attribution de vignettes de chasse à l’orignal – détails,Moose tag allocation process results — detailed,Moose tag allocation process results – détails,Government of Ontario , Gouvernement de l'Ontario
"Aug 2, 2026",1.0,07fc6d4f-d197-4caa-86e5-6da30f7c1d5c,c6c2b17b-bb10-420e-90c3-e978b3bc771f,2022-04-13,2026-02-25,2026-02-25,Moose tag allocation process results — detailed,Résultats du processus d’attribution de vignettes de chasse à l’orignal – détails,Data dictionary,Dictionnaire de données,Government of Ontario , Gouvernement de l'Ontario
"Aug 2, 2026",1.0,08013e71-101a-457c-af76-c7b13a08ff64,b92bc011-8f5b-4911-b286-f202020f85f0,2016-09-24,2016-10-20,2016-10-20,Directory of Federal Real Property,Répertoire des biens immobiliers fédéraux,Directory of Federal Real Property Dataset,Ensemble de données du Répertoire des biens immobiliers fédéraux,Treasury Board of Canada Secretariat , Secrétariat du Conseil du Trésor du Canada
"Aug 1, 2026",1.0,08132980-c6b8-45e5-a9e0-9a88f9808c8a,No resource,2020-04-27,2020-04-27,2026-08-02,Monthly aviation occurrence statistics ,Statistiques mensuelles sur les événements aéronautiques ,No resources covered,Aucune ressource couverte,Transportation Safety Board of Canada , Bureau de la sécurité des transports du Canada
"Aug 1, 2026",1.0,082e7992-266e-4832-84de-d542c8a59b7b,No resource,2018-06-27,2018-06-27,2023-01-17,"Implicit price indexes, gross domestic product (GDP), provincial economic accounts, 2002=100, annual, 1981 - 2010","Indices implicites de prix, produit intérieur brut (PIB), comptes économiques provinciaux, 2002=100, annuel, 1981 - 2010",No resources covered,Aucune ressource couverte,Statistics Canada , Statistique Canada
"Aug 3, 2026",1.0,089885e3-fead-4cc1-921b-abdb6bdf3c9f,No resource,2023-04-05,2023-04-05,2026-04-17,List of Elements in Alberta - fungi,Translation of List of Elements in Alberta - fungi,No resources covered,Aucune ressource couverte,Government of Alberta , Gouvernement de l'Alberta
"Aug 2, 2026",1.0,089885f9-ed53-44e6-854a-14d21a1ec2e0,b3dbfc4d-ee5a-4378-807f-ec3cab121a53,2017-03-28,2017-03-28,2025-06-12,"Canadian Nutrient File, 2015","Fichier canadien sur les éléments nutritifs, 2015","Canadian Nutrient File (CNF), 2015","Fichier canadien sur les éléments nutritifs (FCÉN), 2015",Health Canada , Santé Canada
"Aug 3, 2026",1.0,090c2bbc-9b35-4981-8c5d-7be792e721f4,No resource,2018-06-27,2018-06-27,2023-01-17,"Canadian Community Health Survey (CCHS 1.1 and 2.1) off-reserve Aboriginal profile, by sex, Canada, provinces and territories","Profil des Autochtones vivant hors réserve de l'Enquête sur la santé dans les collectivités canadiennes (ESCC 1.1 et 2.1), selon le sexe, Canada, provinces et territoires",No resources covered,Aucune ressource couverte,Statistics Canada , Statistique Canada
"Aug 1, 2026",2.0,094c9b54-a1ca-4aad-935e-2541e5a23b3f,96afd472-924d-4af2-971c-bb7aade8989e,2018-06-27,2026-04-17,2026-04-17,Public disclosure of salary and severance,Translation of Public disclosure of salary and severance,Public disclosure of salary and severance [csv format],Translation of Public disclosure of salary and severance [csv format],Government of Alberta , Gouvernement de l'Alberta
"Aug 2, 2026",4.0,094c9b54-a1ca-4aad-935e-2541e5a23b3f,96afd472-924d-4af2-971c-bb7aade8989e,2018-06-27,2026-04-17,2026-04-17,Public disclosure of salary and severance,Translation of Public disclosure of salary and severance,Public disclosure of salary and severance [csv format],Translation of Public disclosure of salary and severance [csv format],Government of Alberta , Gouvernement de l'Alberta
"Aug 3, 2026",3.0,094c9b54-a1ca-4aad-935e-2541e5a23b3f,96afd472-924d-4af2-971c-bb7aade8989e,2018-06-27,2026-04-17,2026-04-17,Public disclosure of salary and severance,Translation of Public disclosure of salary and severance,Public disclosure of salary and severance [csv format],Translation of Public disclosure of salary and severance [csv format],Government of Alberta , Gouvernement de l'Alberta
"Aug 1, 2026",1.0,094c9b54-a1ca-4aad-935e-2541e5a23b3f,No resource,2018-06-27,2018-06-27,2026-04-17,Public disclosure of salary and severance,Translation of Public disclosure of salary and severance,No resources covered,Aucune ressource couverte,Government of Alberta , Gouvernement de l'Alberta
"Aug 3, 2026",1.0,094c9b54-a1ca-4aad-935e-2541e5a23b3f,No resource,2018-06-27,2018-06-27,2026-04-17,Public disclosure of salary and severance,Translation of Public disclosure of salary and severance,No resources covered,Aucune ressource couverte,Government of Alberta , Gouvernement de l'Alberta
"Aug 2, 2026",1.0,0968ddc5-710e-4388-b379-184764df6f4c,01984947-d750-461b-8494-de0aa2acea6d,2022-12-19,2023-05-30,2024-11-21,Darlington New Nuclear Project - Information and Reports,Projet de nouvelle centrale nucléaire de Darlington -  Informations et rapports,DNNP Workshop Presentation 2: Comments on EIS and PPE,Atelier de DNNP Presentation 2 - Commentaires sur les rapports d'examen de l'EIE et de l'EPC d'OPG,Canadian Nuclear Safety Commission , Commission canadienne de sûreté nucléaire
"Aug 2, 2026",1.0,0968ddc5-710e-4388-b379-184764df6f4c,ebef5b60-128c-4f71-a702-30c3446b7ed5,2022-12-19,2023-08-25,2024-11-20,Darlington New Nuclear Project - Information and Reports,Projet de nouvelle centrale nucléaire de Darlington -  Informations et rapports,Webinar: The Darlington New Nuclear Project - Licensing Review Update,Webinar - PNCND Le point sur l'examen de la demande de permis,Canadian Nuclear Safety Commission , Commission canadienne de sûreté nucléaire
"Aug 3, 2026",1.0,09ffaeb5-ec8f-5bb5-bdcb-3436ccf26f58,30ff93af-7a34-49fd-b9d6-1244deadadc6,2016-09-24,2017-01-26,2017-01-26,Climatic Regions,Régions climatiques,Download the English PDF through HTTP,Télécharger le fichier en format PDF Anglais via HTTP,Natural Resources Canada , Ressources naturelles Canada
"Aug 2, 2026",1.0,0a7619fd-2ffe-44b5-9027-3dfcec0866fd,15b6e00f-862b-4bbf-9b28-04b81a4eb87f,2025-02-13,2026-07-10,2026-07-12,EnerGuide Rating System Open Data,Données ouvertes du Système de cote ÉnerGuide,2026,2026,Natural Resources Canada , Ressources naturelles Canada
"Aug 3, 2026",1.0,0a912de3-9307-4b63-bf19-3a4594f87e1f,a0b7322a-aae9-4c1f-8793-06e0ecbd4765,2021-10-06,2026-05-27,2026-05-27,Annual taxation of municipal taxes,Imposition annuelle de taxes municipales,Municipal taxes: Outremont,Taxes municipales : Outremont,Government and Municipalities of Québec , Gouvernement et municipalités du Québec
"Aug 3, 2026",1.0,0af975f1-bb45-40e6-b8d8-9ae4909f1dc6,No resource,2023-06-27,2023-06-27,2026-03-24,Vessel Density Mapping of 2019 AIS Data in the Northwest Atlantic,Cartographie de la densité des navires à partir des données du Système d’identification automatique (SIA) de 2019 dans l'Atlantique Nord-Ouest,No resources covered,Aucune ressource couverte,Fisheries and Oceans Canada , Pêches et Océans Canada
"Aug 2, 2026",1.0,0e1e57aa-e664-41b5-a69f-d814d4407d62,No resource,2018-06-27,2018-06-27,2023-11-08,Toronto Stock Exchange statistics,Statistiques de la Bourse de Toronto,No resources covered,Aucune ressource couverte,Statistics Canada , Statistique Canada
"Aug 3, 2026",1.0,0e52f1b0-089a-430e-bbd1-1367d7328a2e,3e4497dc-a614-4260-8838-11a7f7427693,2016-09-24,2016-12-01,2026-07-28,Annual Insolvency Rates,Taux annuels d’insolvabilité,Annual Insolvency Rates/Taux annuels d’insolvabilité,Annual Insolvency Rates/Taux annuels d’insolvabilité,"Innovation, Science and Economic Development Canada "," Innovation, Sciences et Développement économique Canada"
"Aug 2, 2026",1.0,0e63446e-6288-4bc6-a050-a5a07372ff24,bd35ce3d-94fd-4ed4-a818-6d1922692195,2025-09-17,2026-07-29,2026-07-29,Geothermal Thermal Springs,Sources thermales géothermiques,All resource data,Toutes les données sur les ressources,Government of Yukon , Gouvernement du Yukon
"Aug 3, 2026",1.0,0e7cf1af-bb8c-535c-8736-ceb81cbcffd2,No resource,2016-09-24,2016-09-24,2022-02-22,Borehole Geophysical Logs in Surficial Sediments of Canada-Surficial geology of Canada,Diagraphies géophysiques dans les sédiments de surface au Canada-Géologie de surface du Canada,No resources covered,Aucune ressource couverte,Natural Resources Canada , Ressources naturelles Canada
"Aug 3, 2026",1.0,0eaf158e-9c94-5416-92d1-f5ceae31b99a,No resource,2016-09-24,2016-09-24,2022-03-14,Weather Stations,Stations météorologiques,No resources covered,Aucune ressource couverte,Natural Resources Canada , Ressources naturelles Canada
"Aug 2, 2026",1.0,0f1bd9e5-5b67-553a-9598-23cc2004b804,No resource,2016-09-24,2016-09-24,2022-03-14,Saskatchewan Relief,"Saskatchewan, relief",No resources covered,Aucune ressource couverte,Natural Resources Canada , Ressources naturelles Canada
"Aug 3, 2026",1.0,0f249746-7337-4ef7-8ecd-a5f9db4c8b62,0a0ff4e1-5d59-4c8d-b65d-5e91f382fef1,2021-03-26,2021-03-26,2024-11-21,IRCC Settlement Program Initiatives,Initiatives du Programme d’établissement d’IRCC,IRCC Settlement Program Initiatives: Active Agreements as of January 2021 ,Initiatives du Programme d’établissement d’IRCC : Les ententes actives à partir de janvier 2021,"Immigration, Refugees and Citizenship Canada "," Immigration, Réfugiés et Citoyenneté Canada"
"Aug 2, 2026",1.0,0f4331e4-f927-4ec6-b6e4-58e80c134b6d,0a0e2039-45f4-4272-af37-8088ec1070d9,2023-04-13,2026-04-17,2026-04-17,BC Schools - Examinations Results,Translation of BC Schools - Examinations Results,Provincial Required Examinations 2010/2011 - 2015/2016,Translation of Provincial Required Examinations 2010/2011 - 2015/2016,Government of British Columbia , Gouvernment de la Colombie-Britannique
"Aug 3, 2026",1.0,0f674831-6fb6-4022-a144-8aef20ed230d,c5954128-c980-4b21-b9be-374f0615d22d,2017-04-07,2022-02-26,2022-02-26,Earthquakes in Canada 1980-1989,Tremblements de terre au Canada 1980-1989,Canadian Earthquakes (1980-1989) (French),Tremblements de terre canadien (1980-1989) (Français),Natural Resources Canada , Ressources naturelles Canada
"Aug 1, 2026",1.0,0f86ccba-bb9d-4b47-a098-f0e5b2fc97a4,No resource,2022-03-23,2022-03-23,2026-07-23,"Non-resident visitors entering Canada, by country of residence, seasonally-adjusted","Visiteurs non-résidents entrant au Canada selon le pays de résidence, données désaisonnalisées",No resources covered,Aucune ressource couverte,Statistics Canada , Statistique Canada
"Aug 2, 2026",2.0,0fe65119-e96e-4a57-8bfe-9d9245fba06b,008455f0-a480-4f93-bb7f-458e696d4ece,2020-12-09,2026-06-08,2026-06-08,High Resolution Digital Elevation Model Mosaic (HRDEM Mosaic) - CanElevation Series,Mosaïque du Modèle numérique d'élévation de haute résolution (Mosaïque MNEHR) - Série CanÉlévation,HRDEM Mosaic DSM Metadata,Métadonnée du MNS de la mosaïque MNEHR,Natural Resources Canada , Ressources naturelles Canada
"Aug 2, 2026",1.0,0fe65119-e96e-4a57-8bfe-9d9245fba06b,295b734e-8ba5-4085-8035-288486598e0f,2020-12-09,2026-06-08,2026-06-08,High Resolution Digital Elevation Model Mosaic (HRDEM Mosaic) - CanElevation Series,Mosaïque du Modèle numérique d'élévation de haute résolution (Mosaïque MNEHR) - Série CanÉlévation,High Resolution Digital Elevation Model Mosaic (HRDEM Mosaic) - CanElevation Series - Product Specifications (English),Mosaïque du modèle numérique d'élévation de haute résolution (Mosaïque MNEHR) - Série CanÉlévation - Spécifications de produit (anglais),Natural Resources Canada , Ressources naturelles Canada
"Aug 3, 2026",1.0,1074f781-85d3-4c86-86cb-fd1c339197dc,e0beae93-9ffa-4fe0-8ed8-ab6cfc6743e2,2026-04-02,2026-05-25,2026-05-25,Collection - Flood Susceptibility Mapping,Collection - Cartographie de la susceptibilité aux inondations,Present day (FS 2000-2023 estimate),Conditions actuelles (estimation du FS 2000-2023),Natural Resources Canada , Ressources naturelles Canada
"Aug 1, 2026",1.0,10837e5e-d2f6-4eba-a208-161c661530a1,No resource,2023-11-01,2023-11-01,2026-06-17,“Allowable List” of Pesticides for Cosmetic Use,La Liste des ingrédients actifs autorisés pour une utilisation à des fins esthétiques,No resources covered,Aucune ressource couverte,Government of Ontario , Gouvernement de l'Ontario
"Aug 3, 2026",1.0,108c5767-8bac-41e2-af40-987b86793aa7,No resource,2016-09-24,2016-09-24,2017-01-30,Cadastral Information for Mashteuiatsh,Information cadastrale pour Mashteuiatsh,No resources covered,Aucune ressource couverte,Natural Resources Canada , Ressources naturelles Canada
"Aug 3, 2026",1.0,10a3ef5c-3a4b-c47d-bf6a-9019ec648f94,6229b25b-df8b-4a82-8880-55e60035190c,2022-05-03,2026-07-15,2026-07-15,Serious Reportable Events,Événements graves à signaler,Serious Reportable Events (CSV Excel),Événements graves à signaler (CSV Excel),Government of Nova Scotia , Gouvernment de la Nouvelle-Écosse
"Aug 1, 2026",1.0,10ce43bd-fb58-4969-806b-4bffebc87bec,bd9cf3f2-4cd5-47b1-ba74-ab68cd0a941b,2026-01-22,2026-01-22,2026-03-18,Occupational and Skills Information System (OaSIS) - 2025 Version 1.0,Système d’information sur les professions et les compétences (SIPeC) - 2025 Version 1.0,Skills 2025 v1.0,Compétences 2025 v1.0,Employment and Social Development Canada , Emploi et Développement social Canada
"Aug 1, 2026",1.0,10ce43bd-fb58-4969-806b-4bffebc87bec,d2a00c9b-2b7d-458f-a41f-10011d8164c7,2026-01-22,2026-01-22,2026-01-22,Occupational and Skills Information System (OaSIS) - 2025 Version 1.0,Système d’information sur les professions et les compétences (SIPeC) - 2025 Version 1.0,Lead Statement 2025 v1.0,Énoncé principal 2025 v1.0,Employment and Social Development Canada , Emploi et Développement social Canada
"Aug 3, 2026",1.0,11245675-b047-49fc-8bd1-cc2ce8314a6d,7dbbdf17-d218-4283-80f4-1ce6a5dbc9b7,2023-04-05,2026-05-27,2026-05-27,Frequency and ranking of baby names by year and gender,Fréquence et classement des prénoms de bébé par année et par sexe,Baby names 1980 to 2020,Prénoms de bébé 1980 à 2020,Government of Alberta , Gouvernement de l'Alberta
"Aug 3, 2026",1.0,11245675-b047-49fc-8bd1-cc2ce8314a6d,No resource,2023-04-05,2023-04-05,2026-05-27,Frequency and ranking of baby names by year and gender,Fréquence et classement des prénoms de bébé par année et par sexe,No resources covered,Aucune ressource couverte,Government of Alberta , Gouvernement de l'Alberta
"Aug 2, 2026",3.0,11245675-b047-49fc-8bd1-cc2ce8314a6d,e7c87325-7b14-4e4b-9e35-4f70e1f2630f,2023-04-05,2026-05-27,2026-05-27,Frequency and ranking of baby names by year and gender,Fréquence et classement des prénoms de bébé par année et par sexe,Baby names 2021 to 2024,Prénoms de bébé 2021 à 2024,Government of Alberta , Gouvernement de l'Alberta
"Aug 3, 2026",1.0,11e2c771-c9a6-1e24-78a9-a5c0241ed37f,No resource,2024-09-20,2024-09-20,2025-02-05,Manitoba Waterbody Entry Points,Points d'entrée dans les plans d'eau du Manitoba,No resources covered,Aucune ressource couverte,Government of Manitoba , Gouvernement du Manitoba
"Aug 3, 2026",1.0,1257e5c1-243f-4ab8-be42-e7433c8ebe70,9d45bfac-0e30-4f36-ae8e-b11c4ff9fda5,2025-08-20,2025-08-20,2025-08-20,Assessments - Passport Program Facial Recognition System,Évaluations - Système de reconnaissance faciale du Programme de passeport,Algorithmic Impact Assessment - Passport Program Facial Recognition System (English),Évaluation d'incidence algorithmique - Système de reconnaissance faciale du programme de Passeport (anglais),"Immigration, Refugees and Citizenship Canada "," Immigration, Réfugiés et Citoyenneté Canada"
"Aug 3, 2026",1.0,12a160a5-fa87-4a79-ad87-b3d440cae7d7,69a7533d-13c0-4a09-b209-24c2ffae6353,2016-09-24,2026-03-09,2026-07-07,Monthly Insolvency Statistics in Canada by North American Industry Classification System (NAICS),Statistiques mensuelles sur l'insolvabilité au Canada selon le Système de classification des industries de l'Amérique du Nord (SCIAN),2026 Monthly Insolvency Statistics in Canada by North American Industry Classification System (NAICS),2026 Statistiques mensuelles sur l'insolvabilité au Canada selon le Système de classification des industries de l'Amérique du Nord (SCIAN),"Innovation, Science and Economic Development Canada "," Innovation, Sciences et Développement économique Canada"
"Aug 1, 2026",1.0,13564ca4-e330-40a5-9521-bfb1be767147,193b8a5c-8083-42f4-b369-6cb97a42afe4,2018-04-13,2026-01-15,2026-01-15,CABIN Canadian Aquatic Biomonitoring Network,RCBA Réseau Canadien de Biosurveillance Aquatique,Maritime Provinces Drainage Area - CABIN study data,Aire de drainage des provinces Maritimes - Données de l'étude du RCBA,Environment and Climate Change Canada , Environnement et Changement climatique Canada
"Aug 1, 2026",1.0,13564ca4-e330-40a5-9521-bfb1be767147,41f9de36-cf7a-4839-9f7f-970a716b429a,2018-04-13,2026-01-15,2026-01-15,CABIN Canadian Aquatic Biomonitoring Network,RCBA Réseau Canadien de Biosurveillance Aquatique,Western and Northern Hudson Bay Drainage Area - CABIN study data,Aire de drainage de l'ouest et du nord de la baie d'Hudson - Données de l'étude du RCBA,Environment and Climate Change Canada , Environnement et Changement climatique Canada
"Aug 1, 2026",1.0,13564ca4-e330-40a5-9521-bfb1be767147,8e9dd128-d52e-49c3-9a3e-6783797c8216,2018-04-13,2026-01-15,2026-01-15,CABIN Canadian Aquatic Biomonitoring Network,RCBA Réseau Canadien de Biosurveillance Aquatique,Southwestern Hudson Bay Drainage Area - CABIN study data,Aire de drainage du sud-ouest de la baie d'Hudson - Données de l'étude du RCBA,Environment and Climate Change Canada , Environnement et Changement climatique Canada
"Aug 1, 2026",1.0,13564ca4-e330-40a5-9521-bfb1be767147,9c86eae1-8ef4-4d2e-aa9c-ef058741257a,2018-04-13,2026-01-15,2026-01-15,CABIN Canadian Aquatic Biomonitoring Network,RCBA Réseau Canadien de Biosurveillance Aquatique,St. Lawrence Drainage Area - CABIN study data,Aire de drainage du Saint-Laurent - Données de l'étude du RCBA,Environment and Climate Change Canada , Environnement et Changement climatique Canada
"Aug 1, 2026",1.0,13564ca4-e330-40a5-9521-bfb1be767147,9de0a2ed-b2df-4a11-8833-c26dcb684c3c,2018-04-13,2026-01-15,2026-01-15,CABIN Canadian Aquatic Biomonitoring Network,RCBA Réseau Canadien de Biosurveillance Aquatique,Pacific Drainage Area - CABIN study data,Aire de drainage du Pacifique - Données de l'étude du RCBA,Environment and Climate Change Canada , Environnement et Changement climatique Canada
"Aug 1, 2026",25.0,13564ca4-e330-40a5-9521-bfb1be767147,No resource,2018-04-13,2018-04-13,2026-01-15,CABIN Canadian Aquatic Biomonitoring Network,RCBA Réseau Canadien de Biosurveillance Aquatique,No resources covered,Aucune ressource couverte,Environment and Climate Change Canada , Environnement et Changement climatique Canada
"Aug 1, 2026",1.0,13564ca4-e330-40a5-9521-bfb1be767147,ce5e63d1-57e1-4f30-a26c-742e4bcd86aa,2018-04-13,2026-01-15,2026-01-15,CABIN Canadian Aquatic Biomonitoring Network,RCBA Réseau Canadien de Biosurveillance Aquatique,Northern Québec and Labrador Drainage Area - CABIN study data,Aire de drainage du Nord du Québec et du Labrador - Données de l'étude du RCBA,Environment and Climate Change Canada , Environnement et Changement climatique Canada
"Aug 1, 2026",1.0,13564ca4-e330-40a5-9521-bfb1be767147,e8e13130-8033-44ae-ae10-6c50521fbb75,2018-04-13,2026-01-15,2026-01-15,CABIN Canadian Aquatic Biomonitoring Network,RCBA Réseau Canadien de Biosurveillance Aquatique,Great Slave Lake Drainage Area - CABIN study data,Aire de drainage du Grand lac des Esclaves - Données de l'étude du RCBA,Environment and Climate Change Canada , Environnement et Changement climatique Canada
"Aug 1, 2026",1.0,13564ca4-e330-40a5-9521-bfb1be767147,fbc43e3f-47a7-4bda-98ad-525c946e5163,2018-04-13,2026-01-15,2026-01-15,CABIN Canadian Aquatic Biomonitoring Network,RCBA Réseau Canadien de Biosurveillance Aquatique,Nelson River Drainage Area - CABIN study data,Aire de drainage du fleuve Nelson - Données de l'étude du RCBA,Environment and Climate Change Canada , Environnement et Changement climatique Canada
"Aug 3, 2026",1.0,1358284b-26e7-4c69-abd8-398d3da2c270,69b6fcd5-50c9-43bd-bd18-3f4e031854d0,2025-09-29,2025-09-29,2026-07-02,Life insurance companies,Sociétés d'assurance-vie,LCA - LICAT (Active),LCA - TSAV(Actif),Office of the Superintendent of Financial Institutions Canada , Bureau du surintendant des institutions financières Canada
"Aug 3, 2026",3.0,1358284b-26e7-4c69-abd8-398d3da2c270,No resource,2025-09-29,2025-09-29,2026-07-02,Life insurance companies,Sociétés d'assurance-vie,No resources covered,Aucune ressource couverte,Office of the Superintendent of Financial Institutions Canada , Bureau du surintendant des institutions financières Canada
"Aug 3, 2026",1.0,1358284b-26e7-4c69-abd8-398d3da2c270,cc2cae60-cdc4-4428-b64c-cdaa2eb0b700,2025-09-29,2025-09-29,2026-07-02,Life insurance companies,Sociétés d'assurance-vie,LCQ - LICAT (Active),LCQ – TSAV (Actif),Office of the Superintendent of Financial Institutions Canada , Bureau du surintendant des institutions financières Canada
"Aug 2, 2026",1.0,1358284b-26e7-4c69-abd8-398d3da2c270,cc527ad2-e297-463f-8e58-372fe746904e,2025-09-29,2026-04-13,2026-04-13,Life insurance companies,Sociétés d'assurance-vie,List of Life Insurance Subsidiaries,Liste des filiales d’assurance‑vie,Office of the Superintendent of Financial Institutions Canada , Bureau du surintendant des institutions financières Canada
"Aug 3, 2026",2.0,1358284b-26e7-4c69-abd8-398d3da2c270,f3ddcfbc-a852-4dee-be3c-5b08864c9afe,2025-09-29,2025-09-29,2026-07-02,Life insurance companies,Sociétés d'assurance-vie,LF1 - Life Core Financial Statement Return (Active) ,LF1 - Vie Relevé des états financiers (Actif) ,Office of the Superintendent of Financial Institutions Canada , Bureau du surintendant des institutions financières Canada
"Aug 3, 2026",1.0,1363515c-11ff-4c1b-a2ed-1ee0149dfc0d,158a1ae3-e82f-4878-8d3f-3a2c53e1317f,2026-01-28,2026-05-27,2026-05-27,Greenhouse gas emissions covered by the RSPEDE,Émissions de gaz à effet de serre couvertes par le RSPEDE,GHG emissions covered by establishments subject to RSPEDE,Émissions de GES couvertes par les établissements assujettis au RSPEDE,Government and Municipalities of Québec , Gouvernement et municipalités du Québec
"Aug 3, 2026",1.0,1363515c-11ff-4c1b-a2ed-1ee0149dfc0d,f1ef6a98-2340-4508-84cf-e51ad3895704,2026-01-28,2026-05-27,2026-05-27,Greenhouse gas emissions covered by the RSPEDE,Émissions de gaz à effet de serre couvertes par le RSPEDE,GHG emissions covered by establishments subject to RSPEDE,Émissions de GES couvertes par les établissements assujettis au RSPEDE,Government and Municipalities of Québec , Gouvernement et municipalités du Québec
"Aug 2, 2026",1.0,14366a8e-5f4c-48f2-bacf-78b15226ce9c,No resource,2018-06-27,2018-06-27,2026-06-03,Alberta annual births totals,Total annuel des naissances en Alberta,No resources covered,Aucune ressource couverte,Government of Alberta , Gouvernement de l'Alberta
"Aug 3, 2026",1.0,14c2cfda-4044-44e6-a10d-e30f9d36dc95,8b55f5b2-1d42-4eb6-aa5e-3a4ce81813fb,2025-12-01,2025-12-01,2025-12-01,2025—Report of the Commissioner of the Environment and Sustainable Development—Federal-Indigenous Management of Protected Areas,2025 — Rapport du commissaire à l’environnement et au développement durable — La gestion fédérale-autochtone des aires protégées,2025—Report of the Commissioner of the Environment and Sustainable Development—Federal-Indigenous Management of Protected Areas,2025 — Rapport du commissaire à l’environnement et au développement durable — La gestion fédérale-autochtone des aires protégées,Office of the Auditor General of Canada , Bureau du vérificateur général du Canada
"Aug 3, 2026",1.0,14d93d62-16bf-48da-ae4f-4be21a32e2ad,No resource,2020-09-11,2020-09-11,2026-05-27,Register of companies not eligible for public contracts (RENA),Registre des entreprises non admissibles aux contrats publics (RENA),No resources covered,Aucune ressource couverte,Government and Municipalities of Québec , Gouvernement et municipalités du Québec
"Aug 2, 2026",2.0,163c8a62-e37e-4d06-a291-eaca2434c018,No resource,2018-12-21,2018-12-21,2025-06-19,"Investment in building construction, 2010 to 2023, inactive","Investissement en construction de bâtiments, 2010 à 2023, inactif",No resources covered,Aucune ressource couverte,Statistics Canada , Statistique Canada
"Aug 1, 2026",2.0,17dfa825-9515-4fac-be6b-3964d25194c3,No resource,2025-07-16,2025-07-16,2026-07-29,Catering - Quebec Tourism Information System (SIT Quebec),Restauration - Système d’information touristique Québec (SIT Québec),No resources covered,Aucune ressource couverte,Government and Municipalities of Québec , Gouvernement et municipalités du Québec
"Aug 3, 2026",1.0,18752265-bda3-498c-a4ba-9dfe68cb98da,No resource,2024-06-21,2024-06-21,2026-07-16,Medium Resolution Digital Elevation Model (MRDEM) - CanElevation Series,Modèle numérique d'élévation de moyenne résolution (MNEMR) - Série CanÉlévation,No resources covered,Aucune ressource couverte,Natural Resources Canada , Ressources naturelles Canada
"Aug 3, 2026",4.0,18752265-bda3-498c-a4ba-9dfe68cb98da,c52f40a5-54b8-4a14-8e3e-3def544b2acf,2024-06-21,2026-07-16,2026-07-16,Medium Resolution Digital Elevation Model (MRDEM) - CanElevation Series,Modèle numérique d'élévation de moyenne résolution (MNEMR) - Série CanÉlévation,Medium Resolution Digital Elevation Model (MRDEM) - CanElevation Series - Product access guide (English),Modèle numérique d'élévation de moyenne résolution (MNEMR) - Série CanÉlévation - Guide d'utilisation (anglais),Natural Resources Canada , Ressources naturelles Canada
"Aug 2, 2026",1.0,18754165-1daa-42ea-8c43-fef0e8cf4598,02476340-e33d-44c7-b250-ad8c16cdc1cc,2023-04-13,2026-04-17,2026-04-17,Indicator Summary Data: Trends in Timber Harvesting in BC,Translation of Indicator Summary Data: Trends in Timber Harvesting in BC,Summary Data: Change in Timber Supply Forecast,Translation of Summary Data: Change in Timber Supply Forecast,Government of British Columbia , Gouvernment de la Colombie-Britannique
"Aug 2, 2026",1.0,18754165-1daa-42ea-8c43-fef0e8cf4598,9cf46477-4431-4eb1-b361-bcab8bf7bc02,2023-04-13,2026-04-17,2026-04-17,Indicator Summary Data: Trends in Timber Harvesting in BC,Translation of Indicator Summary Data: Trends in Timber Harvesting in BC,Summary Data: Change in Timber Harvest,Translation of Summary Data: Change in Timber Harvest,Government of British Columbia , Gouvernment de la Colombie-Britannique
"Aug 3, 2026",1.0,18754165-1daa-42ea-8c43-fef0e8cf4598,9cf46477-4431-4eb1-b361-bcab8bf7bc02,2023-04-13,2026-04-17,2026-04-17,Indicator Summary Data: Trends in Timber Harvesting in BC,Translation of Indicator Summary Data: Trends in Timber Harvesting in BC,Summary Data: Change in Timber Harvest,Translation of Summary Data: Change in Timber Harvest,Government of British Columbia , Gouvernment de la Colombie-Britannique
"Aug 3, 2026",1.0,189c40d9-3997-223c-81db-9e91f16ce424,No resource,2023-04-22,2023-04-22,2024-12-06,Saskatchewan Provincial Forest Types,Types de forêts provinciales de la Saskatchewan,No resources covered,Aucune ressource couverte,Government of Saskatchewan , Gouvernement de la Saskatchewan
"Aug 1, 2026",1.0,18bf3ea7-1940-46ec-af52-9ba3f77ed708,No resource,2025-02-24,2025-02-24,2025-02-25,Federal Electoral Districts - Canada 2023,Circonscriptions fédérales - Canada 2023,No resources covered,Aucune ressource couverte,Elections Canada , Élections Canada
"Aug 1, 2026",1.0,18c56d8a-696f-512f-961d-e4bc17945620,24b17b5e-e7b1-431a-9924-8ec632ef0e88,2016-09-24,2017-01-26,2017-01-26,Maritime Provinces,Provinces maritimes,Download Bilingual JPEG2000 through HTTP,Télécharger le fichier en format bilingue JPEG2000 via HTTP,Natural Resources Canada , Ressources naturelles Canada
"Aug 3, 2026",1.0,18c56d8a-696f-512f-961d-e4bc17945620,e94f58e1-b7b2-4123-ad57-dc7671f2c0b9,2016-09-24,2017-01-26,2017-01-26,Maritime Provinces,Provinces maritimes,Download Bilingual PDF through HTTP,Télécharger le fichier en format bilingue PDF via HTTP,Natural Resources Canada , Ressources naturelles Canada
"Aug 1, 2026",2.0,190a6a38-1fef-4bfa-8f60-e07a771ea558,No resource,2025-04-04,2025-04-04,2026-04-28,"Waste materials diverted, by type and by source","Matières résiduelles récupérées, selon le type et selon la source",No resources covered,Aucune ressource couverte,Statistics Canada , Statistique Canada
"Aug 2, 2026",2.0,199e5070-2fd5-49d3-aa21-aece08964d18,No resource,2022-09-09,2022-09-09,2024-12-09,43rd General Election: Official Voting Results,43e élection générale : Résultats officiels du scrutin,No resources covered,Aucune ressource couverte,Elections Canada , Élections Canada
"Aug 2, 2026",1.0,199e5070-2fd5-49d3-aa21-aece08964d18,fce53469-baac-4e35-adcb-8cf9883aff0c,2022-09-09,2022-09-09,2024-12-09,43rd General Election: Official Voting Results,43e élection générale : Résultats officiels du scrutin,Table 11: Voting results by electoral district,Tableau 11 : Résultats du scrutin par circonscription,Elections Canada , Élections Canada
"Aug 2, 2026",1.0,1a09c5c1-3554-4b70-9e53-6322a72ec7d4,No resource,2017-09-29,2017-09-29,2026-06-09,GCSurplus - What has Sold,Articles vendus - GCSurplus,No resources covered,Aucune ressource couverte,Public Services and Procurement Canada , Services publics et Approvisionnement Canada
"Aug 1, 2026",1.0,1a78a4bb-53e8-4c89-94fe-74b550100120,No resource,2018-06-27,2018-06-27,2026-06-17,Achievement Exam Results (Province),Résultats de l'examen de réussite (province),No resources covered,Aucune ressource couverte,Government of Alberta , Gouvernement de l'Alberta
"Aug 2, 2026",2.0,1a7fa21f-b2f2-4f85-b40d-231b4e6a94e7,794820e5-3386-4920-bfb8-40c10f632d6d,2018-06-27,2026-07-31,2026-07-31,"Electric power generation, monthly generation by type of electricity","Production de l'énergie électrique, production mensuelle selon le type d'électricité",Dataset,Ensembles de données,Statistics Canada , Statistique Canada
"Aug 1, 2026",1.0,1b026aab-edb3-4d5d-8231-270a09ed4e82,6bb6d45d-da21-45ed-900c-8c5a792af90e,2016-10-17,2017-02-22,2024-05-18,Transition from Temporary Resident to Permanent Resident Status – Monthly IRCC Updates,Transition du statut de résident temporaire au statut de résident permanent  – Mises à jour mensuelles d’IRCC,Canada – Permanent Residents with Prior International Mobility Program (IMP) Work Permit Holder Status under Post-Graduate Employment by Province/Territory and Immigration Category,Canada - Résidents permanents ayant le statut des titulaires de permis de travail du Programme de mobilité internationale dans les programmes d'emplois post-universitaires selon la province/le territoire et la catégorie d'immigration,"Immigration, Refugees and Citizenship Canada "," Immigration, Réfugiés et Citoyenneté Canada"
"Aug 1, 2026",1.0,1b026aab-edb3-4d5d-8231-270a09ed4e82,9c0c352d-a714-4337-8c39-a52da261badb,2016-10-17,2016-10-17,2024-05-18,Transition from Temporary Resident to Permanent Resident Status – Monthly IRCC Updates,Transition du statut de résident temporaire au statut de résident permanent  – Mises à jour mensuelles d’IRCC,Canada – Permanent Residents with Prior International Mobility Program Work Permit Holder Status (for Work Purpose Only) by Province/Territory and Immigration Category,Canada - Résidents permanents ayant le statut des titulaires de permis de travail du Programme de mobilité internationale selon la province/le territoire et la catégorie d'immigration,"Immigration, Refugees and Citizenship Canada "," Immigration, Réfugiés et Citoyenneté Canada"
"Aug 1, 2026",1.0,1b026aab-edb3-4d5d-8231-270a09ed4e82,d236aac9-7ca1-47b6-8e9e-33d869259ad2,2016-10-17,2016-10-17,2025-10-08,Transition from Temporary Resident to Permanent Resident Status – Monthly IRCC Updates,Transition du statut de résident temporaire au statut de résident permanent  – Mises à jour mensuelles d’IRCC,Canada – Permanent Residents with Prior Temporary Foreign Worker Program Work Permit Holder Status (for Work Purpose Only) by Province/Territory and Immigration Category,Canada - Résidents permanents ayant le statut des titulaires de permis de travail du programme des travailleurs étrangers temporaires selon la province/le territoire et la catégorie d'immigration,"Immigration, Refugees and Citizenship Canada "," Immigration, Réfugiés et Citoyenneté Canada"
"Aug 1, 2026",1.0,1b026aab-edb3-4d5d-8231-270a09ed4e82,ed0a3a5b-f320-44fe-94d9-cc73b7cb0248,2016-10-17,2016-10-17,2024-05-18,Transition from Temporary Resident to Permanent Resident Status – Monthly IRCC Updates,Transition du statut de résident temporaire au statut de résident permanent  – Mises à jour mensuelles d’IRCC,Canada –  Permanent Residents with Prior Study Permit Holder Status by Province/Territory  and Immigration Category,Canada - Résidents permanents ayant le statut des titulaires de permis d'études selon la province/le territoire et la catégorie d'immigration,"Immigration, Refugees and Citizenship Canada "," Immigration, Réfugiés et Citoyenneté Canada"
"Aug 3, 2026",1.0,1b026aab-edb3-4d5d-8231-270a09ed4e82,ed0a3a5b-f320-44fe-94d9-cc73b7cb0248,2016-10-17,2016-10-17,2024-05-18,Transition from Temporary Resident to Permanent Resident Status – Monthly IRCC Updates,Transition du statut de résident temporaire au statut de résident permanent  – Mises à jour mensuelles d’IRCC,Canada –  Permanent Residents with Prior Study Permit Holder Status by Province/Territory  and Immigration Category,Canada - Résidents permanents ayant le statut des titulaires de permis d'études selon la province/le territoire et la catégorie d'immigration,"Immigration, Refugees and Citizenship Canada "," Immigration, Réfugiés et Citoyenneté Canada"
"Aug 3, 2026",1.0,1b0822ab-598e-41ce-b92e-5e75a06df4be,21b7f3a5-32e0-49f1-a01e-3b0d8ef4225f,2021-03-31,2021-03-31,2025-05-12,Summary of Charges Disposed of at Summary Trial,Sommaire des accusations jugées au procès sommaire,Summary of Charges Disposed of at Summary Trial,Summary of Charges Disposed of at Summary Trial,National Defence , Défense nationale
"Aug 3, 2026",2.0,1b24b6de-a876-4e3c-80af-762e06def6ed,No resource,2016-10-27,2016-10-27,2026-07-15,Federal Child Support Tables – Alberta,Tables fédérales de pensions alimentaires pour enfants - Alberta,No resources covered,Aucune ressource couverte,Department of Justice Canada , Ministère de la Justice Canada
"Aug 3, 2026",1.0,1b24b6de-a876-4e3c-80af-762e06def6ed,d3e733e7-1aab-454b-b344-00b319a1bfd7,2016-10-27,2016-10-27,2026-01-08,Federal Child Support Tables – Alberta,Tables fédérales de pensions alimentaires pour enfants - Alberta,Federal Child Support Tables – Alberta,Tables fédérales de pensions alimentaires pour enfants - Alberta,Department of Justice Canada , Ministère de la Justice Canada
"Aug 3, 2026",3.0,1b36a356-defd-4813-acea-47bc3abd859b,No resource,2016-09-24,2016-09-24,2026-07-09,National Air Pollution Surveillance (NAPS) Program,Programme de surveillance national de la pollution atmosphérique (SNPA),No resources covered,Aucune ressource couverte,Environment and Climate Change Canada , Environnement et Changement climatique Canada
"Aug 1, 2026",1.0,1b6139bd-ed7e-4043-bc28-ff00e10f3109,019f2a90-e3a9-489d-b6e1-f74f4ba1d006,2026-05-19,2026-06-03,2026-06-03,"Canadian Nutrient File, 2026","Fichier canadien sur les éléments nutritifs, 2026",All Resource Data,Toutes les données sur les ressources,Health Canada , Santé Canada
"Aug 3, 2026",3.0,1b6139bd-ed7e-4043-bc28-ff00e10f3109,019f2a90-e3a9-489d-b6e1-f74f4ba1d006,2026-05-19,2026-06-03,2026-06-03,"Canadian Nutrient File, 2026","Fichier canadien sur les éléments nutritifs, 2026",All Resource Data,Toutes les données sur les ressources,Health Canada , Santé Canada
"Aug 1, 2026",1.0,1b6139bd-ed7e-4043-bc28-ff00e10f3109,0ff718fc-1133-4154-80c5-3d619e6c63be,2026-05-19,2026-05-19,2026-05-19,"Canadian Nutrient File, 2026","Fichier canadien sur les éléments nutritifs, 2026",Nutrient Amount,Teneurs en éléments nutritifs,Health Canada , Santé Canada
"Aug 3, 2026",2.0,1b6139bd-ed7e-4043-bc28-ff00e10f3109,86483321-6c76-4a5f-9061-04b9a0a48a8d,2026-05-19,2026-05-20,2026-05-20,"Canadian Nutrient File, 2026","Fichier canadien sur les éléments nutritifs, 2026",Canadian nutrient file: users' guide 2026,"Fichier canadien sur les éléments nutritifs: guide de l'utilisateur, 2026",Health Canada , Santé Canada
"Aug 1, 2026",4.0,1b6139bd-ed7e-4043-bc28-ff00e10f3109,No resource,2026-05-19,2026-05-19,2026-06-03,"Canadian Nutrient File, 2026","Fichier canadien sur les éléments nutritifs, 2026",No resources covered,Aucune ressource couverte,Health Canada , Santé Canada
"Aug 2, 2026",4.0,1b6139bd-ed7e-4043-bc28-ff00e10f3109,No resource,2026-05-19,2026-05-19,2026-06-03,"Canadian Nutrient File, 2026","Fichier canadien sur les éléments nutritifs, 2026",No resources covered,Aucune ressource couverte,Health Canada , Santé Canada
"Aug 3, 2026",6.0,1b6139bd-ed7e-4043-bc28-ff00e10f3109,No resource,2026-05-19,2026-05-19,2026-06-03,"Canadian Nutrient File, 2026","Fichier canadien sur les éléments nutritifs, 2026",No resources covered,Aucune ressource couverte,Health Canada , Santé Canada
"Aug 1, 2026",1.0,1b6139bd-ed7e-4043-bc28-ff00e10f3109,e1ffee62-58cb-4e3e-b359-115c658388ad,2026-05-19,2026-05-19,2026-05-19,"Canadian Nutrient File, 2026","Fichier canadien sur les éléments nutritifs, 2026",Food Name,Noms des aliments,Health Canada , Santé Canada
"Aug 3, 2026",1.0,1b7c2574-af58-430d-9dc7-6ccde2014198,333d599b-12ed-4e24-90fa-770481d05f0a,2026-03-02,2026-03-02,2026-04-01,Harm caused by substance use among youth aged 10-24 ,Méfaits causés par la consommation de substances chez les jeunes de 10 à 24 ans,Hospital stays from 2018-2024_EN,Hospitalisations de 2018 à 2024_EN,Health Canada , Santé Canada
"Aug 2, 2026",1.0,1c3d15f9-9cfa-4010-8462-0d67e493d9b9,No resource,2016-09-24,2016-09-24,2026-02-10,Canadian Disaster Database,Base de données canadienne sur les catastrophes,No resources covered,Aucune ressource couverte,Public Safety Canada , Sécurité publique Canada
"Aug 2, 2026",2.0,1c3d15f9-9cfa-4010-8462-0d67e493d9b9,c701e05e-4554-4c96-b7c9-0ec4a845fe91,2016-09-24,2026-02-10,2026-02-10,Canadian Disaster Database,Base de données canadienne sur les catastrophes,CDD_Extract_2022_EN,BDC_Extrait_2022_EN,Public Safety Canada , Sécurité publique Canada
"Aug 3, 2026",1.0,1c3d15f9-9cfa-4010-8462-0d67e493d9b9,c701e05e-4554-4c96-b7c9-0ec4a845fe91,2016-09-24,2026-02-10,2026-02-10,Canadian Disaster Database,Base de données canadienne sur les catastrophes,CDD_Extract_2022_EN,BDC_Extrait_2022_EN,Public Safety Canada , Sécurité publique Canada
"Aug 3, 2026",1.0,1c6171cd-3a96-4333-b9a7-d1a6b7124c20,No resource,2021-03-29,2021-03-29,2025-10-07,"Youth courts, guilty cases by type of sentence","Tribunaux de la jeunesse, causes avec condamnation selon le type de peine",No resources covered,Aucune ressource couverte,Statistics Canada , Statistique Canada
"Aug 2, 2026",1.0,1c795c9f-ab00-4234-8bf2-0b7d447d8dd6,e81ace9f-cd51-4ac2-87e9-72f7c99c3839,2026-05-11,2026-05-11,2026-05-11,"REGDOC-3.2.2 - Indigenous Engagement, Version 1.2","REGDOC-3.2.2 - Mobilisation des Autochtones, version 1.2","REGDOC-3.2.2 - Indigenous Engagement, Version 1.2","REGDOC-3.2.2 - Mobilisation des Autochtones, version 1.2",Canadian Nuclear Safety Commission , Commission canadienne de sûreté nucléaire
"Aug 3, 2026",1.0,1c9131d2-ab2a-4513-9a46-945b2bc96e1b,344158dc-206b-446d-b5b3-a1d1d0bc3b66,2025-02-26,2026-05-27,2026-05-27,Public portrait of the uses of AI in the Quebec public administration,Portrait public des utilisations de l’IA dans l’administration publique québécoise,Portrait_public_utilisations_IA_gouvernement_Quebec_2025.csv,Portrait_public_utilisations_IA_gouvernement_Quebec_2025.csv,Government and Municipalities of Québec , Gouvernement et municipalités du Québec
"Aug 1, 2026",2.0,1c949987-310c-4bd8-adaa-a9268332e4c0,aa8a57d9-38ec-4082-b87f-c6ba53d0726f,2021-01-27,2026-02-25,2026-02-25,Vehicle population data,Données sur le parc de véhicules,Vehicle population data - 2020,Vehicle population data - 2020,Government of Ontario , Gouvernement de l'Ontario
"Aug 2, 2026",1.0,1c949987-310c-4bd8-adaa-a9268332e4c0,aa8a57d9-38ec-4082-b87f-c6ba53d0726f,2021-01-27,2026-02-25,2026-02-25,Vehicle population data,Données sur le parc de véhicules,Vehicle population data - 2020,Vehicle population data - 2020,Government of Ontario , Gouvernement de l'Ontario
"Aug 2, 2026",1.0,1cda0df2-550a-4449-9462-1c7464161b20,aaf70018-ab48-43a9-84e7-34623d7c80f0,2022-03-30,2026-07-22,2026-07-22,1M Base Map plus Forest Areas of Alberta - Provincial Base Map Series,Carte de base 1M plus les zones forestières de l'Alberta - Série de cartes de base provinciales,1M Base Map plus Forest Areas of Alberta - Provincial Base Map Series - (PDF),Carte de base 1M plus zones forestières de l'Alberta - Série de cartes de base provinciales - (PDF),Government of Alberta , Gouvernement de l'Alberta
"Aug 2, 2026",1.0,1d247489-ebc3-457e-87aa-362bee1ae84e,No resource,2021-04-13,2021-04-13,2025-11-06,"Supply and use tables, detail level, provincial and territorial","Tableaux des ressources et des emplois, niveau détail, provinciaux et territoriaux",No resources covered,Aucune ressource couverte,Statistics Canada , Statistique Canada
"Aug 1, 2026",1.0,1d42f7b9-1549-40aa-8ac6-0e0302ff2902,e1b7912c-f71a-4b80-aeb0-8dde1a7084f0,2016-09-24,2016-10-20,2016-10-20,Federal Contaminated Sites Inventory,Inventaire des sites contaminés fédéraux,Federal Contaminated Sites Inventory Dataset,Ensemble de données du Inventaire des sites contaminés fédéraux,Treasury Board of Canada Secretariat , Secrétariat du Conseil du Trésor du Canada
"Aug 2, 2026",1.0,1d628c1b-bc18-4c23-9dc6-c1f2fb01691d,No resource,2026-04-15,2026-04-15,2026-04-17,EDC 2026-2030 Corporate Plan Summary,EDC résumé du plan d’entreprise 2026-2030,No resources covered,Aucune ressource couverte,Export Development Canada , Exportation et développement Canada
"Aug 2, 2026",1.0,1e1ad733-43b8-4d21-944f-0520d16e3cb8,1b5e9f59-8bc8-49c1-aed6-a2362616aef8,2026-04-01,2026-04-01,2026-04-01,"Venture Capital Action Plan (VCAP) and Venture Capital Catalyst Initiative (VCCI): Data on Results and Impacts as of December 31, 2024",Plan d'action sur le capital de risque (PACR) et l'Initiative de catalyse du capital de risque (ICCR): Données sur les résultats et les répercussions au 31 décembre 2024,"Performance Metrics for Venture Capital Catalyst Initiative 2017 – December 31, 2024","Performance Metrics for Venture Capital Catalyst Initiative 2017 – December 31, 2024","Innovation, Science and Economic Development Canada "," Innovation, Sciences et Développement économique Canada"
"Aug 2, 2026",1.0,1e1ad733-43b8-4d21-944f-0520d16e3cb8,9044878e-4120-4601-abbf-6121fa9c8b3a,2026-04-01,2026-04-01,2026-04-01,"Venture Capital Action Plan (VCAP) and Venture Capital Catalyst Initiative (VCCI): Data on Results and Impacts as of December 31, 2024",Plan d'action sur le capital de risque (PACR) et l'Initiative de catalyse du capital de risque (ICCR): Données sur les résultats et les répercussions au 31 décembre 2024,"Performance Metrics for Venture Capital Action Plan – December 31, 2024","Performance Metrics for Venture Capital Action Plan – December 31, 2024","Innovation, Science and Economic Development Canada "," Innovation, Sciences et Développement économique Canada"
"Aug 2, 2026",1.0,1e1ad733-43b8-4d21-944f-0520d16e3cb8,ab73e7a2-e97e-45b6-8b33-a329614f05ff,2026-04-01,2026-04-01,2026-04-01,"Venture Capital Action Plan (VCAP) and Venture Capital Catalyst Initiative (VCCI): Data on Results and Impacts as of December 31, 2024",Plan d'action sur le capital de risque (PACR) et l'Initiative de catalyse du capital de risque (ICCR): Données sur les résultats et les répercussions au 31 décembre 2024,"Diversity, Equity, and Inclusion Metrics for Venture Capital Catalyst Initiative 2017 – December 31, 2024","Diversity, Equity, and Inclusion Metrics for Venture Capital Catalyst Initiative 2017 – December 31, 2024","Innovation, Science and Economic Development Canada "," Innovation, Sciences et Développement économique Canada"
"Aug 3, 2026",1.0,1e1e6116-9831-4e87-ae00-33e57f3d1156,68632d8f-27be-4bd8-a664-0cb2a54a666e,2020-09-14,2026-05-27,2026-05-27,Location of the cycling network called Route Verte,Localisation du réseau cyclable nommé Route Verte,sad-greenway-cyclable-network.geojson,sad-reseau-cyclable-route-verte.geojson,Government and Municipalities of Québec , Gouvernement et municipalités du Québec
"Aug 3, 2026",1.0,1e1e6116-9831-4e87-ae00-33e57f3d1156,No resource,2020-09-14,2020-09-14,2026-05-27,Location of the cycling network called Route Verte,Localisation du réseau cyclable nommé Route Verte,No resources covered,Aucune ressource couverte,Government and Municipalities of Québec , Gouvernement et municipalités du Québec
"Aug 3, 2026",2.0,1e2bd6b2-d6c7-415b-8c95-f5f6b2459759,73609a87-77f6-4a69-bd96-b8e3f3451aa7,2026-06-04,2026-06-04,2026-06-04,Parks Canada attendance 2025_26,Fréquentation à Parcs Canada 2025_26,Parks Canada attendance 2025_26,Fréquentation à Parcs Canada 2025_26,Parks Canada , Parcs Canada
"Aug 1, 2026",1.0,1e730ea9-dd19-4c22-aa95-fe644efc7a06,No resource,2023-04-13,2023-04-13,2026-05-06,Student Headcount by Disabilities or Diverse Abilities Category,Effectif des étudiants par catégorie de handicap ou de capacités diverses,No resources covered,Aucune ressource couverte,Government of British Columbia , Gouvernment de la Colombie-Britannique
"Aug 3, 2026",1.0,1eb9eba7-71d1-4b30-9fb1-30cbdab7e63a,1e2a6aa0-c35f-4736-984a-71f2eac1c1dc,2016-09-24,2022-02-23,2025-10-30,National Collision Database,Base nationale de données sur les collisions,National Collision Database (2019),Base nationale de données sur les collisions (2019),Transport Canada , Transports Canada
"Aug 3, 2026",1.0,1ef62127-a2a1-4a8b-963d-944353622bda,ba227b2e-cead-4b33-a743-c0b2318dd56e,2025-09-17,2026-05-20,2026-05-20,Information Sharing Agreement Template MPB,Modèle d'accord de partage d'informations MPB,Information Sharing Agreement Template MPB,Modèle d'accord de partage d'informations MPB,Government of Yukon , Gouvernement du Yukon
"Aug 3, 2026",1.0,1f409308-4165-4d39-9bd5-135e2f9d37e6,d21c94af-9f03-4c6c-8645-ff3bc2994d85,2025-09-17,2026-05-20,2026-05-20,"Surficial geology of Toshingermann Lakes (115G/14), Yukon (1: 50 000 scale)","Géologie superficielle des lacs Toshingermann (115G/14), Yukon (échelle 1:50 000)",Map,Carte,Government of Yukon , Gouvernement du Yukon
"Aug 1, 2026",1.0,1f5c05ff-311f-4271-8d21-4c96c725c2af,86f7a1cb-8cbf-41b5-8146-2184265e9903,2017-03-29,2021-11-24,2021-11-24,"National Topographic Data Base (NTDB), 1944-2005","Base nationale de données topographiques (BNDT), 1944-2005",Standards and Specifications of the NTDB,Normes et spécifications de la BNDT,Natural Resources Canada , Ressources naturelles Canada
"Aug 3, 2026",1.0,1fab2afd-4f3c-4922-a07e-58d7bed9dcfc,9f03d5c7-c331-4966-85ff-0a71a6ea258e,2016-09-24,2016-11-14,2026-07-21,"Canada Pension Plan (CPP) - Number of Benefits, by Place of Residence and Benefit Type","Régime de pensions du Canada (RPC) - Nombre de prestations, selon le lieu de résidence et le type de prestation",January 2012 - July 2026,janvier 2012 - juillet 2026,Employment and Social Development Canada , Emploi et Développement social Canada
"Aug 3, 2026",1.0,1fab2afd-4f3c-4922-a07e-58d7bed9dcfc,No resource,2016-09-24,2016-09-24,2026-07-21,"Canada Pension Plan (CPP) - Number of Benefits, by Place of Residence and Benefit Type","Régime de pensions du Canada (RPC) - Nombre de prestations, selon le lieu de résidence et le type de prestation",No resources covered,Aucune ressource couverte,Employment and Social Development Canada , Emploi et Développement social Canada
"Aug 3, 2026",1.0,1fb7d8d4-7713-4ec6-b957-4a882a84fed3,01280212-0faf-47fc-b1f9-db99a627303c,2016-09-24,2025-11-27,2025-11-27,"Single year data tables by facility – releases, transfers and disposals","Tableaux de données pour une année, par installation – Rejets, transferts et éliminations",NPRI-INRP_DataDonnées_2024.xlsx,NPRI-INRP_DataDonnées_2024.xlsx,Environment and Climate Change Canada , Environnement et Changement climatique Canada
"Aug 2, 2026",9.0,1fb7d8d4-7713-4ec6-b957-4a882a84fed3,No resource,2016-09-24,2016-09-24,2025-11-27,"Single year data tables by facility – releases, transfers and disposals","Tableaux de données pour une année, par installation – Rejets, transferts et éliminations",No resources covered,Aucune ressource couverte,Environment and Climate Change Canada , Environnement et Changement climatique Canada
"Aug 2, 2026",1.0,1fb7d8d4-7713-4ec6-b957-4a882a84fed3,e839f072-93d9-4da5-8b05-47fc70266e88,2016-09-24,2025-11-27,2025-11-27,"Single year data tables by facility – releases, transfers and disposals","Tableaux de données pour une année, par installation – Rejets, transferts et éliminations",NPRI-INRP_DataDonnées_2020.xlsx,NPRI-INRP_DataDonnées_2020.xlsx,Environment and Climate Change Canada , Environnement et Changement climatique Canada
"Aug 1, 2026",2.0,1feee3b5-8068-4dbb-b361-180875837593,08e5b494-e7e8-4082-8e3e-e8df0f4f28c6,2021-12-09,2021-12-09,2026-04-08,National Occupational Classification (NOC) 2021 Version 1.0,Classification nationale des professions (CNP) 2021 version 1.0,National Occupational Classification (NOC) 2021 Version 1.0 - Classification structure,Classification nationale des professions (CNP) 2021 version 1.0 - Structure de la classification,Statistics Canada , Statistique Canada
"Aug 3, 2026",2.0,1feee3b5-8068-4dbb-b361-180875837593,08e5b494-e7e8-4082-8e3e-e8df0f4f28c6,2021-12-09,2021-12-09,2026-04-08,National Occupational Classification (NOC) 2021 Version 1.0,Classification nationale des professions (CNP) 2021 version 1.0,National Occupational Classification (NOC) 2021 Version 1.0 - Classification structure,Classification nationale des professions (CNP) 2021 version 1.0 - Structure de la classification,Statistics Canada , Statistique Canada
"Aug 1, 2026",1.0,1feee3b5-8068-4dbb-b361-180875837593,38a40ddd-4543-44c5-a9cb-efbb334dfe0d,2021-12-09,2022-11-14,2026-04-08,National Occupational Classification (NOC) 2021 Version 1.0,Classification nationale des professions (CNP) 2021 version 1.0,National Occupational Classification (NOC) 2021 Version 1.0,Classification nationale des professions (CNP) 2021 version 1.0,Statistics Canada , Statistique Canada
"Aug 3, 2026",1.0,1feee3b5-8068-4dbb-b361-180875837593,38a40ddd-4543-44c5-a9cb-efbb334dfe0d,2021-12-09,2022-11-14,2026-04-08,National Occupational Classification (NOC) 2021 Version 1.0,Classification nationale des professions (CNP) 2021 version 1.0,National Occupational Classification (NOC) 2021 Version 1.0,Classification nationale des professions (CNP) 2021 version 1.0,Statistics Canada , Statistique Canada
"Aug 3, 2026",1.0,1feee3b5-8068-4dbb-b361-180875837593,cc4b6baf-df28-4928-8a68-466775ceebe2,2021-12-09,2021-12-09,2026-04-08,National Occupational Classification (NOC) 2021 Version 1.0,Classification nationale des professions (CNP) 2021 version 1.0,National Occupational Classification (NOC) 2021 Version 1.0 - Elements,Classification nationale des professions (CNP) 2021 version 1.0 - éléments ,Statistics Canada , Statistique Canada
"Aug 3, 2026",1.0,203bb08d-fdff-46f6-93ec-00e5d1d76a81,6c9cfdc2-b3ea-4eb9-b564-fd28e7aba16b,2025-09-29,2025-10-09,2026-07-16,Trust companies,Sociétés de fiducie,M4 - Consolidated Balance Sheet (Active)​,M4 - Bilan consolidé (Actif)​,Office of the Superintendent of Financial Institutions Canada , Bureau du surintendant des institutions financières Canada
"Aug 3, 2026",1.0,203bb08d-fdff-46f6-93ec-00e5d1d76a81,9df41a7b-87cd-425b-a036-cf650177e5cd,2025-09-29,2025-09-29,2026-05-25,Trust companies,Sociétés de fiducie,"P3 - Consolidated Statement Of Income, Retained Earnings & AOCI (Active)","P3 - État consolidés des revenus, bénéfices non repartis et AERE (Actif)",Office of the Superintendent of Financial Institutions Canada , Bureau du surintendant des institutions financières Canada
"Aug 3, 2026",1.0,2099b8f1-d862-4b47-b650-308ebbcb9ef6,b14dc0f8-bc98-465b-84c6-3c3c62578898,2020-04-02,2020-04-02,2026-04-30,Canadian Armed Forces Regular Force Non-Commissioned Member (NCM) Promotions by Gender,Promotions des membres du rang de la Force régulière des Forces armées canadiennes par sexe,Canadian Armed Forces Regular Force Non-Commissioned Member (NCM) Promotions by Gender,Promotions des membres du rang de la Force régulière des Forces armées canadiennes par sexe,National Defence , Défense nationale
"Aug 2, 2026",8.0,20e546a9-f626-4e14-bdac-56f6803daf5b,No resource,2024-10-02,2024-10-02,2025-06-23,GC HR and Pay - Unified Actions for Pay,RH et paye du GC – Actions unifiées pour la paye,No resources covered,Aucune ressource couverte,Public Services and Procurement Canada , Services publics et Approvisionnement Canada
"Aug 3, 2026",1.0,21fdd1cd-ec48-4b0a-910e-7ee78c18ffb5,73c02000-4fe0-49d6-a167-d271d71d4e57,2025-01-27,2025-01-27,2025-02-10,Evaluation of the Transfer Payment Program for the Canadian Firearms Program,Évaluation du programme de paiements de transfert du Programme canadien des armes à feu,Evaluation of the Transfer Payment Program for the Canadian Firearms Program,Évaluation du programme de paiements de transfert du Programme canadien des armes à feu,Royal Canadian Mounted Police , Gendarmerie royale du Canada
"Aug 3, 2026",1.0,22b0166b-9db3-46b7-9baf-6584a3acc7b1,58fdcc95-5879-4271-92aa-87ca28affa7d,2020-06-18,2021-11-30,2021-11-30,Vegetation Zones of Canada: a Biogeoclimatic Perspective,Zones de végétation du Canada : une perspective biogéoclimatique,Vegetation Zones of Canada,Zones de végétation du Canada,Natural Resources Canada , Ressources naturelles Canada
"Aug 1, 2026",2.0,22c7cb44-1463-48f7-8e47-88857f207702,4d6d5025-6b94-47b5-9620-8130e2014bb4,2020-06-05,2026-04-22,2026-04-22,BC Wildfire Fire Perimeters - Historical,Périmètres des feux de forêt en Colombie-Britannique - Historique,PROT_HISTORICAL_FIRE_POLYS_SP,PROT_HISTORICAL_FIRE_POLYS_SP,Government of British Columbia , Gouvernment de la Colombie-Britannique
"Aug 2, 2026",2.0,22c7cb44-1463-48f7-8e47-88857f207702,4d6d5025-6b94-47b5-9620-8130e2014bb4,2020-06-05,2026-04-22,2026-04-22,BC Wildfire Fire Perimeters - Historical,Périmètres des feux de forêt en Colombie-Britannique - Historique,PROT_HISTORICAL_FIRE_POLYS_SP,PROT_HISTORICAL_FIRE_POLYS_SP,Government of British Columbia , Gouvernment de la Colombie-Britannique
"Aug 3, 2026",2.0,22c7cb44-1463-48f7-8e47-88857f207702,4d6d5025-6b94-47b5-9620-8130e2014bb4,2020-06-05,2026-04-22,2026-04-22,BC Wildfire Fire Perimeters - Historical,Périmètres des feux de forêt en Colombie-Britannique - Historique,PROT_HISTORICAL_FIRE_POLYS_SP,PROT_HISTORICAL_FIRE_POLYS_SP,Government of British Columbia , Gouvernment de la Colombie-Britannique
"Aug 1, 2026",1.0,22c7cb44-1463-48f7-8e47-88857f207702,No resource,2020-06-05,2020-06-05,2026-04-22,BC Wildfire Fire Perimeters - Historical,Périmètres des feux de forêt en Colombie-Britannique - Historique,No resources covered,Aucune ressource couverte,Government of British Columbia , Gouvernment de la Colombie-Britannique
"Aug 2, 2026",1.0,22c7cb44-1463-48f7-8e47-88857f207702,No resource,2020-06-05,2020-06-05,2026-04-22,BC Wildfire Fire Perimeters - Historical,Périmètres des feux de forêt en Colombie-Britannique - Historique,No resources covered,Aucune ressource couverte,Government of British Columbia , Gouvernment de la Colombie-Britannique
"Aug 3, 2026",1.0,22c7cb44-1463-48f7-8e47-88857f207702,No resource,2020-06-05,2020-06-05,2026-04-22,BC Wildfire Fire Perimeters - Historical,Périmètres des feux de forêt en Colombie-Britannique - Historique,No resources covered,Aucune ressource couverte,Government of British Columbia , Gouvernment de la Colombie-Britannique
"Aug 2, 2026",3.0,23344072-7118-4715-84a9-daf630ec76c8,No resource,2026-05-26,2026-05-26,2026-07-17,Statistics on the Electric Vehicle Affordability Program (EVAP),Statistiques sur le Programme pour l’abordabilité des véhicules électriques (PAVE),No resources covered,Aucune ressource couverte,Transport Canada , Transports Canada
"Aug 3, 2026",2.0,23344072-7118-4715-84a9-daf630ec76c8,d6bff3d7-f4e3-4dbf-9f0a-3fc6607ac1e4,2026-05-26,2026-07-17,2026-07-17,Statistics on the Electric Vehicle Affordability Program (EVAP),Statistiques sur le Programme pour l’abordabilité des véhicules électriques (PAVE),EVAP June 2026 Webstats - FR,PAVE Statistiques Juin 2026  - FR,Transport Canada , Transports Canada
"Aug 1, 2026",2.0,23344072-7118-4715-84a9-daf630ec76c8,e05b011e-f782-44ad-913a-971de5730923,2026-05-26,2026-07-17,2026-07-17,Statistics on the Electric Vehicle Affordability Program (EVAP),Statistiques sur le Programme pour l’abordabilité des véhicules électriques (PAVE),EVAP June 2026 Webstats -EN,PAVE Statistiques Juin 2026 - EN,Transport Canada , Transports Canada
"Aug 1, 2026",1.0,23ada5c3-67a6-4703-9369-c8d690b092e1,90c4450b-f4b8-486c-82a7-f77da0b160a3,2023-04-13,2026-04-17,2026-04-17,Aquatic Life Copper WQG Acute,Aquatic Life Cuivre WQG Acute,B.C. copper acute WQGs for the protection of aquatic life,QGs de qualité aiguë en cuivre de la Colombie-Britannique pour la protection de la vie aquatique,Government of British Columbia , Gouvernment de la Colombie-Britannique
"Aug 1, 2026",1.0,23ada5c3-67a6-4703-9369-c8d690b092e1,No resource,2023-04-13,2023-04-13,2026-04-17,Aquatic Life Copper WQG Acute,Aquatic Life Cuivre WQG Acute,No resources covered,Aucune ressource couverte,Government of British Columbia , Gouvernment de la Colombie-Britannique
"Aug 3, 2026",1.0,23d26c61-b119-42c0-aa41-bd06cd96a973,No resource,2020-12-08,2020-12-08,2026-03-24,Canada's designated alternate ballast water exchange areas,Zones désignées de renouvellement d’eau de ballast du Canada,No resources covered,Aucune ressource couverte,Transport Canada , Transports Canada
"Aug 3, 2026",1.0,23fcb096-3926-49ff-9214-0dca15d8c035,No resource,2018-06-27,2018-06-27,2023-01-17,"Estimates of population, by marital status, age group and sex for July 1, Canada, provinces and territories","Estimations de la population, selon l'état matrimonial, le groupe d'âge et le sexe au 1er juillet, Canada, provinces et territoires",No resources covered,Aucune ressource couverte,Statistics Canada , Statistique Canada
"Aug 2, 2026",1.0,2462d66b-c622-4fbb-bb1d-d9f1ad6f87e5,No resource,2025-08-13,2025-08-13,2026-07-29,Authorized annual programming (PRANA),Programmation annuelle autorisée (PRANA),No resources covered,Aucune ressource couverte,Government and Municipalities of Québec , Gouvernement et municipalités du Québec
"Aug 2, 2026",1.0,24969dcc-6618-4aa0-94d9-083e6400072a,a7c242f5-0f4d-407c-874f-9a747d5c48ff,2017-04-05,2026-02-18,2026-03-09,Object codes list as per the Government-wide Chart of Accounts,Liste des codes d'article selon le Plan comptable à l'échelle de l'administration fédérale,2027 - Object Codes,2027 - Codes d'article,Public Services and Procurement Canada , Services publics et Approvisionnement Canada
"Aug 2, 2026",2.0,2513374b-d342-55fb-8a23-4c2f5667850a,No resource,2017-04-18,2017-04-18,2021-01-11,"Aeromagnetic vertical gradient map, Herb Lake, Manitoba","Carte aéromagnétique du gradient vertical, Herb Lake, Manitoba",No resources covered,Aucune ressource couverte,Natural Resources Canada , Ressources naturelles Canada
"Aug 1, 2026",1.0,2582c87b-03b4-406c-af6b-3cfea418dc7b,No resource,2020-11-27,2020-11-27,2026-03-25,Official airports,Aéroports officiels,No resources covered,Aucune ressource couverte,Government of Ontario , Gouvernement de l'Ontario
"Aug 3, 2026",1.0,2582c87b-03b4-406c-af6b-3cfea418dc7b,No resource,2020-11-27,2020-11-27,2026-03-25,Official airports,Aéroports officiels,No resources covered,Aucune ressource couverte,Government of Ontario , Gouvernement de l'Ontario
"Aug 1, 2026",1.0,261c32ab-4cfd-4f81-9dea-7b64065690dc,0f4bcd22-f5d0-4b26-bbb4-f1a5b1af9b09,2020-04-29,2020-05-25,2024-11-21,Public Health Infobase - Data on COVID-19 in Canada,Infobase de la santé publique - Données de COVID-19 au Canada,Data Dictionary,Data Dictionary,Public Health Agency of Canada , Agence de la santé publique du Canada
"Aug 1, 2026",1.0,261c32ab-4cfd-4f81-9dea-7b64065690dc,39434379-45a1-43d5-aea7-a7a50113c291,2020-04-29,2020-04-29,2024-11-20,Public Health Infobase - Data on COVID-19 in Canada,Infobase de la santé publique - Données de COVID-19 au Canada,Public Health Infobase - Data on COVID-19 in Canada,Infobase de la santé publique - Données de COVID-19 au Canada,Public Health Agency of Canada , Agence de la santé publique du Canada
"Aug 2, 2026",2.0,261c32ab-4cfd-4f81-9dea-7b64065690dc,39434379-45a1-43d5-aea7-a7a50113c291,2020-04-29,2020-04-29,2024-11-20,Public Health Infobase - Data on COVID-19 in Canada,Infobase de la santé publique - Données de COVID-19 au Canada,Public Health Infobase - Data on COVID-19 in Canada,Infobase de la santé publique - Données de COVID-19 au Canada,Public Health Agency of Canada , Agence de la santé publique du Canada
"Aug 3, 2026",1.0,261c32ab-4cfd-4f81-9dea-7b64065690dc,39434379-45a1-43d5-aea7-a7a50113c291,2020-04-29,2020-04-29,2024-11-20,Public Health Infobase - Data on COVID-19 in Canada,Infobase de la santé publique - Données de COVID-19 au Canada,Public Health Infobase - Data on COVID-19 in Canada,Infobase de la santé publique - Données de COVID-19 au Canada,Public Health Agency of Canada , Agence de la santé publique du Canada
"Aug 2, 2026",1.0,261c32ab-4cfd-4f81-9dea-7b64065690dc,No resource,2020-04-29,2020-04-29,2025-11-21,Public Health Infobase - Data on COVID-19 in Canada,Infobase de la santé publique - Données de COVID-19 au Canada,No resources covered,Aucune ressource couverte,Public Health Agency of Canada , Agence de la santé publique du Canada
"Aug 2, 2026",1.0,26b9c811-adbf-445a-95eb-941065431b44,9f0bd0f6-61fb-43b9-bdcc-c79852bfc3b0,2026-05-11,2026-05-11,2026-05-11,REGDOC-2.4.4 - Safety Analysis for Class IB Nuclear Facilities,REGDOC-2.4.4 - Analyse de la sûreté pour les installations nucléaires de catégorie IB,REGDOC-2.4.4 - Safety Analysis for Class IB Nuclear Facilities,REGDOC-2.4.4 - Analyse de la sûreté pour les installations nucléaires de catégorie IB,Canadian Nuclear Safety Commission , Commission canadienne de sûreté nucléaire
"Aug 2, 2026",5.0,26bd6b89-0b85-4697-8d51-fc84e9f4b549,9508f4d2-ce54-4389-a659-c8d54c4c97b6,2017-06-20,2017-06-20,2017-06-20,Meteorological Service of Canada (MSC) Beaufort Wind and Wave Reanalysis,Réanalyse par le Service Météorologique du Canada (SMC) des vagues et des vents dans la mer de Beaufort,MSC Beaufort Wind Wave 1970-2015,SMC Beaufort vagues et vents,Environment and Climate Change Canada , Environnement et Changement climatique Canada
"Aug 2, 2026",2.0,26bd6b89-0b85-4697-8d51-fc84e9f4b549,No resource,2017-06-20,2017-06-20,2021-07-30,Meteorological Service of Canada (MSC) Beaufort Wind and Wave Reanalysis,Réanalyse par le Service Météorologique du Canada (SMC) des vagues et des vents dans la mer de Beaufort,No resources covered,Aucune ressource couverte,Environment and Climate Change Canada , Environnement et Changement climatique Canada
"Aug 3, 2026",1.0,26ffad36-ca9b-431c-8f6d-a6df02665e2c,5456d998-fc83-4871-b6b2-deaff7be5c98,2021-03-29,2021-03-29,2026-07-07,Public Service Commission's Staffing Dashboard,Tableau de bord de la dotation de la Commission de la fonction publique,Public Service Commission's Staffing Dashboard: Inflow,Tableau de bord de la dotation de la Commission de la fonction publique : Nouvelles arrivées,Public Service Commission of Canada , Commission de la fonction publique du Canada
"Aug 3, 2026",1.0,27312563-a8c3-4950-aac3-2c8ecbe50bbc,20f0fc98-7b58-4909-894f-21524da404b0,2022-09-07,2025-09-10,2025-09-10,Canadian and international tuition fees by level of study (constant dollars),Droits de scolarité des étudiants canadiens et internationaux selon le niveau d'études (dollars constants),Dataset,Ensembles de données,Statistics Canada , Statistique Canada
"Aug 3, 2026",1.0,2785c103-9c2d-429b-9f3d-89f5cd9ea94d,04672bb6-a7e6-4947-9600-393363191111,2026-02-04,2026-03-16,2026-03-16,Annual High-resolution forest land cover for Canada (1984-2022),Couverture forestière annuelle à haute résolution pour le Canada (1984-2022),CA_forest_VLCE2_2012.zip,CA_forest_VLCE2_2012.zip,Natural Resources Canada , Ressources naturelles Canada
"Aug 3, 2026",1.0,2785c103-9c2d-429b-9f3d-89f5cd9ea94d,12c9e425-f13b-4e8f-af82-c7bfc314481b,2026-02-04,2026-03-16,2026-03-16,Annual High-resolution forest land cover for Canada (1984-2022),Couverture forestière annuelle à haute résolution pour le Canada (1984-2022),CA_forest_VLCE2_2008.zip,CA_forest_VLCE2_2008.zip,Natural Resources Canada , Ressources naturelles Canada
"Aug 3, 2026",1.0,2785c103-9c2d-429b-9f3d-89f5cd9ea94d,2582df08-69ac-4206-a923-a72fb0d3f3cc,2026-02-04,2026-03-16,2026-03-16,Annual High-resolution forest land cover for Canada (1984-2022),Couverture forestière annuelle à haute résolution pour le Canada (1984-2022),CA_forest_VLCE2_2019.zip,CA_forest_VLCE2_2019.zip,Natural Resources Canada , Ressources naturelles Canada
"Aug 3, 2026",2.0,2785c103-9c2d-429b-9f3d-89f5cd9ea94d,38acaa88-d509-472e-ae96-926e4df7784a,2026-02-04,2026-03-16,2026-03-16,Annual High-resolution forest land cover for Canada (1984-2022),Couverture forestière annuelle à haute résolution pour le Canada (1984-2022),CA_forest_VLCE2_2013.zip,CA_forest_VLCE2_2013.zip,Natural Resources Canada , Ressources naturelles Canada
"Aug 3, 2026",1.0,2785c103-9c2d-429b-9f3d-89f5cd9ea94d,43281405-a8d0-4ec5-96bc-66dc4a79ca80,2026-02-04,2026-03-16,2026-03-16,Annual High-resolution forest land cover for Canada (1984-2022),Couverture forestière annuelle à haute résolution pour le Canada (1984-2022),CA_forest_VLCE2_2007.zip,CA_forest_VLCE2_2007.zip,Natural Resources Canada , Ressources naturelles Canada
"Aug 3, 2026",1.0,2785c103-9c2d-429b-9f3d-89f5cd9ea94d,7100893d-42c6-4729-aaf5-0b1e2d407bae,2026-02-04,2026-03-16,2026-03-16,Annual High-resolution forest land cover for Canada (1984-2022),Couverture forestière annuelle à haute résolution pour le Canada (1984-2022),CA_forest_VLCE2_2009.zip,CA_forest_VLCE2_2009.zip,Natural Resources Canada , Ressources naturelles Canada
"Aug 3, 2026",1.0,2785c103-9c2d-429b-9f3d-89f5cd9ea94d,73f966e8-0638-42e8-ae9f-5ec456c90397,2026-02-04,2026-03-16,2026-03-16,Annual High-resolution forest land cover for Canada (1984-2022),Couverture forestière annuelle à haute résolution pour le Canada (1984-2022),CA_forest_VLCE2_2016.zip,CA_forest_VLCE2_2016.zip,Natural Resources Canada , Ressources naturelles Canada
"Aug 3, 2026",1.0,2785c103-9c2d-429b-9f3d-89f5cd9ea94d,7fadf3db-f798-4dc2-aa9f-b0d7442c2b63,2026-02-04,2026-03-16,2026-03-16,Annual High-resolution forest land cover for Canada (1984-2022),Couverture forestière annuelle à haute résolution pour le Canada (1984-2022),CA_forest_VLCE2_2018.zip,CA_forest_VLCE2_2018.zip,Natural Resources Canada , Ressources naturelles Canada
"Aug 3, 2026",1.0,2785c103-9c2d-429b-9f3d-89f5cd9ea94d,8171f75e-6284-4476-8ade-4de6f45a27b8,2026-02-04,2026-03-16,2026-03-16,Annual High-resolution forest land cover for Canada (1984-2022),Couverture forestière annuelle à haute résolution pour le Canada (1984-2022),CA_forest_VLCE2_2015.zip,CA_forest_VLCE2_2015.zip,Natural Resources Canada , Ressources naturelles Canada
"Aug 3, 2026",1.0,2785c103-9c2d-429b-9f3d-89f5cd9ea94d,9d4c64ff-98af-4aeb-a6ae-948464553968,2026-02-04,2026-03-16,2026-03-16,Annual High-resolution forest land cover for Canada (1984-2022),Couverture forestière annuelle à haute résolution pour le Canada (1984-2022),CA_forest_VLCE2_2017.zip,CA_forest_VLCE2_2017.zip,Natural Resources Canada , Ressources naturelles Canada
"Aug 3, 2026",1.0,2785c103-9c2d-429b-9f3d-89f5cd9ea94d,cdc9660d-40c0-481f-83b0-fa49a9986d8c,2026-02-04,2026-03-16,2026-03-16,Annual High-resolution forest land cover for Canada (1984-2022),Couverture forestière annuelle à haute résolution pour le Canada (1984-2022),CA_forest_VLCE2_2014.zip,CA_forest_VLCE2_2014.zip,Natural Resources Canada , Ressources naturelles Canada
"Aug 3, 2026",1.0,2785c103-9c2d-429b-9f3d-89f5cd9ea94d,d0295b25-2c85-4cc8-8d06-4db470623c7f,2026-02-04,2026-03-16,2026-03-16,Annual High-resolution forest land cover for Canada (1984-2022),Couverture forestière annuelle à haute résolution pour le Canada (1984-2022),CA_forest_VLCE2_2022.zip,CA_forest_VLCE2_2022.zip,Natural Resources Canada , Ressources naturelles Canada
"Aug 3, 2026",1.0,2785c103-9c2d-429b-9f3d-89f5cd9ea94d,da6396bb-1023-4cab-b301-25b0489499f9,2026-02-04,2026-03-16,2026-03-16,Annual High-resolution forest land cover for Canada (1984-2022),Couverture forestière annuelle à haute résolution pour le Canada (1984-2022),CA_forest_VLCE2_2021.zip,CA_forest_VLCE2_2021.zip,Natural Resources Canada , Ressources naturelles Canada
"Aug 3, 2026",1.0,2785c103-9c2d-429b-9f3d-89f5cd9ea94d,e3551c17-daa7-425c-8480-8e36e059b94b,2026-02-04,2026-03-16,2026-03-16,Annual High-resolution forest land cover for Canada (1984-2022),Couverture forestière annuelle à haute résolution pour le Canada (1984-2022),CA_forest_VLCE2_2011.zip,CA_forest_VLCE2_2011.zip,Natural Resources Canada , Ressources naturelles Canada
"Aug 3, 2026",1.0,2785c103-9c2d-429b-9f3d-89f5cd9ea94d,ef14f098-d3a8-4e66-8a2a-9fe86cabd68c,2026-02-04,2026-03-16,2026-03-16,Annual High-resolution forest land cover for Canada (1984-2022),Couverture forestière annuelle à haute résolution pour le Canada (1984-2022),CA_forest_VLCE2_2020.zip,CA_forest_VLCE2_2020.zip,Natural Resources Canada , Ressources naturelles Canada
"Aug 3, 2026",1.0,2785c103-9c2d-429b-9f3d-89f5cd9ea94d,f8be208c-d92e-4d6e-a47c-ebc0f36f22d7,2026-02-04,2026-03-16,2026-03-16,Annual High-resolution forest land cover for Canada (1984-2022),Couverture forestière annuelle à haute résolution pour le Canada (1984-2022),CA_forest_VLCE2_2010.zip,CA_forest_VLCE2_2010.zip,Natural Resources Canada , Ressources naturelles Canada
"Aug 3, 2026",1.0,284161c8-911e-4fe4-9da1-1b0e981f00bc,b41ca4ed-65d4-4c17-ba3e-4e249d7ad95e,2026-06-09,2026-06-29,2026-06-30,Health Canada Tobacco Control Directorate and tobacco and vaping industry meetings,Réunions entre la Direction de la lutte au tabagisme de Santé Canada et des représentants de l’industrie du tabac et du vapotage,"Meeting between Health Canada and Rothmans, Benson & Hedges – April 24, 2026","Meeting between Health Canada and Rothmans, Benson & Hedges – April 24, 2026",Health Canada , Santé Canada
"Aug 2, 2026",1.0,2909a648-5753-4924-878a-b069392d9cde,22d58168-f6d2-4a89-ad20-4980e9e7530d,2023-03-08,2026-03-11,2026-03-11," Canadian International Merchandise Trade Web Application (CIMT), 2023 - 2026","L'application Web sur le commerce international de marchandises du Canada (CICM), 2023 - 2026","Imports, 2026","Importations, 2026",Statistics Canada , Statistique Canada
"Aug 3, 2026",1.0,2909a648-5753-4924-878a-b069392d9cde,22d58168-f6d2-4a89-ad20-4980e9e7530d,2023-03-08,2026-03-11,2026-03-11," Canadian International Merchandise Trade Web Application (CIMT), 2023 - 2026","L'application Web sur le commerce international de marchandises du Canada (CICM), 2023 - 2026","Imports, 2026","Importations, 2026",Statistics Canada , Statistique Canada
"Aug 1, 2026",2.0,29122e72-5762-25f0-732f-c6377f11763f,No resource,2025-01-15,2025-01-15,2026-04-17,2024 - Employee Salaries,Traitements des employés,No resources covered,Aucune ressource couverte,Government of New Brunswick , Gouvernement du Nouveau-Brunswick
"Aug 2, 2026",1.0,29122e72-5762-25f0-732f-c6377f11763f,No resource,2025-01-15,2025-01-15,2026-04-17,2024 - Employee Salaries,Traitements des employés,No resources covered,Aucune ressource couverte,Government of New Brunswick , Gouvernement du Nouveau-Brunswick
"Aug 3, 2026",3.0,29122e72-5762-25f0-732f-c6377f11763f,No resource,2025-01-15,2025-01-15,2026-04-17,2024 - Employee Salaries,Traitements des employés,No resources covered,Aucune ressource couverte,Government of New Brunswick , Gouvernement du Nouveau-Brunswick
"Aug 2, 2026",1.0,29122e72-5762-25f0-732f-c6377f11763f,bdab5c93-0dac-4fb2-94c8-615d4181e7ea,2025-01-15,2026-04-17,2026-04-17,2024 - Employee Salaries,Traitements des employés,2024 - Employee Salaries (CSV),Traitements des employés (CSV),Government of New Brunswick , Gouvernement du Nouveau-Brunswick
"Aug 1, 2026",1.0,2916fad5-ebcc-4c86-b0f3-4f619b29f412,15eeafa2-c331-44e7-b37f-d0d54a51d2eb,2016-09-24,2022-07-07,2026-07-06,Open Government Analytics,Analyses concernant le gouvernement ouvert,Open Maps Views,vues des cartes ouvertes,Treasury Board of Canada Secretariat , Secrétariat du Conseil du Trésor du Canada
"Aug 3, 2026",2.0,2916fad5-ebcc-4c86-b0f3-4f619b29f412,15eeafa2-c331-44e7-b37f-d0d54a51d2eb,2016-09-24,2022-07-07,2026-07-06,Open Government Analytics,Analyses concernant le gouvernement ouvert,Open Maps Views,vues des cartes ouvertes,Treasury Board of Canada Secretariat , Secrétariat du Conseil du Trésor du Canada
"Aug 1, 2026",1.0,2916fad5-ebcc-4c86-b0f3-4f619b29f412,No resource,2016-09-24,2016-09-24,2026-08-03,Open Government Analytics,Analyses concernant le gouvernement ouvert,No resources covered,Aucune ressource couverte,Treasury Board of Canada Secretariat , Secrétariat du Conseil du Trésor du Canada
"Aug 1, 2026",1.0,2916fad5-ebcc-4c86-b0f3-4f619b29f412,ba980e38-f110-466a-ad92-3ee0d5a60d49,2016-09-24,2016-12-01,2026-07-06,Open Government Analytics,Analyses concernant le gouvernement ouvert,Top 100 Downloaded Datasets (for the month prior),Les 100 principaux jeux de données téléchargés (pour le mois précédent),Treasury Board of Canada Secretariat , Secrétariat du Conseil du Trésor du Canada
"Aug 2, 2026",1.0,29220ec8-593e-49da-8fb3-5c10969f6c24,5e0ec531-dfe4-4163-97e8-a3ec5a749fb6,2018-06-27,2023-01-17,2023-01-17,"Aircraft movements by class of operation, airports with NAV CANADA towers, preliminary, annual","Mouvements d'aéronefs par classe de vol, aéroports avec tour de contrôle de NAV CANADA, données préliminaires, annuel",Dataset,Ensembles de données,Statistics Canada , Statistique Canada
"Aug 2, 2026",2.0,29220ec8-593e-49da-8fb3-5c10969f6c24,No resource,2018-06-27,2018-06-27,2023-01-17,"Aircraft movements by class of operation, airports with NAV CANADA towers, preliminary, annual","Mouvements d'aéronefs par classe de vol, aéroports avec tour de contrôle de NAV CANADA, données préliminaires, annuel",No resources covered,Aucune ressource couverte,Statistics Canada , Statistique Canada
"Aug 3, 2026",1.0,292646cd-619f-4200-afb1-8b2c52f984a2,32874f87-2fd9-44e6-8db4-7abe1b8b38c2,2016-09-24,2026-06-12,2026-06-12,Canadian Drought Monitor,Outil de surveillance des sécheresses au Canada,Data Product Specification,Spécifications du produit,Agriculture and Agri-Food Canada , Agriculture et Agroalimentaire Canada
"Aug 1, 2026",1.0,296de17c-001c-4435-8f9a-f5acab632e85,No resource,2017-09-11,2017-09-11,2025-06-10,Canada Basemap Transportation (CBMT) - Raster Tile,Carte de base du Canada - Transport (CBCT) - tuiles rasters,No resources covered,Aucune ressource couverte,Natural Resources Canada , Ressources naturelles Canada
"Aug 1, 2026",1.0,29892c85-2ff5-484c-873c-f494ffba6e1b,192fa2e2-7401-4b20-8b94-be9c21c6a7ee,2023-03-08,2023-03-08,2025-10-28,The Healthy Eating Food Index 2019 ,l’Indice de saine alimentation 2019,ASA24 2018 Complete Database,ASA24 2018_Base de données complètes,Health Canada , Santé Canada
"Aug 3, 2026",1.0,29a55543-3e27-4d7a-8ce5-7b669305b2d8,No resource,2021-01-27,2021-01-27,2026-04-17,Ontario consumer price index,"Indice des prix à la consommation, Ontario",No resources covered,Aucune ressource couverte,Government of Ontario , Gouvernement de l'Ontario
"Aug 2, 2026",1.0,29ab4f6e-3ba3-48b9-8861-f2123ae30326,No resource,2019-05-09,2019-05-09,2022-02-21,Physician Cost ages 0 to 75 plus,Coûts du médecin  Âgé de 0 à 75 plus,No resources covered,Aucune ressource couverte,Public Health Agency of Canada , Agence de la santé publique du Canada
"Aug 3, 2026",1.0,29dcc92c-9f91-472d-9240-f28f1ccedf83,9057ef59-bf39-4bce-bd42-5b382a22c692,2023-04-05,2026-04-17,2026-04-17,List of Elements in Alberta - vascular plants,Translation of List of Elements in Alberta - vascular plants,List of Elements in Alberta - vascular plants,Translation of List of Elements in Alberta - vascular plants,Government of Alberta , Gouvernement de l'Alberta
"Aug 1, 2026",1.0,2a55313f-26fc-4872-9a57-2a7bf2a4cc38,3bbe193c-53de-4d36-a1f7-208f162059bf,2018-06-04,2018-06-04,2024-12-09,Clear Lake Water Quality - Riding Mountain,Qualité d'eau du Lac Clear - Mont-Riding,Clear Lake Water Quality - Riding Mountain - data 1,Qualité d'eau du Lac Clear - Mont-Riding - données 1,Parks Canada , Parcs Canada
"Aug 3, 2026",7.0,2a9639e7-adee-47ae-a3cf-c3c9b526da79,No resource,2016-09-24,2016-09-24,2026-07-17,Canadian Importers Database (2013),Base de données sur les importateurs (2013) canadiens,No resources covered,Aucune ressource couverte,"Innovation, Science and Economic Development Canada "," Innovation, Sciences et Développement économique Canada"
"Aug 2, 2026",2.0,2abe0796-c3e6-443b-a5c5-74e770e9fbe0,No resource,2025-06-20,2025-06-20,2025-09-29,Canadian Cannabis Survey (CCS) 2024 Public Use Microdata File (PUMF),Enquête canadienne sur le cannabis (ECC) de 2024 microdonnées à grande diffusion (FMGD),No resources covered,Aucune ressource couverte,Health Canada , Santé Canada
"Aug 2, 2026",1.0,2b0c5ebe-c4a6-4a1d-9b4b-c850f9b5c3c4,9f7adbf8-ad73-4e98-8f92-37514149e2cd,2018-06-27,2026-07-20,2026-07-20,"Consumer Price Index, monthly, not seasonally adjusted","Indice des prix à la consommation mensuel, non désaisonnalisé",Dataset,Ensembles de données,Statistics Canada , Statistique Canada
"Aug 3, 2026",1.0,2b216a17-2b74-4d68-9187-1158691a2b0d,4a5db2b2-a01a-49f2-8f48-d77671d6b3b8,2024-12-04,2026-05-06,2026-05-06,Interprovincial and International Trade Flows,Flux commerciaux interprovinciaux et internationaux,Trade flows for 2010 to 2022 (XLSX),Flux commerciaux de 2010 à 2022 (XLSX),Government of British Columbia , Gouvernment de la Colombie-Britannique
"Aug 3, 2026",1.0,2b216a17-2b74-4d68-9187-1158691a2b0d,No resource,2024-12-04,2024-12-04,2026-05-06,Interprovincial and International Trade Flows,Flux commerciaux interprovinciaux et internationaux,No resources covered,Aucune ressource couverte,Government of British Columbia , Gouvernment de la Colombie-Britannique
"Aug 3, 2026",1.0,2b216a17-2b74-4d68-9187-1158691a2b0d,e32e8d8e-3897-4fbf-90d7-7add837342a6,2024-12-04,2026-05-06,2026-05-06,Interprovincial and International Trade Flows,Flux commerciaux interprovinciaux et internationaux,Trade flows for 2010 to 2022 (PDF),Flux commerciaux de 2010 à 2022 (PDF),Government of British Columbia , Gouvernment de la Colombie-Britannique
"Aug 3, 2026",1.0,2b8b9e26-aede-4ea2-ade9-b76376feedc9,e7914428-a356-4bb1-94c5-2d7d4f27d35a,2025-03-14,2026-03-16,2026-03-16,"New motor vehicle sales, by vehicle type, annual","Ventes de véhicules automobiles neufs, selon le genre de véhicule, annuelle",Dataset,Ensembles de données,Statistics Canada , Statistique Canada
"Aug 1, 2026",1.0,2bf9f4e2-7fdb-4568-9f55-731ad96c94e2,No resource,2020-11-27,2020-11-27,2026-03-25,Trail segments,Tronçons de sentiers,No resources covered,Aucune ressource couverte,Government of Ontario , Gouvernement de l'Ontario
"Aug 3, 2026",1.0,2c024f8c-44e5-4af0-9c24-e1c570fa93b9,86f17ddc-9dc2-4a6b-8425-6fbec057b1e3,2020-09-14,2026-05-27,2026-05-27,Special ecological development zone,Zone d’aménagement écologique particulière,zone-amenagement-ecologique-particuliere.csv,zone-amenagement-ecologique-particuliere.csv,Government and Municipalities of Québec , Gouvernement et municipalités du Québec
"Aug 3, 2026",1.0,2c024f8c-44e5-4af0-9c24-e1c570fa93b9,be2026d9-9985-4a84-95db-9556ef62f6c8,2020-09-14,2026-05-27,2026-05-27,Special ecological development zone,Zone d’aménagement écologique particulière,zone-ecological-amenagement-particulere.geojson,zone-amenagement-ecologique-particuliere.geojson,Government and Municipalities of Québec , Gouvernement et municipalités du Québec
"Aug 1, 2026",1.0,2c28f68d-4385-49fd-931b-220a220b17da,fc6dbb7c-ab21-4bd5-bcb6-8628bdcca013,2016-09-24,2016-12-01,2016-12-01,Trust Statistical Tables (2007 to 2011 Tax Years),Tableaux statistiques sur les fiducies (années civiles de 2007 à 2011),"Table 5: Number of trusts by type, 2007 to 2011","Tableau 5 : Nombre de fiducies selon le genre, 2007 à 2011",Canada Revenue Agency , Agence du revenu du Canada
"Aug 2, 2026",1.0,2c30e366-ef2b-400e-8363-0b13e4a7b6f4,bcc396bf-5f62-4395-8969-2355f7e90c0b,2021-02-01,2021-02-01,2024-11-20,The NATO Generic Destroyer - a shared geometry for collaborative research into modelling and simulation of shipboard launch and recovery: source data posting on Open Science Canada,Le contre-torpilleur g´en´erique de l’OTAN – un mod`ele g´eom´etrique partag´e pour la recherche collaborative sur la mod´elisation et la simulation des op´erations de lancement et de r´ecup´eration `a bord des navires : achage des donn´ees sources sur Open Science Canada,The NATO Generic Destroyer - a shared geometry for collaborative research into modelling and simulation of shipboard launch and recovery: source data posting on Open Science Canada,Le contre-torpilleur g´en´erique de l’OTAN – un mod`ele g´eom´etrique partag´e pour la recherche collaborative sur la mod´elisation et la simulation des op´erations de lancement et de r´ecup´eration `a bord des navires : achage des donn´ees sources sur Open Science Canada,Defence Research and Development Canada , Recherche et développement pour la Défense Canada
"Aug 3, 2026",2.0,2c30e366-ef2b-400e-8363-0b13e4a7b6f4,bcc396bf-5f62-4395-8969-2355f7e90c0b,2021-02-01,2021-02-01,2024-11-20,The NATO Generic Destroyer - a shared geometry for collaborative research into modelling and simulation of shipboard launch and recovery: source data posting on Open Science Canada,Le contre-torpilleur g´en´erique de l’OTAN – un mod`ele g´eom´etrique partag´e pour la recherche collaborative sur la mod´elisation et la simulation des op´erations de lancement et de r´ecup´eration `a bord des navires : achage des donn´ees sources sur Open Science Canada,The NATO Generic Destroyer - a shared geometry for collaborative research into modelling and simulation of shipboard launch and recovery: source data posting on Open Science Canada,Le contre-torpilleur g´en´erique de l’OTAN – un mod`ele g´eom´etrique partag´e pour la recherche collaborative sur la mod´elisation et la simulation des op´erations de lancement et de r´ecup´eration `a bord des navires : achage des donn´ees sources sur Open Science Canada,Defence Research and Development Canada , Recherche et développement pour la Défense Canada
"Aug 2, 2026",1.0,2c53729a-2453-4633-92f3-6876a45f8bc4,No resource,2023-04-13,2023-04-13,2026-04-17,BC Schools - Student Enrolment and FTE by Grade,Translation of BC Schools - Student Enrolment and FTE by Grade,No resources covered,Aucune ressource couverte,Government of British Columbia , Gouvernment de la Colombie-Britannique
"Aug 3, 2026",1.0,2c53729a-2453-4633-92f3-6876a45f8bc4,No resource,2023-04-13,2023-04-13,2026-04-17,BC Schools - Student Enrolment and FTE by Grade,Translation of BC Schools - Student Enrolment and FTE by Grade,No resources covered,Aucune ressource couverte,Government of British Columbia , Gouvernment de la Colombie-Britannique
"Aug 3, 2026",1.0,2c75c627-3eb6-41ee-bb54-7b089eade484,f5f3ae84-e29a-490a-886f-a02dfd11731f,2024-12-11,2026-06-24,2026-06-24,Consumer Price Index (CPI) Data Tables and Highlights (2002=100),Tableaux de données et points saillants de l'indice des prix à la consommation (IPC) (2002=100),"Consumer Price Index (CPI), Monthly Data Tables (PDF)","Indice des prix à la consommation (IPC), tableaux de données mensuels (PDF)",Government of British Columbia , Gouvernment de la Colombie-Britannique
"Aug 3, 2026",1.0,2c84537c-0a2f-4e6f-aae8-1664bd92d90b,9d3586be-f7ad-4ed1-b62e-cb279c11f258,2025-01-22,2026-05-27,2026-05-27,Planned bus schedules of the Société de transport de Salaberry-de-Valleyfield (GTFS),Horaires planifiées des autobus de la Société de transport de Salaberry-de-Valleyfield (GTFS),GTFS_STSV,GTFS_STSV,Government and Municipalities of Québec , Gouvernement et municipalités du Québec
"Aug 1, 2026",1.0,2ce347e5-02fd-4487-975d-67a435efdf9b,18294a26-0def-4ec2-bb87-dc0a93174b43,2016-09-24,2016-12-01,2025-01-06,Goods and Services Identification Number,Numéro d'identification des biens et services,GSIN & UNSPSC Data Dictionary,Dictionnaire des données des NIBS & UNSPSC,Public Services and Procurement Canada , Services publics et Approvisionnement Canada
"Aug 3, 2026",2.0,2ce347e5-02fd-4487-975d-67a435efdf9b,6c422e92-261d-4bfa-ac76-207c3ee959e6,2016-09-24,2016-12-01,2025-01-21,Goods and Services Identification Number,Numéro d'identification des biens et services,GSIN Codes,Code NIBS,Public Services and Procurement Canada , Services publics et Approvisionnement Canada
"Aug 1, 2026",1.0,2ce347e5-02fd-4487-975d-67a435efdf9b,No resource,2016-09-24,2016-09-24,2025-01-21,Goods and Services Identification Number,Numéro d'identification des biens et services,No resources covered,Aucune ressource couverte,Public Services and Procurement Canada , Services publics et Approvisionnement Canada
"Aug 2, 2026",1.0,2d90548d-50ef-4802-91f8-c59c5cf68251,36830ed0-cd83-4fea-b2ae-15890116c68e,2023-09-06,2023-09-06,2024-11-20,Open Government API,API du gouvernement ouvert ,OpenAPI Specification, spécification OpenAPI,Treasury Board of Canada Secretariat , Secrétariat du Conseil du Trésor du Canada
"Aug 3, 2026",1.0,2e6f30d9-857d-4364-8611-5625b59562be,No resource,2018-06-27,2018-06-27,2026-07-15,"Manufacturers' sales, inventories, orders and inventory to sales ratios, by industry (dollars unless otherwise noted)","Stocks, ventes, commandes et rapport des stocks sur les ventes pour les industries manufacturières, selon l'industrie (dollars sauf indication contraire)",No resources covered,Aucune ressource couverte,Statistics Canada , Statistique Canada
"Aug 2, 2026",1.0,2ece9991-62aa-4b7a-bd7d-4f8f1052cd21,No resource,2017-10-19,2017-10-19,2026-03-24,Fish Health Database,La Base de Données sur la Santé du Poissons,No resources covered,Aucune ressource couverte,Fisheries and Oceans Canada , Pêches et Océans Canada
"Aug 3, 2026",1.0,2f4117d9-41fc-44db-87d4-dbdb77f14086,40f56d7a-8835-47c7-a191-244bf64bec7c,2023-04-13,2026-01-28,2026-01-28,ParcelMap BC Parcel Polygons,Polygones de parcelles ParcelMap BC,File Geodatabase of ParcelMap BC Parcel Polygons for BC,Fichier : Géodatabase des polygones de parcelles ParcelMap BC pour la Colombie-Britannique,Government of British Columbia , Gouvernment de la Colombie-Britannique
"Aug 2, 2026",1.0,2f4117d9-41fc-44db-87d4-dbdb77f14086,No resource,2023-04-13,2023-04-13,2026-01-28,ParcelMap BC Parcel Polygons,Polygones de parcelles ParcelMap BC,No resources covered,Aucune ressource couverte,Government of British Columbia , Gouvernment de la Colombie-Britannique
"Aug 2, 2026",1.0,2f4117d9-41fc-44db-87d4-dbdb77f14086,f475c05f-a697-41a5-8a6f-420c05610d36,2023-04-13,2026-01-28,2026-01-28,ParcelMap BC Parcel Polygons,Polygones de parcelles ParcelMap BC,PMBC_PARCEL_POLY_SV,PMBC_PARCEL_POLY_SV,Government of British Columbia , Gouvernment de la Colombie-Britannique
"Aug 2, 2026",1.0,2f7fce2e-e012-54d5-aef2-00a4562920fd,No resource,2016-09-24,2016-09-24,2022-02-22,Federal Electoral Districts of Canada - Polling Division Boundaries - 2000,Limites électorales fédérales du Canada - Limites de la section de vote - 2000,No resources covered,Aucune ressource couverte,Natural Resources Canada , Ressources naturelles Canada
"Aug 3, 2026",1.0,2fc8a2b9-1556-410e-a118-c46e97e9f19e,2f7f2ff4-fbba-4e49-81ec-9f69fcae51f3,2020-11-20,2026-05-27,2026-05-27,Interventions by Montreal firefighters,Interventions des pompiers de Montréal,SIM interventions - current (last 2 years),Interventions du SIM - courant (2 dernières années),Government and Municipalities of Québec , Gouvernement et municipalités du Québec
"Aug 3, 2026",1.0,2fc8a2b9-1556-410e-a118-c46e97e9f19e,3bf08b4e-e7b8-4d76-ad8b-a962f7bdc7d1,2020-11-20,2026-05-27,2026-05-27,Interventions by Montreal firefighters,Interventions des pompiers de Montréal,SIM interventions - 2020 to 2024,Interventions du SIM - 2020 à 2024,Government and Municipalities of Québec , Gouvernement et municipalités du Québec
"Aug 3, 2026",1.0,2fc8a2b9-1556-410e-a118-c46e97e9f19e,7a4f510f-0634-4ea2-bde2-2b985c42a621,2020-11-20,2026-05-27,2026-05-27,Interventions by Montreal firefighters,Interventions des pompiers de Montréal,SIM interventions - 2020 to 2024,Interventions du SIM - 2020 à 2024,Government and Municipalities of Québec , Gouvernement et municipalités du Québec
"Aug 3, 2026",1.0,2fc8a2b9-1556-410e-a118-c46e97e9f19e,No resource,2020-11-20,2020-11-20,2026-05-27,Interventions by Montreal firefighters,Interventions des pompiers de Montréal,No resources covered,Aucune ressource couverte,Government and Municipalities of Québec , Gouvernement et municipalités du Québec
"Aug 3, 2026",2.0,308a7041-413a-47a0-9604-ae1c55676693,No resource,2024-10-16,2024-10-16,2024-10-16,Dairy statistics and market information,Statistiques laitières et informations sur les  marchés,No resources covered,Aucune ressource couverte,Agriculture and Agri-Food Canada , Agriculture et Agroalimentaire Canada
"Aug 3, 2026",1.0,31f7c24f-638e-4d9b-bdbe-0c8bf8d0ad8a,No resource,2021-10-19,2021-10-19,2025-05-12,Summary of Charges Disposed of at Court Martial,Sommaire des accusations jugées à la cour martiale,No resources covered,Aucune ressource couverte,National Defence , Défense nationale
"Aug 1, 2026",1.0,32345685-dcf5-4c6e-922d-8a8e195d82a5,92bba903-ce60-4c45-854c-c0da2b547871,2016-09-24,2016-12-01,2026-06-16,Canada Pension Plan (CPP) - Number of CPP recipients by benefit type and gender,Régime de pensions du Canada (RPC) -  Nombre de bénéficiaires du RPC selon le type de prestations et le sexe,Canada Pension Plan (CPP) - Number of CPP recipients by benefit type and gender,Régime de pensions du Canada (RPC) -  Nombre de bénéficiaires du RPC selon le type de prestations et le sexe ,Employment and Social Development Canada , Emploi et Développement social Canada
"Aug 1, 2026",1.0,324befd1-893b-42e6-bece-6d30af3dd9f1,65d0305a-e725-467c-91ce-cd028e5133b1,2018-06-27,2026-07-24,2026-07-24,"New housing price index, monthly","Indice des prix des logements neufs, mensuel",Dataset,Ensembles de données,Statistics Canada , Statistique Canada
"Aug 3, 2026",1.0,324ff147-816c-4143-a414-d1e973dca140,6172f8d5-6553-475f-a763-a6b5f3fa2d53,2023-12-14,2026-05-20,2026-05-20,Police Use of Force Race-Based Data,Données sur le recours à la force par la police fondées sur la race,"Policing Race- and Identity-Based Data Analyses Technical Report, 2025","Rapport technique de l’analyse des données fondées sur la race et l’identité des services de police, 2025",Government of Ontario , Gouvernement de l'Ontario
"Aug 3, 2026",1.0,32bf34ea-d51f-46c9-9945-563989dfcc7b,No resource,2016-09-26,2016-09-26,2026-03-24,Oceans Act Areas of Interest,Sites d'intérêt de la Loi sur les océans,No resources covered,Aucune ressource couverte,Fisheries and Oceans Canada , Pêches et Océans Canada
"Aug 2, 2026",1.0,330ec960-cc52-47d9-840b-d93470347ab4,8a772ad6-338b-4614-a8df-f1a533aa60ac,2024-06-20,2024-07-02,2024-07-02,National Inventory of Orphaned and Abandoned Mines,Inventaire national des mines orphelines et abandonnées,National Inventory of Orphaned and Abandoned Mines Database,Base de données de l'Inventaire national des mines orphelines et abandonnées,Natural Resources Canada , Ressources naturelles Canada
"Aug 2, 2026",1.0,330ec960-cc52-47d9-840b-d93470347ab4,No resource,2024-06-20,2024-06-20,2024-07-02,National Inventory of Orphaned and Abandoned Mines,Inventaire national des mines orphelines et abandonnées,No resources covered,Aucune ressource couverte,Natural Resources Canada , Ressources naturelles Canada
"Aug 1, 2026",1.0,33ffc1e4-065d-35f2-93e4-80d3d829d462,8e9edc03-252f-42ee-892d-c9d45be02afb,2022-05-03,2026-04-17,2026-04-17,Active Driver Licences by Class and Age Group,Translation of Active Driver Licences by Class and Age Group,Active Driver Licences by Class and Age Group (CSV),Translation of Active Driver Licences by Class and Age Group (CSV),Government of Nova Scotia , Gouvernment de la Nouvelle-Écosse
"Aug 3, 2026",1.0,34a55740-b030-4618-9558-9c69d8e93ac4,dcb7091e-5c7b-493a-8962-14b71cc6fc70,2022-11-30,2026-07-29,2026-07-29,Air Contaminant Emissions Registry,Registre des émissions de contaminants atmosphériques,Air Contaminant Emissions Registry,Registre des émissions de contaminants atmosphériques,Government and Municipalities of Québec , Gouvernement et municipalités du Québec
"Aug 3, 2026",1.0,34a6ff75-fda3-4338-b773-1a0ad1b39d2e,1f96e471-00c8-4d68-b735-f8501bf7ba29,2018-09-17,2018-09-17,2024-06-09,Life-cycle exposure of Fathead minnows to environmentally relevant concentrations of the B-blocker drug Propranolol,L’exposition du cycle de vie de la tête-de-boule à des concentrations écologiquement pertinentes de la drogue B-bloqueur propranolol,CMP_FatheadMinnow_Propranolol_Exposure_EN_FR.csv,CMP_FatheadMinnow_Propranolol_Exposure_EN_FR.csv,Environment and Climate Change Canada , Environnement et Changement climatique Canada
"Aug 2, 2026",1.0,34eb85a2-1558-46b7-adca-a40c446cb05f,e76801e9-02d0-4c99-8511-87d7b6a4e933,2018-06-27,2026-06-03,2026-06-03,"Insurance Premium and Claims Data by Class of Insurance, Alberta, 2013","Données sur les primes d'assurance et les sinistres par catégorie d'assurance, Alberta, 2013","Insurance Premium and Claims Data by Class of Insurance, Alberta, 2013","Données sur les primes d'assurance et les sinistres par catégorie d'assurance, Alberta, 2013",Government of Alberta , Gouvernement de l'Alberta
"Aug 2, 2026",1.0,353333bd-3b26-4b05-8088-ca883188b80c,No resource,2016-09-24,2016-09-24,2026-04-09,External Expenses by Segment and by Type as per the Public Accounts of Canada,Charges externes par secteur et par type selon les Comptes publics du Canada,No resources covered,Aucune ressource couverte,Public Services and Procurement Canada , Services publics et Approvisionnement Canada
"Aug 3, 2026",1.0,360024f2-17e9-4558-bfc1-3616485d65b9,0f8ecf8a-016c-49d1-a62d-259a7fd2bb7d,2017-04-12,2017-04-12,2024-05-18,Temporary Residents: Temporary Foreign Worker Program (TFWP) and International Mobility Program (IMP) Work Permit Holders – Monthly IRCC Updates,Résidents temporaires: les détenteurs de Permis de travail du Programme de travailleurs étrangers temporaires (PTÉT) et du Programme de mobilité internationale (PMI) – Mises à jour mensuelles d’IRCC,"Canada - Temporary Foreign Worker Program work permit holders by province/territory of intended destination, program and year in which permit(s) became effective ","Canada - Titulaires de permis de travail du programme des travailleurs étrangers temporaires selon la province / le territoire de destination envisagé(e), le programme et l'année à laquelle le permis est entré en vigueur","Immigration, Refugees and Citizenship Canada "," Immigration, Réfugiés et Citoyenneté Canada"
"Aug 2, 2026",1.0,360024f2-17e9-4558-bfc1-3616485d65b9,3989b766-1db1-4ad7-817d-52d95c41c0fa,2017-04-12,2024-03-21,2025-10-21,Temporary Residents: Temporary Foreign Worker Program (TFWP) and International Mobility Program (IMP) Work Permit Holders – Monthly IRCC Updates,Résidents temporaires: les détenteurs de Permis de travail du Programme de travailleurs étrangers temporaires (PTÉT) et du Programme de mobilité internationale (PMI) – Mises à jour mensuelles d’IRCC,Canada – All International Mobility Program (IMP) work permit holders on December 31st by country of citizenship and year,Canada - Tous les titulaires de permis de travail du programme de mobilité internationale en date du 31 décembre selon le pays de citoyenneté et l'année,"Immigration, Refugees and Citizenship Canada "," Immigration, Réfugiés et Citoyenneté Canada"
"Aug 3, 2026",1.0,360024f2-17e9-4558-bfc1-3616485d65b9,4afd9132-f136-4fdf-b231-825ecee5e3bc,2017-04-12,2017-09-15,2024-05-18,Temporary Residents: Temporary Foreign Worker Program (TFWP) and International Mobility Program (IMP) Work Permit Holders – Monthly IRCC Updates,Résidents temporaires: les détenteurs de Permis de travail du Programme de travailleurs étrangers temporaires (PTÉT) et du Programme de mobilité internationale (PMI) – Mises à jour mensuelles d’IRCC,Canada – International Mobility Program Work Permit Holders by Country of Citizenship and Year in which Permit(s) became effective,Canada - Titulaires de permis de travail du programme de mobilité internationale selon le pays de citoyenneté et l'année à laquelle le permis est entré en vigueur,"Immigration, Refugees and Citizenship Canada "," Immigration, Réfugiés et Citoyenneté Canada"
"Aug 2, 2026",1.0,360024f2-17e9-4558-bfc1-3616485d65b9,4bb3bcb3-7466-40b7-8e00-ac80f8f640a0,2017-04-12,2024-03-21,2025-10-21,Temporary Residents: Temporary Foreign Worker Program (TFWP) and International Mobility Program (IMP) Work Permit Holders – Monthly IRCC Updates,Résidents temporaires: les détenteurs de Permis de travail du Programme de travailleurs étrangers temporaires (PTÉT) et du Programme de mobilité internationale (PMI) – Mises à jour mensuelles d’IRCC,Canada – International Mobility Program (IMP) work permit holders (for work purposes only) on December 31st by country of citizenship and year,Canada - Titulaires de permis de travail du programme de mobilité internationale (à des fins de travail uniquement) en date du 31 décembre selon le pays de citoyenneté et l'année,"Immigration, Refugees and Citizenship Canada "," Immigration, Réfugiés et Citoyenneté Canada"
"Aug 2, 2026",1.0,360024f2-17e9-4558-bfc1-3616485d65b9,8d4c4240-88ea-421d-b80d-6cc6a3d28044,2017-04-12,2017-04-12,2025-10-09,Temporary Residents: Temporary Foreign Worker Program (TFWP) and International Mobility Program (IMP) Work Permit Holders – Monthly IRCC Updates,Résidents temporaires: les détenteurs de Permis de travail du Programme de travailleurs étrangers temporaires (PTÉT) et du Programme de mobilité internationale (PMI) – Mises à jour mensuelles d’IRCC,Canada - International Mobility Program work permit holders (work purpose only) on December 31st by province/territory and program,"Canada - Titulaires de permis de travail du programme de mobilité internationale selon la province / le territoire, le programme et l'année à laquelle le permis est entré en vigueur","Immigration, Refugees and Citizenship Canada "," Immigration, Réfugiés et Citoyenneté Canada"
"Aug 2, 2026",6.0,360024f2-17e9-4558-bfc1-3616485d65b9,No resource,2017-04-12,2017-04-12,2026-07-21,Temporary Residents: Temporary Foreign Worker Program (TFWP) and International Mobility Program (IMP) Work Permit Holders – Monthly IRCC Updates,Résidents temporaires: les détenteurs de Permis de travail du Programme de travailleurs étrangers temporaires (PTÉT) et du Programme de mobilité internationale (PMI) – Mises à jour mensuelles d’IRCC,No resources covered,Aucune ressource couverte,"Immigration, Refugees and Citizenship Canada "," Immigration, Réfugiés et Citoyenneté Canada"
"Aug 3, 2026",6.0,360024f2-17e9-4558-bfc1-3616485d65b9,No resource,2017-04-12,2017-04-12,2026-07-21,Temporary Residents: Temporary Foreign Worker Program (TFWP) and International Mobility Program (IMP) Work Permit Holders – Monthly IRCC Updates,Résidents temporaires: les détenteurs de Permis de travail du Programme de travailleurs étrangers temporaires (PTÉT) et du Programme de mobilité internationale (PMI) – Mises à jour mensuelles d’IRCC,No resources covered,Aucune ressource couverte,"Immigration, Refugees and Citizenship Canada "," Immigration, Réfugiés et Citoyenneté Canada"
"Aug 2, 2026",1.0,360024f2-17e9-4558-bfc1-3616485d65b9,bed6c44f-1cc7-47c2-9483-9b467c3c0f97,2017-04-12,2021-02-11,2024-05-18,Temporary Residents: Temporary Foreign Worker Program (TFWP) and International Mobility Program (IMP) Work Permit Holders – Monthly IRCC Updates,Résidents temporaires: les détenteurs de Permis de travail du Programme de travailleurs étrangers temporaires (PTÉT) et du Programme de mobilité internationale (PMI) – Mises à jour mensuelles d’IRCC,Canada – Temporary Foreign Worker Program (TFWP) work permit holders on December 31st by country of citizenship,Canada - Titulaires de permis de travail du programme des travailleurs étrangers temporaires en date du 31 décembre selon le pays de citoyenneté,"Immigration, Refugees and Citizenship Canada "," Immigration, Réfugiés et Citoyenneté Canada"
"Aug 2, 2026",1.0,360024f2-17e9-4558-bfc1-3616485d65b9,cd45aa67-6d0d-46e9-948b-46c36cb1d2b4,2017-04-12,2024-05-08,2024-05-18,Temporary Residents: Temporary Foreign Worker Program (TFWP) and International Mobility Program (IMP) Work Permit Holders – Monthly IRCC Updates,Résidents temporaires: les détenteurs de Permis de travail du Programme de travailleurs étrangers temporaires (PTÉT) et du Programme de mobilité internationale (PMI) – Mises à jour mensuelles d’IRCC,"Canada - International Mobility Program work permit holders by province/territory of intended destination, intended occupation (4-digit NOC 2011) and year in which permit(s) became effective","Canada - Titulaires de permis de travail du programme de mobilité internationale selon la province / le territoire de destination envisagé(e), la profession envisagée (codes à quatre chiffres de la CNP 2011) et l'année à laquelle le permis est entré en vigueur","Immigration, Refugees and Citizenship Canada "," Immigration, Réfugiés et Citoyenneté Canada"
"Aug 1, 2026",2.0,360024f2-17e9-4558-bfc1-3616485d65b9,d5779439-e0fb-4e6f-82d0-c6070f654bec,2017-04-12,2017-04-12,2024-05-18,Temporary Residents: Temporary Foreign Worker Program (TFWP) and International Mobility Program (IMP) Work Permit Holders – Monthly IRCC Updates,Résidents temporaires: les détenteurs de Permis de travail du Programme de travailleurs étrangers temporaires (PTÉT) et du Programme de mobilité internationale (PMI) – Mises à jour mensuelles d’IRCC,"Canada - International Mobility Program work permit holders by province/territory, program and year in which permit(s) became effective ","Canada - Titulaires de permis de travail du programme de mobilité internationale selon la province / le territoire, le programme et l'année à laquelle le permis est entré en vigueur","Immigration, Refugees and Citizenship Canada "," Immigration, Réfugiés et Citoyenneté Canada"
"Aug 2, 2026",2.0,360024f2-17e9-4558-bfc1-3616485d65b9,d5779439-e0fb-4e6f-82d0-c6070f654bec,2017-04-12,2017-04-12,2024-05-18,Temporary Residents: Temporary Foreign Worker Program (TFWP) and International Mobility Program (IMP) Work Permit Holders – Monthly IRCC Updates,Résidents temporaires: les détenteurs de Permis de travail du Programme de travailleurs étrangers temporaires (PTÉT) et du Programme de mobilité internationale (PMI) – Mises à jour mensuelles d’IRCC,"Canada - International Mobility Program work permit holders by province/territory, program and year in which permit(s) became effective ","Canada - Titulaires de permis de travail du programme de mobilité internationale selon la province / le territoire, le programme et l'année à laquelle le permis est entré en vigueur","Immigration, Refugees and Citizenship Canada "," Immigration, Réfugiés et Citoyenneté Canada"
"Aug 3, 2026",1.0,360024f2-17e9-4558-bfc1-3616485d65b9,d5779439-e0fb-4e6f-82d0-c6070f654bec,2017-04-12,2017-04-12,2024-05-18,Temporary Residents: Temporary Foreign Worker Program (TFWP) and International Mobility Program (IMP) Work Permit Holders – Monthly IRCC Updates,Résidents temporaires: les détenteurs de Permis de travail du Programme de travailleurs étrangers temporaires (PTÉT) et du Programme de mobilité internationale (PMI) – Mises à jour mensuelles d’IRCC,"Canada - International Mobility Program work permit holders by province/territory, program and year in which permit(s) became effective ","Canada - Titulaires de permis de travail du programme de mobilité internationale selon la province / le territoire, le programme et l'année à laquelle le permis est entré en vigueur","Immigration, Refugees and Citizenship Canada "," Immigration, Réfugiés et Citoyenneté Canada"
"Aug 3, 2026",1.0,360024f2-17e9-4558-bfc1-3616485d65b9,d88dd42b-a25d-436e-bc0b-79096248bc4e,2017-04-12,2017-04-12,2024-05-18,Temporary Residents: Temporary Foreign Worker Program (TFWP) and International Mobility Program (IMP) Work Permit Holders – Monthly IRCC Updates,Résidents temporaires: les détenteurs de Permis de travail du Programme de travailleurs étrangers temporaires (PTÉT) et du Programme de mobilité internationale (PMI) – Mises à jour mensuelles d’IRCC,Canada - Temporary Foreign Worker Program work permit holders on December 31st by province/territory of intended destination and program,Canada - Titulaires de permis de travail du programme des travailleurs étrangers temporaires en date du 31 décembre selon la province / le territoire de destination envisagé(e) et le programme,"Immigration, Refugees and Citizenship Canada "," Immigration, Réfugiés et Citoyenneté Canada"
"Aug 2, 2026",1.0,360024f2-17e9-4558-bfc1-3616485d65b9,f1a9f9bd-c313-41f8-8e35-bd9f948cc40f,2017-04-12,2021-02-12,2024-05-18,Temporary Residents: Temporary Foreign Worker Program (TFWP) and International Mobility Program (IMP) Work Permit Holders – Monthly IRCC Updates,Résidents temporaires: les détenteurs de Permis de travail du Programme de travailleurs étrangers temporaires (PTÉT) et du Programme de mobilité internationale (PMI) – Mises à jour mensuelles d’IRCC,Canada – International Mobility Program Work Permit Holders by Country of Citizenship and Year in which Permit(s) became effective,Canada - Titulaires de permis de travail du programme de mobilité internationale selon le pays de citoyenneté et l'année à laquelle le permis est entré en vigueur,"Immigration, Refugees and Citizenship Canada "," Immigration, Réfugiés et Citoyenneté Canada"
"Aug 3, 2026",3.0,360024f2-17e9-4558-bfc1-3616485d65b9,f377a717-4ec9-4f43-b358-3b85e36c3ca7,2017-04-12,2024-03-21,2025-10-21,Temporary Residents: Temporary Foreign Worker Program (TFWP) and International Mobility Program (IMP) Work Permit Holders – Monthly IRCC Updates,Résidents temporaires: les détenteurs de Permis de travail du Programme de travailleurs étrangers temporaires (PTÉT) et du Programme de mobilité internationale (PMI) – Mises à jour mensuelles d’IRCC,Canada – All International Mobility Program (IMP) work permit holders on December 31st by country of citizenship and year,Canada - Tous les titulaires de permis de travail du programme de mobilité internationale en date du 31 décembre selon le pays de citoyenneté et l'année,"Immigration, Refugees and Citizenship Canada "," Immigration, Réfugiés et Citoyenneté Canada"
"Aug 3, 2026",1.0,360024f2-17e9-4558-bfc1-3616485d65b9,fd2c1a86-10a4-4220-8429-bddf468d51f6,2017-04-12,2021-02-11,2024-05-18,Temporary Residents: Temporary Foreign Worker Program (TFWP) and International Mobility Program (IMP) Work Permit Holders – Monthly IRCC Updates,Résidents temporaires: les détenteurs de Permis de travail du Programme de travailleurs étrangers temporaires (PTÉT) et du Programme de mobilité internationale (PMI) – Mises à jour mensuelles d’IRCC,Canada – Temporary Foreign Worker Program (TFWP) work permit holders on December 31st by country of citizenship,Canada - Titulaires de permis de travail du programme des travailleurs étrangers temporaires en date du 31 décembre selon le pays de citoyenneté,"Immigration, Refugees and Citizenship Canada "," Immigration, Réfugiés et Citoyenneté Canada"
"Aug 3, 2026",2.0,363300fd-6ac1-47f0-abc2-58213a66be12,05bfffdd-7142-453a-90b7-fd8b314b1508,2025-09-17,2026-04-17,2026-04-17,Ontario custom farmwork rates,Tarifs perçus pour les travaux agricoles à forfait en Ontario,Ontario custom farmwork rates,Tarifs perçus pour les travaux agricoles à forfait en Ontario,Government of Ontario , Gouvernement de l'Ontario
"Aug 2, 2026",2.0,363300fd-6ac1-47f0-abc2-58213a66be12,No resource,2025-09-17,2025-09-17,2026-04-17,Ontario custom farmwork rates,Tarifs perçus pour les travaux agricoles à forfait en Ontario,No resources covered,Aucune ressource couverte,Government of Ontario , Gouvernement de l'Ontario
"Aug 3, 2026",1.0,363300fd-6ac1-47f0-abc2-58213a66be12,b93bdb26-86c2-49ce-9c11-43b7effda952,2025-09-17,2026-04-17,2026-04-17,Ontario custom farmwork rates,Tarifs perçus pour les travaux agricoles à forfait en Ontario,Description of Areas,Description des régions,Government of Ontario , Gouvernement de l'Ontario
"Aug 3, 2026",1.0,363fff31-6a07-41eb-9922-e9b64192b08b,No resource,2021-01-27,2021-01-27,2026-06-17,Ontario public library statistics,Statistiques sur les bibliothèques publiques de l'Ontario,No resources covered,Aucune ressource couverte,Government of Ontario , Gouvernement de l'Ontario
"Aug 1, 2026",1.0,36515a02-cc2e-4f17-a1d8-6bcbfc92bce1,0babaae6-94be-45dc-9b54-84443e9f6691,2023-03-24,2026-07-23,2026-07-23,Monthly retail trade sales by province and territory,Ventes mensuelles du commerce de détail par province et territoire,Dataset,Ensembles de données,Statistics Canada , Statistique Canada
"Aug 2, 2026",2.0,36ffce4a-0f94-5675-9da8-2fe05a274860,bd9db251-b492-4ccc-a935-6bbc236f0bf8,2016-09-24,2017-01-26,2017-01-26,Mount Revelstoke and Glacier National Parks,Parcs nationaux des Glaciers et du Mont Revelstoke,Download Bilingual PDF through HTTP,Télécharger le fichier en format bilingue PDF via HTTP,Natural Resources Canada , Ressources naturelles Canada
"Aug 1, 2026",1.0,37161aef-e169-4734-8511-7c91b7e0d169,No resource,2018-06-27,2018-06-27,2023-01-17,"Amusement and recreation, summary statistics, by North American Industry Classification System (NAICS), inactive","Divertissement et loisirs, statistiques sommaires, selon le Système de classification des industries de l'Amérique du Nord (SCIAN), inactif",No resources covered,Aucune ressource couverte,Statistics Canada , Statistique Canada
"Aug 3, 2026",1.0,37b59b8b-1c1c-4869-802f-c09571cc984b,No resource,2023-10-20,2023-10-20,2026-03-24,Cumulative human impact maps for the Bay of Fundy and Scotian Shelf,Cartes des impacts humains cumulatifs pour la baie de Fundy et la plate-forme néo-écossaise,No resources covered,Aucune ressource couverte,Fisheries and Oceans Canada , Pêches et Océans Canada
"Aug 2, 2026",1.0,380f8da2-a18e-4747-a29f-7775450b7283,No resource,2025-11-06,2025-11-06,2026-06-22,Algorithmic Impact Assessment – Internal Activity and Access Monitoring,Évaluation de l’impact algorithmique - Surveillance de l’activité interne et des accès,No resources covered,Aucune ressource couverte,Employment and Social Development Canada , Emploi et Développement social Canada
"Aug 3, 2026",1.0,3829eee9-f898-4643-9ad8-f48575b8873d,55a6e627-7301-48fa-bb36-574cc626aec1,2025-09-17,2025-09-17,2025-09-17,Canada Structures ,Structures Canada,QC_Structures_FR,QC_Structures_FR,Public Safety Canada , Sécurité publique Canada
"Aug 3, 2026",1.0,3829eee9-f898-4643-9ad8-f48575b8873d,680f47b9-9e23-4888-9950-10e561ae0556,2025-09-17,2025-09-17,2025-09-17,Canada Structures ,Structures Canada,NL_Structures_EN,NL_Structures_EN,Public Safety Canada , Sécurité publique Canada
"Aug 3, 2026",1.0,3829eee9-f898-4643-9ad8-f48575b8873d,6ff6252a-50f4-43b6-b6d0-7d6d904a3e68,2025-09-17,2025-09-17,2025-09-17,Canada Structures ,Structures Canada,NB_Structures_EN,NB_Structures_EN,Public Safety Canada , Sécurité publique Canada
"Aug 3, 2026",1.0,3829eee9-f898-4643-9ad8-f48575b8873d,b903c565-8fdc-453e-9927-8b1a33829d07,2025-09-17,2025-09-17,2025-09-17,Canada Structures ,Structures Canada,NS_Structures_EN,NS_Structures_EN,Public Safety Canada , Sécurité publique Canada
"Aug 3, 2026",1.0,3829eee9-f898-4643-9ad8-f48575b8873d,d892ce68-bcd8-463b-a2fa-0439ef75c2b8,2025-09-17,2025-09-17,2025-09-17,Canada Structures ,Structures Canada,PE_Structures_EN,PE_Structures_EN,Public Safety Canada , Sécurité publique Canada
"Aug 3, 2026",1.0,3829eee9-f898-4643-9ad8-f48575b8873d,f7fdee7d-09dd-4eb6-88fd-2234ad701309,2025-09-17,2025-09-17,2025-09-17,Canada Structures ,Structures Canada,ON_Structures_EN,ON_Structures_EN,Public Safety Canada , Sécurité publique Canada
"Aug 3, 2026",1.0,3829eee9-f898-4643-9ad8-f48575b8873d,f8aea5b3-f8b1-450c-b541-27d8534c6688,2025-09-17,2025-09-17,2025-09-17,Canada Structures ,Structures Canada,Canada Structures_Product Specification_2025_EN,Structures Canada_Spécifications du produit_2025_EN,Public Safety Canada , Sécurité publique Canada
"Aug 2, 2026",1.0,38bf49b8-78fa-4480-8044-7635b252f13a,8e843463-5063-451d-9c2d-47588fb2c132,2018-06-27,2026-04-17,2026-04-17,Traffic volumes at points on the highway,Volumes de trafic à certains points de l'autoroute,Alberta highways 1 to 986 : traffic volume history 2016-2025,Autoroutes 1 à 986 en Alberta : historique du volume de trafic 2016-2025,Government of Alberta , Gouvernement de l'Alberta
"Aug 2, 2026",1.0,38bf49b8-78fa-4480-8044-7635b252f13a,bea0811b-e9b9-4983-9fa7-ab7e3a8c81dd,2018-06-27,2026-04-17,2026-04-17,Traffic volumes at points on the highway,Volumes de trafic à certains points de l'autoroute,Alberta highways 1 to 986 : traffic volume history 1962-2025,Autoroutes 1 à 986 en Alberta : historique du volume de trafic 1962-2025,Government of Alberta , Gouvernement de l'Alberta
"Aug 1, 2026",2.0,38ddc983-1bf0-4bee-ad18-07dac8cfe884,0c5ebda6-9ca2-4956-9767-7f8c7f33c109,2021-01-27,2026-07-29,2026-07-29,Registered marriage officiants,Célébrants de mariage autorisés,Registered Marriage Officiants,Registered Marriage Officiants,Government of Ontario , Gouvernement de l'Ontario
"Aug 1, 2026",3.0,38ddc983-1bf0-4bee-ad18-07dac8cfe884,No resource,2021-01-27,2021-01-27,2026-07-29,Registered marriage officiants,Célébrants de mariage autorisés,No resources covered,Aucune ressource couverte,Government of Ontario , Gouvernement de l'Ontario
"Aug 2, 2026",2.0,38ddc983-1bf0-4bee-ad18-07dac8cfe884,No resource,2021-01-27,2021-01-27,2026-07-29,Registered marriage officiants,Célébrants de mariage autorisés,No resources covered,Aucune ressource couverte,Government of Ontario , Gouvernement de l'Ontario
"Aug 3, 2026",1.0,38ddc983-1bf0-4bee-ad18-07dac8cfe884,No resource,2021-01-27,2021-01-27,2026-07-29,Registered marriage officiants,Célébrants de mariage autorisés,No resources covered,Aucune ressource couverte,Government of Ontario , Gouvernement de l'Ontario
"Aug 1, 2026",1.0,38ddc983-1bf0-4bee-ad18-07dac8cfe884,ea2c3b7d-e778-45bd-a0ea-34e59de1b818,2021-01-27,2026-07-29,2026-07-29,Registered marriage officiants,Célébrants de mariage autorisés,Registered Marriage Officiants,Registered Marriage Officiants,Government of Ontario , Gouvernement de l'Ontario
"Aug 1, 2026",1.0,38ef4d26-b838-447b-b874-9233a0884cf0,28ca774f-cbd6-47e8-9089-4f605d3e2683,2025-06-04,2025-06-04,2025-06-04,Commercial Refrigeration Equipment,Équipement de Réfrigération Commerciale,"Walk-in freezer and walk-in cooler door assemblies 8.70 - Manufactured on or after June 5, 2017","Assemblages de porte de congélateurs-chambres et de réfrigérateurs-chambres 8,70 - Fabriqué le 5 juin 2017 ou après cette date",Natural Resources Canada , Ressources naturelles Canada
"Aug 1, 2026",1.0,38ef4d26-b838-447b-b874-9233a0884cf0,44c1216e-5303-4261-8f6b-e4b7ec22e5c1,2025-06-04,2025-06-04,2025-06-04,Commercial Refrigeration Equipment,Équipement de Réfrigération Commerciale,"Walk-in refrigeration systems 8.70 - Manufactured on or after July 10, 2020","Systèmes de réfrigération de chambre froide 8,70 - Fabriqué le 10 juillet 2020 ou après cette date",Natural Resources Canada , Ressources naturelles Canada
"Aug 1, 2026",1.0,38ef4d26-b838-447b-b874-9233a0884cf0,723b2ffe-f8f4-4c37-b4c4-bb94d9fa9516,2025-06-04,2025-06-04,2025-06-04,Commercial Refrigeration Equipment,Équipement de Réfrigération Commerciale,"Walk-in freezer and walk-in cooler panels 8.70 - Manufactured on or after January 1, 2020","Panneaux de congélateurs-chambres et de réfrigérateurs-chambres 8,70 - Fabriqué le 1er janvier 2020 ou après cette date",Natural Resources Canada , Ressources naturelles Canada
"Aug 1, 2026",3.0,3901b6c5-d936-449c-a7d1-73ec90b11399,286f21f3-6564-423e-b815-e38754db54e0,2016-09-24,2017-01-30,2017-01-30,Cadastral Information for Jasper National Park of Canada,Information cadastrale pour le parc national Jasper du Canada,Download SHP file through FTP,Téléchargez le fichier SHP via FTP,Natural Resources Canada , Ressources naturelles Canada
"Aug 1, 2026",1.0,39194018-abf3-45fd-9310-2acac0f64fa2,No resource,2024-03-21,2024-03-21,2026-06-16,Collaborative Process on the Second-Generation Cut-off and Section 10 Voting Thresholds: Community Specific Data Sheets,Processus de collaboration sur l’exclusion après la deuxième génération et les seuils de vote en vertu de l’article 10: Fiches de données spécifiques aux communautés,No resources covered,Aucune ressource couverte,Indigenous Services Canada , Services aux Autochtones Canada
"Aug 3, 2026",1.0,39965bcf-cb43-40a8-845c-241b29c9bad6,859167f5-c392-4640-bd7f-8c3fe919add2,2023-04-05,2026-04-17,2026-04-17,List of Elements in Alberta - millipedes and centipedes,Translation of List of Elements in Alberta - millipedes and centipedes,List of Elements in Alberta - millipedes and centipedes,Translation of List of Elements in Alberta - millipedes and centipedes,Government of Alberta , Gouvernement de l'Alberta
"Aug 3, 2026",2.0,39aec434-74a6-5ea4-8b9b-707966e1aa3e,No resource,2016-09-24,2016-09-24,2022-03-14,Latitude and Longitude of Canada,Latitude et longitude du Canada,No resources covered,Aucune ressource couverte,Natural Resources Canada , Ressources naturelles Canada
"Aug 3, 2026",1.0,39ebd79f-ed4a-5631-c835-b2c5b400f14f,No resource,2026-01-28,2026-01-28,2026-01-28,Utilities,Services publics,No resources covered,Aucune ressource couverte,Government of New Brunswick , Gouvernement du Nouveau-Brunswick
"Aug 3, 2026",3.0,3a1eb6ef-6054-4f9d-b1f6-c30322cd7abf,9f50e475-8758-4e5f-97dd-fe216b31df6b,2016-09-26,2021-05-19,2021-05-19,Airports,Aéroports,Canadian Airports with Air Navigation Services,Aéroports canadiens avec services de navigation aérienne,Transport Canada , Transports Canada
"Aug 2, 2026",1.0,3a261a74-c4d8-5973-b966-6866f71e7841,e2b47b0d-9eb6-44c9-98bc-e2479d38887b,2016-09-24,2017-01-26,2017-01-26,Newfoundland and Labrador,Terre-Neuve-et-Labrador,Download Bilingual PDF through HTTP,Télécharger le fichier en format bilingue PDF via HTTP,Natural Resources Canada , Ressources naturelles Canada
"Aug 3, 2026",1.0,3a277f42-00f4-4b39-8343-364108825661,1768b789-645c-4ffb-8bc3-fc7316d09585,2022-03-29,2026-05-27,2026-05-27,Historic bathymetry maps,Cartes bathymétriques historiques,Bathymetry Package Map (extracted from geohub),Carte du package bathymétrique (extraite de geohub),Government of Ontario , Gouvernement de l'Ontario
"Aug 3, 2026",3.0,3a6fe85b-5bc8-4b27-8de4-3a7e4dc93048,acb7b0f0-e584-4de7-bd27-737a6f6143a6,2022-06-21,2026-06-16,2026-06-16,"Job vacancies, payroll employees, and job vacancy rate by industry sector, quarterly, adjusted for seasonality","Postes vacants, employés salariés et taux de postes vacants selon le secteur de l'industrie, données trimestrielles désaisonnalisées",Dataset,Ensembles de données,Statistics Canada , Statistique Canada
"Aug 2, 2026",1.0,3abb5c74-3bbf-4647-b1c1-fe8390e98223,dac34711-02bf-4477-8cb0-abcffb5d3b8b,2021-06-10,2021-06-14,2021-06-14,The Criminal Code of Canada ,Le Code criminel du Canada ,The Criminal Code of Canada,Le Code criminel du Canada,Department of Justice Canada , Ministère de la Justice Canada
"Aug 2, 2026",1.0,3b070a33-c13e-4a1f-a5ce-63e3a4d616bc,6b888ac4-7120-46e2-9365-68ff1d3ed8d9,2021-03-19,2021-03-19,2025-03-07,Historical and current Canadian Armed Forces pay scale adjustments for Class A & Class B Non-Commissioned Members,Rajustements historiques et actuels de l'échelle salariale des Forces armées canadiennes pour les militaires du rang de classe A et de classe B ,Historical and current Canadian Armed Forces pay scale adjustments for Class A & Class B Non-Commissioned Members,Rajustements historiques et actuels de l'échelle salariale des Forces armées canadiennes pour les militaires du rang de classe A et de classe B ,National Defence , Défense nationale
"Aug 3, 2026",1.0,3b070a33-c13e-4a1f-a5ce-63e3a4d616bc,6b888ac4-7120-46e2-9365-68ff1d3ed8d9,2021-03-19,2021-03-19,2025-03-07,Historical and current Canadian Armed Forces pay scale adjustments for Class A & Class B Non-Commissioned Members,Rajustements historiques et actuels de l'échelle salariale des Forces armées canadiennes pour les militaires du rang de classe A et de classe B ,Historical and current Canadian Armed Forces pay scale adjustments for Class A & Class B Non-Commissioned Members,Rajustements historiques et actuels de l'échelle salariale des Forces armées canadiennes pour les militaires du rang de classe A et de classe B ,National Defence , Défense nationale
"Aug 3, 2026",1.0,3b070a33-c13e-4a1f-a5ce-63e3a4d616bc,No resource,2021-03-19,2021-03-19,2025-10-27,Historical and current Canadian Armed Forces pay scale adjustments for Class A & Class B Non-Commissioned Members,Rajustements historiques et actuels de l'échelle salariale des Forces armées canadiennes pour les militaires du rang de classe A et de classe B ,No resources covered,Aucune ressource couverte,National Defence , Défense nationale
"Aug 2, 2026",1.0,3b37042d-e787-475d-9bb0-b9f0d147a7c2,d4ffa9fe-5c80-49ac-999b-e7875db48e78,2020-09-11,2026-05-27,2026-05-27,Dubbed productions,Productions doublées,Productions dubbed in 2013-2017,Productions doublées en 2013-2017,Government and Municipalities of Québec , Gouvernement et municipalités du Québec
"Aug 3, 2026",1.0,3bcd81d5-db79-47e8-8a8c-8f1443ceae52,0ce96613-83be-4cb6-a7a4-8e66a85b06e6,2020-02-21,2020-02-21,2024-11-20,2019 Fall Report of the Auditor General of Canada—Report 1—Respect in the workplace,Automne 2019 — Rapport du vérificateur général du Canada — Rapport 1 — Le respect en milieu de travail,Report 1—Respect in the Workplace,Rapport 1 — Le respect en milieu de travail,Office of the Auditor General of Canada , Bureau du vérificateur général du Canada
"Aug 3, 2026",2.0,3c5d5ba3-5406-4bfe-a970-d799ecde4aea,99333095-83db-4bfe-ae90-1fcd7847e68d,2024-07-24,2026-05-06,2026-05-06,List of real estate transactions,Liste des transactions immobilières,List of 2024 transactions,Liste des transaction 2024,Government and Municipalities of Québec , Gouvernement et municipalités du Québec
"Aug 3, 2026",1.0,3c5d5ba3-5406-4bfe-a970-d799ecde4aea,fc141188-082c-4e02-96d3-3e6fc41192cd,2024-07-24,2026-05-06,2026-05-06,List of real estate transactions,Liste des transactions immobilières,List of 2023 transactions,Liste des transactions 2023,Government and Municipalities of Québec , Gouvernement et municipalités du Québec
"Aug 1, 2026",1.0,3c6c4ef0-4e3c-59fc-b614-e895bf881ce4,No resource,2016-09-24,2016-09-24,2017-01-30,CAGDB - Spiritwood Valley,BDGAC - Spiritwood Valley,No resources covered,Aucune ressource couverte,Natural Resources Canada , Ressources naturelles Canada
"Aug 2, 2026",1.0,3c981dfe-30ac-44cb-b9a3-0fb450913d1b,49e89ccb-5877-46c1-817d-ef51a9d6826e,2017-03-07,2017-03-07,2017-03-07,Weekly Red Meat Slaughter,Abattage hebdomadaire de viandes rouges,Weekly Red Meat Slaughter (UTF-8),Abattage hebdomadaire de viandes rouges (UTF-8),Agriculture and Agri-Food Canada , Agriculture et Agroalimentaire Canada
"Aug 1, 2026",1.0,3cb4845e-fa06-4fd2-87af-f66a7832f879,No resource,2024-12-11,2024-12-11,2026-07-15,Tourism Room Revenue and Property Counts subject to MRDT by Jurisdiction,Les recettes des chambres touristiques et le nombre de propriétés sont soumis au MRDT par juridiction,No resources covered,Aucune ressource couverte,Government of British Columbia , Gouvernment de la Colombie-Britannique
"Aug 3, 2026",2.0,3d282116-e556-400c-9306-ca1a3cada77f,0f1058e8-608a-486a-8d95-a084530a8e11,2017-03-29,2024-12-18,2024-12-18,National Road Network - NRN - GeoBase Series,Réseau routier national - RRN - Série GéoBase,NRN Nova Scotia SHAPE,RRN Nouvelle-Écosse SHAPE,Statistics Canada , Statistique Canada
"Aug 3, 2026",1.0,3d282116-e556-400c-9306-ca1a3cada77f,18fba96e-1c3e-461d-8c87-a73fef7893b7,2017-03-29,2024-12-18,2024-12-18,National Road Network - NRN - GeoBase Series,Réseau routier national - RRN - Série GéoBase,NRN Northwest Territories SHAPE,RRN Territoires du Nord-Ouest  SHAPE,Statistics Canada , Statistique Canada
"Aug 3, 2026",1.0,3d282116-e556-400c-9306-ca1a3cada77f,27ffbd25-3efc-4afa-869a-cb12f5d5c73a,2017-03-29,2024-12-18,2024-12-18,National Road Network - NRN - GeoBase Series,Réseau routier national - RRN - Série GéoBase,NRN Yukon SHAPE,RRN Yukon SHAPE,Statistics Canada , Statistique Canada
"Aug 3, 2026",1.0,3d282116-e556-400c-9306-ca1a3cada77f,363cc9c3-4d28-48b8-8469-4064ef4a394c,2017-03-29,2024-12-18,2024-12-18,National Road Network - NRN - GeoBase Series,Réseau routier national - RRN - Série GéoBase,NRN Nunavut SHAPE,RRN Nunavut SHAPE,Statistics Canada , Statistique Canada
"Aug 3, 2026",1.0,3d282116-e556-400c-9306-ca1a3cada77f,45c85dc4-2a4f-4df5-bf2e-c47e632980b7,2017-03-29,2024-12-18,2024-12-18,National Road Network - NRN - GeoBase Series,Réseau routier national - RRN - Série GéoBase,NRN Manitoba SHAPE,RRN Manitoba SHAPE,Statistics Canada , Statistique Canada
"Aug 3, 2026",1.0,3d282116-e556-400c-9306-ca1a3cada77f,6cab68e1-9306-4186-8fa7-63e6b4031044,2017-03-29,2024-12-18,2024-12-18,National Road Network - NRN - GeoBase Series,Réseau routier national - RRN - Série GéoBase,NRN Quebec SHAPE,RRN Québec SHAPE,Statistics Canada , Statistique Canada
"Aug 3, 2026",1.0,3d282116-e556-400c-9306-ca1a3cada77f,6e475890-f224-426b-8ff5-13fe50399087,2017-03-29,2024-12-18,2024-12-18,National Road Network - NRN - GeoBase Series,Réseau routier national - RRN - Série GéoBase,NRN Newfoundland and Labrador SHAPE,RRN Terre-Neuve-et-Labrador SHAPE,Statistics Canada , Statistique Canada
"Aug 3, 2026",1.0,3d282116-e556-400c-9306-ca1a3cada77f,8a237a29-b671-4d28-a6da-0881c2102057,2017-03-29,2024-12-18,2024-12-18,National Road Network - NRN - GeoBase Series,Réseau routier national - RRN - Série GéoBase,NRN Prince Edward Island SHAPE,RRN Île-du-Prince-Édouard SHAPE,Statistics Canada , Statistique Canada
"Aug 2, 2026",1.0,3d282116-e556-400c-9306-ca1a3cada77f,No resource,2017-03-29,2017-03-29,2024-12-18,National Road Network - NRN - GeoBase Series,Réseau routier national - RRN - Série GéoBase,No resources covered,Aucune ressource couverte,Statistics Canada , Statistique Canada
"Aug 3, 2026",1.0,3d282116-e556-400c-9306-ca1a3cada77f,No resource,2017-03-29,2017-03-29,2024-12-18,National Road Network - NRN - GeoBase Series,Réseau routier national - RRN - Série GéoBase,No resources covered,Aucune ressource couverte,Statistics Canada , Statistique Canada
"Aug 3, 2026",1.0,3d282116-e556-400c-9306-ca1a3cada77f,ae18b505-205b-4095-9879-0f6acbf1ad0c,2017-03-29,2024-12-18,2024-12-18,National Road Network - NRN - GeoBase Series,Réseau routier national - RRN - Série GéoBase,NRN Alberta SHAPE,RRN Alberta SHAPE,Statistics Canada , Statistique Canada
"Aug 3, 2026",1.0,3d282116-e556-400c-9306-ca1a3cada77f,bf10fe7a-c148-41c0-8c20-cf8525ff2b69,2017-03-29,2024-12-18,2024-12-18,National Road Network - NRN - GeoBase Series,Réseau routier national - RRN - Série GéoBase,NRN British Columbia SHAPE,RRN Colombie-Britannique SHAPE,Statistics Canada , Statistique Canada
"Aug 3, 2026",2.0,3d282116-e556-400c-9306-ca1a3cada77f,e3df66a1-8354-476f-b3a9-5838744410c6,2017-03-29,2024-12-18,2024-12-18,National Road Network - NRN - GeoBase Series,Réseau routier national - RRN - Série GéoBase,NRN Ontario SHAPE,RRN Ontario SHAPE,Statistics Canada , Statistique Canada
"Aug 3, 2026",1.0,3d282116-e556-400c-9306-ca1a3cada77f,ecc5067c-5e5b-4b22-a385-a009b702e847,2017-03-29,2024-12-18,2024-12-18,National Road Network - NRN - GeoBase Series,Réseau routier national - RRN - Série GéoBase,NRN New Brunswick SHAPE,RRN Nouveau-Brunswick  SHAPE,Statistics Canada , Statistique Canada
"Aug 3, 2026",1.0,3d282116-e556-400c-9306-ca1a3cada77f,febfff49-71d9-4509-96a0-a46c0b4d9079,2017-03-29,2024-12-18,2024-12-18,National Road Network - NRN - GeoBase Series,Réseau routier national - RRN - Série GéoBase,NRN Saskatchewan SHAPE,RRN Saskatchewan SHAPE,Statistics Canada , Statistique Canada
"Aug 1, 2026",2.0,3e4efd44-7a00-46d1-9c7c-171028a01066,8c13971e-1175-4e52-80f2-e41de48e9cf7,2018-06-27,2026-06-17,2026-06-17,Inventory of Major Alberta Projects,Inventaire des principaux projets de l'Alberta,Inventory of Major Alberta Projects,Inventaire des principaux projets de l'Alberta,Government of Alberta , Gouvernement de l'Alberta
"Aug 3, 2026",1.0,3e534493-2cd4-4eb1-907e-4e951b2e7b41,f5875ac0-a68b-4f71-8daa-3a0c9fa645fa,2018-01-05,2018-01-05,2025-01-06,Archived - Advertising Expenditures by Fiscal Year,Archivé - Dépenses en publicité par exercice financier ,Data Dictionary,Dictionnaire de données,Public Services and Procurement Canada , Services publics et Approvisionnement Canada
"Aug 3, 2026",1.0,3ee497c4-57d7-47f8-b030-2e0c03f8462a,No resource,2020-06-05,2020-06-05,2026-07-29,Freshwater Atlas - Watersheds,Atlas de l'eau douce - Bassins versants,No resources covered,Aucune ressource couverte,Government of British Columbia , Gouvernment de la Colombie-Britannique
"Aug 3, 2026",1.0,3eec3d05-61c1-4bcb-bf22-2d4bd71e2c0d,No resource,2025-12-17,2025-12-17,2026-07-29,Orthorectified imagery from Quebec,Imagerie orthorectifiée du Québec,No resources covered,Aucune ressource couverte,Government and Municipalities of Québec , Gouvernement et municipalités du Québec
"Aug 2, 2026",1.0,3f273148-3aaf-4194-b846-04fbf524e476,348ffdaf-278d-489c-92d7-c25e09ae9d15,2019-02-21,2019-02-21,2025-02-28,Pipeline transportation occurrence data from January 1979,Données sur les événements de transport par pipeline depuis janvier 1979,Pipeline occurrences,Événements de transport par pipeline,Transportation Safety Board of Canada , Bureau de la sécurité des transports du Canada
"Aug 1, 2026",1.0,3f718801-099d-4037-bb0a-1d41ba8aca8b,200d710b-17ac-4c1a-a624-fdcc5fc62af9,2018-01-10,2018-01-10,2026-07-20,Canada Small Business Financing Program (CSBFP),Programme de financement des petites entreprises du Canada (PFPEC),Loans and Claims—by Size of Loan ,Prêts et demandes d'indemnisation par montant des prêts ,"Innovation, Science and Economic Development Canada "," Innovation, Sciences et Développement économique Canada"
"Aug 1, 2026",1.0,3f718801-099d-4037-bb0a-1d41ba8aca8b,No resource,2018-01-10,2018-01-10,2026-07-20,Canada Small Business Financing Program (CSBFP),Programme de financement des petites entreprises du Canada (PFPEC),No resources covered,Aucune ressource couverte,"Innovation, Science and Economic Development Canada "," Innovation, Sciences et Développement économique Canada"
"Aug 1, 2026",1.0,3f718801-099d-4037-bb0a-1d41ba8aca8b,ffc24eed-14b7-41ad-82f5-d01f73b5a9ea,2018-01-10,2018-01-10,2026-07-20,Canada Small Business Financing Program (CSBFP),Programme de financement des petites entreprises du Canada (PFPEC),Cash Flow - Revenues and Expenses,Flux de trésorerie - revenus et dépenses ,"Innovation, Science and Economic Development Canada "," Innovation, Sciences et Développement économique Canada"
"Aug 3, 2026",1.0,3fc3dd82-2b38-5d39-8d35-8667f919410c,No resource,2016-09-24,2016-09-24,2022-02-22,Southern Cordillera Seismic Reflection Line 3,Southern Cordillera Seismic Reflection Line 3,No resources covered,Aucune ressource couverte,Natural Resources Canada , Ressources naturelles Canada
"Aug 3, 2026",1.0,3fedf39c-b5b9-4f53-bcb1-de4eb906943b,No resource,2021-12-17,2021-12-17,2026-04-17,Inland Lakes and Streams – Water Chemistry,Lacs et cours d’eau intérieurs – propriétés chimiques de l’eau,No resources covered,Aucune ressource couverte,Government of Ontario , Gouvernement de l'Ontario
"Aug 1, 2026",1.0,3ff1e1de-d665-4398-a12a-e8ce55f887ac,6619e979-6db6-4e02-9674-dc05bf97834c,2022-04-06,2026-05-20,2026-05-20,Gasoline report - Canadian gasoline prices,Rapport sur l’essence — prix de l'essence au Canada,Gasoline report - Canadian gasoline prices,Rapport sur l'essence - Prix de l'essence au Canada,Government of Ontario , Gouvernement de l'Ontario
"Aug 1, 2026",4.0,40544b3a-4821-55cf-95c5-ff056f1ade05,232dc21d-612f-4e1e-a499-306afef52d13,2025-01-15,2026-04-17,2026-04-17,2024 - Payments to Medical Practitioners,Paiements aux médecins,2024 - Payments to Medical Practitioners (CSV Excel),Paiements aux médecins (CSV Excel),Government of New Brunswick , Gouvernement du Nouveau-Brunswick
"Aug 2, 2026",1.0,40544b3a-4821-55cf-95c5-ff056f1ade05,507f9ab9-561e-4d97-8e46-6a8d6fa19d4f,2025-01-15,2026-04-17,2026-04-17,2024 - Payments to Medical Practitioners,Paiements aux médecins,Payments to Medical Practitioners-Guide to Disclosure_Paiements aux médecins-Guide de divulgation.pdf,Translation of Payments to Medical Practitioners-Guide to Disclosure_Paiements aux médecins-Guide de divulgation.pdf,Government of New Brunswick , Gouvernement du Nouveau-Brunswick
"Aug 1, 2026",2.0,40544b3a-4821-55cf-95c5-ff056f1ade05,f88fe485-2402-41a3-aedd-32f7e600e200,2025-01-15,2026-04-17,2026-04-17,2024 - Payments to Medical Practitioners,Paiements aux médecins,2024 - Payments to Medical Practitioners (XML),Paiements aux médecins (XML),Government of New Brunswick , Gouvernement du Nouveau-Brunswick
"Aug 3, 2026",2.0,40619839-51e2-4151-9ea9-2e29d42aa948,No resource,2025-05-26,2025-05-26,2026-03-24,"Coastal Environmental Baseline Program (Maritimes Region), Northwest Fundy Shores conductivity, temperature and depth data","Programme sur les données environnementales côtières de référence (région des Maritimes) - données sur la conductivité, la température et la profondeur des côtes nord-ouest de la baie de Fundy",No resources covered,Aucune ressource couverte,Fisheries and Oceans Canada , Pêches et Océans Canada
"Aug 3, 2026",1.0,40e01423-7728-429c-ac9d-2954385ccdfb,2eb27061-d365-4219-ae27-07711eb73a2b,2016-09-24,2026-05-01,2026-05-01,"Bulk data files for all years – releases, disposals, transfers and facility locations","Fichiers de données normalisées pour toutes les années – Rejets, éliminations, transferts et emplacement des installations",NPRI-INRP_DisposalsEliminations_1993-present.csv,NPRI-INRP_DisposalsEliminations_1993-present.csv,Environment and Climate Change Canada , Environnement et Changement climatique Canada
"Aug 3, 2026",1.0,40e01423-7728-429c-ac9d-2954385ccdfb,4c2ccdfb-cb4d-463b-b074-8b2b02d3b17a,2016-09-24,2026-05-01,2026-05-01,"Bulk data files for all years – releases, disposals, transfers and facility locations","Fichiers de données normalisées pour toutes les années – Rejets, éliminations, transferts et emplacement des installations",NPRI-INRP_GeolocationsGeolocalisation_1993-present.csv,NPRI-INRP_GeolocationsGeolocalisation_1993-present.csv,Environment and Climate Change Canada , Environnement et Changement climatique Canada
"Aug 3, 2026",3.0,40e01423-7728-429c-ac9d-2954385ccdfb,7cd6f2c4-8db5-4b96-9d3a-b3c5bec44ca1,2016-09-24,2026-05-01,2026-05-01,"Bulk data files for all years – releases, disposals, transfers and facility locations","Fichiers de données normalisées pour toutes les années – Rejets, éliminations, transferts et emplacement des installations",NPRI-INRP_ReleasesRejets_1993-present.csv,NPRI-INRP_ReleasesRejets_1993-present.csv,Environment and Climate Change Canada , Environnement et Changement climatique Canada
"Aug 3, 2026",1.0,40fbe40c-01cd-49d3-8add-0d20ed64c90d,No resource,2017-03-29,2017-03-29,2021-05-19,"Power Plants, 100 MW or more - North American Cooperation on Energy Information","Centrales électriques, 100 MW et plus - Coopération nord-américaine en matière d’information sur l’énergie",No resources covered,Aucune ressource couverte,Natural Resources Canada , Ressources naturelles Canada
"Aug 1, 2026",1.0,4129e42c-bfa6-40f1-9b2a-19dc04136bb4,No resource,2018-08-22,2018-08-22,2024-06-18,Hexagonal Grid of Canada,Grille hexagonale du Canada,No resources covered,Aucune ressource couverte,"Innovation, Science and Economic Development Canada "," Innovation, Sciences et Développement économique Canada"
"Aug 1, 2026",1.0,41797f6a-4e41-5084-220d-0ae47d03fcd2,9b0e1a6a-7935-4098-a8a9-54c234f2b9c0,2022-04-14,2026-01-28,2026-01-28,Parenting Journey Program,Programme Parenting Journey,Parenting Journey Program (CSV Excel),Programme Parcours parental (CSV Excel),Government of Nova Scotia , Gouvernment de la Nouvelle-Écosse
"Aug 3, 2026",1.0,4188dacc-07c5-f72c-cfb1-cd505fcd4eb4,No resource,2024-04-17,2024-04-17,2026-01-28,Pipelines,Pipelines,No resources covered,Aucune ressource couverte,Government of New Brunswick , Gouvernement du Nouveau-Brunswick
"Aug 2, 2026",1.0,43651f1a-14bb-4f68-91c7-34092f0a9247,7470b32e-149b-4eeb-83a0-b89817cdf7ce,2021-04-13,2026-05-21,2026-05-21,"Police personnel by detailed rank, duties and gender","Personnel policier selon les grades détaillés, les tâches et le genre",Dataset,Ensembles de données,Statistics Canada , Statistique Canada
"Aug 2, 2026",3.0,43651f1a-14bb-4f68-91c7-34092f0a9247,a732fa00-a1c7-4a37-a61e-53a739ed1604,2021-04-13,2026-05-21,2026-05-21,"Police personnel by detailed rank, duties and gender","Personnel policier selon les grades détaillés, les tâches et le genre",Dataset,Ensembles de données,Statistics Canada , Statistique Canada
"Aug 3, 2026",1.0,4382d531-04ed-46b7-a10b-35df6fe36d56,80caf821-9f7e-4796-b738-d803f9a0c23c,2025-06-04,2025-06-04,2025-06-04,Electronic Products,Matériels électroniques,"Battery chargers 8.70 - Manufactured on or after June 13, 2019","Chargeurs de batteries 8,70 - Fabriqué le 13 juin 2019 ou après cette date",Natural Resources Canada , Ressources naturelles Canada
"Aug 3, 2026",1.0,4382d531-04ed-46b7-a10b-35df6fe36d56,No resource,2025-06-04,2025-06-04,2026-06-22,Electronic Products,Matériels électroniques,No resources covered,Aucune ressource couverte,Natural Resources Canada , Ressources naturelles Canada
"Aug 3, 2026",1.0,43a63c4f-b08e-4c53-99bb-20b90b83c6c0,0157aebd-f515-4d13-a745-62c2322eaccf,2019-04-30,2019-04-30,2025-01-24,Canadian Film or Video Production Tax Credit Program (CPTC) - Certified Productions,Crédit d'impôt pour production cinématographique ou magnétoscopique canadienne (CIPC) - Productions certifiées,List of Certified Productions 1995-2010,Liste des productions certifiées 1995-2010,Canadian Heritage , Patrimoine canadien
"Aug 3, 2026",2.0,43a63c4f-b08e-4c53-99bb-20b90b83c6c0,3fc178f1-e742-4f6e-be64-6c268a056f0e,2019-04-30,2019-04-30,2026-01-30,Canadian Film or Video Production Tax Credit Program (CPTC) - Certified Productions,Crédit d'impôt pour production cinématographique ou magnétoscopique canadienne (CIPC) - Productions certifiées,List of certified productions since 2010 - updated 2026-01-05.CSV,Liste des productions certifiées depuis 2010 – mise à jour 2026-01-05.CSV,Canadian Heritage , Patrimoine canadien
"Aug 3, 2026",1.0,43a63c4f-b08e-4c53-99bb-20b90b83c6c0,c04611ad-3189-42af-aab1-fecec5ea1bd8,2019-04-30,2019-04-30,2026-01-30,Canadian Film or Video Production Tax Credit Program (CPTC) - Certified Productions,Crédit d'impôt pour production cinématographique ou magnétoscopique canadienne (CIPC) - Productions certifiées,List of certified productions since 2010 - updated 2026-01-05 XLSX,Liste des productions certifiées depuis 2010 – mise à jour 2026-01-05 XLSX,Canadian Heritage , Patrimoine canadien
"Aug 3, 2026",2.0,4444b25a-cd38-46b8-bfb8-15e5d28ba4e7,0c2244d9-287e-49f4-a006-82d3de25df6c,2016-09-24,2026-03-09,2026-07-07,Insolvency Statistics in Canada,Statistiques sur l'insolvabilité au Canada ,2026 Insolvency Statistics in Canada,2026 Statistiques sur l'insolvabilité au Canada,"Innovation, Science and Economic Development Canada "," Innovation, Sciences et Développement économique Canada"
"Aug 3, 2026",1.0,4444b25a-cd38-46b8-bfb8-15e5d28ba4e7,No resource,2016-09-24,2016-09-24,2026-07-28,Insolvency Statistics in Canada,Statistiques sur l'insolvabilité au Canada ,No resources covered,Aucune ressource couverte,"Innovation, Science and Economic Development Canada "," Innovation, Sciences et Développement économique Canada"
"Aug 1, 2026",1.0,4445388a-4c4d-40df-bb21-6eaa2600a34c,No resource,2026-01-09,2026-01-09,2026-01-09,"Health-adjusted life expectancy, by sex and income quintile","Espérance de vie ajustée sur la santé, selon le sexe et le quintile de revenu",No resources covered,Aucune ressource couverte,Statistics Canada , Statistique Canada
"Aug 3, 2026",2.0,4483aeea-df26-4b83-a565-934c769e74de,No resource,2020-06-05,2020-06-05,2026-07-29,Freshwater Atlas - Islands,Atlas des eaux douces - Îles,No resources covered,Aucune ressource couverte,Government of British Columbia , Gouvernment de la Colombie-Britannique
"Aug 3, 2026",1.0,44a11d09-3f0b-418a-98dd-20a74f1ae32e,69582548-5004-4b0e-8b3a-5469d0dfafd1,2025-08-13,2026-04-17,2026-04-17,"Alberta population projections, 2025-2051 - Alberta and sub-regions - data tables","Translation of Alberta population projections, 2025-2051 - Alberta and sub-regions - data tables","Alberta population projections 2025-2051 - school authorities, separate","Translation of Alberta population projections 2025-2051 - school authorities, separate",Government of Alberta , Gouvernement de l'Alberta
"Aug 2, 2026",1.0,44b103eb-ab35-58df-8be5-d37eeecbc576,e957000a-12be-45dd-8c94-da83406ff8a9,2016-09-24,2017-01-30,2017-01-30,"Gas Chromatography Data for Crude Oils, Condensates and Rock Extracts From Canadian and Selected International Sedimentary Basins-Arctic Islands","Données de chromatographie en phase gazeuse pour les pétroles bruts, les condensats et les extraits de roche du Canada et de bassins sédimentaires internationaux choisis-Îles arctiques","Download ZIP (pdf,xls) through HTTP","Télécharger le fichier en format ZIP (pdf,xls) via HTTP",Natural Resources Canada , Ressources naturelles Canada
"Aug 1, 2026",1.0,45711667-7878-4d86-8b5e-d0be5997dd16,7f2943d2-526f-4b29-b4ab-0e106ecf2308,2023-04-13,2026-04-17,2026-04-17,Compulsory Inspection Data 1900 to 2023-24,Translation of Compulsory Inspection Data 1900 to 2023-24,Compulsory Inspection Data 1900 to 2023-24,Translation of Compulsory Inspection Data 1900 to 2023-24,Government of British Columbia , Gouvernment de la Colombie-Britannique
"Aug 3, 2026",1.0,4586fed6-dfa8-4bb2-8b72-e28f9cdb2b69,7e1b0545-1e38-4ca5-9ada-67434927868d,2026-06-03,2026-06-03,2026-06-03,Economic statistics,Statistiques économiques,Rent and vacancy rates,Loyer et taux d'inoccupation,Government of Yukon , Gouvernement du Yukon
"Aug 2, 2026",1.0,45a00be0-d572-4e42-be18-1bbaaf6c85ee,19364963-c620-41e6-bb07-9febe6ce7dd7,2024-12-11,2026-07-22,2026-07-22,Building Permits (BPER),Permis de construire (BPER),Building Permits Monthly Data (XLSX),Données mensuelles sur les permis de construire (XLSX),Government of British Columbia , Gouvernment de la Colombie-Britannique
"Aug 1, 2026",1.0,460aa2e0-5a37-47cf-a858-98b4327d29de,No resource,2020-04-02,2020-04-02,2026-04-29,Canadian Armed Forces Regular Force Members by Rank,Membres de la Force régulière des Forces armées canadiennes par rang,No resources covered,Aucune ressource couverte,National Defence , Défense nationale
"Aug 2, 2026",1.0,460aa2e0-5a37-47cf-a858-98b4327d29de,affafb5b-068e-49fe-8abe-60c345e044e4,2020-04-02,2020-04-02,2025-03-06,Canadian Armed Forces Regular Force Members by Rank,Membres de la Force régulière des Forces armées canadiennes par rang,Canadian Armed Forces Regular Force Members by Rank,Membres de la Force régulière des Forces armées canadiennes par rang,National Defence , Défense nationale
"Aug 1, 2026",1.0,467571fa-1c56-a4b6-0a97-bb0c22f0d72f,No resource,2026-02-18,2026-02-18,2026-02-18,NB School Boundaries,Limites Scolaires N-B,No resources covered,Aucune ressource couverte,Government of New Brunswick , Gouvernement du Nouveau-Brunswick
"Aug 3, 2026",1.0,47bd4f2e-1c77-49f8-8406-dc4dca64ee6b,No resource,2016-11-22,2016-11-22,2022-02-23,"Provinces/Territories, Digital Boundary File - 2016 Census","Provinces / Territoires, Fichier numérique des limites - Recensement de 2016",No resources covered,Aucune ressource couverte,Statistics Canada , Statistique Canada
"Aug 2, 2026",1.0,47caa405-be2b-4e9e-8f53-c478ade2ca74,7ac98bbb-0611-4f32-8bfc-ca4234a8edd6,2017-02-17,2026-07-27,2026-07-27,Critical Habitat for Species at Risk National Dataset - Canada,Ensemble de données nationales sur l'habitat essentiel des espèces en péril – Canada,Critical Habitat - Data Dictionary,Habitat essentiel - Dictionnaire de données,Environment and Climate Change Canada , Environnement et Changement climatique Canada
"Aug 2, 2026",2.0,47caa405-be2b-4e9e-8f53-c478ade2ca74,7f88fac2-9a58-4213-8a55-fa7611947a94,2017-02-17,2026-07-27,2026-07-27,Critical Habitat for Species at Risk National Dataset - Canada,Ensemble de données nationales sur l'habitat essentiel des espèces en péril – Canada,Critical Habitat,Habitat essentiel,Environment and Climate Change Canada , Environnement et Changement climatique Canada
"Aug 3, 2026",1.0,47caa405-be2b-4e9e-8f53-c478ade2ca74,No resource,2017-02-17,2017-02-17,2026-07-27,Critical Habitat for Species at Risk National Dataset - Canada,Ensemble de données nationales sur l'habitat essentiel des espèces en péril – Canada,No resources covered,Aucune ressource couverte,Environment and Climate Change Canada , Environnement et Changement climatique Canada
"Aug 2, 2026",1.0,482ed36e-b506-48c2-814b-ff6aff78b08d,a68ffd6f-d106-4ac2-99a4-e710caf7e28a,2023-03-21,2023-03-21,2024-11-20,Briefing Binder for the Chief Commissioner of the CHRC for her appearance before the Standing Senate Committee on Human Rights (Study of Islamophobia in Canada),Trousse pour témoin pour la présidente de la Commission canadienne des droits de la personne pour sa comparution devant le Comité sénatorial permanent des droits de la personne (Étude sur l'islamophobie au Canada) ,Briefing Binder - Chief Commissioner of the CHRC - Appearance before the Standing Senate Committee on Human Rights (Study of Islamophobia in Canada),Trousse pour témoin - Présidente de la Commission canadienne des droits de la personne - Comparution devant le Comité sénatorial permanent des droits de la personne (Étude sur l'islamophobie au Canada),Canadian Human Rights Commission , Commission canadienne des droits de la personne
"Aug 3, 2026",3.0,48a7d454-2d60-4f36-80ef-65f581c1045b,No resource,2020-09-14,2020-09-14,2026-05-27,Location of archaeological sites (ISAQ listed),Localisation des sites archéologiques (répertoriés ISAQ),No resources covered,Aucune ressource couverte,Government and Municipalities of Québec , Gouvernement et municipalités du Québec
"Aug 1, 2026",1.0,49ff9fe4-eb30-4c1a-a30a-fca82d4f5c2f,No resource,2020-09-14,2020-09-14,2026-05-27,Declarations of bedbug exterminations by pest managers,Déclarations des exterminations de punaises de lit par des gestionnaires de parasites,No resources covered,Aucune ressource couverte,Government and Municipalities of Québec , Gouvernement et municipalités du Québec
"Aug 1, 2026",1.0,4a1b260a-7ac4-4985-80a0-603bfe4aec11,No resource,2016-10-13,2016-10-13,2026-07-14,(ARCHIVED) Resettled Refugees – Monthly IRCC Updates,(ARCHIVÉ) Réfugiés réinstallés – Mises à jour mensuelles d’IRCC ,No resources covered,Aucune ressource couverte,"Immigration, Refugees and Citizenship Canada "," Immigration, Réfugiés et Citoyenneté Canada"
"Aug 3, 2026",2.0,4a892582-0aaa-5e2d-80c9-1783254c99ab,No resource,2016-09-24,2016-09-24,2022-03-14,Runoff,Écoulement,No resources covered,Aucune ressource couverte,Natural Resources Canada , Ressources naturelles Canada
"Aug 1, 2026",1.0,4aabd7c6-9bc5-1b99-1fc9-6c1be83e7909,1a5c4ac7-8ecc-402c-b99e-4a06b386e61c,2022-04-14,2025-09-24,2025-09-24,Long-term Care and Residential Care Facilities,Établissements de soins de longue durée et de soins résidentiels,Long-term Care and Residential Care Facilities (CSV),Établissements de soins de longue durée et de soins résidentiels (CSV),Government of Nova Scotia , Gouvernment de la Nouvelle-Écosse
"Aug 1, 2026",1.0,4aabd7c6-9bc5-1b99-1fc9-6c1be83e7909,7deecafc-2ea4-4420-810a-e8b3b5300f17,2022-04-14,2025-09-24,2025-09-24,Long-term Care and Residential Care Facilities,Établissements de soins de longue durée et de soins résidentiels,Long-term Care and Residential Care Facilities (CSV Excel),Établissements de soins de longue durée et de soins résidentiels (CSV Excel),Government of Nova Scotia , Gouvernment de la Nouvelle-Écosse
"Aug 1, 2026",2.0,4b326871-2d4a-4cec-8b24-2d17f9219d12,b28a8861-aed1-48bd-94cc-411c79002648,2022-03-30,2026-04-17,2026-04-17,74M 50K Map - Provincial Resource Access Map Series,Translation of 74M 50K Map - Provincial Resource Access Map Series,74M 50K Map - Provincial Resource Access Map Series (From Alberta Geodiscover Portal metadata),Translation of 74M 50K Map - Provincial Resource Access Map Series (From Alberta Geodiscover Portal metadata),Government of Alberta , Gouvernement de l'Alberta
"Aug 1, 2026",1.0,4c53d593-6d84-46fc-af40-784721763116,No resource,2018-06-27,2018-06-27,2026-07-13,"Historical (real-time) releases of gross domestic product (GDP) at basic prices, by industry, monthly","Diffusions historiques (temps réel) du produit intérieur brut (PIB) aux prix de base, par industries, mensuel",No resources covered,Aucune ressource couverte,Statistics Canada , Statistique Canada
"Aug 3, 2026",1.0,4c6c515f-7c44-4bb6-ab56-c5f79f75f705,4ea3ad80-fec1-4a03-941c-8006318bdb09,2025-09-29,2026-04-14,2026-04-15,Property and casualty companies,Sociétés d'assurances multirisques,List of Property and Casualty Company Subsidiaries,Liste des filiales des sociétés d’assurances multirisques,Office of the Superintendent of Financial Institutions Canada , Bureau du surintendant des institutions financières Canada
"Aug 1, 2026",1.0,4c6c515f-7c44-4bb6-ab56-c5f79f75f705,6987c14b-8c4f-4462-9339-1341960d0fc6,2025-09-29,2025-09-29,2026-05-25,Property and casualty companies,Sociétés d'assurances multirisques,MI -Mortgage Insurance Capital Adequacy Test (Active),MI - Test de suffisance du Capital des assureurs hypothécaire (Actif),Office of the Superintendent of Financial Institutions Canada , Bureau du surintendant des institutions financières Canada
"Aug 1, 2026",4.0,4c6c515f-7c44-4bb6-ab56-c5f79f75f705,No resource,2025-09-29,2025-09-29,2026-06-04,Property and casualty companies,Sociétés d'assurances multirisques,No resources covered,Aucune ressource couverte,Office of the Superintendent of Financial Institutions Canada , Bureau du surintendant des institutions financières Canada
"Aug 3, 2026",1.0,4c6c515f-7c44-4bb6-ab56-c5f79f75f705,No resource,2025-09-29,2025-09-29,2026-06-04,Property and casualty companies,Sociétés d'assurances multirisques,No resources covered,Aucune ressource couverte,Office of the Superintendent of Financial Institutions Canada , Bureau du surintendant des institutions financières Canada
"Aug 2, 2026",2.0,4c6c515f-7c44-4bb6-ab56-c5f79f75f705,c046ea03-a121-470d-bd23-20a4d7fd7b20,2025-09-29,2025-09-29,2026-05-25,Property and casualty companies,Sociétés d'assurances multirisques,PC3 - P&C Supervisory Annual Return (Active),PC3 - P&C Relevé de surveillance annuel (Actif),Office of the Superintendent of Financial Institutions Canada , Bureau du surintendant des institutions financières Canada
"Aug 2, 2026",1.0,4c6c515f-7c44-4bb6-ab56-c5f79f75f705,d4c1d98d-c19e-4730-ab2d-6e64160351a7,2025-09-29,2025-09-29,2026-05-25,Property and casualty companies,Sociétés d'assurances multirisques,PC1 - P&C Core Financial Statement Return (Active),PC1 - P&C Relevé des états financiers de base (Actif),Office of the Superintendent of Financial Institutions Canada , Bureau du surintendant des institutions financières Canada
"Aug 3, 2026",1.0,4c6c515f-7c44-4bb6-ab56-c5f79f75f705,d4c1d98d-c19e-4730-ab2d-6e64160351a7,2025-09-29,2025-09-29,2026-05-25,Property and casualty companies,Sociétés d'assurances multirisques,PC1 - P&C Core Financial Statement Return (Active),PC1 - P&C Relevé des états financiers de base (Actif),Office of the Superintendent of Financial Institutions Canada , Bureau du surintendant des institutions financières Canada
"Aug 2, 2026",3.0,4c8566db-bf93-2bc9-13af-56c0a564761b,e9e7458b-5ece-49f0-9e33-227549847ab7,2024-04-24,2026-02-18,2026-02-18,Protected Natural Areas,Zones naturelles protégées,Protected Natural Areas (CSV),Zones naturelles protégées (CSV),Government of New Brunswick , Gouvernement du Nouveau-Brunswick
"Aug 2, 2026",2.0,4c9f59d6-667f-8285-a75d-25ac73d61e9b,No resource,2024-12-17,2024-12-17,2024-12-17,"Geological map of Canada, 1:5 000 000","Carte géologique du Canada, 1:5 000000",No resources covered,Aucune ressource couverte,Natural Resources Canada , Ressources naturelles Canada
"Aug 2, 2026",1.0,4cc14294-b40d-40f2-bb27-201e40e1ded4,6d33c2a9-4955-46a6-933a-9f8b2a3690c9,2023-10-05,2023-10-05,2024-11-20,Parks Canada Carbon Atlas Series: Carbon Dynamics in the Forests of National Parks in Canada,Série de l’Atlas du carbone de Parcs Canada : Dynamique du carbone dans les forêts des parcs nationaux du Canada,Parks Canada Carbon Atlas Series: Carbon Dynamics in the Forests of National Parks in Canada,Série de l’Atlas du carbone de Parcs Canada : Dynamique du carbone dans les forêts des parcs nationaux du Canada,Parks Canada , Parcs Canada
"Aug 1, 2026",2.0,4cc207cc-ff03-44f8-8c5f-415af5224646,4a3fb621-d335-4892-abe5-845391d7798e,2020-06-05,2026-04-22,2026-04-22,Child Care Map Data,Données cartographiques sur la garde d'enfants,childcare_locations,locations_de garde d'enfants,Government of British Columbia , Gouvernment de la Colombie-Britannique
"Aug 2, 2026",1.0,4cc207cc-ff03-44f8-8c5f-415af5224646,4a3fb621-d335-4892-abe5-845391d7798e,2020-06-05,2026-04-22,2026-04-22,Child Care Map Data,Données cartographiques sur la garde d'enfants,childcare_locations,locations_de garde d'enfants,Government of British Columbia , Gouvernment de la Colombie-Britannique
"Aug 1, 2026",1.0,4cc207cc-ff03-44f8-8c5f-415af5224646,No resource,2020-06-05,2020-06-05,2026-04-22,Child Care Map Data,Données cartographiques sur la garde d'enfants,No resources covered,Aucune ressource couverte,Government of British Columbia , Gouvernment de la Colombie-Britannique
"Aug 2, 2026",1.0,4cc207cc-ff03-44f8-8c5f-415af5224646,No resource,2020-06-05,2020-06-05,2026-04-22,Child Care Map Data,Données cartographiques sur la garde d'enfants,No resources covered,Aucune ressource couverte,Government of British Columbia , Gouvernment de la Colombie-Britannique
"Aug 1, 2026",1.0,4cf233c2-f020-4f7a-9b87-1923252fbc24,No resource,2020-06-05,2020-06-05,2026-01-28,ParcelMap BC Parcel Fabric,Tissu ParcelMap BC Parcel,No resources covered,Aucune ressource couverte,Government of British Columbia , Gouvernment de la Colombie-Britannique
"Aug 3, 2026",1.0,4cf233c2-f020-4f7a-9b87-1923252fbc24,f2f784c2-454b-48c3-83aa-5260ea293014,2020-06-05,2026-01-28,2026-01-28,ParcelMap BC Parcel Fabric,Tissu ParcelMap BC Parcel,Parcel Fabric File Geodatabase (NAD83 / BC Albers),Géodatabase de fichiers Parcel Fabric (NAD83/BC Albers),Government of British Columbia , Gouvernment de la Colombie-Britannique
"Aug 2, 2026",1.0,4d339626-98f9-49fe-aede-d64f03fa914f,37149be5-bf27-46e9-ade0-0d81c39c2c07,2021-01-27,2026-04-17,2026-04-17,Ontario top baby names (female),Noms de nouveau-né les plus répandus en Ontario (Femme),Ontario top baby names (female),Noms de nouveau-né les plus répandus en Ontario (femelle),Government of Ontario , Gouvernement de l'Ontario
"Aug 2, 2026",1.0,4d39c9f9-a85c-4bf2-b920-138fdd423384,No resource,2025-01-22,2025-01-22,2025-09-15,"Soil Landscape Grids of Canada, 100m","Grilles des pédopaysages du Canada, 100 m",No resources covered,Aucune ressource couverte,Agriculture and Agri-Food Canada , Agriculture et Agroalimentaire Canada
"Aug 3, 2026",1.0,4dab5b98-b97b-7ba7-9c23-b3eaf8e8d762,054f145c-3df2-4491-b2f3-8f2dc612d9cd,2022-05-03,2026-04-17,2026-04-17,Unclaimed Estate or Trust Funds Database,Translation of Unclaimed Estate or Trust Funds Database,Unclaimed Estate or Trust Funds Database (XML),Translation of Unclaimed Estate or Trust Funds Database (XML),Government of Nova Scotia , Gouvernment de la Nouvelle-Écosse
"Aug 2, 2026",3.0,4dab5b98-b97b-7ba7-9c23-b3eaf8e8d762,068745ec-8ba5-4191-83b7-2b8d7df88ae7,2022-05-03,2026-04-17,2026-04-17,Unclaimed Estate or Trust Funds Database,Translation of Unclaimed Estate or Trust Funds Database,Unclaimed Estate or Trust Funds Database (CSV),Translation of Unclaimed Estate or Trust Funds Database (CSV),Government of Nova Scotia , Gouvernment de la Nouvelle-Écosse
"Aug 3, 2026",3.0,4dab5b98-b97b-7ba7-9c23-b3eaf8e8d762,068745ec-8ba5-4191-83b7-2b8d7df88ae7,2022-05-03,2026-04-17,2026-04-17,Unclaimed Estate or Trust Funds Database,Translation of Unclaimed Estate or Trust Funds Database,Unclaimed Estate or Trust Funds Database (CSV),Translation of Unclaimed Estate or Trust Funds Database (CSV),Government of Nova Scotia , Gouvernment de la Nouvelle-Écosse
"Aug 1, 2026",1.0,4dab5b98-b97b-7ba7-9c23-b3eaf8e8d762,365343d5-cef7-4497-a8c0-e91b1b4f4f57,2022-05-03,2026-04-17,2026-04-17,Unclaimed Estate or Trust Funds Database,Translation of Unclaimed Estate or Trust Funds Database,Unclaimed Estate or Trust Funds Database (TSV),Translation of Unclaimed Estate or Trust Funds Database (TSV),Government of Nova Scotia , Gouvernment de la Nouvelle-Écosse
"Aug 2, 2026",1.0,4dab5b98-b97b-7ba7-9c23-b3eaf8e8d762,365343d5-cef7-4497-a8c0-e91b1b4f4f57,2022-05-03,2026-04-17,2026-04-17,Unclaimed Estate or Trust Funds Database,Translation of Unclaimed Estate or Trust Funds Database,Unclaimed Estate or Trust Funds Database (TSV),Translation of Unclaimed Estate or Trust Funds Database (TSV),Government of Nova Scotia , Gouvernment de la Nouvelle-Écosse
"Aug 3, 2026",1.0,4dab5b98-b97b-7ba7-9c23-b3eaf8e8d762,810f1522-aed7-4caf-9750-b76c1c098ab1,2022-05-03,2026-04-17,2026-04-17,Unclaimed Estate or Trust Funds Database,Translation of Unclaimed Estate or Trust Funds Database,Unclaimed Estate or Trust Funds Database (CSV Excel (EU)),Translation of Unclaimed Estate or Trust Funds Database (CSV Excel (EU)),Government of Nova Scotia , Gouvernment de la Nouvelle-Écosse
"Aug 2, 2026",1.0,4dab5b98-b97b-7ba7-9c23-b3eaf8e8d762,85543f4c-607a-4039-b6a0-b10e44576c8a,2022-05-03,2026-04-17,2026-04-17,Unclaimed Estate or Trust Funds Database,Translation of Unclaimed Estate or Trust Funds Database,Unclaimed Estate or Trust Funds Database (CSV Excel),Translation of Unclaimed Estate or Trust Funds Database (CSV Excel),Government of Nova Scotia , Gouvernment de la Nouvelle-Écosse
"Aug 1, 2026",3.0,4dab5b98-b97b-7ba7-9c23-b3eaf8e8d762,No resource,2022-05-03,2022-05-03,2026-04-17,Unclaimed Estate or Trust Funds Database,Translation of Unclaimed Estate or Trust Funds Database,No resources covered,Aucune ressource couverte,Government of Nova Scotia , Gouvernment de la Nouvelle-Écosse
"Aug 2, 2026",2.0,4dab5b98-b97b-7ba7-9c23-b3eaf8e8d762,No resource,2022-05-03,2022-05-03,2026-04-17,Unclaimed Estate or Trust Funds Database,Translation of Unclaimed Estate or Trust Funds Database,No resources covered,Aucune ressource couverte,Government of Nova Scotia , Gouvernment de la Nouvelle-Écosse
"Aug 3, 2026",2.0,4dab5b98-b97b-7ba7-9c23-b3eaf8e8d762,No resource,2022-05-03,2022-05-03,2026-04-17,Unclaimed Estate or Trust Funds Database,Translation of Unclaimed Estate or Trust Funds Database,No resources covered,Aucune ressource couverte,Government of Nova Scotia , Gouvernment de la Nouvelle-Écosse
"Aug 3, 2026",1.0,4dd517b8-4e81-4a94-a2f6-5f077a8c2088,6c2104f6-29ef-46ec-a15b-40939b59a7c1,2018-06-27,2026-07-14,2026-07-14,"Electric power selling price index, monthly","Indice des prix de vente de l'énergie électrique, mensuel",Dataset,Ensembles de données,Statistics Canada , Statistique Canada
"Aug 3, 2026",4.0,4ddf5fde-f1c7-4781-9692-4b6fc954d1b7,No resource,2018-06-27,2018-06-27,2023-01-17,"Number of full-time teaching staff at Canadian universities, by rank, sex, inactive","Nombre du personnel enseignant à plein temps dans les universités canadiennes, selon le rang et le sexe, inactif",No resources covered,Aucune ressource couverte,Statistics Canada , Statistique Canada
"Aug 2, 2026",1.0,4e615eae-b90c-420b-adee-2ca35896caf6,3dad2d6c-30bd-463f-8a36-c61070433c97,2019-11-06,2025-10-15,2025-10-15,2015 Land Cover of Canada,Couverture des terres du Canada 2015,2015 Land Cover of Canada,Couverture des terres du Canada 2015,Natural Resources Canada , Ressources naturelles Canada
"Aug 3, 2026",2.0,4e857c0c-2309-438d-ad29-80b55d9c48f7,0460dc08-916e-43d3-9f33-e1aeb99882e9,2023-02-08,2024-11-05,2024-11-05,"Building construction price indexes, by type of building and division, inactive","Indices des prix de la construction de bâtiments, selon le type d'immeuble et la division, inactif",Dataset,Ensembles de données,Statistics Canada , Statistique Canada
"Aug 2, 2026",1.0,4eee1558-45b7-4484-9336-e692897d393f,5455750e-a079-4bf8-828b-09e2337eb29b,2017-08-25,2021-08-31,2025-12-12,Historical Transfer Tables: 1980 to present,Tableaux de transferts historiques : 1980 au présent,Equalization Entitlements (1957-1980),Paiements de péréquation (1957-1980),Department of Finance Canada , Ministère des Finances Canada
"Aug 3, 2026",2.0,4eee1558-45b7-4484-9336-e692897d393f,5455750e-a079-4bf8-828b-09e2337eb29b,2017-08-25,2021-08-31,2025-12-12,Historical Transfer Tables: 1980 to present,Tableaux de transferts historiques : 1980 au présent,Equalization Entitlements (1957-1980),Paiements de péréquation (1957-1980),Department of Finance Canada , Ministère des Finances Canada
"Aug 2, 2026",1.0,4f1c44a6-1ecf-4da7-a1da-058b1ff9ce06,6439cc6a-3e2d-4eca-8246-c5ca2dd35a69,2023-09-05,2023-09-05,2024-11-20,Canada's Food Guide Research Tools - Data and Resources,Outils de recherche basés sur le Guide alimentaire canadien - Données et ressources,Canadian Food Intake Screener,Questionnaire court canadien sur les apports alimentaires,Health Canada , Santé Canada
"Aug 2, 2026",2.0,4f421dfd-116d-434c-a295-830af4bf582a,d69ff92f-a5f5-40ec-bd41-091d27d2914e,2018-06-27,2023-01-17,2023-01-17,"Investment in residential structures, annual, 1961 - 2011","Investissement en bâtiments résidentiels, annuel, 1961 - 2011",Dataset,Ensembles de données,Statistics Canada , Statistique Canada
"Aug 1, 2026",1.0,4fe645a1-ffcd-40c1-9385-2c771be956a4,No resource,2023-06-02,2023-06-02,2026-07-29,CanadaBuys contract history ,Contrats octroyés d'AchatsCanada,No resources covered,Aucune ressource couverte,Public Services and Procurement Canada , Services publics et Approvisionnement Canada
"Aug 3, 2026",5.0,4fe645a1-ffcd-40c1-9385-2c771be956a4,No resource,2023-06-02,2023-06-02,2026-07-29,CanadaBuys contract history ,Contrats octroyés d'AchatsCanada,No resources covered,Aucune ressource couverte,Public Services and Procurement Canada , Services publics et Approvisionnement Canada
"Aug 3, 2026",1.0,4fe645a1-ffcd-40c1-9385-2c771be956a4,b515f3ce-59a9-4ff8-91be-74799da7126c,2023-06-02,2026-04-01,2026-07-29,CanadaBuys contract history ,Contrats octroyés d'AchatsCanada,"Contract history, 2026-2027","Contrats octroyés, 2026-2027",Public Services and Procurement Canada , Services publics et Approvisionnement Canada
"Aug 3, 2026",2.0,4fe645a1-ffcd-40c1-9385-2c771be956a4,c2b7c21c-f643-4ad7-a9eb-f8b8372b5d78,2023-06-02,2023-06-02,2026-07-29,CanadaBuys contract history ,Contrats octroyés d'AchatsCanada,"All CanadaBuys contract history, 2023-06-01 onwards","Tous contrats octroyés d’AchatsCanada, 2023-06-01 et après",Public Services and Procurement Canada , Services publics et Approvisionnement Canada
"Aug 3, 2026",1.0,5015a2f0-babd-708e-3ab3-96bd2d366af7,b3c22b04-11e6-45ac-ae64-aac26c376e76,2022-04-14,2025-02-26,2025-02-26,Nova Scotia Topographic Database - County Boundaries,Base de données topographique de la Nouvelle-Écosse - Limites des comtés,Nova Scotia Topographic Database - County Boundaries (CSV),Base de données topographique de la Nouvelle-Écosse - Limites des comtés (CSV),Government of Nova Scotia , Gouvernment de la Nouvelle-Écosse
"Aug 1, 2026",1.0,50248c72-b49e-43a6-a4d4-5388153fd9ec,723008c4-0f92-4a9e-aec0-78fe01f00571,2023-04-05,2026-04-17,2026-04-17,"Births, marriages and deaths by municipality and year","Translation of Births, marriages and deaths by municipality and year","Births, marriages and deaths by municipality and year","Translation of Births, marriages and deaths by municipality and year",Government of Alberta , Gouvernement de l'Alberta
"Aug 1, 2026",1.0,50248c72-b49e-43a6-a4d4-5388153fd9ec,No resource,2023-04-05,2023-04-05,2026-04-17,"Births, marriages and deaths by municipality and year","Translation of Births, marriages and deaths by municipality and year",No resources covered,Aucune ressource couverte,Government of Alberta , Gouvernement de l'Alberta
"Aug 2, 2026",1.0,502b8125-e48b-443a-b463-a5b76eda8c25,No resource,2021-12-17,2021-12-17,2026-02-25,School enrolment by grade,Effectif scolaire par année d’études,No resources covered,Aucune ressource couverte,Government of Ontario , Gouvernement de l'Ontario
"Aug 1, 2026",1.0,508040d7-6fa9-46e4-afbc-aa61f3ca317e,20a7a325-19f7-4aa8-b666-e1cf0b01fe92,2017-03-15,2017-03-15,2017-03-15,Spectrum Management System Authorization Data Extract,Extrait des données d'autorisation du Système de gestion du spectre ,SMS Authorization Data Extract: All services,Extrait des données d'autorisation du SGS: Tous les services,"Innovation, Science and Economic Development Canada "," Innovation, Sciences et Développement économique Canada"
"Aug 1, 2026",1.0,51fc6bfb-e743-4073-9f12-e997bcb99299,681b9a95-873c-45d4-aa22-45b6a8d1632a,2022-09-27,2026-06-19,2026-06-19,Grizzly Bear Recovery Plan Management Zones,Zones de gestion du plan de rétablissement de l'ours grizzli,Grizzly Bear Recovery Plan Management Zones (SHP) (From Alberta Geodiscover Portal metadata),Zones de gestion du plan de rétablissement de l'ours grizzli (SHP) (à partir des métadonnées du portail Alberta Geodiscover),Government of Alberta , Gouvernement de l'Alberta
"Aug 3, 2026",1.0,51fc6bfb-e743-4073-9f12-e997bcb99299,681b9a95-873c-45d4-aa22-45b6a8d1632a,2022-09-27,2026-06-19,2026-06-19,Grizzly Bear Recovery Plan Management Zones,Zones de gestion du plan de rétablissement de l'ours grizzli,Grizzly Bear Recovery Plan Management Zones (SHP) (From Alberta Geodiscover Portal metadata),Zones de gestion du plan de rétablissement de l'ours grizzli (SHP) (à partir des métadonnées du portail Alberta Geodiscover),Government of Alberta , Gouvernement de l'Alberta
"Aug 3, 2026",1.0,522d1b67-30d8-4a34-9b62-5da99b1035e6,4d4d846a-1690-3bc2-828e-4f4dedde7db5,2017-04-28,2025-01-30,2026-07-23,Current valid British Columbia aquaculture licence holders,Liste des détenteurs actuels de permis valides d'aquaculture en Colombie-Britannique,Data for processors - Shellfish BC aquaculture licence holders - English,Données pour les transformateurs - Les permis de conchyliculture en C.-B. - anglais,Fisheries and Oceans Canada , Pêches et Océans Canada
"Aug 2, 2026",2.0,522d1b67-30d8-4a34-9b62-5da99b1035e6,64622d22-5638-32aa-b3f0-09e25098e632,2017-04-28,2025-01-30,2026-04-23,Current valid British Columbia aquaculture licence holders,Liste des détenteurs actuels de permis valides d'aquaculture en Colombie-Britannique,Data - Landbased BC aquaculture licence holders - English,Données - Les permis d’aquaculture en eau douce en C.-B. - anglais,Fisheries and Oceans Canada , Pêches et Océans Canada
"Aug 2, 2026",2.0,522d1b67-30d8-4a34-9b62-5da99b1035e6,892aa864-9e19-3a7c-ae44-8e485157f1a9,2017-04-28,2025-01-30,2026-04-23,Current valid British Columbia aquaculture licence holders,Liste des détenteurs actuels de permis valides d'aquaculture en Colombie-Britannique,Data - Enhancement BC aquaculture licence holders - English,Données - Amélioration des titulaires de permis d'aquaculture de la C.-B. - Anglais,Fisheries and Oceans Canada , Pêches et Océans Canada
"Aug 3, 2026",1.0,522d1b67-30d8-4a34-9b62-5da99b1035e6,892aa864-9e19-3a7c-ae44-8e485157f1a9,2017-04-28,2025-01-30,2026-04-23,Current valid British Columbia aquaculture licence holders,Liste des détenteurs actuels de permis valides d'aquaculture en Colombie-Britannique,Data - Enhancement BC aquaculture licence holders - English,Données - Amélioration des titulaires de permis d'aquaculture de la C.-B. - Anglais,Fisheries and Oceans Canada , Pêches et Océans Canada
"Aug 3, 2026",2.0,522d1b67-30d8-4a34-9b62-5da99b1035e6,No resource,2017-04-28,2017-04-28,2026-07-23,Current valid British Columbia aquaculture licence holders,Liste des détenteurs actuels de permis valides d'aquaculture en Colombie-Britannique,No resources covered,Aucune ressource couverte,Fisheries and Oceans Canada , Pêches et Océans Canada
"Aug 2, 2026",4.0,522d1b67-30d8-4a34-9b62-5da99b1035e6,a54e6cdf-0a7e-31a7-a3ff-b0b214e35bde,2017-04-28,2025-01-30,2026-04-23,Current valid British Columbia aquaculture licence holders,Liste des détenteurs actuels de permis valides d'aquaculture en Colombie-Britannique,Data - Marine finfish BC aquaculture licence holders - English,Données - Les permis de pisciculture en milieu marin en C.-B. - anglais,Fisheries and Oceans Canada , Pêches et Océans Canada
"Aug 1, 2026",2.0,529376d6-b8de-47f2-a3d0-05cd9a767110,No resource,2021-01-27,2021-01-27,2026-06-17,Number of youth in custody and detention centres/facilities,Nombre de jeunes dans les centres/établissements de garde et de détention,No resources covered,Aucune ressource couverte,Government of Ontario , Gouvernement de l'Ontario
"Aug 3, 2026",1.0,52b8574d-5c95-463b-b375-8edd092cea30,f7a43e13-44f3-4d43-b588-97aedb17c3f8,2024-02-28,2024-02-28,2024-11-21,Using artificial intelligence (AI) to automate candidate evaluations in the staffing process's assessment phase,Processus de dotation avec la plateforme Knockri : un outil d’évaluation des candidatures,Algorithmic Impact Assessment - Using artificial intelligence (AI) to automate candidate evaluations in the staffing process's assessment phase,Évaluation de l'incidence algorithmique - Processus de dotation avec la plateforme Knockri : un outil d’évaluation des candidatures,Treasury Board of Canada Secretariat , Secrétariat du Conseil du Trésor du Canada
"Aug 1, 2026",1.0,52e4b14b-597a-4ecf-a184-23a6e69b0d57,287b23d1-c020-4fea-ac25-95fe3ca393a7,2017-04-12,2017-04-12,2024-05-18,Express Entry Permanent Residents – Monthly IRCC Updates,Résidents permanents au titre d’Entrée express - Mises à jour mensuelles d’IRCC ,Canada - Permanent Residents under Express Entry by Province/Territory and Country of Citizenship,Canada - Résidents permanents au titre d’Entrée express selon la province/le territoire et le pays de citoyenneté,"Immigration, Refugees and Citizenship Canada "," Immigration, Réfugiés et Citoyenneté Canada"
"Aug 1, 2026",1.0,52e4b14b-597a-4ecf-a184-23a6e69b0d57,2bf5346f-3314-4640-a06e-1b287d02a552,2017-04-12,2017-04-12,2024-05-18,Express Entry Permanent Residents – Monthly IRCC Updates,Résidents permanents au titre d’Entrée express - Mises à jour mensuelles d’IRCC ,Canada - Permanent Residents under Express Entry by Province/Territory and Intended Occupation,Canada - Résidents permanents au titre d’Entrée express selon la province/le territoire et la profession envisagée,"Immigration, Refugees and Citizenship Canada "," Immigration, Réfugiés et Citoyenneté Canada"
"Aug 1, 2026",1.0,52e4b14b-597a-4ecf-a184-23a6e69b0d57,88e63879-f893-4edf-af84-70418b5ec114,2017-04-12,2017-04-12,2024-05-18,Express Entry Permanent Residents – Monthly IRCC Updates,Résidents permanents au titre d’Entrée express - Mises à jour mensuelles d’IRCC ,Canada - Permanent Residents under Express Entry by Province/Territory and Immigration Category,Canada - Résidents permanents au titre d’Entrée express selon la province/le territoire et la catégorie d’immigration,"Immigration, Refugees and Citizenship Canada "," Immigration, Réfugiés et Citoyenneté Canada"
"Aug 3, 2026",2.0,52e4b14b-597a-4ecf-a184-23a6e69b0d57,No resource,2017-04-12,2017-04-12,2026-07-21,Express Entry Permanent Residents – Monthly IRCC Updates,Résidents permanents au titre d’Entrée express - Mises à jour mensuelles d’IRCC ,No resources covered,Aucune ressource couverte,"Immigration, Refugees and Citizenship Canada "," Immigration, Réfugiés et Citoyenneté Canada"
"Aug 3, 2026",1.0,53105221-7652-47b1-96e2-1f85715a067c,No resource,2016-09-24,2016-09-24,2024-11-22,[ARCHIVED] Permanent Resident Application Processing – Quarterly IRCC Updates ,[ARCHIVÉ] Traitement des demandes de résidence permanente – Mises à jour trimestrielles d’IRCC,No resources covered,Aucune ressource couverte,"Immigration, Refugees and Citizenship Canada "," Immigration, Réfugiés et Citoyenneté Canada"
"Aug 3, 2026",1.0,532c6bba-909d-59ba-b512-84e9ce43fa70,312f1c02-7ccc-423f-8e12-58ee0e6ce55f,2016-09-24,2017-01-26,2017-01-26,British Columbia,Colombie-Britannique,Download Bilingual JPEG2000 through HTTP,Télécharger le fichier en format bilingue JPEG2000 via HTTP,Natural Resources Canada , Ressources naturelles Canada
"Aug 3, 2026",1.0,532c6bba-909d-59ba-b512-84e9ce43fa70,No resource,2016-09-24,2016-09-24,2022-03-14,British Columbia,Colombie-Britannique,No resources covered,Aucune ressource couverte,Natural Resources Canada , Ressources naturelles Canada
"Aug 2, 2026",1.0,53377276-6db5-5ad6-82e6-dc9b7c70a321,f988e7bb-8529-4f4b-aa29-81a4b74ce104,2016-09-24,2017-01-26,2017-01-26,Mean Annual Total Precipitation,Moyenne annuelle des précipitations totales,Download the English PDF through HTTP,Télécharger le fichier en format PDF Anglais via HTTP,Natural Resources Canada , Ressources naturelles Canada
"Aug 2, 2026",1.0,53753f06-8b28-42d7-89f7-04cd014323b0,94a220b8-feea-4df3-8ee0-1b512c50fe2e,2016-09-24,2016-12-01,2025-01-06,"Archived, contract history","Archivé, contrats octroyés","Archived, complete file: 2009 to May 2023","Archivé, fichier complet : 2009 à mai 2023",Public Services and Procurement Canada , Services publics et Approvisionnement Canada
"Aug 3, 2026",1.0,53753f06-8b28-42d7-89f7-04cd014323b0,No resource,2016-09-24,2016-09-24,2025-01-06,"Archived, contract history","Archivé, contrats octroyés",No resources covered,Aucune ressource couverte,Public Services and Procurement Canada , Services publics et Approvisionnement Canada
"Aug 3, 2026",1.0,538bc077-334c-41a7-8a5e-283dd06efd32,No resource,2023-09-14,2023-09-14,2026-05-13,Soil survey,Prospection des sols,No resources covered,Aucune ressource couverte,Government of Ontario , Gouvernement de l'Ontario
"Aug 3, 2026",1.0,543fe07a-fd79-40e9-a829-ccd697526765,No resource,2020-04-20,2020-04-20,2020-04-23,Open Database of Healthcare Facilities,Base de données ouvertes sur les établissements de santé,No resources covered,Aucune ressource couverte,Statistics Canada , Statistique Canada
"Aug 1, 2026",1.0,547b8052-1710-4d69-8760-beaa3aa35ec6,9e296c9e-421a-4f15-8f3c-8d8230e30978,2022-03-23,2026-05-27,2026-05-27,RSQA - air quality index (historical),RSQA - indice de la qualité de l'air (historique),Detailed AQI by station (2025),IQA détaillé par station (2025),Government and Municipalities of Québec , Gouvernement et municipalités du Québec
"Aug 3, 2026",1.0,548d21a4-358b-4269-93bf-0dcf627d6a5b,d312ef67-e116-454c-b63f-16dccac1702a,2018-06-27,2023-01-17,2023-01-17,"Historical statistics, population, by age and sex, urban and rural","Statistiques historiques, population, selon l'âge et le sexe, urbaine et rurale",Dataset,Ensembles de données,Statistics Canada , Statistique Canada
"Aug 3, 2026",1.0,55438acb-aa67-407a-9fdb-1cb21eb24e28,a540442a-57e3-44b6-bce5-1952db2e1d36,2022-03-25,2023-05-18,2023-05-18,Canadian Weather Year for Energy Calculation (CWEC),Fichiers météorologiques canadiens pour le calcul énergétique (FMCCE),Format of CWEC TMY and TDY Files,Format des fichiers FMCCE TMY et TDY,Natural Resources Canada , Ressources naturelles Canada
"Aug 3, 2026",1.0,55787375-dbaf-5deb-a56d-5d6af8bc72fc,abc974f6-87e0-419f-81a4-b68cbeb79842,2016-09-24,2017-01-26,2017-01-26,Electricity Generation and Transmission,Production et transport de l’électricité,Download English JPG through HTTP,Télécharger le fichier en format anglais JPG via HTTP,Natural Resources Canada , Ressources naturelles Canada
"Aug 3, 2026",1.0,557c5511-a969-44c6-90d7-0dc796b1c022,No resource,2018-12-03,2018-12-03,2022-02-22,Health Canada Official Methods for the Testing of Tobacco Products (whole tobacco),Méthodes officielles de Santé Canada pour traiter des produits du tabac (tabac entier),No resources covered,Aucune ressource couverte,Health Canada , Santé Canada
"Aug 1, 2026",1.0,55a4e3da-6726-4abb-a573-6d3bd5b02c08,No resource,2018-06-27,2018-06-27,2023-01-17,"Children's screen time, 2 hours per day or less, by sex, household population aged 6 to 17, 2015 Canadian Community Health Survey - Nutrition, Canada and provinces","Temps d'écran des enfants, 2 heures par jour ou moins, selon le sexe, population à domicile de 6 à 17 ans, Enquête sur la santé dans les collectivités canadiennes - Nutrition de 2015, Canada et provinces",No resources covered,Aucune ressource couverte,Statistics Canada , Statistique Canada
"Aug 1, 2026",1.0,56578f58-a775-44ea-9cc5-9bf7c78410e6,0bbf5529-6f52-4000-bd18-c8bbcfd14cc1,2016-09-26,2025-03-26,2025-03-26,Community Well-Being Index,Indice de bien-être des communautés,CSV file - 1991 (in English),Fichier CSV - 1991 (en anglais),Indigenous Services Canada , Services aux Autochtones Canada
"Aug 3, 2026",1.0,56578f58-a775-44ea-9cc5-9bf7c78410e6,0bbf5529-6f52-4000-bd18-c8bbcfd14cc1,2016-09-26,2025-03-26,2025-03-26,Community Well-Being Index,Indice de bien-être des communautés,CSV file - 1991 (in English),Fichier CSV - 1991 (en anglais),Indigenous Services Canada , Services aux Autochtones Canada
"Aug 1, 2026",1.0,56578f58-a775-44ea-9cc5-9bf7c78410e6,0ffe51f6-20b2-491f-b3fd-d1eb6fd014e4,2016-09-26,2025-03-26,2025-03-26,Community Well-Being Index,Indice de bien-être des communautés,CSV file - 2016 (in English),Fichier CSV - 2016 (en anglais),Indigenous Services Canada , Services aux Autochtones Canada
"Aug 3, 2026",1.0,56578f58-a775-44ea-9cc5-9bf7c78410e6,0ffe51f6-20b2-491f-b3fd-d1eb6fd014e4,2016-09-26,2025-03-26,2025-03-26,Community Well-Being Index,Indice de bien-être des communautés,CSV file - 2016 (in English),Fichier CSV - 2016 (en anglais),Indigenous Services Canada , Services aux Autochtones Canada
"Aug 1, 2026",1.0,56578f58-a775-44ea-9cc5-9bf7c78410e6,1d509472-3a30-4a18-bb97-317f81a867cc,2016-09-26,2025-03-26,2025-03-26,Community Well-Being Index,Indice de bien-être des communautés,CSV file - 2011 (in English),Fichier CSV - 2011 (en anglais),Indigenous Services Canada , Services aux Autochtones Canada
"Aug 3, 2026",1.0,56578f58-a775-44ea-9cc5-9bf7c78410e6,1d509472-3a30-4a18-bb97-317f81a867cc,2016-09-26,2025-03-26,2025-03-26,Community Well-Being Index,Indice de bien-être des communautés,CSV file - 2011 (in English),Fichier CSV - 2011 (en anglais),Indigenous Services Canada , Services aux Autochtones Canada
"Aug 1, 2026",1.0,56578f58-a775-44ea-9cc5-9bf7c78410e6,56b07192-31d0-4036-85af-2a85b20a0609,2016-09-26,2025-03-26,2025-03-26,Community Well-Being Index,Indice de bien-être des communautés,CSV file - 2001 (in English),Fichier CSV - 2001 (en anglais),Indigenous Services Canada , Services aux Autochtones Canada
"Aug 3, 2026",1.0,56578f58-a775-44ea-9cc5-9bf7c78410e6,56b07192-31d0-4036-85af-2a85b20a0609,2016-09-26,2025-03-26,2025-03-26,Community Well-Being Index,Indice de bien-être des communautés,CSV file - 2001 (in English),Fichier CSV - 2001 (en anglais),Indigenous Services Canada , Services aux Autochtones Canada
"Aug 1, 2026",1.0,56578f58-a775-44ea-9cc5-9bf7c78410e6,5a2ef704-f245-49be-9634-d54b80020749,2016-09-26,2025-03-26,2025-03-26,Community Well-Being Index,Indice de bien-être des communautés,CSV file - 2021 (in English),Fichier CSV - 2021 (en anglais),Indigenous Services Canada , Services aux Autochtones Canada
"Aug 3, 2026",1.0,56578f58-a775-44ea-9cc5-9bf7c78410e6,5a2ef704-f245-49be-9634-d54b80020749,2016-09-26,2025-03-26,2025-03-26,Community Well-Being Index,Indice de bien-être des communautés,CSV file - 2021 (in English),Fichier CSV - 2021 (en anglais),Indigenous Services Canada , Services aux Autochtones Canada
"Aug 3, 2026",1.0,56578f58-a775-44ea-9cc5-9bf7c78410e6,8faa1e16-33ad-4248-960b-190d23b17b76,2016-09-26,2025-03-26,2025-03-26,Community Well-Being Index,Indice de bien-être des communautés,Data Dictionary - 1981 - CSV,Dictionnaire de données - 1981 - CSV,Indigenous Services Canada , Services aux Autochtones Canada
"Aug 1, 2026",2.0,56578f58-a775-44ea-9cc5-9bf7c78410e6,No resource,2016-09-26,2016-09-26,2025-03-26,Community Well-Being Index,Indice de bien-être des communautés,No resources covered,Aucune ressource couverte,Indigenous Services Canada , Services aux Autochtones Canada
"Aug 3, 2026",1.0,56578f58-a775-44ea-9cc5-9bf7c78410e6,No resource,2016-09-26,2016-09-26,2025-03-26,Community Well-Being Index,Indice de bien-être des communautés,No resources covered,Aucune ressource couverte,Indigenous Services Canada , Services aux Autochtones Canada
"Aug 1, 2026",1.0,56578f58-a775-44ea-9cc5-9bf7c78410e6,a98cb0f8-67c7-48ae-8085-5e947b0f896d,2016-09-26,2025-03-26,2025-03-26,Community Well-Being Index,Indice de bien-être des communautés,CSV file - 1996 (in English),Fichier CSV - 1996 (en anglais),Indigenous Services Canada , Services aux Autochtones Canada
"Aug 3, 2026",1.0,56578f58-a775-44ea-9cc5-9bf7c78410e6,a98cb0f8-67c7-48ae-8085-5e947b0f896d,2016-09-26,2025-03-26,2025-03-26,Community Well-Being Index,Indice de bien-être des communautés,CSV file - 1996 (in English),Fichier CSV - 1996 (en anglais),Indigenous Services Canada , Services aux Autochtones Canada
"Aug 1, 2026",1.0,56578f58-a775-44ea-9cc5-9bf7c78410e6,aef42693-20d9-4e0a-9c12-b1c10a9612b8,2016-09-26,2025-03-26,2025-03-26,Community Well-Being Index,Indice de bien-être des communautés,Time Series - CSV file (in English),Séries chronologiques - fichier CSV (en anglais),Indigenous Services Canada , Services aux Autochtones Canada
"Aug 1, 2026",2.0,56578f58-a775-44ea-9cc5-9bf7c78410e6,d14e66b9-b839-40e1-b0d3-50ddcedf777f,2016-09-26,2025-03-26,2025-03-26,Community Well-Being Index,Indice de bien-être des communautés,CSV file - 1981 (in English),Fichier CSV - 1981 (en anglais),Indigenous Services Canada , Services aux Autochtones Canada
"Aug 3, 2026",1.0,56578f58-a775-44ea-9cc5-9bf7c78410e6,d14e66b9-b839-40e1-b0d3-50ddcedf777f,2016-09-26,2025-03-26,2025-03-26,Community Well-Being Index,Indice de bien-être des communautés,CSV file - 1981 (in English),Fichier CSV - 1981 (en anglais),Indigenous Services Canada , Services aux Autochtones Canada
"Aug 3, 2026",1.0,56578f58-a775-44ea-9cc5-9bf7c78410e6,dfd6f927-c196-4de7-b064-bdc67cb74254,2016-09-26,2025-03-26,2025-03-26,Community Well-Being Index,Indice de bien-être des communautés,Data Dictionary - 2021 - CSV,Dictionnaire de données - 2021- CSV,Indigenous Services Canada , Services aux Autochtones Canada
"Aug 1, 2026",1.0,56578f58-a775-44ea-9cc5-9bf7c78410e6,e1748ba2-37f5-48e3-ba37-c87a4dbfc50e,2016-09-26,2025-03-26,2025-03-26,Community Well-Being Index,Indice de bien-être des communautés,CSV file - 2006 (in English),Fichier CSV - 2006 (en anglais),Indigenous Services Canada , Services aux Autochtones Canada
"Aug 3, 2026",1.0,56578f58-a775-44ea-9cc5-9bf7c78410e6,e1748ba2-37f5-48e3-ba37-c87a4dbfc50e,2016-09-26,2025-03-26,2025-03-26,Community Well-Being Index,Indice de bien-être des communautés,CSV file - 2006 (in English),Fichier CSV - 2006 (en anglais),Indigenous Services Canada , Services aux Autochtones Canada
"Aug 1, 2026",1.0,5785bce6-9cb8-458e-8441-e8f02edc6a0c,b93b6878-67fd-454b-8544-9c90692a53ee,2026-03-25,2026-06-10,2026-06-10,Open government portal metrics,Indicateurs du portail du gouvernement ouvert,Open data datasets by year,Ensembles de données ouvertes par année,Government of Yukon , Gouvernement du Yukon
"Aug 3, 2026",1.0,57ec754b-24f8-4112-a7c9-7b5b0c7da62a,733e5558-f74e-4f67-847f-aa1f57b8a73e,2025-10-28,2025-10-29,2025-10-29,"Victims of police-reported intimate partner and non-intimate partner violence, by gender and age group of victim, and detailed relationship of accused to victim, Canada","Victimes de violence commise par des partenaires intimes et de violence commise par des personnes autres que des partenaires intimes, affaires déclarées par la police, selon le genre et le groupe d’âge de la victime et le lien précis de l’auteur présumé avec celle-ci, Canada",Dataset,Ensembles de données,Statistics Canada , Statistique Canada
"Aug 1, 2026",1.0,5829b5b0-ea6f-476f-be94-bc2b8797769a,No resource,2020-09-11,2020-09-11,2026-07-29,Criminal acts,Actes criminels,No resources covered,Aucune ressource couverte,Government and Municipalities of Québec , Gouvernement et municipalités du Québec
"Aug 3, 2026",1.0,582a6147-4e24-468c-a048-762302139afc,f8ad96c5-966d-4363-b309-f8c4e5ec0e7e,2020-04-24,2026-01-28,2026-01-28,Agriculture Capability Mapping,Cartographie des capacités agricoles,Agriculture Capability Mapping Data Package (File Geodatabase),Package de données cartographiques des capacités agricoles (géodatabase de fichiers),Government of British Columbia , Gouvernment de la Colombie-Britannique
"Aug 2, 2026",1.0,58667412-c707-47db-a113-be0f11d8cf83,6b2a7f78-d951-4cd7-98ad-41cc402b4485,2026-05-11,2026-05-11,2026-05-11,"REGDOC-2.3.2 - Accident Management, Version 2.0","REGDOC-2.3.2 - Gestion des Accidents, version 2.0","REGDOC-2.3.2 - Accident Management, Version 2.0","REGDOC-2.3.2 - Gestion des Accidents, version 2.0",Canadian Nuclear Safety Commission , Commission canadienne de sûreté nucléaire
"Aug 3, 2026",5.0,588eab5b-7b16-4a26-b996-23b955965ffa,9ecfb0f4-7fa6-42b7-8dee-ad239f798cf0,2016-09-24,2021-06-18,2025-01-21,Mapping of Goods and Services Identification Number to United Nations Standard Products and Services Code,Mappage du numéro d'identification des biens et services avec le United Nations Standard Products and Services Code,Mapping of GSIN-UNSPSC,Mappage du NIBS-UNSPSC,Public Services and Procurement Canada , Services publics et Approvisionnement Canada
"Aug 3, 2026",2.0,588eab5b-7b16-4a26-b996-23b955965ffa,No resource,2016-09-24,2016-09-24,2025-01-21,Mapping of Goods and Services Identification Number to United Nations Standard Products and Services Code,Mappage du numéro d'identification des biens et services avec le United Nations Standard Products and Services Code,No resources covered,Aucune ressource couverte,Public Services and Procurement Canada , Services publics et Approvisionnement Canada
"Aug 3, 2026",1.0,588eab5b-7b16-4a26-b996-23b955965ffa,fbecf7fb-9d31-429a-b201-4c1663f7215b,2016-09-24,2021-06-18,2025-01-06,Mapping of Goods and Services Identification Number to United Nations Standard Products and Services Code,Mappage du numéro d'identification des biens et services avec le United Nations Standard Products and Services Code,GSIN & UNSPSC Data Dictionary,Dictionnaire des données des NIBS & UNSPSC,Public Services and Procurement Canada , Services publics et Approvisionnement Canada
"Aug 2, 2026",1.0,593e9165-c6ce-4f9b-b519-03d315f92cd4,a7ee3178-378a-4b75-b542-027ce8ab428e,2016-09-24,2016-10-13,2024-05-18,Express Entry-Invited Candidates – Monthly IRCC Updates,Candidats invités d'Entrée express - Mises à jour mensuelles d’IRCC,Canada - Express Entry Candidates by Province/Territory and Invitation Category,Canada - Candidats d'Entrée express selon la province/le territoire et la catégorie d'invitation,"Immigration, Refugees and Citizenship Canada "," Immigration, Réfugiés et Citoyenneté Canada"
"Aug 2, 2026",1.0,596e91d5-b2a7-4f46-8062-2f027ebbc947,48620f37-2421-4686-b0e1-f4337d3785cc,2026-05-11,2026-05-11,2026-05-11,REGDOC-3.2.1 - Public Information and Disclosure,REGDOC-3.2.1 - L’information et la divulgation publiques,REGDOC-3.2.1 - Public Information and Disclosure,REGDOC-3.2.1 - L’information et la divulgation publiques,Canadian Nuclear Safety Commission , Commission canadienne de sûreté nucléaire
"Aug 3, 2026",1.0,59700495-8526-403c-88b6-b0fa8d574297,57e3cd90-ded0-4a0e-a1d3-23bdbf5d4444,2020-03-05,2025-01-07,2025-01-07,"Transportation supply chain performance, Transport Canada","Performance de la chaîne d'approvisionnement sur les transports, Transports Canada",Dataset,Ensembles de données,Statistics Canada , Statistique Canada
"Aug 2, 2026",1.0,59700495-8526-403c-88b6-b0fa8d574297,No resource,2020-03-05,2020-03-05,2025-01-07,"Transportation supply chain performance, Transport Canada","Performance de la chaîne d'approvisionnement sur les transports, Transports Canada",No resources covered,Aucune ressource couverte,Statistics Canada , Statistique Canada
"Aug 3, 2026",1.0,59fb63af-67ae-4495-9c05-d121360aaeb4,35f76db5-3080-4b99-a343-884c221c9487,2025-06-30,2025-06-30,2025-06-30,Parks Canada attendance 2024_25,Fréquentation à Parcs Canada 2024_25,Parks Canada attendance 2024_25,Fréquentation à Parcs Canada 2024_25,Parks Canada , Parcs Canada
"Aug 2, 2026",3.0,5a86d8f4-1ec3-da3c-709a-e2c79a1653a4,No resource,2024-08-28,2024-08-28,2026-07-22,Licensed Early Learning and Childcare Sites,Licensed Early Learning and Childcare Sites,No resources covered,Aucune ressource couverte,Government of New Brunswick , Gouvernement du Nouveau-Brunswick
"Aug 1, 2026",1.0,5aad65db-0321-4739-95a0-3db6738b327f,6068d827-20c8-4795-a5b2-20c5b470c1a4,2022-03-14,2022-03-14,2025-05-12,Cadet Corps and Squadron Parade Location,Lieu de parade des corps de cadets et escadron,Cadet Corps and Squadron Parade Location,Lieu de parade des corps de cadets et escadron,National Defence , Défense nationale
"Aug 2, 2026",1.0,5ad5e20c-f2bb-497d-a2a2-440eec6e10cd,0f158391-c99f-463b-9b92-f2d1eb1559bd,2016-09-24,2026-07-27,2026-07-27,Soil Landscapes of Canada Version 3.2,"Pédo-paysages du Canada, version 3.2",Pre-packaged FGDB files,Fichiers FGDB préemballés,Agriculture and Agri-Food Canada , Agriculture et Agroalimentaire Canada
"Aug 2, 2026",1.0,5ad5e20c-f2bb-497d-a2a2-440eec6e10cd,710ba2a6-d7e4-4151-98d3-c1560a7e9a34,2016-09-24,2026-07-27,2026-07-27,Soil Landscapes of Canada Version 3.2,"Pédo-paysages du Canada, version 3.2",Data Product Specification (English),Spécifications du produit (Anglais),Agriculture and Agri-Food Canada , Agriculture et Agroalimentaire Canada
"Aug 2, 2026",2.0,5ad5e20c-f2bb-497d-a2a2-440eec6e10cd,e4bbe76e-20e2-4c5f-b29b-1e9b331715aa,2016-09-24,2026-07-27,2026-07-27,Soil Landscapes of Canada Version 3.2,"Pédo-paysages du Canada, version 3.2",Pre-packaged GeoPackage (GPKG) files,Fichiers GeoPackage (GPKG) préemballés,Agriculture and Agri-Food Canada , Agriculture et Agroalimentaire Canada
"Aug 3, 2026",1.0,5b1ae6f2-6719-46df-bd2f-e57a7034c917,34b0c77e-3295-44b2-916d-d88bd7c7d138,2020-09-14,2026-05-27,2026-05-27,Neighborhoods,Quartiers,Neighborhoods,Quartiers,Government and Municipalities of Québec , Gouvernement et municipalités du Québec
"Aug 3, 2026",1.0,5b1ae6f2-6719-46df-bd2f-e57a7034c917,No resource,2020-09-14,2020-09-14,2026-05-27,Neighborhoods,Quartiers,No resources covered,Aucune ressource couverte,Government and Municipalities of Québec , Gouvernement et municipalités du Québec
"Aug 3, 2026",1.0,5b99672b-69ff-5d08-b26b-10da06f8e30c,814f52f7-465d-4ebc-996f-d62c426eee6e,2016-09-24,2017-05-26,2017-05-26,Ports and Harbours,Ports et havres,Download PDF English Source Identification file through HTTP,Télécharger le fichier Identification des sources en format PDF Anglais via HTTP,Natural Resources Canada , Ressources naturelles Canada
"Aug 1, 2026",1.0,5c0099e0-7081-404e-a95f-b0541de06630,293059ca-79c6-4115-a9ca-1ac8965932b4,2018-08-27,2018-08-27,2024-06-03,Refinery Crude Runs in Canada,Charges de pétrole brut des raffineries au Canada,Refinery Crude Runs in Canada,Quantité de brut traité au Canada,Canada Energy Regulator , La Régie de l’énergie du Canada
"Aug 3, 2026",2.0,5c0099e0-7081-404e-a95f-b0541de06630,No resource,2018-08-27,2018-08-27,2026-07-02,Refinery Crude Runs in Canada,Charges de pétrole brut des raffineries au Canada,No resources covered,Aucune ressource couverte,Canada Energy Regulator , La Régie de l’énergie du Canada
"Aug 1, 2026",1.0,5cb32773-e7b1-4681-b82a-43cc39778c1a,No resource,2016-09-24,2016-09-24,2026-01-06,Small Commercial Vessel Registry,Registre des petits bâtiments commerciaux,No resources covered,Aucune ressource couverte,Transport Canada , Transports Canada
"Aug 1, 2026",1.0,5e55833e-0198-4ca2-9090-e6f878316c26,2f331d07-7369-40d0-9564-15d2dd02cf52,2024-02-14,2026-07-08,2026-07-08,Driver population statistics,Statistiques sur la population de conducteurs,Drivers’ Annual Statistics 2022,Statistiques annuelles des conducteurs 2022,Government of Ontario , Gouvernement de l'Ontario
"Aug 3, 2026",1.0,5e55833e-0198-4ca2-9090-e6f878316c26,No resource,2024-02-14,2024-02-14,2026-07-08,Driver population statistics,Statistiques sur la population de conducteurs,No resources covered,Aucune ressource couverte,Government of Ontario , Gouvernement de l'Ontario
"Aug 3, 2026",1.0,5e5d2750-d129-4952-b9fc-f824c5e480b4,6b9786ed-b204-446b-9afd-3ff56be1c8d9,2020-09-14,2026-07-29,2026-07-29,"Lidar - Digital models (terrain, canopy, slope, level curve)","Lidar - Modèles numériques (terrain, canopée, pente, courbe de niveau)",How to use the web service,Procédure d’utilisation du service Web,Government and Municipalities of Québec , Gouvernement et municipalités du Québec
"Aug 3, 2026",1.0,5e5d2750-d129-4952-b9fc-f824c5e480b4,No resource,2020-09-14,2020-09-14,2026-07-29,"Lidar - Digital models (terrain, canopy, slope, level curve)","Lidar - Modèles numériques (terrain, canopée, pente, courbe de niveau)",No resources covered,Aucune ressource couverte,Government and Municipalities of Québec , Gouvernement et municipalités du Québec
"Aug 3, 2026",1.0,5f4bf3ee-f47a-4157-86ed-7ed985154d56,No resource,2020-09-11,2020-09-11,2026-05-27,Official list of accredited laboratories — DR-12-LLA-01,Liste officielle des laboratoires accrédités – DR-12-LLA-01,No resources covered,Aucune ressource couverte,Government and Municipalities of Québec , Gouvernement et municipalités du Québec
"Aug 3, 2026",1.0,5ff1c99a-4ec8-49c7-8b5f-ecf3afcfa495,No resource,2019-04-17,2019-04-17,2026-03-13,"Crushing statistics of major oilseeds, Canada and United States","Statistiques des broyages des principaux oléagineux, Canada et États-Unis",No resources covered,Aucune ressource couverte,Statistics Canada , Statistique Canada
"Aug 2, 2026",1.0,60263d0f-5bd5-492a-81de-d6f7dc35c7e4,No resource,2018-06-27,2018-06-27,2025-09-10,"Canadian students, tuition and additional compulsory fees, by level of study",Droits de scolarité et frais supplémentaires obligatoires des étudiants canadiens selon le niveau d'études,No resources covered,Aucune ressource couverte,Statistics Canada , Statistique Canada
"Aug 3, 2026",3.0,60f22648-c173-446f-aa8a-4929d75d63e3,No resource,2021-12-21,2021-12-21,2026-04-09,"Archived, Pilot of the Open Contracting Data Standard (250 contract records)","Archivé, Projet pilote du Canada de la Norme sur les données relatives aux contrats ouverts (250 dossiers contractuels)",No resources covered,Aucune ressource couverte,Public Services and Procurement Canada , Services publics et Approvisionnement Canada
"Aug 3, 2026",1.0,61044e1a-cd80-4ed6-9f95-907262b9910f,d9266c58-b072-416a-87a5-56db4cd4c0ba,2020-12-10,2026-07-15,2026-07-15,Natural Disturbance Type Map,Carte des types de perturbations naturelles,"Natural Disturbance Types of BC - 8"" x 11"" provincial map",Types de perturbations naturelles en Colombie-Britannique - Carte provinciale de 8 po x 11 po,Government of British Columbia , Gouvernment de la Colombie-Britannique
"Aug 3, 2026",2.0,618f4b84-8020-5943-9669-251eec77e3a8,6d1e1d86-0bac-406f-806a-80467d7d2fb7,2016-09-24,2017-01-26,2017-01-26,Navigable Waterways,Eaux navigables,Download the English PDF through HTTP,Télécharger le fichier en format PDF Anglais via HTTP,Natural Resources Canada , Ressources naturelles Canada
"Aug 2, 2026",1.0,618f4b84-8020-5943-9669-251eec77e3a8,f09a91d3-7003-475f-9b31-4d8b03cfb3d8,2016-09-24,2017-01-26,2017-01-26,Navigable Waterways,Eaux navigables,Download the English JPG through HTTP,Télécharger le fichier en format JPG Anglais via HTTP,Natural Resources Canada , Ressources naturelles Canada
"Aug 1, 2026",1.0,6268b894-5ae7-4203-9ded-131fc872313f,No resource,2016-09-24,2016-09-24,2025-02-19,Old Age Security Program (OAS) - Number of OAS recipients by type and gender,"Sécurité de la vieillesse (SV) - Nombre de personnes recevant des prestations, selon le type et le sexe",No resources covered,Aucune ressource couverte,Employment and Social Development Canada , Emploi et Développement social Canada
"Aug 1, 2026",1.0,6268b894-5ae7-4203-9ded-131fc872313f,aef3e813-6532-417a-8f08-0bbb1b907ec0,2016-09-24,2017-09-20,2025-02-19,Old Age Security Program (OAS) - Number of OAS recipients by type and gender,"Sécurité de la vieillesse (SV) - Nombre de personnes recevant des prestations, selon le type et le sexe",Old Age Security Program (OAS) - Number of OAS recipients by type and gender,"Sécurité de la vieillesse (SV) - Nombre de personnes recevant des prestations, selon le type et  le sexe",Employment and Social Development Canada , Emploi et Développement social Canada
"Aug 3, 2026",1.0,626c0c53-a323-4f71-8d0d-3016a3d3711a,No resource,2022-12-13,2022-12-13,2024-11-21,Data Strategy (Library and Archives Canada),Stratégie de données (Bibliothèque et Archives Canada),No resources covered,Aucune ressource couverte,Library and Archives Canada , Bibliothèque et Archives Canada
"Aug 3, 2026",1.0,6278d435-fdd6-4889-a3fb-7f31134cf8eb,No resource,2024-02-09,2024-02-09,2025-09-04,Canada-Nova Scotia Offshore Energy Regulator - Oil and Gas Activity,Régie Canada-Nouvelle-Écosse de l’énergie extracôtière - Activités pétrolières et gazières,No resources covered,Aucune ressource couverte,Natural Resources Canada , Ressources naturelles Canada
"Aug 1, 2026",1.0,63de8585-ef22-5638-84c4-5da763eb57bb,fd24032e-238f-414f-b703-1fa9a9c163f6,2016-09-24,2017-01-26,2017-01-26,The Boreal Forest,La forêt boréale,Download English JPG through HTTP,Télécharger le fichier en format Anglais JPG via HTTP,Natural Resources Canada , Ressources naturelles Canada
"Aug 3, 2026",2.0,640ba2cf-e1e1-4618-84d6-874f0d657dd3,No resource,2020-09-14,2020-09-14,2026-06-03,Potential wetlands,Milieux humides potentiels,No resources covered,Aucune ressource couverte,Government and Municipalities of Québec , Gouvernement et municipalités du Québec
"Aug 2, 2026",5.0,6457fad6-b6f5-47a3-9bd1-ad14aea4b9e0,No resource,2016-12-15,2016-12-15,2024-09-10,National Pedon Database,La base de données nationale des levés pédologiques,No resources covered,Aucune ressource couverte,Agriculture and Agri-Food Canada , Agriculture et Agroalimentaire Canada
"Aug 3, 2026",2.0,646e9ce5-da30-4564-9e4c-6624a5f0093a,No resource,2021-12-07,2021-12-07,2025-05-12,Chief Military Judge published courts martial decisions,Décisions publiées à la cour martiale par le Cabinet du juge militaire en chef,No resources covered,Aucune ressource couverte,National Defence , Défense nationale
"Aug 1, 2026",1.0,64a90e8d-5bc0-4027-8645-b5881b4068d4,44d59cc0-52a2-4675-9ba6-82d73ed947a1,2023-06-20,2026-07-22,2026-07-22,Trails APCA,Sentiers APCA,Trails APCA (Deprecated),Sentiers APCA (Obsolète),Parks Canada , Parcs Canada
"Aug 3, 2026",2.0,64af44b2-6174-4e49-b42a-cc5a622f2c11,No resource,2022-03-02,2022-03-02,2026-01-13,"Life expectancy and other elements of the complete life table, single-year estimates, Canada, all provinces except Prince Edward Island","Espérance de vie et autres éléments de la table complète de mortalité, estimations sur un an, Canada, toutes les provinces sauf l’Île-du-Prince-Édouard",No resources covered,Aucune ressource couverte,Statistics Canada , Statistique Canada
"Aug 2, 2026",1.0,653e2bb1-dc81-5780-a4b8-b655b4846366,No resource,2016-09-24,2016-09-24,2022-02-22,Federal Electoral Districts of Canada - 2000,Limites électorales fédérales du Canada - 2000,No resources covered,Aucune ressource couverte,Natural Resources Canada , Ressources naturelles Canada
"Aug 2, 2026",3.0,655e89c1-de63-52b4-b18e-eb86bad97f31,No resource,2016-09-24,2016-09-24,2022-03-14,Saskatchewan,Saskatchewan,No resources covered,Aucune ressource couverte,Natural Resources Canada , Ressources naturelles Canada
"Aug 2, 2026",1.0,65658050-7a80-4da3-9a09-da137c203a34,7550bcef-8697-4a0e-972f-7878303f5e86,2017-05-17,2025-03-04,2025-03-04,Canadian National Tornado Database: Verified Tracks (1980-2009) - Public GIS EN,Base de données nationale sur les tornades du Canada : Trajectoires vérifiées (1980-2009) - Public SIG EN,GIS_CAN_VerifiedTracks_1980-2009.json,GIS_CAN_VerifiedTracks_1980-2009.json,Environment and Climate Change Canada , Environnement et Changement climatique Canada
"Aug 2, 2026",1.0,65658050-7a80-4da3-9a09-da137c203a34,9de99e2e-d5fc-4ca2-bf0e-cb1af77b6134,2017-05-17,2025-03-04,2025-03-04,Canadian National Tornado Database: Verified Tracks (1980-2009) - Public GIS EN,Base de données nationale sur les tornades du Canada : Trajectoires vérifiées (1980-2009) - Public SIG EN,NationalTornadoTracks_1980-2009.zip,NationalTornadoTracks_1980-2009.zip,Environment and Climate Change Canada , Environnement et Changement climatique Canada
"Aug 1, 2026",2.0,65658050-7a80-4da3-9a09-da137c203a34,No resource,2017-05-17,2017-05-17,2025-03-04,Canadian National Tornado Database: Verified Tracks (1980-2009) - Public GIS EN,Base de données nationale sur les tornades du Canada : Trajectoires vérifiées (1980-2009) - Public SIG EN,No resources covered,Aucune ressource couverte,Environment and Climate Change Canada , Environnement et Changement climatique Canada
"Aug 2, 2026",2.0,65658050-7a80-4da3-9a09-da137c203a34,No resource,2017-05-17,2017-05-17,2025-03-04,Canadian National Tornado Database: Verified Tracks (1980-2009) - Public GIS EN,Base de données nationale sur les tornades du Canada : Trajectoires vérifiées (1980-2009) - Public SIG EN,No resources covered,Aucune ressource couverte,Environment and Climate Change Canada , Environnement et Changement climatique Canada
"Aug 3, 2026",1.0,6567ac46-558e-4c95-ab93-e8326ddf8f90,be133936-9ece-4672-9790-d17c274f63fd,2025-03-07,2025-03-07,2025-03-07,National Chemical Residue Monitoring Program and Chemistry Food Safety Oversight Program Annual Report 2021 to 2022,Rapport annuel du Programme national de surveillance des résidus chimiques et Programme de surveillance de la salubrité des aliments 2021 au 2022,Appendix B1 of 2021-2022 NCRMP Report FR,Annexe B1 du Rapport PNSRC 2021-2022 FR,Canadian Food Inspection Agency , Agence canadienne d'inspection des aliments
"Aug 3, 2026",1.0,659c4e3b-bd54-4685-ae54-3741b10c0c1e,No resource,2026-03-16,2026-03-16,2026-03-16,Forest Gross Stem Volume (2022),Volume brut de la tige forestière (2022),No resources covered,Aucune ressource couverte,Natural Resources Canada , Ressources naturelles Canada
"Aug 2, 2026",1.0,65bf6a0d-018b-45f1-b8b5-e8f4d486332a,dfc75629-6057-4a7f-bd6e-edf3a485d996,2021-04-13,2025-11-06,2025-11-06,"Detailed household final consumption expenditure- sales taxes and expenditure excluding sales taxes, provincial and territorial, annual","Dépenses de consommation finale des ménages détaillées- taxes de vente et dépenses excluant les taxes de vente, provinciaux et territoriaux, annuel",Dataset,Ensembles de données,Statistics Canada , Statistique Canada
"Aug 3, 2026",1.0,65dfa39f-e699-4698-b8c7-29e1b99d7b23,4657af6b-cebb-4ffb-97d1-7c764b43382e,2026-03-25,2026-03-25,2026-03-25,Results of the Mandatory Minimum 5% Indigenous Procurement Target for Fiscal Year 2024-2025,Résultats de la cible minimale obligatoire de 5 % d’approvisionnement auprès des entreprises autochtones pour l’exercice 2024-2025,Contract Details of the Mandatory Minimum 5% Indigenous Procurement Target for Fiscal Year 2024-2025 – Data Dictionary,Détails sur les contrats concernant l’objectif minimum obligatoire de 5 % d’approvisionnement auprès d’entreprises autochtones pour l’exercice 2024‑2025 - Dictionnaire des données,Indigenous Services Canada , Services aux Autochtones Canada
"Aug 3, 2026",1.0,65dfa39f-e699-4698-b8c7-29e1b99d7b23,79a8571c-9241-4a0a-a6b3-688e63c847fe,2026-03-25,2026-03-25,2026-04-07,Results of the Mandatory Minimum 5% Indigenous Procurement Target for Fiscal Year 2024-2025,Résultats de la cible minimale obligatoire de 5 % d’approvisionnement auprès des entreprises autochtones pour l’exercice 2024-2025,Contract Details of the Mandatory Minimum 5% Indigenous Procurement Target for Fiscal Year 2024-2025,Détails sur les contrats concernant l’objectif minimum obligatoire de 5 % d’approvisionnement auprès d’entreprises autochtones pour l’exercice 2024‑2025,Indigenous Services Canada , Services aux Autochtones Canada
"Aug 3, 2026",1.0,6667b0c1-339b-4e9c-82ce-2fc00ab5752e,No resource,2023-11-08,2023-11-08,2026-07-30,"Experimental estimates for business openings and closures by employment size for Canada, provinces and territories, census metropolitan areas, seasonally adjusted","Estimations expérimentales pour les entreprises nouvellement ouvertes et les entreprises nouvellement fermées selon la taille de l’emploi pour le Canada, les provinces et territoires, et les régions métropolitaines de recensement, données désaisonnalisées",No resources covered,Aucune ressource couverte,Statistics Canada , Statistique Canada
"Aug 3, 2026",1.0,6672dbdb-cb50-460b-b8db-d4428f631915,No resource,2018-06-27,2018-06-27,2025-01-22,"Periodical publishers, advertising, circulation and custom publishing revenue","Les éditeurs de périodiques, revenus publicitaires, de diffusion et de diffusion sur commande",No resources covered,Aucune ressource couverte,Statistics Canada , Statistique Canada
"Aug 3, 2026",1.0,66c24181-b6d5-445c-8d92-fda6a8294a5a,17dba197-8938-48e2-bac8-d04b6aee90bc,2020-02-25,2020-02-25,2024-11-21,Pre-approved Routine Impact Assessments,Évaluation d’impact courante préapprouvée,Campgrounds,Terrains de camping,Parks Canada , Parcs Canada
"Aug 3, 2026",1.0,66c24181-b6d5-445c-8d92-fda6a8294a5a,48a3c6a0-a101-4680-b90e-fcf07c70ef11,2020-02-25,2021-11-25,2024-11-21,Pre-approved Routine Impact Assessments,Évaluation d’impact courante préapprouvée,Roads and Related Infrastructure,Routes et infrastructures connexes,Parks Canada , Parcs Canada
"Aug 1, 2026",1.0,66d05825-d3a4-440c-bc31-1e5f555421e5,7e74d0c2-f3f7-4971-bde5-c6791f0a458b,2026-04-22,2026-07-23,2026-07-26,Minister's Advisory Council on Impact Assessment: Letters,Conseil consultatif du ministre sur l’évaluation d’impact: lettres,MINAC - Response to MPO Discussion Paper - July 2026,CCMEI - Réponse au document de travail du BGP - 2026 juillet,Impact Assessment Agency of Canada , Agence d'évaluation d'impact du Canada
"Aug 2, 2026",1.0,66d05825-d3a4-440c-bc31-1e5f555421e5,7e74d0c2-f3f7-4971-bde5-c6791f0a458b,2026-04-22,2026-07-23,2026-07-26,Minister's Advisory Council on Impact Assessment: Letters,Conseil consultatif du ministre sur l’évaluation d’impact: lettres,MINAC - Response to MPO Discussion Paper - July 2026,CCMEI - Réponse au document de travail du BGP - 2026 juillet,Impact Assessment Agency of Canada , Agence d'évaluation d'impact du Canada
"Aug 1, 2026",1.0,66d05825-d3a4-440c-bc31-1e5f555421e5,e1211c78-347f-4441-9bdd-d82d7cc9e733,2026-04-22,2026-07-23,2026-07-26,Minister's Advisory Council on Impact Assessment: Letters,Conseil consultatif du ministre sur l’évaluation d’impact: lettres,MINAC - Response to MPO Discussion Paper - July 2026,CCMEI - Réponse au document de travail du BGP - 2026 juillet,Impact Assessment Agency of Canada , Agence d'évaluation d'impact du Canada
"Aug 3, 2026",1.0,675d7095-4ceb-44f1-85f1-bf99bcb67950,a2c415d0-41d7-4f3b-b4e3-09978f10a780,2025-09-19,2026-06-24,2026-06-24,Plumbing Products,Matériel de plomberie,"Faucets 8.80 - Manufactured on or after July 1, 2026","Robinets 8,80 - Fabriqués le 1er juillet 2026 ou après cette date",Natural Resources Canada , Ressources naturelles Canada
"Aug 2, 2026",1.0,6766bc68-d087-42fc-87f8-5ab4ad6925cf,9c505809-3dad-476e-83aa-5b34649aa0ee,2026-05-11,2026-05-11,2026-05-11,"REGDOC-2.5.2 - Design of Reactor Facilities: Nuclear Power Plants, Version 2.1","REGDOC-2.5.2 - Conception d’installations dotées de réacteurs : Centrales nucléaires, version 2.1","REGDOC-2.5.2 - Design of Reactor Facilities: Nuclear Power Plants, Version 2.1","REGDOC-2.5.2 - Conception d’installations dotées de réacteurs : Centrales nucléaires, version 2.1",Canadian Nuclear Safety Commission , Commission canadienne de sûreté nucléaire
"Aug 1, 2026",1.0,67d33e1c-0289-49e4-8eb2-85ac731197a0,No resource,2016-10-27,2016-10-27,2026-07-15,Federal Child Support Tables – Manitoba,Tables fédérales de pensions alimentaires pour enfants - Manitoba,No resources covered,Aucune ressource couverte,Department of Justice Canada , Ministère de la Justice Canada
"Aug 3, 2026",1.0,67de4f04-855d-5d23-bb4a-2a270d1488d0,No resource,2016-09-24,2016-09-24,2022-02-22,Mean annual lake evaporation,Évaporation annuelle moyenne des eaux lacustres,No resources covered,Aucune ressource couverte,Natural Resources Canada , Ressources naturelles Canada
"Aug 3, 2026",1.0,685e191f-35c7-9400-50e2-322d66e3cf6f,No resource,2025-05-28,2025-05-28,2025-10-15,Cottage Lot Polygons,Polygones de lots de chalets,No resources covered,Aucune ressource couverte,Government of Manitoba , Gouvernement du Manitoba
"Aug 1, 2026",1.0,689a20f0-55bd-574a-9917-a0ab89912d56,No resource,2016-09-24,2016-09-24,2022-02-22,"Atlas of Canada National Scale Data 1:1,000,000 - Boundary Lines",Données de l'Atlas du Canada à l'échelle nationale de 1/1 000 000 - Limites (lignes),No resources covered,Aucune ressource couverte,Natural Resources Canada , Ressources naturelles Canada
"Aug 1, 2026",1.0,69282c2b-52da-4e63-97d8-7890cdf5c217,a0478021-6e84-4809-88e6-a44219a82f00,2024-05-15,2026-07-29,2026-07-29,Sports and leisure programming available via Loisirs Montréal,Programmation de sports et loisirs disponible via Loisirs Montréal,Sports and leisure programming (current year),Programmation de sports et loisirs (année en cours),Government and Municipalities of Québec , Gouvernement et municipalités du Québec
"Aug 3, 2026",1.0,69a93783-00a4-4b6b-b57e-c23567f8d9d6,No resource,2020-09-14,2020-09-14,2026-07-29,CPTAQ inclusions and exclusions,Inclusions et exclusions de la CPTAQ,No resources covered,Aucune ressource couverte,Government and Municipalities of Québec , Gouvernement et municipalités du Québec
"Aug 3, 2026",2.0,69c68f22-8a2a-43d1-8f4e-4017e3ffebba,0dec8c73-fe1c-4adc-9f1c-e51b0e4a63b2,2024-05-02,2025-10-09,2025-10-24,Canadian Anti-Fraud Centre's Annual Reports,Rapports annuels du Centre antifraude du Canada,2024 Canadian Anti-Fraud Centre's Annual Report,Rapport annuel du Centre antifraude du Canada du 2024,Royal Canadian Mounted Police , Gendarmerie royale du Canada
"Aug 3, 2026",5.0,69c68f22-8a2a-43d1-8f4e-4017e3ffebba,1ffc4a5e-e41b-48c7-929e-633d023ef8dc,2024-05-02,2025-10-09,2025-10-24,Canadian Anti-Fraud Centre's Annual Reports,Rapports annuels du Centre antifraude du Canada,2024 Canadian Anti-Fraud Centre's Annual Report,Rapport annuel du Centre antifraude du Canada du 2024,Royal Canadian Mounted Police , Gendarmerie royale du Canada
"Aug 3, 2026",1.0,69e0cbf2-457f-4313-8013-9252e722d5b8,ce6cc84e-c4f8-4e86-ac9d-cc4506164d70,2023-11-08,2023-11-08,2023-11-08,"Mother tongue by knowledge of official languages, language spoken most often at home and other language(s) spoken regularly at home: Canada, provinces and territories, census divisions and census subdivisions","Langue maternelle selon la connaissance des langues officielles, la langue parlée le plus souvent à la maison et les autres langues parlées régulièrement à la maison : Canada, provinces et territoires, divisions de recensement et subdivisions de recensement",Dataset,Ensembles de données,Statistics Canada , Statistique Canada
"Aug 2, 2026",1.0,69fed58b-e725-487e-aa23-e32ff11fe316,No resource,2023-05-08,2023-05-08,2026-07-22,"Police-reported hate crime, by type of motivation, selected regions and Canada (selected police services)","Crimes haineux déclarés par la police, selon le type de motif, certaines régions et Canada (certains services de police)",No resources covered,Aucune ressource couverte,Statistics Canada , Statistique Canada
"Aug 2, 2026",1.0,69fed58b-e725-487e-aa23-e32ff11fe316,dd7dd76e-a04e-4b25-8db5-cde607619a2f,2023-05-08,2026-07-22,2026-07-22,"Police-reported hate crime, by type of motivation, selected regions and Canada (selected police services)","Crimes haineux déclarés par la police, selon le type de motif, certaines régions et Canada (certains services de police)",Dataset,Ensembles de données,Statistics Canada , Statistique Canada
"Aug 3, 2026",1.0,6a0c7177-24de-4eee-89dd-ef7abef427ff,No resource,2020-11-27,2020-11-27,2026-06-19,Ontario Classified Point Cloud (Lidar-Derived),Nuage de points classifiés de l’Ontario (données dérivées de LiDAR),No resources covered,Aucune ressource couverte,Government of Ontario , Gouvernement de l'Ontario
"Aug 2, 2026",1.0,6a26841c-5771-4d98-ac6a-5af3691d8e09,No resource,2020-09-11,2020-09-11,2026-05-27,Table of the remuneration of persons elected by the City of Montreal,Tableau de la rémunération des personnes élues de la Ville de Montréal,No resources covered,Aucune ressource couverte,Government and Municipalities of Québec , Gouvernement et municipalités du Québec
"Aug 2, 2026",1.0,6a4cbf2c-c9b7-413a-86b1-e8f7081e2578,4ca0ade9-2b49-45c5-90eb-bdec0bf09fab,2023-11-22,2026-05-27,2026-05-27,Public events,Événements publics,Events,Événements,Government and Municipalities of Québec , Gouvernement et municipalités du Québec
"Aug 2, 2026",2.0,6a679258-5a4f-4c99-bd39-d507f9567790,c9a0ff6d-c40d-4833-8ab0-3d89d0c34353,2024-12-13,2024-12-13,2025-01-09,Evaluation of the RCMP Air Service Program - Final Report,Évaluation du Service de l'air de la GRC - Rapport final,Summary of the Evaluation of the RCMP’s Air Services,Résumé de l’Évaluation du Service de l'air de la GRC,Royal Canadian Mounted Police , Gendarmerie royale du Canada
"Aug 2, 2026",2.0,6a679258-5a4f-4c99-bd39-d507f9567790,e6b0e6a9-7e94-474d-8b5a-1f224c2837d6,2024-12-13,2024-12-13,2024-12-13,Evaluation of the RCMP Air Service Program - Final Report,Évaluation du Service de l'air de la GRC - Rapport final,Evaluation of the RCMP Air Services Program - Final Report,Évaluation du Service de l'air de la GRC - Rapport final,Royal Canadian Mounted Police , Gendarmerie royale du Canada
"Aug 3, 2026",1.0,6ab2803a-aace-4e60-83ed-44a7e0ccd1d8,No resource,2020-05-05,2020-05-05,2026-03-24,Vessel Traffic Routes,Voies de circulation navire,No resources covered,Aucune ressource couverte,Fisheries and Oceans Canada , Pêches et Océans Canada
"Aug 1, 2026",3.0,6abd20d4-7a1c-4b38-baa2-9525d0bb2fd2,05b804dd-11ec-4271-8d69-d6044e1a5481,2023-04-27,2023-04-27,2026-08-03,CanadaBuys tender notices,Appels d'offres d'AchatsCanada,New tender notices,Nouveaux avis d'appel d'offres,Public Services and Procurement Canada , Services publics et Approvisionnement Canada
"Aug 2, 2026",1.0,6abd20d4-7a1c-4b38-baa2-9525d0bb2fd2,05b804dd-11ec-4271-8d69-d6044e1a5481,2023-04-27,2023-04-27,2026-08-03,CanadaBuys tender notices,Appels d'offres d'AchatsCanada,New tender notices,Nouveaux avis d'appel d'offres,Public Services and Procurement Canada , Services publics et Approvisionnement Canada
"Aug 3, 2026",5.0,6abd20d4-7a1c-4b38-baa2-9525d0bb2fd2,05b804dd-11ec-4271-8d69-d6044e1a5481,2023-04-27,2023-04-27,2026-08-03,CanadaBuys tender notices,Appels d'offres d'AchatsCanada,New tender notices,Nouveaux avis d'appel d'offres,Public Services and Procurement Canada , Services publics et Approvisionnement Canada
"Aug 1, 2026",4.0,6abd20d4-7a1c-4b38-baa2-9525d0bb2fd2,5870de7c-86fe-4d05-8d73-cd412e12fdeb,2023-04-27,2023-04-27,2026-08-03,CanadaBuys tender notices,Appels d'offres d'AchatsCanada,Open tender notices,Avis d'appel d'offres ouvert,Public Services and Procurement Canada , Services publics et Approvisionnement Canada
"Aug 2, 2026",1.0,6abd20d4-7a1c-4b38-baa2-9525d0bb2fd2,5870de7c-86fe-4d05-8d73-cd412e12fdeb,2023-04-27,2023-04-27,2026-08-03,CanadaBuys tender notices,Appels d'offres d'AchatsCanada,Open tender notices,Avis d'appel d'offres ouvert,Public Services and Procurement Canada , Services publics et Approvisionnement Canada
"Aug 3, 2026",3.0,6abd20d4-7a1c-4b38-baa2-9525d0bb2fd2,5870de7c-86fe-4d05-8d73-cd412e12fdeb,2023-04-27,2023-04-27,2026-08-03,CanadaBuys tender notices,Appels d'offres d'AchatsCanada,Open tender notices,Avis d'appel d'offres ouvert,Public Services and Procurement Canada , Services publics et Approvisionnement Canada
"Aug 1, 2026",3.0,6abd20d4-7a1c-4b38-baa2-9525d0bb2fd2,No resource,2023-04-27,2023-04-27,2026-08-03,CanadaBuys tender notices,Appels d'offres d'AchatsCanada,No resources covered,Aucune ressource couverte,Public Services and Procurement Canada , Services publics et Approvisionnement Canada
"Aug 2, 2026",6.0,6abd20d4-7a1c-4b38-baa2-9525d0bb2fd2,No resource,2023-04-27,2023-04-27,2026-08-03,CanadaBuys tender notices,Appels d'offres d'AchatsCanada,No resources covered,Aucune ressource couverte,Public Services and Procurement Canada , Services publics et Approvisionnement Canada
"Aug 3, 2026",8.0,6abd20d4-7a1c-4b38-baa2-9525d0bb2fd2,No resource,2023-04-27,2023-04-27,2026-08-03,CanadaBuys tender notices,Appels d'offres d'AchatsCanada,No resources covered,Aucune ressource couverte,Public Services and Procurement Canada , Services publics et Approvisionnement Canada
"Aug 3, 2026",1.0,6abd20d4-7a1c-4b38-baa2-9525d0bb2fd2,f034c950-a514-4dde-95c6-f9b8e6811c57,2023-04-27,2023-04-27,2025-01-06,CanadaBuys tender notices,Appels d'offres d'AchatsCanada,CanadaBuys data dictionary,Dictionnaire des données d'AchatsCanada,Public Services and Procurement Canada , Services publics et Approvisionnement Canada
"Aug 1, 2026",2.0,6abd20d4-7a1c-4b38-baa2-9525d0bb2fd2,fa0e6965-4339-4694-9f91-7b84e7216c72,2023-04-27,2026-04-01,2026-08-03,CanadaBuys tender notices,Appels d'offres d'AchatsCanada,"Tender notices, 2026-2027","Avis d’appel d’offres, 2026-2027",Public Services and Procurement Canada , Services publics et Approvisionnement Canada
"Aug 3, 2026",3.0,6abd20d4-7a1c-4b38-baa2-9525d0bb2fd2,fa0e6965-4339-4694-9f91-7b84e7216c72,2023-04-27,2026-04-01,2026-08-03,CanadaBuys tender notices,Appels d'offres d'AchatsCanada,"Tender notices, 2026-2027","Avis d’appel d’offres, 2026-2027",Public Services and Procurement Canada , Services publics et Approvisionnement Canada
"Aug 1, 2026",1.0,6ad8e956-e6f7-410c-9403-27bd6fcb7ead,152b9142-6ee7-42fc-a8f8-d9c902b258b7,2018-06-27,2026-04-17,2026-04-17,"Hectares burned from wildfire during fire season, Alberta","Translation of Hectares burned from wildfire during fire season, Alberta","Hectares burned from wildfire during fire season, Alberta","Translation of Hectares burned from wildfire during fire season, Alberta",Government of Alberta , Gouvernement de l'Alberta
"Aug 1, 2026",1.0,6ad8e956-e6f7-410c-9403-27bd6fcb7ead,7b59b023-0638-429a-abdb-302ebae2f910,2018-06-27,2026-04-17,2026-04-17,"Hectares burned from wildfire during fire season, Alberta","Translation of Hectares burned from wildfire during fire season, Alberta",Alberta Official Statistic Visualization,Translation of Alberta Official Statistic Visualization,Government of Alberta , Gouvernement de l'Alberta
"Aug 3, 2026",1.0,6b794b52-c074-4064-bfb4-61a9e1fc2d6f,1fce98dd-3e5e-49bf-a1ad-f9541bdf1b19,2020-09-11,2026-05-27,2026-05-27,Offence reports issued by Contrôle Routière Québec,Constats d'infraction émis par Contrôle routier Québec,"Offence reports issued by Contrôle Québec, 2022","Constats d'infraction émis par Contrôle routier Québec, 2022",Government and Municipalities of Québec , Gouvernement et municipalités du Québec
"Aug 1, 2026",1.0,6c0aa172-47ed-457a-a3f9-ed2eb3cd8d23,78993a6f-d72d-47e8-9e93-d4a224bd62bf,2020-01-08,2020-01-08,2025-11-07,"Loans, Investments and Advances as per the Public Accounts of Canada","Prêts, placements et avances selon les Comptes publics du Canada",Data file,Fichier de données,Public Services and Procurement Canada , Services publics et Approvisionnement Canada
"Aug 2, 2026",2.0,6c240c79-c857-4fd4-bbd6-b1fd7f04fdbc,No resource,2025-09-05,2025-09-05,2026-04-30,Canadian Cannabis Survey (CCS) 2023 Public Use Microdata File (PUMF),Enquête canadienne sur le cannabis (ECC) de 2023 microdonnées à grande diffusion (FMGD),No resources covered,Aucune ressource couverte,Health Canada , Santé Canada
"Aug 3, 2026",1.0,6c78fb2f-d23b-45b4-b3af-cc6f6cc4fff8,No resource,2016-11-22,2016-11-22,2022-02-23,"Coastal Waters (polygons), Boundary files - 2016 Census","Littoraux (polygones), Fichiers des limites - Recensement de 2016",No resources covered,Aucune ressource couverte,Statistics Canada , Statistique Canada
"Aug 3, 2026",1.0,6c9ac543-79e5-45a7-9b7e-7c4e9e6627ff,b858717a-e805-49e4-b4e8-d1e4d1865168,2018-06-27,2026-06-09,2026-06-09,"International investment position, Canadian portfolio investment abroad at market value, by country, quarterly","Bilan des investissements internationaux, investissements de portefeuille canadiens à l'étranger à la valeur au marché, selon les pays, trimestriel",Dataset,Ensembles de données,Statistics Canada , Statistique Canada
"Aug 3, 2026",1.0,6cd36005-f7e4-4fe5-a21b-e56e70074760,e2b198f7-499b-49ab-b142-e1ddbb2649c6,2023-11-08,2023-11-08,2023-11-08,"Mother tongue by knowledge of official languages: Canada, provinces and territories, census divisions and census subdivisions","Langue maternelle selon la connaissance des langues officielles : Canada, provinces et territoires, divisions de recensement et subdivisions de recensement",Dataset,Ensembles de données,Statistics Canada , Statistique Canada
"Aug 2, 2026",2.0,6cec3792-be4d-41ed-bab9-6f6c995e420a,47e63dd8-2795-43d4-9690-5be5e6399a3b,2024-10-24,2026-07-09,2026-07-09,"Police-reported hate crime, by type of motivation, number of incidents and year to date total, preliminary quarterly data, Canada and regions","Crimes haineux déclarés par la police, selon le type de motif, nombre d'affaires et total cumulé de l'année à ce jour, données trimestrielles provisoires, Canada et régions",Dataset,Ensembles de données,Statistics Canada , Statistique Canada
"Aug 3, 2026",1.0,6d61f7b4-39eb-c8a9-a71c-b65d2eca8660,ceed0cbf-3cf1-4530-a80e-91fe2a88aab7,2020-04-06,2026-03-24,2026-03-24,Northumberland Strait Multi-species Trawl Survey Data,Données du relevé multi-espèces au chalut de fond du détroit de Northumberland,Northumberland Strait Multi-species Trawl Survey Data,Données du relevé multi-espèces au chalut de fond du détroit de Northumberland,Fisheries and Oceans Canada , Pêches et Océans Canada
"Aug 1, 2026",2.0,6d9f412c-c5fa-497e-9a97-447369440f71,2135c64a-cf28-4d23-9309-e96c43f14315,2016-09-24,2016-10-25,2025-12-16,"Canada Pension Plan (CPP) - Number of New Survivor Benefit by Age, Gender and by Calendar Year","Régime de pensions du Canada (RPC) -  Nombre de nouvelles prestations de survivant, selon le genre et l'année civile ","Canada Pension Plan (CPP) - Number of New Survivor Benefit by Age, Gender and by Calendar Year","Régime de pensions du Canada (RPC) -  Nombre de nouvelles prestations de survivant, selon le genre et l'année civile",Employment and Social Development Canada , Emploi et Développement social Canada
"Aug 2, 2026",1.0,6d9f412c-c5fa-497e-9a97-447369440f71,No resource,2016-09-24,2016-09-24,2026-04-09,"Canada Pension Plan (CPP) - Number of New Survivor Benefit by Age, Gender and by Calendar Year","Régime de pensions du Canada (RPC) -  Nombre de nouvelles prestations de survivant, selon le genre et l'année civile ",No resources covered,Aucune ressource couverte,Employment and Social Development Canada , Emploi et Développement social Canada
"Aug 1, 2026",1.0,6dc97b50-5bbb-482d-8dd5-c9b23cd770dc,1d9f8e55-35fb-439d-82df-5a85d28bdc44,2018-06-27,2026-04-17,2026-04-17,Energy Prices,Prix de l'énergie,Energy Prices.xlsx,Énergie Prices.xlsx,Government of Alberta , Gouvernement de l'Alberta
"Aug 2, 2026",1.0,6e16f703-9c57-46c9-9194-6573398c17e6,900f78e1-93e5-3a73-93de-e153962bab6b,2021-09-20,2026-03-18,2026-03-18,Commercial Fisheries - Seafisheries Landings - Canada,Pêche commerciale - Débarquements des pêches maritimes - Canada,1990-2024 Commercial Seafisheries Landings EN,1990-2024 Débarquements des pêches commerciales maritimes EN,Fisheries and Oceans Canada , Pêches et Océans Canada
"Aug 3, 2026",1.0,6e16f703-9c57-46c9-9194-6573398c17e6,900f78e1-93e5-3a73-93de-e153962bab6b,2021-09-20,2026-03-18,2026-03-18,Commercial Fisheries - Seafisheries Landings - Canada,Pêche commerciale - Débarquements des pêches maritimes - Canada,1990-2024 Commercial Seafisheries Landings EN,1990-2024 Débarquements des pêches commerciales maritimes EN,Fisheries and Oceans Canada , Pêches et Océans Canada
"Aug 3, 2026",1.0,6e317257-54fe-44d1-89a6-1fcd81f5a484,786ee3fd-2357-4188-83e8-9ab27f68a2f3,2023-04-13,2026-04-17,2026-04-17,International Tuition Fees at Public Post-Secondary Institutions by Economic Development Region,Translation of International Tuition Fees at Public Post-Secondary Institutions by Economic Development Region,International_Tuition_Fees_at_Public_Post_Secondary_Institutions_by_Economic_Development_Region,Translation of International_Tuition_Fees_at_Public_Post_Secondary_Institutions_by_Economic_Development_Region,Government of British Columbia , Gouvernment de la Colombie-Britannique
"Aug 2, 2026",2.0,6e47f705-71ed-41f0-8fd5-d1a8508a3b63,072273f6-bac1-4e3c-92be-1a1411f63913,2018-07-18,2021-05-21,2026-06-02,Refugee Protection Division (RPD) Decisions,Décisions de la Section de la protection des réfugiés (SPR),Refugee Protection Division Decisions 2020 Q4,Décisions de la Section de la protection des réfugiés 2020 Q4,Immigration and Refugee Board of Canada , Commission de l'immigration et du statut de réfugié du Canada
"Aug 1, 2026",1.0,6e47f705-71ed-41f0-8fd5-d1a8508a3b63,24e71ba5-a774-4ec0-8766-05f129fcf539,2018-07-18,2026-02-11,2026-06-02,Refugee Protection Division (RPD) Decisions,Décisions de la Section de la protection des réfugiés (SPR),Refugee Protection Division Decisions 2025 Q4,Décisions de la Section de la protection des réfugiés 2025 T4,Immigration and Refugee Board of Canada , Commission de l'immigration et du statut de réfugié du Canada
"Aug 1, 2026",1.0,6e47f705-71ed-41f0-8fd5-d1a8508a3b63,No resource,2018-07-18,2018-07-18,2026-06-02,Refugee Protection Division (RPD) Decisions,Décisions de la Section de la protection des réfugiés (SPR),No resources covered,Aucune ressource couverte,Immigration and Refugee Board of Canada , Commission de l'immigration et du statut de réfugié du Canada
"Aug 2, 2026",1.0,6e47f705-71ed-41f0-8fd5-d1a8508a3b63,No resource,2018-07-18,2018-07-18,2026-06-02,Refugee Protection Division (RPD) Decisions,Décisions de la Section de la protection des réfugiés (SPR),No resources covered,Aucune ressource couverte,Immigration and Refugee Board of Canada , Commission de l'immigration et du statut de réfugié du Canada
"Aug 1, 2026",2.0,6e47f705-71ed-41f0-8fd5-d1a8508a3b63,e6966014-6f2b-48ac-8cb3-f4d9e26f9194,2018-07-18,2018-07-18,2025-02-14,Refugee Protection Division (RPD) Decisions,Décisions de la Section de la protection des réfugiés (SPR),Refugee Protection Division (RPD) Decisions - Data Dictionary,Décisions de la Section de la protection des réfugiés - Dictionnaire de données,Immigration and Refugee Board of Canada , Commission de l'immigration et du statut de réfugié du Canada
"Aug 2, 2026",2.0,6e47f705-71ed-41f0-8fd5-d1a8508a3b63,e6966014-6f2b-48ac-8cb3-f4d9e26f9194,2018-07-18,2018-07-18,2025-02-14,Refugee Protection Division (RPD) Decisions,Décisions de la Section de la protection des réfugiés (SPR),Refugee Protection Division (RPD) Decisions - Data Dictionary,Décisions de la Section de la protection des réfugiés - Dictionnaire de données,Immigration and Refugee Board of Canada , Commission de l'immigration et du statut de réfugié du Canada
"Aug 3, 2026",1.0,6ec38f31-e268-450c-9b08-03e0a1292f21,7d550ed7-bd6b-4369-91f3-039e7008b2a4,2025-02-21,2025-02-21,2025-02-21,Annual Report - Ingenium,Rapport Annuel - Ingenium,2017-2018 - Annual Report - Ingenium,2017-2018 - Rapport annuel  - Ingenium,Canada Science and Technology Museum , Musée des sciences et de la technologie du Canada
"Aug 3, 2026",1.0,6ed50cd9-0d8c-471b-a5f6-26088298870e,558315be-dd96-409e-9f36-cd6295557e5a,2019-11-12,2019-11-12,2026-07-21,Radionuclide Release Datasets,Ensembles de données des rejets de radionucléides,Radionuclide Releases - Nuclear Power Plants,Rejets de radionucléides - Centrales nucléaires,Canadian Nuclear Safety Commission , Commission canadienne de sûreté nucléaire
"Aug 3, 2026",2.0,6ed50cd9-0d8c-471b-a5f6-26088298870e,c215d5ba-83d0-4eee-8a47-04e62c6aea9f,2019-11-12,2020-01-09,2026-07-21,Radionuclide Release Datasets,Ensembles de données des rejets de radionucléides,Radionuclide Releases - Canadian Nuclear Laboratories,Rejets de radionucléides - Laboratoires nucléaires canadiens,Canadian Nuclear Safety Commission , Commission canadienne de sûreté nucléaire
"Aug 2, 2026",1.0,6ee4deae-7d63-420c-8baa-9cc80ad6fb23,No resource,2025-01-22,2025-01-22,2025-09-15,"Soil Great Group taxonomy - Soil Landscape Grids of Canada, 100m","Taxonomie du grand groupe de sols - Grilles des pédopaysages du Canada, 100 m",No resources covered,Aucune ressource couverte,Agriculture and Agri-Food Canada , Agriculture et Agroalimentaire Canada
"Aug 3, 2026",1.0,6f45a453-6e41-45a9-963e-b0fc754e26b9,No resource,2018-11-05,2018-11-05,2026-04-09,International Power Lines Information,Renseignements sur les lignes internationales de transport d’électricité,No resources covered,Aucune ressource couverte,Canada Energy Regulator , La Régie de l’énergie du Canada
"Aug 1, 2026",1.0,6fa480f5-106e-9c42-3a01-6ceb1dd537e5,71848c64-e3cc-4e7f-a841-5e60d000aa69,2022-05-03,2025-08-13,2025-08-13,Active Condominium Corporations (Poly Layer),Associations de copropriétés actives (polycouche),Active Condominium Corporations (Poly Layer) (CSV Excel (EU)),Associations de copropriétés actives (polycouche) (CSV Excel (EU)),Government of Nova Scotia , Gouvernment de la Nouvelle-Écosse
"Aug 1, 2026",1.0,7069387e-9986-4297-9f55-0288e9676947,2edb8b2d-90c3-454a-aef6-2b8cea7c3f53,2023-01-11,2026-06-12,2026-06-12,LiDAR Point Clouds - CanElevation Series,Nuages de points lidar - Série CanÉlévation,LiDAR Point Clouds - CanElevation Series - Tiles Vector Data,Nuages de points lidar - Série CanÉlévation - Données vectorielles des tuiles,Natural Resources Canada , Ressources naturelles Canada
"Aug 1, 2026",1.0,7069387e-9986-4297-9f55-0288e9676947,45befb0b-e202-41aa-aa9c-48f243b2e213,2023-01-11,2026-06-12,2026-06-12,LiDAR Point Clouds - CanElevation Series,Nuages de points lidar - Série CanÉlévation,LiDAR Point Clouds - CanElevation Series - Projects Vector Data,Nuages de points lidar - Série CanÉlévation - Données vectorielles des projets,Natural Resources Canada , Ressources naturelles Canada
"Aug 1, 2026",1.0,7069387e-9986-4297-9f55-0288e9676947,9bc9aa40-7427-4504-b946-9f353b7c2ce5,2023-01-11,2026-06-12,2026-06-12,LiDAR Point Clouds - CanElevation Series,Nuages de points lidar - Série CanÉlévation,LiDAR Point Clouds - CanElevation Series - Download instructions,Nuages de points lidar - Série CanÉlévation - Instructions de téléchargement,Natural Resources Canada , Ressources naturelles Canada
"Aug 3, 2026",1.0,7069387e-9986-4297-9f55-0288e9676947,bbc6c7e1-63d6-4f75-a52d-e9f9ede355b8,2023-01-11,2026-06-12,2026-06-12,LiDAR Point Clouds - CanElevation Series,Nuages de points lidar - Série CanÉlévation,LiDAR Point Clouds - CanElevation Series - Download instructions,Nuages de points lidar - Série CanÉlévation - Instructions de téléchargement,Natural Resources Canada , Ressources naturelles Canada
"Aug 1, 2026",1.0,7069387e-9986-4297-9f55-0288e9676947,bc081c9f-7264-4ffe-bbbf-6cd12975f0f0,2023-01-11,2026-06-12,2026-06-12,LiDAR Point Clouds - CanElevation Series,Nuages de points lidar - Série CanÉlévation,LiDAR Point Clouds - CanElevation Series - Product Specifications,Nuages de points lidar - Série CanÉlévation - Spécifications de produit,Natural Resources Canada , Ressources naturelles Canada
"Aug 3, 2026",1.0,7069387e-9986-4297-9f55-0288e9676947,bc081c9f-7264-4ffe-bbbf-6cd12975f0f0,2023-01-11,2026-06-12,2026-06-12,LiDAR Point Clouds - CanElevation Series,Nuages de points lidar - Série CanÉlévation,LiDAR Point Clouds - CanElevation Series - Product Specifications,Nuages de points lidar - Série CanÉlévation - Spécifications de produit,Natural Resources Canada , Ressources naturelles Canada
"Aug 3, 2026",2.0,706a6d1a-df8e-40e3-8e0c-94211025c528,No resource,2022-12-26,2022-12-26,2026-05-26,"Projects funded by the EVAFIDI, ZEVIP, and CHRI infrastructure programs","Projets financés par les programmes d'infrastructure IDIVECR, PIVEZ et IRRH",No resources covered,Aucune ressource couverte,Natural Resources Canada , Ressources naturelles Canada
"Aug 2, 2026",3.0,70ef2117-1095-4d77-80eb-b87f2bada2a4,ab35c449-ef35-40cf-bf96-0b0589c1eba5,2016-09-24,2016-11-02,2024-06-11,Lobbying Registrations,Enregistrements de lobbying,Lobbying Registrations,Enregistrements de lobbying,Office of the Commissioner of Lobbying of Canada , Commissariat au lobbying du Canada
"Aug 3, 2026",2.0,70ef2117-1095-4d77-80eb-b87f2bada2a4,ab35c449-ef35-40cf-bf96-0b0589c1eba5,2016-09-24,2016-11-02,2024-06-11,Lobbying Registrations,Enregistrements de lobbying,Lobbying Registrations,Enregistrements de lobbying,Office of the Commissioner of Lobbying of Canada , Commissariat au lobbying du Canada
"Aug 2, 2026",2.0,70ef2117-1095-4d77-80eb-b87f2bada2a4,fe95e450-aa7a-4972-87af-af77d8996b94,2016-09-24,2016-11-02,2025-03-10,Lobbying Registrations,Enregistrements de lobbying,Data Dictionary for Lobbying Registrations,Dictionnaire de données pour les enregistrements de lobbying,Office of the Commissioner of Lobbying of Canada , Commissariat au lobbying du Canada
"Aug 2, 2026",1.0,7114187e-305c-4a79-acbb-3294ba0f53c8,235a3768-2330-4f7c-a94d-e60b53319e65,2023-04-13,2026-04-17,2026-04-17,BC Schools - Student Headcount by Grade,Translation of BC Schools - Student Headcount by Grade,Student Headcount by Grade 2017/2018 to 2025/2026,Translation of Student Headcount by Grade 2017/2018 to 2025/2026,Government of British Columbia , Gouvernment de la Colombie-Britannique
"Aug 2, 2026",1.0,7114187e-305c-4a79-acbb-3294ba0f53c8,82c09a39-2f70-49e8-b3f3-15637e12caaa,2023-04-13,2026-04-17,2026-04-17,BC Schools - Student Headcount by Grade,Translation of BC Schools - Student Headcount by Grade,Working with the Student Headcount by Grade extract,Translation of Working with the Student Headcount by Grade extract,Government of British Columbia , Gouvernment de la Colombie-Britannique
"Aug 2, 2026",1.0,7114187e-305c-4a79-acbb-3294ba0f53c8,e483ab57-a6f4-40a5-a0fe-4df946e88fe1,2023-04-13,2026-04-17,2026-04-17,BC Schools - Student Headcount by Grade,Translation of BC Schools - Student Headcount by Grade,Student Headcount by Grade 2017/2018 to 2025/2026,Translation of Student Headcount by Grade 2017/2018 to 2025/2026,Government of British Columbia , Gouvernment de la Colombie-Britannique
"Aug 3, 2026",3.0,712e7355-91d7-7b4f-9d46-1e7b5561cd95,9a3184bd-4618-4418-b7ad-65f68be9fe64,2021-04-20,2026-04-17,2026-04-17,"Student enrolment by school by grade by year, as of September 30","Effectif scolaire par école selon l'année d'études, au 30 septembre","Student enrolment by school by grade by year, as of September 30 (CSV)","Effectif scolaire par école selon l'année d'études, au 30 septembre (CSV)",Government of New Brunswick , Gouvernement du Nouveau-Brunswick
"Aug 3, 2026",2.0,71433534-694b-4538-8cd7-86530790ab0c,219878a1-b101-4746-b44f-07bcd93bc480,2020-09-14,2026-07-29,2026-07-29,River-Mountain Promenade,Promenade Fleuve-Montagne,Promenade route,Parcours de la promenade,Government and Municipalities of Québec , Gouvernement et municipalités du Québec
"Aug 3, 2026",1.0,71433534-694b-4538-8cd7-86530790ab0c,95a3c164-7640-48b7-b722-5271f0e87440,2020-09-14,2026-07-29,2026-07-29,River-Mountain Promenade,Promenade Fleuve-Montagne,Location of attractions,Localisation des attractions,Government and Municipalities of Québec , Gouvernement et municipalités du Québec
"Aug 1, 2026",1.0,719955f2-bf8e-44f7-bc26-6bd623e82884,92cf469b-7add-45ba-aec2-e1116d7407c1,2017-06-20,2026-05-12,2026-05-12,"British Columbia Lightstation Sea-Surface Temperature and Salinity Data (Pacific), 1914-present","Données des phares de la Colombie-Britannique (la température et salinité de surface de la mer), (Pacifique), 1914 à aujourd'hui",DATA - Active Sites,Les données - Sites actifs,Fisheries and Oceans Canada , Pêches et Océans Canada
"Aug 2, 2026",2.0,719955f2-bf8e-44f7-bc26-6bd623e82884,No resource,2017-06-20,2017-06-20,2026-05-12,"British Columbia Lightstation Sea-Surface Temperature and Salinity Data (Pacific), 1914-present","Données des phares de la Colombie-Britannique (la température et salinité de surface de la mer), (Pacifique), 1914 à aujourd'hui",No resources covered,Aucune ressource couverte,Fisheries and Oceans Canada , Pêches et Océans Canada
"Aug 1, 2026",1.0,72196bcf-41a7-45a5-8a3b-79226ebcb85c,83e5141c-f215-42a4-8b1b-7c20731c8d91,2025-09-17,2026-05-20,2026-05-20,"Geology and metamorphic conditions in rocks of the Cassiar Terrane, Glenlyon map area (105L/1), south-central Yukon","Géologie et conditions métamorphiques des roches du terrane de Cassiar, zone cartographique de Glenlyon (105L/1), centre-sud du Yukon",Report,Rapport,Government of Yukon , Gouvernement du Yukon
"Aug 3, 2026",1.0,72a0f16f-625e-438e-8193-4bcd7e22e29a,No resource,2016-09-24,2016-09-24,2022-02-24,Water File - Rivers (lines) - 2011 Census,Fichier hydrographique - Rivières intérieures (traits) - Recensement de 2011,No resources covered,Aucune ressource couverte,Statistics Canada , Statistique Canada
"Aug 1, 2026",1.0,73244bd4-048b-4a6b-9b9d-aeaa8228d6b2,b49b0548-1db2-4f9b-a25b-6227d9bfd48d,2026-03-16,2026-03-16,2026-03-16,"Canadian Mining Assets (CMAs), by Country and Region, 2023 and 2024 (p)","Actifs miniers canadiens (AMC) selon le pays et la région, en 2023 et en 2024 (dpr)","Canadian Mining Assets (CMAs), by Country and Region, 2023 and 2024 (p)","Actifs miniers canadiens (AMC) selon le pays et la région, en 2023 et en 2024 (dpr)",Natural Resources Canada , Ressources naturelles Canada
"Aug 3, 2026",1.0,74144824-206e-4cea-9fb9-72925a128189,dc9afbed-05bb-4895-b5a7-d36e11c962f5,2018-04-30,2026-02-27,2026-02-27,Floods in Canada - Archive,Inondations au Canada – Archive,Technical Documentation,Documentation technique,Natural Resources Canada , Ressources naturelles Canada
"Aug 2, 2026",1.0,742b4dcb-b834-46c9-93b7-6878bb0ae295,No resource,2021-03-24,2021-03-24,2025-10-27,Historical and current Canadian Armed Forces pay scales for Regular Force and Class C Officers,Échelles salariales historiques et actuelles des Forces armées canadiennes pour les officiers de la Force régulière et de la classe C,No resources covered,Aucune ressource couverte,National Defence , Défense nationale
"Aug 1, 2026",2.0,742b4dcb-b834-46c9-93b7-6878bb0ae295,a56fc93a-c40c-458f-8e30-f4156cb6fc33,2021-03-24,2025-08-19,2025-10-27,Historical and current Canadian Armed Forces pay scales for Regular Force and Class C Officers,Échelles salariales historiques et actuelles des Forces armées canadiennes pour les officiers de la Force régulière et de la classe C,Historical and current Canadian Armed Forces pay scales for Regular Force and Class C Officers,Échelles salariales historiques et actuelles des Forces armées canadiennes pour les officiers de la Force régulière et de la classe C,National Defence , Défense nationale
"Aug 2, 2026",4.0,742b4dcb-b834-46c9-93b7-6878bb0ae295,a56fc93a-c40c-458f-8e30-f4156cb6fc33,2021-03-24,2025-08-19,2025-10-27,Historical and current Canadian Armed Forces pay scales for Regular Force and Class C Officers,Échelles salariales historiques et actuelles des Forces armées canadiennes pour les officiers de la Force régulière et de la classe C,Historical and current Canadian Armed Forces pay scales for Regular Force and Class C Officers,Échelles salariales historiques et actuelles des Forces armées canadiennes pour les officiers de la Force régulière et de la classe C,National Defence , Défense nationale
"Aug 3, 2026",7.0,742b4dcb-b834-46c9-93b7-6878bb0ae295,a56fc93a-c40c-458f-8e30-f4156cb6fc33,2021-03-24,2025-08-19,2025-10-27,Historical and current Canadian Armed Forces pay scales for Regular Force and Class C Officers,Échelles salariales historiques et actuelles des Forces armées canadiennes pour les officiers de la Force régulière et de la classe C,Historical and current Canadian Armed Forces pay scales for Regular Force and Class C Officers,Échelles salariales historiques et actuelles des Forces armées canadiennes pour les officiers de la Force régulière et de la classe C,National Defence , Défense nationale
"Aug 3, 2026",1.0,7457ea2a-0249-43b6-9f1e-984608a77371,9d4debc1-48b1-49d1-a4d4-c54ff610a6f9,2017-12-18,2017-12-18,2025-05-12,Canadian Armed Forces Kitchen Purchase Orders,Force armées canadiennes bons de commande,Kitchen Purchase Orders,Kitchen Purchase Orders,National Defence , Défense nationale
"Aug 3, 2026",1.0,746709f1-c729-44a1-ba84-7be5eadd3664,No resource,2020-01-16,2020-01-16,2026-07-07,Historic Insolvency Statistics - Monthly (from 1987),Statistiques sur l'insolvabilité historique - mensuels (à partir de 1987),No resources covered,Aucune ressource couverte,"Innovation, Science and Economic Development Canada "," Innovation, Sciences et Développement économique Canada"
"Aug 2, 2026",4.0,74f2472e-5bb9-4d2d-8be5-0931c96eeeff,No resource,2020-09-14,2020-09-14,2026-07-29,GNSS data,Données GNSS,No resources covered,Aucune ressource couverte,Government and Municipalities of Québec , Gouvernement et municipalités du Québec
"Aug 1, 2026",1.0,754e11cc-3e75-4148-816d-2509470a0f4f,9ab767de-a53f-44c8-b25e-8e8bdb3435ab,2024-05-07,2024-05-07,2025-06-13,Old Age Security (OAS) and Guaranteed Income Supplement (GIS) - Benefits by Age Group 65-74 and 75+,Sécurité de la vieillesse (SV) et Sécurité du revenu garanti (SRG) - Prestations par groupe d’âge - 65 à 74 ans et 75 ans et plus,GIS benefits by age group 65-74 and 75+,Prestations du SRG par groupe d’âge - 65 à 74 ans et 75 ans et plus,Employment and Social Development Canada , Emploi et Développement social Canada
"Aug 1, 2026",1.0,757bb61a-a5c5-4f38-947b-0130355a7917,No resource,2025-12-03,2025-12-03,2026-07-29,Quebec lidar data,Données lidar du Québec,No resources covered,Aucune ressource couverte,Government and Municipalities of Québec , Gouvernement et municipalités du Québec
"Aug 3, 2026",2.0,757bb61a-a5c5-4f38-947b-0130355a7917,No resource,2025-12-03,2025-12-03,2026-07-29,Quebec lidar data,Données lidar du Québec,No resources covered,Aucune ressource couverte,Government and Municipalities of Québec , Gouvernement et municipalités du Québec
"Aug 1, 2026",1.0,757bb61a-a5c5-4f38-947b-0130355a7917,ce076e34-e3c4-45bc-b426-45833ef83abc,2025-12-03,2026-07-29,2026-07-29,Quebec lidar data,Données lidar du Québec,Lidar tile index,Index des tuiles Lidar,Government and Municipalities of Québec , Gouvernement et municipalités du Québec
"Aug 2, 2026",1.0,757bb61a-a5c5-4f38-947b-0130355a7917,ce076e34-e3c4-45bc-b426-45833ef83abc,2025-12-03,2026-07-29,2026-07-29,Quebec lidar data,Données lidar du Québec,Lidar tile index,Index des tuiles Lidar,Government and Municipalities of Québec , Gouvernement et municipalités du Québec
"Aug 3, 2026",2.0,757bb61a-a5c5-4f38-947b-0130355a7917,ce076e34-e3c4-45bc-b426-45833ef83abc,2025-12-03,2026-07-29,2026-07-29,Quebec lidar data,Données lidar du Québec,Lidar tile index,Index des tuiles Lidar,Government and Municipalities of Québec , Gouvernement et municipalités du Québec
"Aug 3, 2026",1.0,757bb61a-a5c5-4f38-947b-0130355a7917,df3e86f2-b3f3-4ea9-a115-9acd0c3da1aa,2025-12-03,2026-07-29,2026-07-29,Quebec lidar data,Données lidar du Québec,MNT tile index,Index des tuiles MNT,Government and Municipalities of Québec , Gouvernement et municipalités du Québec
"Aug 2, 2026",1.0,761e3ea6-7cc7-409c-9c9c-ca1d30c969b6,c02cfe82-0a23-4b48-ab1d-0de3e2056ac8,2017-12-21,2017-12-21,2024-11-20,Canadian Armed Forces National Average Meal Rates,Taux de repas moyens nationaux des forces armées canadiennes,Data Dictionary,dictionnaire de données,National Defence , Défense nationale
"Aug 1, 2026",1.0,76c6ef9f-1869-4f1d-9cbc-9c26e4d1d4bf,5af976e5-a470-40a0-8546-54f19a74903b,2023-05-08,2026-07-22,2026-07-22,"Number, percentage and rate of persons accused of homicide, by racialized identity group, gender and region","Nombre, pourcentage et taux de personnes accusées d'homicide, selon le groupe d'identité racisée, le genre et la région",Dataset,Ensembles de données,Statistics Canada , Statistique Canada
"Aug 1, 2026",1.0,76c6ef9f-1869-4f1d-9cbc-9c26e4d1d4bf,No resource,2023-05-08,2023-05-08,2026-07-22,"Number, percentage and rate of persons accused of homicide, by racialized identity group, gender and region","Nombre, pourcentage et taux de personnes accusées d'homicide, selon le groupe d'identité racisée, le genre et la région",No resources covered,Aucune ressource couverte,Statistics Canada , Statistique Canada
"Aug 2, 2026",2.0,76c6ef9f-1869-4f1d-9cbc-9c26e4d1d4bf,No resource,2023-05-08,2023-05-08,2026-07-22,"Number, percentage and rate of persons accused of homicide, by racialized identity group, gender and region","Nombre, pourcentage et taux de personnes accusées d'homicide, selon le groupe d'identité racisée, le genre et la région",No resources covered,Aucune ressource couverte,Statistics Canada , Statistique Canada
"Aug 3, 2026",1.0,76defa14-473e-41e2-abfa-60021c4d934b,41883787-def4-4cdd-bccd-71d76b32d9d0,2016-09-24,2016-12-01,2026-03-16,Temporary Foreign Worker Program Labour Market Impact Assessment Statistics 2018-2025,Statistiques du Programme des travailleurs étrangers temporaires sur l'évaluation de l'impact sur le marché du travail 2018-2025,"Table 07: Number of temporary foreign worker (TFW) positions on positive Labour Market Impact Assessments (LMIAs) by National Occupational Classification - 2021 (NOC), and province/territory between 2018 and 2025","Tableau 07: Nombre de postes de travailleurs étrangers temporaires (TET) visés par une Études d'impact sur le marché du travail (EIMT) positive, selon la Classification nationale des professions - 2021 (CNP), par province et territoire entre 2018 et 2025",Employment and Social Development Canada , Emploi et Développement social Canada
"Aug 3, 2026",1.0,76defa14-473e-41e2-abfa-60021c4d934b,87b478ff-e73f-433b-8d93-d0ba847bd176,2016-09-24,2016-12-01,2026-03-16,Temporary Foreign Worker Program Labour Market Impact Assessment Statistics 2018-2025,Statistiques du Programme des travailleurs étrangers temporaires sur l'évaluation de l'impact sur le marché du travail 2018-2025,"Table 04: Number of temporary foreign worker (TFW) positions on positive Labour Market Impact Assessments (LMIAs) by National Occupational Classification - 2021 (NOC) training, education, experience and responsibilities (TEER), and province/territory between 2018 and 2025","Tableau 04: Nombre de postes de travailleurs étrangers temporaires (TET) faisant l'objet d'évaluations d'impact sur le marché du travail (EIMT) positives par Classification nationale des professions - 2021 (CNP), formation, scolarité, expérience et responsabilités (TEER) et province/territoire entre 2018 et 2025",Employment and Social Development Canada , Emploi et Développement social Canada
"Aug 3, 2026",1.0,76defa14-473e-41e2-abfa-60021c4d934b,No resource,2016-09-24,2016-09-24,2026-03-16,Temporary Foreign Worker Program Labour Market Impact Assessment Statistics 2018-2025,Statistiques du Programme des travailleurs étrangers temporaires sur l'évaluation de l'impact sur le marché du travail 2018-2025,No resources covered,Aucune ressource couverte,Employment and Social Development Canada , Emploi et Développement social Canada
"Aug 2, 2026",1.0,76defa14-473e-41e2-abfa-60021c4d934b,a799d4c0-4f00-4624-a4dc-389f81ee381b,2016-09-24,2016-12-01,2026-03-16,Temporary Foreign Worker Program Labour Market Impact Assessment Statistics 2018-2025,Statistiques du Programme des travailleurs étrangers temporaires sur l'évaluation de l'impact sur le marché du travail 2018-2025,Table 01 : Number of temporary foreign worker (TFW) positions on positive Labour Market Impact Assessments (LMIAs) by province/territory between 2018 and 2025,"Tableau 01 : Nombre de postes de travailleurs étrangers temporaires (TET) visés par les études d’impact sur le marché du travail (EIMT) positives, selon la province ou le territoire entre 2018 et 2025",Employment and Social Development Canada , Emploi et Développement social Canada
"Aug 3, 2026",2.0,772087ee-e11f-42a8-ab6b-a175d6c6e249,63c6df95-ffb8-4ca0-9044-677f6a3f6497,2020-09-14,2026-05-27,2026-05-27,Inventory of vacant buildings in Ville-Marie,Inventaire des bâtiments vacants de Ville-Marie,Vacant buildings in Ville-Marie 2015,Bâtiments vacants Ville-Marie 2015,Government and Municipalities of Québec , Gouvernement et municipalités du Québec
"Aug 3, 2026",1.0,772087ee-e11f-42a8-ab6b-a175d6c6e249,91c38820-7e76-47bc-858d-bd25ae01954b,2020-09-14,2026-05-27,2026-05-27,Inventory of vacant buildings in Ville-Marie,Inventaire des bâtiments vacants de Ville-Marie,Vacant buildings in Ville-Marie 2020,Bâtiments vacants Ville-Marie 2020,Government and Municipalities of Québec , Gouvernement et municipalités du Québec
"Aug 2, 2026",1.0,77381606-95c0-411a-a7cd-eba5d038c1c4,1564dd36-c934-4393-b9b6-db3356da3ea0,2016-09-24,2016-11-14,2025-04-15,"Old Age Security (OAS) - Number of Persons Receiving Benefits, by Province and by Benefit Type","Sécurité de la vieillesse (SV) - Nombre de personnes recevant des prestations, selon la province et le type de prestation",January 2012 - March 2025,janvier 2012 - mars 2025,Employment and Social Development Canada , Emploi et Développement social Canada
"Aug 3, 2026",2.0,77381606-95c0-411a-a7cd-eba5d038c1c4,ae931981-b9ac-4b5c-9b6b-2c70c1fe448f,2016-09-24,2016-11-14,2025-04-15,"Old Age Security (OAS) - Number of Persons Receiving Benefits, by Province and by Benefit Type","Sécurité de la vieillesse (SV) - Nombre de personnes recevant des prestations, selon la province et le type de prestation",January 2012 - March 2025,janvier 2012 - mars 2025,Employment and Social Development Canada , Emploi et Développement social Canada
"Aug 3, 2026",1.0,775f3136-1aa3-4854-a51e-1a2dab362525,14b9eb9e-495e-452a-8ff1-b0f9670a504f,2017-04-10,2017-04-10,2017-04-10,42nd General Election: Official Voting Results,42e élection générale : Résultats officiels du scrutin,Table 12: List of candidates by electoral district and individual results,Tableau 12 : Liste des candidats par circonscription et résultats individuels,Elections Canada , Élections Canada
"Aug 3, 2026",2.0,776ee857-b0c3-433a-a0c8-1529272ca53b,34c3bbc6-83c3-4d3c-8361-30c4bbb106f7,2025-05-28,2025-05-28,2025-05-29,"DIS-25-01, Regulatory Readiness for Fusion","DIS-25-01, État de préparation visant à réglementer l’énergie de fusion ","DIS-25-01, Regulatory Readiness for Fusion","DIS-25-01, État de préparation visant à réglementer l’énergie de fusion ",Canadian Nuclear Safety Commission , Commission canadienne de sûreté nucléaire
"Aug 1, 2026",1.0,778989e3-f9a2-4a61-92dc-fdf0293cf6ca,b17b6dab-febb-4bca-8328-2bd19220ee96,2022-09-22,2022-09-22,2024-11-21,National Action Plan on Open Government 2022-2024,Plan d’action national pour un gouvernement ouvert de 2022-2024,2022-24 National Action Plan on Open Government,Plan d’action national pour un gouvernement ouvert de 2022-2024,Treasury Board of Canada Secretariat , Secrétariat du Conseil du Trésor du Canada
"Aug 2, 2026",1.0,779f9b2d-d010-4ddc-b3b3-57a9ac7631b2,94401ec9-9e13-4a51-b994-4efdd9625458,2017-05-15,2022-02-07,2022-02-07,Annual area burned by large fires (>200 hectares) across Canada,Superficie annuelle brûlée par des grands feux (>200 ha) au Canada,Annual area burned (English),Superficie annuelle brûlée (Anglais),Natural Resources Canada , Ressources naturelles Canada
"Aug 2, 2026",1.0,779f9b2d-d010-4ddc-b3b3-57a9ac7631b2,No resource,2017-05-15,2017-05-15,2022-02-07,Annual area burned by large fires (>200 hectares) across Canada,Superficie annuelle brûlée par des grands feux (>200 ha) au Canada,No resources covered,Aucune ressource couverte,Natural Resources Canada , Ressources naturelles Canada
"Aug 1, 2026",1.0,787ce9ee-811c-4de7-9254-a5991a123f90,d123f056-326c-4c69-93a6-6f64f2ee0764,2018-06-27,2025-09-23,2025-09-23,"Parks and green spaces, by household income","Parcs et espaces verts, par revenu de ménage",Dataset,Ensembles de données,Statistics Canada , Statistique Canada
"Aug 2, 2026",1.0,787ce9ee-811c-4de7-9254-a5991a123f90,d123f056-326c-4c69-93a6-6f64f2ee0764,2018-06-27,2025-09-23,2025-09-23,"Parks and green spaces, by household income","Parcs et espaces verts, par revenu de ménage",Dataset,Ensembles de données,Statistics Canada , Statistique Canada
"Aug 3, 2026",2.0,787ce9ee-811c-4de7-9254-a5991a123f90,d123f056-326c-4c69-93a6-6f64f2ee0764,2018-06-27,2025-09-23,2025-09-23,"Parks and green spaces, by household income","Parcs et espaces verts, par revenu de ménage",Dataset,Ensembles de données,Statistics Canada , Statistique Canada
"Aug 2, 2026",1.0,791de1ec-7fc8-48f1-a4e4-8bbaebc67080,0078679e-6e99-4cee-b1a6-0980991d9783,2022-05-05,2022-05-05,2026-01-19,"Single Window Initiative, Integrated Import Declaration (IID) - Regulated Commodities - Data Element Matching Criteria Table","Initiative du guichet unique, Déclaration intégrée des importations (DII) - Marchandises réglementées — tables de critères de correspondance des éléments de données",HC - CBSA SW Matching Criteria,SC - ASFC GU Marchandises réglementées,Canada Border Services Agency , Agence des services frontaliers du Canada
"Aug 2, 2026",1.0,791de1ec-7fc8-48f1-a4e4-8bbaebc67080,8fde8d47-0a9d-47bd-befb-77ad23f375e4,2022-05-05,2022-05-05,2026-07-16,"Single Window Initiative, Integrated Import Declaration (IID) - Regulated Commodities - Data Element Matching Criteria Table","Initiative du guichet unique, Déclaration intégrée des importations (DII) - Marchandises réglementées — tables de critères de correspondance des éléments de données",GAC - CBSA SW Matching Criteria,AMC - ASFC GU Marchandises réglementées,Canada Border Services Agency , Agence des services frontaliers du Canada
"Aug 3, 2026",4.0,791de1ec-7fc8-48f1-a4e4-8bbaebc67080,No resource,2022-05-05,2022-05-05,2026-07-16,"Single Window Initiative, Integrated Import Declaration (IID) - Regulated Commodities - Data Element Matching Criteria Table","Initiative du guichet unique, Déclaration intégrée des importations (DII) - Marchandises réglementées — tables de critères de correspondance des éléments de données",No resources covered,Aucune ressource couverte,Canada Border Services Agency , Agence des services frontaliers du Canada
"Aug 1, 2026",1.0,791de1ec-7fc8-48f1-a4e4-8bbaebc67080,a709204d-5d3f-4f35-8414-a567b37ec872,2022-05-05,2022-05-05,2026-07-15,"Single Window Initiative, Integrated Import Declaration (IID) - Regulated Commodities - Data Element Matching Criteria Table","Initiative du guichet unique, Déclaration intégrée des importations (DII) - Marchandises réglementées — tables de critères de correspondance des éléments de données",All PGA Programs - CBSA SW Matching Criteria,Tous les programmes OGP - ASFC GU Marchandises réglementées,Canada Border Services Agency , Agence des services frontaliers du Canada
"Aug 3, 2026",1.0,791de1ec-7fc8-48f1-a4e4-8bbaebc67080,a709204d-5d3f-4f35-8414-a567b37ec872,2022-05-05,2022-05-05,2026-07-15,"Single Window Initiative, Integrated Import Declaration (IID) - Regulated Commodities - Data Element Matching Criteria Table","Initiative du guichet unique, Déclaration intégrée des importations (DII) - Marchandises réglementées — tables de critères de correspondance des éléments de données",All PGA Programs - CBSA SW Matching Criteria,Tous les programmes OGP - ASFC GU Marchandises réglementées,Canada Border Services Agency , Agence des services frontaliers du Canada
"Aug 2, 2026",1.0,79f037d9-0b3a-41d1-abfa-7b3b1ef6882f,8b9aa53f-34ad-4318-852c-5e3643c57496,2021-01-27,2026-03-18,2026-03-18,Industrial Wastewater Discharges,Rejets d’effluents industriels,2004,2004,Government of Ontario , Gouvernement de l'Ontario
"Aug 3, 2026",2.0,79fdad93-9025-49ad-ba16-c26d718cc070,1bc6cd42-a5cd-4810-9d46-91a83ffd7fad,2020-06-19,2026-04-24,2026-04-24,Canadian Wind Turbine Database,Base de données canadienne sur les éoliennes,Canadian Wind Turbine Database,Base de données sur les éoliennes,Natural Resources Canada , Ressources naturelles Canada
"Aug 3, 2026",1.0,79fdad93-9025-49ad-ba16-c26d718cc070,38049b30-86ce-4097-ab28-8ac0b5acd4fe,2020-06-19,2026-04-24,2026-04-24,Canadian Wind Turbine Database,Base de données canadienne sur les éoliennes,Canadian Wind Turbine Database,Base de données canadienne sur les éoliennes,Natural Resources Canada , Ressources naturelles Canada
"Aug 2, 2026",1.0,79fdad93-9025-49ad-ba16-c26d718cc070,8e6f9c8b-7b8b-4692-a69f-a90d83b6a5ea,2020-06-19,2026-04-24,2026-04-24,Canadian Wind Turbine Database,Base de données canadienne sur les éoliennes,Canadian Wind Turbine Database,Base de données canadienne sur les éoliennes,Natural Resources Canada , Ressources naturelles Canada
"Aug 3, 2026",3.0,79fdad93-9025-49ad-ba16-c26d718cc070,8e6f9c8b-7b8b-4692-a69f-a90d83b6a5ea,2020-06-19,2026-04-24,2026-04-24,Canadian Wind Turbine Database,Base de données canadienne sur les éoliennes,Canadian Wind Turbine Database,Base de données canadienne sur les éoliennes,Natural Resources Canada , Ressources naturelles Canada
"Aug 3, 2026",2.0,79fdad93-9025-49ad-ba16-c26d718cc070,No resource,2020-06-19,2020-06-19,2026-04-24,Canadian Wind Turbine Database,Base de données canadienne sur les éoliennes,No resources covered,Aucune ressource couverte,Natural Resources Canada , Ressources naturelles Canada
"Aug 3, 2026",1.0,79fdad93-9025-49ad-ba16-c26d718cc070,e4c41d8e-372d-4f8a-820f-44b3680690f6,2020-06-19,2026-04-24,2026-04-24,Canadian Wind Turbine Database,Base de données canadienne sur les éoliennes,Canadian Wind Turbine Database,Base de données canadienne sur les éoliennes,Natural Resources Canada , Ressources naturelles Canada
"Aug 2, 2026",1.0,7a5cda52-c7df-427f-9ced-26f19a8a64d6,e4214872-2754-4a35-96ea-4521c8dd0b22,2019-02-26,2026-02-10,2026-02-10,Automatically Extracted Buildings,Bâtiments extraits automatiquement,Optimized Buildings Layer,Couche optimisée des bâtiments,Natural Resources Canada , Ressources naturelles Canada
"Aug 3, 2026",1.0,7ad7ea01-eb23-4824-bccc-66adb7c5bdf8,c7c87d94-2a69-4298-9e9f-66818824ed29,2016-09-24,2025-07-21,2025-07-21,Terrestrial Ecozones of Canada,Écozone terrestres du Canada,Data Product Specification (English),Spécifications du produit (Anglais),Agriculture and Agri-Food Canada , Agriculture et Agroalimentaire Canada
"Aug 3, 2026",1.0,7b66b468-aaef-425a-a55a-a8cb28070123,No resource,2024-02-28,2024-02-28,2026-07-29,Quebec groundwater monitoring network,Réseau de suivi des eaux souterraines du Québec,No resources covered,Aucune ressource couverte,Government and Municipalities of Québec , Gouvernement et municipalités du Québec
"Aug 3, 2026",1.0,7bb11aed-21c1-4645-9acc-b99f0abaded1,ef0d3e55-bf15-410f-a0e6-79f4a1b0fe2b,2026-04-17,2026-04-17,2026-04-17,2026—Report of the Auditor General of Canada—International Student Program Reforms,2026 — Rapport de la vérificatrice générale du Canada — Les réformes du Programme des étudiants étrangers,2026—Report of the Auditor General of Canada—International Student Program Reforms,2026 — Rapport de la vérificatrice générale du Canada — Les réformes du Programme des étudiants étrangers,Office of the Auditor General of Canada , Bureau du vérificateur général du Canada
"Aug 2, 2026",1.0,7c1bf2a8-96bb-4ad5-888d-a90672eb306e,No resource,2023-04-13,2023-04-13,2026-05-06,BC Surgical Wait Times,Temps d'attente en chirurgie en Colombie-Britannique,No resources covered,Aucune ressource couverte,Government of British Columbia , Gouvernment de la Colombie-Britannique
"Aug 3, 2026",2.0,7c3d7022-2631-45bc-8f6b-f3d51b7779a7,No resource,2020-11-27,2020-11-27,2026-05-27,Ontario Digital Terrain Model (Lidar-Derived),Modèle numérique de terrain de l’Ontario (données dérivées de LiDAR),No resources covered,Aucune ressource couverte,Government of Ontario , Gouvernement de l'Ontario
"Aug 3, 2026",1.0,7c7a3f42-ed87-5368-aab3-a140f0792698,21595f62-ebd0-4254-99be-61e392b809ef,2016-09-24,2017-01-26,2017-01-26,Population Distribution 1871,Répartition de la population 1871,Download French PDF through HTTP,Télécharger le fichier en format francais PDF via HTTP,Natural Resources Canada , Ressources naturelles Canada
"Aug 3, 2026",1.0,7c7a3f42-ed87-5368-aab3-a140f0792698,3688c5c2-19c7-4d47-b886-9575009b74db,2016-09-24,2017-01-26,2017-01-26,Population Distribution 1871,Répartition de la population 1871,Download English PDF through HTTP,Télécharger le fichier en format anglais PDF via HTTP,Natural Resources Canada , Ressources naturelles Canada
"Aug 3, 2026",2.0,7cb82f30-3bdf-4abf-9d1b-63be6a6f9f7a,3c5d875f-0347-3f76-a733-863de366cdaf,2023-10-20,2026-02-03,2026-03-24,Salmonid Enhancement Program (SEP) Production Plan Archive,Archives des plans de production du Programme de mise en valeur des salmonidés (PMVS),2025 SEP Production Plan (English),2025 SEP Production Plan (English),Fisheries and Oceans Canada , Pêches et Océans Canada
"Aug 3, 2026",1.0,7ce06d85-7cc3-4ae3-a5c3-37d7c8d55b08,No resource,2020-11-27,2020-11-27,2025-08-13,Ontario Lake Partner,Partenariat pour la protection des lacs ontariens,No resources covered,Aucune ressource couverte,Government of Ontario , Gouvernement de l'Ontario
"Aug 3, 2026",1.0,7e388083-6b66-5e0e-a264-a3c0eb98a2f0,0f7c3360-358c-444c-8076-c288e0c13e9e,2016-09-24,2017-01-26,2017-01-26,"Atlas of Canada, Northern Geodatabase (SHP)","Atlas du Canada, géodatabase sur le nord du Canada (SHP)","Download ZIP (shp,doc,tif) through HTTP","Télécharger le fichier en format ZIP (shp,doc,tif) via HTTP",Natural Resources Canada , Ressources naturelles Canada
"Aug 3, 2026",1.0,7eb8925b-8d14-4dfd-bafc-0c39bd9dc94c,1cbac74c-9ccb-47b7-a0fa-4bf0a7968f3d,2026-04-07,2026-04-07,2026-04-07,Audit of Information Technology (IT) Asset Management - Final Report,Vérification de la gestion des biens de technologie de l’information (TI) - Rapport final,Audit of Information Technology (IT) Asset Management - Final Report,Vérification de la gestion des biens de technologie de l’information (TI) - Rapport final,Royal Canadian Mounted Police , Gendarmerie royale du Canada
"Aug 3, 2026",1.0,7eead762-aa48-4bb3-a0b7-b191980edafe,No resource,2022-03-30,2022-03-30,2026-03-04,Alberta Diamond Occurrences Dataset,Ensemble de données sur les occurrences diamantifères,No resources covered,Aucune ressource couverte,Government of Alberta , Gouvernement de l'Alberta
"Aug 2, 2026",1.0,7ef1a494-b371-4f7d-acc0-6b7e8f24d497,aa923d87-d769-4c13-ae23-e4a26a1ee1d1,2025-01-17,2025-09-12,2025-09-12,Atlas of Canada - Relief Map of Canada MCR0101E,Atlas du Canada - Carte du relief du Canada MCR0101F,"Relief Map of Canada, Atlas of Canada MCR0101E (Static Map)","Carte du relief du Canada, Atlas du Canada MCR0101E (carte statique)",Natural Resources Canada , Ressources naturelles Canada
"Aug 2, 2026",1.0,7f245e4d-76c2-4caa-951a-45d1d2051333,No resource,2017-03-29,2017-03-29,2023-06-10,"Canadian Digital Elevation Model, 1945-2011","Modèle numérique d'élévation du Canada, 1945-2011",No resources covered,Aucune ressource couverte,Natural Resources Canada , Ressources naturelles Canada
"Aug 3, 2026",1.0,7f245e4d-76c2-4caa-951a-45d1d2051333,No resource,2017-03-29,2017-03-29,2023-06-10,"Canadian Digital Elevation Model, 1945-2011","Modèle numérique d'élévation du Canada, 1945-2011",No resources covered,Aucune ressource couverte,Natural Resources Canada , Ressources naturelles Canada
"Aug 1, 2026",1.0,7f5b2c8f-f3e8-47b2-a5b6-0f736f3613eb,3f3a9648-35ed-4275-8b16-225bc7b15dc7,2020-08-25,2020-08-25,2026-03-27,City rate limits for accommodation of federal public servants,Limites de tarifs d'hébergement par ville pour les fonctionnaires fédéraux,Data file,Fichier de données,Public Services and Procurement Canada , Services publics et Approvisionnement Canada
"Aug 2, 2026",3.0,7f5b2c8f-f3e8-47b2-a5b6-0f736f3613eb,3f3a9648-35ed-4275-8b16-225bc7b15dc7,2020-08-25,2020-08-25,2026-03-27,City rate limits for accommodation of federal public servants,Limites de tarifs d'hébergement par ville pour les fonctionnaires fédéraux,Data file,Fichier de données,Public Services and Procurement Canada , Services publics et Approvisionnement Canada
"Aug 3, 2026",5.0,7f5b2c8f-f3e8-47b2-a5b6-0f736f3613eb,3f3a9648-35ed-4275-8b16-225bc7b15dc7,2020-08-25,2020-08-25,2026-03-27,City rate limits for accommodation of federal public servants,Limites de tarifs d'hébergement par ville pour les fonctionnaires fédéraux,Data file,Fichier de données,Public Services and Procurement Canada , Services publics et Approvisionnement Canada
"Aug 2, 2026",4.0,7f5b2c8f-f3e8-47b2-a5b6-0f736f3613eb,No resource,2020-08-25,2020-08-25,2026-03-27,City rate limits for accommodation of federal public servants,Limites de tarifs d'hébergement par ville pour les fonctionnaires fédéraux,No resources covered,Aucune ressource couverte,Public Services and Procurement Canada , Services publics et Approvisionnement Canada
"Aug 3, 2026",2.0,7f5b2c8f-f3e8-47b2-a5b6-0f736f3613eb,No resource,2020-08-25,2020-08-25,2026-03-27,City rate limits for accommodation of federal public servants,Limites de tarifs d'hébergement par ville pour les fonctionnaires fédéraux,No resources covered,Aucune ressource couverte,Public Services and Procurement Canada , Services publics et Approvisionnement Canada
"Aug 1, 2026",1.0,7f625e97-9d02-4c12-a756-1ddebb50e69f,79086ab7-c4ec-421b-9e30-69c196ffb941,2025-06-23,2025-06-23,2025-06-25,2024 Public Service Employee Survey Results,Résultats du Sondage auprès des fonctionnaires fédéraux de 2024,Subset 2 - 2024 PSES open dataset - with labels,Sous-ensemble 2 - Ensemble de données ouvertes du SAFF de 2024,Treasury Board of Canada Secretariat , Secrétariat du Conseil du Trésor du Canada
"Aug 3, 2026",1.0,7f625e97-9d02-4c12-a756-1ddebb50e69f,7c89b939-d99a-4bd1-b7d3-caefa61db84e,2025-06-23,2025-07-15,2025-07-15,2024 Public Service Employee Survey Results,Résultats du Sondage auprès des fonctionnaires fédéraux de 2024,Main Dataset 2024 Public Service Employee Survey open dataset,Ensemble de données principale du Sondage auprès des fonctionnaires fédéraux de 2024,Treasury Board of Canada Secretariat , Secrétariat du Conseil du Trésor du Canada
"Aug 1, 2026",1.0,7f625e97-9d02-4c12-a756-1ddebb50e69f,f5f874fe-f0ee-4d8b-9b90-3ee42611ee3c,2025-06-23,2025-06-23,2025-06-23,2024 Public Service Employee Survey Results,Résultats du Sondage auprès des fonctionnaires fédéraux de 2024,Subset 1 - 2024 PSES open dataset - with labels,Sous-ensemble 1 - Ensemble de données ouvertes du SAFF de 2024,Treasury Board of Canada Secretariat , Secrétariat du Conseil du Trésor du Canada
"Aug 2, 2026",1.0,7f781d44-270f-405b-8162-9f009311a902,83605629-6c2c-4105-86d9-d3739101f3a8,2026-05-11,2026-05-11,2026-05-11,"REGDOC-2.7.1 - Radiation Protection, Version 1.1","REGDOC-2.7.1 - Radioprotection, version 1.1","REGDOC-2.7.1 - Radiation Protection, Version 1.1","REGDOC-2.7.1 - Radioprotection, version 1.1",Canadian Nuclear Safety Commission , Commission canadienne de sûreté nucléaire
"Aug 3, 2026",1.0,8002e54e-4577-4c77-aad8-d7fb385db6e7,No resource,2018-06-27,2018-06-27,2026-05-28,Number and salaries of full-time teaching staff at Canadian universities,Nombre et salaires du personnel enseignant à plein temps dans les universités canadiennes,No resources covered,Aucune ressource couverte,Statistics Canada , Statistique Canada
"Aug 2, 2026",1.0,8065555d-6e2e-4455-b520-5e4e4ad25ac2,No resource,2023-11-08,2023-11-08,2024-10-21,"Inventory of municipally owned road assets, by urban and rural, and population size, Infrastructure Canada, inactive","Stocks d’actifs routiers de propriété municipale, selon la zone (urbaine ou rurale) et la taille de population, Infrastructure Canada, inactif",No resources covered,Aucune ressource couverte,Statistics Canada , Statistique Canada
"Aug 1, 2026",1.0,809e4442-983a-4943-a2a0-382ba39c227a,fec3e36b-2353-4ab9-bf24-f0d1a828a77d,2021-01-27,2026-07-01,2026-07-01,ServiceOntario wait times (in-person),Temps d’attente à ServiceOntario (en personne),ServiceOntario wait times (in-person),ServiceOntario wait times (in-person),Government of Ontario , Gouvernement de l'Ontario
"Aug 2, 2026",1.0,80a96113-1f7a-4718-92df-4832cd5eb2ba,c5a6c8c8-87b7-4594-902d-c45df2bc4a73,2016-09-24,2016-12-01,2025-02-20,Benefits Paid in Countries with which Canada has concluded a Social Security Agreement by Calendar Year,Prestations versées dans les pays avec lesquels le Canada a conclu un accord de sécurité sociale par Année Civile,2008-2024,2008-2024,Employment and Social Development Canada , Emploi et Développement social Canada
"Aug 3, 2026",2.0,80c00cdb-1358-415c-bb8b-0de7f12675b8,No resource,2026-03-06,2026-03-06,2026-05-28,2024 List of charities,Liste des organismes de bienfaisance 2024,No resources covered,Aucune ressource couverte,Canada Revenue Agency , Agence du revenu du Canada
"Aug 3, 2026",1.0,80c00cdb-1358-415c-bb8b-0de7f12675b8,b5c8bd25-fd2d-4aec-a220-a233f88157aa,2026-03-06,2026-03-06,2026-03-06,2024 List of charities,Liste des organismes de bienfaisance 2024,List of charities data dictionary,Liste des organismes de bienfaisance dictionnaire des données,Canada Revenue Agency , Agence du revenu du Canada
"Aug 3, 2026",2.0,813d237d-decc-5ea4-b5fa-2d7007ac6a41,4839da6a-bbb8-490c-83ea-9d3da8a7fe34,2016-09-24,2017-01-26,2017-01-26,Banff Park,Parc Banff,Download English PDF through HTTP,Télécharger le fichier en format Anglais PDF via HTTP,Natural Resources Canada , Ressources naturelles Canada
"Aug 3, 2026",1.0,813d237d-decc-5ea4-b5fa-2d7007ac6a41,d07e97cd-be1e-4b67-8d56-6a74f3bcae6c,2016-09-24,2017-01-26,2017-01-26,Banff Park,Parc Banff,Download English JPG through HTTP,Télécharger le fichier en format Anglais JPG via HTTP,Natural Resources Canada , Ressources naturelles Canada
"Aug 3, 2026",1.0,8225a0cb-0f2d-4eef-9ed4-d1be99757f7c,4c70cfc6-dc34-49c4-9854-a1ec230eec30,2020-04-09,2026-07-20,2026-07-20,"Crude oil and petroleum products inventories, held by domestic transporters, by product type, monthly","Stocks de pétrole brut et de produits pétroliers détenus par les transporteurs nationaux, par type de produit, mensuel",Dataset,Ensembles de données,Statistics Canada , Statistique Canada
"Aug 1, 2026",1.0,82b06c86-253a-4e77-a050-c022462e90eb,No resource,2025-07-16,2025-07-16,2026-07-29,Events - Quebec Tourism Information System (SIT Quebec),Événements - Système d’information touristique Québec (SIT Québec),No resources covered,Aucune ressource couverte,Government and Municipalities of Québec , Gouvernement et municipalités du Québec
"Aug 3, 2026",1.0,83096e57-6584-4a8c-9854-59a49e57fb28,No resource,2022-12-13,2022-12-13,2022-12-14,Census of Agriculture: Agri-Environmental Spatial Data (AESD),Recensement de l'agriculture : Données spatiales agroenvironnementales (DSAE),No resources covered,Aucune ressource couverte,Statistics Canada , Statistique Canada
"Aug 3, 2026",1.0,8375c1c5-b5dd-48c6-b4c1-7074c56cc3c4,0bca14e8-1466-4921-a675-639b0d9bd661,2026-06-15,2026-06-15,2026-06-15,CFIA National Microbiological Monitoring Program Data - 2024/2025,Les données du Programme national de surveillance microbiologique de l'ACIA - 2024/2025,Red Meat and Poultry Products- 2024-2025,Produits de viande rouge et de volaille - 2024-2025,Canadian Food Inspection Agency , Agence canadienne d'inspection des aliments
"Aug 1, 2026",1.0,84246a46-2029-458a-3001-a884b77e52c1,a98575ed-3595-4370-bf22-fabbbaa62fb2,2022-05-03,2026-04-17,2026-04-17,Specialty Plates,Translation of Specialty Plates,Specialty Plates (CSV),Translation of Specialty Plates (CSV),Government of Nova Scotia , Gouvernment de la Nouvelle-Écosse
"Aug 3, 2026",1.0,8497625b-d769-43d3-9c30-a7bea81eb6d3,No resource,2023-11-20,2023-11-20,2026-07-21,"Passenger bus and urban transit statistics, by Urban transit agency","Statistique du transport de passagers par autobus et le transport urbain, par agence de transport urbain",No resources covered,Aucune ressource couverte,Statistics Canada , Statistique Canada
"Aug 3, 2026",1.0,853930de-2217-487f-a727-deb5cde6a6f7,No resource,2018-06-27,2018-06-27,2025-11-26,"Number and median age of full-time teaching staff at Canadian universities, by highest earned degree, staff functions, rank, gender","Nombre et âge médian du personnel enseignant à plein temps dans les universités canadiennes selon le plus haut diplôme acquis, les fonctions de direction, le rang et le genre",No resources covered,Aucune ressource couverte,Statistics Canada , Statistique Canada
"Aug 3, 2026",2.0,855433d7-899d-40cc-bd89-a1253f5f6e0d,No resource,2020-09-14,2020-09-14,2026-07-29,Planning Unit (UA),Unité d'aménagement (UA),No resources covered,Aucune ressource couverte,Government and Municipalities of Québec , Gouvernement et municipalités du Québec
"Aug 2, 2026",1.0,861ae633-be72-480c-9e7e-30219ebb67a9,No resource,2018-06-27,2018-06-27,2026-07-17,"Canada Mortgage and Housing Corporation, conventional mortgage lending rate, 5-year term","Société canadienne d'hypothèques et de logement, taux des prêts hypothécaires ordinaires, terme de 5 ans",No resources covered,Aucune ressource couverte,Statistics Canada , Statistique Canada
"Aug 2, 2026",1.0,86bc05cb-b5c2-407c-aa7c-f1f3646c8baf,No resource,2021-01-27,2021-01-27,2026-05-20,Average OSAP debt,Dette moyenne au RAFEO,No resources covered,Aucune ressource couverte,Government of Ontario , Gouvernement de l'Ontario
"Aug 2, 2026",1.0,86bc05cb-b5c2-407c-aa7c-f1f3646c8baf,e1a00df8-a243-446a-a8c8-051460aea30b,2021-01-27,2026-05-20,2026-05-20,Average OSAP debt,Dette moyenne au RAFEO,Average OSAP debt,Dette moyenne du RAFEO,Government of Ontario , Gouvernement de l'Ontario
"Aug 2, 2026",1.0,86c37418-0efb-4b4c-b8fe-7d54b1833055,fea14753-fda8-48d9-85e8-ddc39ff62b7d,2018-11-05,2018-11-05,2024-11-20,"Religion, Selected Economic Characteristics for the Population Aged 15 Years and Over, in Private Households of Canada, Provinces, Territories, Census Metropolitan Areas and Census Subdivisions with a Census population of over 100,000, 2011 National Household Survey","Religion, certaines caractéristiques économiques pour la population âgée de 15 ans et plus, dans les ménages privés du Canada, les provinces, les territoires, les régions métropolitaines de recensement et les subdivisions de recensement avec une population de recensement de plus de 100 000, Enquête nationale auprès des ménages de 2011",Religion by Income,Religion par revenu,Canadian Heritage , Patrimoine canadien
"Aug 3, 2026",1.0,86c37418-0efb-4b4c-b8fe-7d54b1833055,fea14753-fda8-48d9-85e8-ddc39ff62b7d,2018-11-05,2018-11-05,2024-11-20,"Religion, Selected Economic Characteristics for the Population Aged 15 Years and Over, in Private Households of Canada, Provinces, Territories, Census Metropolitan Areas and Census Subdivisions with a Census population of over 100,000, 2011 National Household Survey","Religion, certaines caractéristiques économiques pour la population âgée de 15 ans et plus, dans les ménages privés du Canada, les provinces, les territoires, les régions métropolitaines de recensement et les subdivisions de recensement avec une population de recensement de plus de 100 000, Enquête nationale auprès des ménages de 2011",Religion by Income,Religion par revenu,Canadian Heritage , Patrimoine canadien
"Aug 1, 2026",1.0,86d88f96-2a6f-435f-82cd-1c427f7641ff,4ce75ed4-b201-4b73-9bfd-820899142337,2016-09-24,2016-11-02,2024-11-21,National Administrative Monetary Penalty (AMPS) Statistics,Statistiques nationales du régime de sanctions administratives pécuniaires (RSAP),AMPS Statistics 2012-01 to 2014-06,Statistiques RSAP 2012-01 à 2014-06,Canada Border Services Agency , Agence des services frontaliers du Canada
"Aug 1, 2026",1.0,86d88f96-2a6f-435f-82cd-1c427f7641ff,eb4bb75c-b76d-4247-a833-05e0a08ed5f4,2016-09-24,2023-11-23,2024-11-21,National Administrative Monetary Penalty (AMPS) Statistics,Statistiques nationales du régime de sanctions administratives pécuniaires (RSAP),AMPS Statistics 2020-07 to 2023-11,Statistiques RSAP 2020-07 à 2023-11,Canada Border Services Agency , Agence des services frontaliers du Canada
"Aug 3, 2026",1.0,86e2e0c7-150b-4a2b-b90c-ebc62f26f8a2,814222a6-371b-46b5-8aba-264094d20cca,2021-04-13,2026-07-21,2026-07-21,"Air passenger traffic at Canadian airports, annual","Trafic aérien de passagers aux aéroports canadiens, annuel",Dataset,Ensembles de données,Statistics Canada , Statistique Canada
"Aug 2, 2026",1.0,873cfcb0-1c9b-4a48-a366-076697069bb9,1aed64b3-a376-48d7-91de-9f1304235eae,2025-09-10,2025-09-10,2026-07-15,Canadian Importers Database (2023),Base de données sur les importateurs canadiens (2023),HS6 Description,Description SH6,"Innovation, Science and Economic Development Canada "," Innovation, Sciences et Développement économique Canada"
"Aug 3, 2026",1.0,873cfcb0-1c9b-4a48-a366-076697069bb9,4a3f109f-299f-469f-affa-10391c856b54,2025-09-10,2025-09-10,2026-07-15,Canadian Importers Database (2023),Base de données sur les importateurs canadiens (2023),"Major Importers by HS6, country","Principaux importateurs par SH6, par pays","Innovation, Science and Economic Development Canada "," Innovation, Sciences et Développement économique Canada"
"Aug 1, 2026",1.0,873cfcb0-1c9b-4a48-a366-076697069bb9,4e92c7a1-ea9c-4b83-8306-6eb1827348b5,2025-09-10,2025-09-10,2026-07-15,Canadian Importers Database (2023),Base de données sur les importateurs canadiens (2023),HS10 Description,Description SH10,"Innovation, Science and Economic Development Canada "," Innovation, Sciences et Développement économique Canada"
"Aug 2, 2026",1.0,873cfcb0-1c9b-4a48-a366-076697069bb9,4e92c7a1-ea9c-4b83-8306-6eb1827348b5,2025-09-10,2025-09-10,2026-07-15,Canadian Importers Database (2023),Base de données sur les importateurs canadiens (2023),HS10 Description,Description SH10,"Innovation, Science and Economic Development Canada "," Innovation, Sciences et Développement économique Canada"
"Aug 3, 2026",1.0,873cfcb0-1c9b-4a48-a366-076697069bb9,4e92c7a1-ea9c-4b83-8306-6eb1827348b5,2025-09-10,2025-09-10,2026-07-15,Canadian Importers Database (2023),Base de données sur les importateurs canadiens (2023),HS10 Description,Description SH10,"Innovation, Science and Economic Development Canada "," Innovation, Sciences et Développement économique Canada"
"Aug 1, 2026",1.0,873cfcb0-1c9b-4a48-a366-076697069bb9,5f4a0315-38a4-4717-a71b-31eae674a566,2025-09-10,2025-09-10,2026-07-15,Canadian Importers Database (2023),Base de données sur les importateurs canadiens (2023),Major Importers by country,Principaux importateurs par pays,"Innovation, Science and Economic Development Canada "," Innovation, Sciences et Développement économique Canada"
"Aug 3, 2026",2.0,873cfcb0-1c9b-4a48-a366-076697069bb9,90c1419c-1db7-4824-9b7a-cdd47f3dd908,2025-09-10,2025-09-10,2026-07-15,Canadian Importers Database (2023),Base de données sur les importateurs canadiens (2023),Major Importers by HS10,Principaux importateurs par SH10,"Innovation, Science and Economic Development Canada "," Innovation, Sciences et Développement économique Canada"
"Aug 1, 2026",2.0,873cfcb0-1c9b-4a48-a366-076697069bb9,No resource,2025-09-10,2025-09-10,2026-07-15,Canadian Importers Database (2023),Base de données sur les importateurs canadiens (2023),No resources covered,Aucune ressource couverte,"Innovation, Science and Economic Development Canada "," Innovation, Sciences et Développement économique Canada"
"Aug 3, 2026",9.0,873cfcb0-1c9b-4a48-a366-076697069bb9,No resource,2025-09-10,2025-09-10,2026-07-15,Canadian Importers Database (2023),Base de données sur les importateurs canadiens (2023),No resources covered,Aucune ressource couverte,"Innovation, Science and Economic Development Canada "," Innovation, Sciences et Développement économique Canada"
"Aug 2, 2026",1.0,876f7f9a-6fe1-f229-dc3b-1029e6682c13,a91b944c-8c6f-4809-b54a-2a8ef7142a53,2022-05-03,2026-04-17,2026-04-17,Nova Scotia Commissioner of Crown Lands,Translation of Nova Scotia Commissioner of Crown Lands,Nova Scotia Commissioner of Crown Lands (CSV Excel),Translation of Nova Scotia Commissioner of Crown Lands (CSV Excel),Government of Nova Scotia , Gouvernment de la Nouvelle-Écosse
"Aug 3, 2026",1.0,879a941d-63fe-451a-a071-6957d7c5b791,No resource,2024-05-16,2024-05-16,2025-01-16,Preliminary Offshore Wind Licencing Areas Recommended by the Committee for the Regional Assessment of Offshore Wind Development in Newfoundland and Labrador,Zones préliminaires pour les licences éoliennes extracôtières recommandées par le Comité d'évaluation régionale de l’exploitation de l’énergie éolienne extracôtière à Terre-Neuve-et-Labrador,No resources covered,Aucune ressource couverte,Impact Assessment Agency of Canada , Agence d'évaluation d'impact du Canada
"Aug 3, 2026",1.0,87bf8597-4be4-4ec2-9ee3-797f5eafbd97,03f6a41b-a822-4d6c-8ad6-dcfba9690e80,2016-09-26,2025-02-05,2025-02-05,Atlantic Colonies - Density Analysis,Colonies de l’Atlantique – analyse de la densité,atlantic-bird-colonies.zip,atlantic-bird-colonies.zip,Environment and Climate Change Canada , Environnement et Changement climatique Canada
"Aug 3, 2026",1.0,87bf8597-4be4-4ec2-9ee3-797f5eafbd97,No resource,2016-09-26,2016-09-26,2025-02-05,Atlantic Colonies - Density Analysis,Colonies de l’Atlantique – analyse de la densité,No resources covered,Aucune ressource couverte,Environment and Climate Change Canada , Environnement et Changement climatique Canada
"Aug 3, 2026",1.0,87bf8597-4be4-4ec2-9ee3-797f5eafbd97,c38ffe1f-515d-4eaf-ba6c-5f4e467be7a6,2016-09-26,2025-02-05,2025-02-05,Atlantic Colonies - Density Analysis,Colonies de l’Atlantique – analyse de la densité,atlantic-bird-colonies.csv,atlantic-bird-colonies.csv,Environment and Climate Change Canada , Environnement et Changement climatique Canada
"Aug 1, 2026",1.0,885eee85-11f0-18bb-c954-48e5ff8bf551,13512b23-29e8-4d50-bfeb-2ea66735e3a5,2021-04-20,2026-03-18,2026-03-18,Mineral Claims,Claims miniers,Mineral Claims (CSV),Claims miniers (CSV),Government of New Brunswick , Gouvernement du Nouveau-Brunswick
"Aug 1, 2026",1.0,885eee85-11f0-18bb-c954-48e5ff8bf551,c9dc1fff-c5ef-4c29-a966-0f4ea8696fc6,2021-04-20,2026-03-18,2026-03-18,Mineral Claims,Claims miniers,Mineral Claims (CSV Excel),Claims miniers (CSV Excel),Government of New Brunswick , Gouvernement du Nouveau-Brunswick
"Aug 2, 2026",1.0,89077c3a-cfe1-4b6c-a35f-015cb8688f47,b70eaa67-b9bc-45a4-855c-e468338a094d,2018-06-27,2024-02-21,2024-02-21,"Retail trade, total sales and e-commerce sales, inactive","Commerce de détail, ventes totales et ventes par commerce électronique, inactif",Dataset,Ensembles de données,Statistics Canada , Statistique Canada
"Aug 1, 2026",1.0,89fdaea0-2c28-5d35-b8e6-e7cf811f96d6,No resource,2016-09-24,2016-09-24,2022-03-14,Prince Edward Island Relief,"Île-du-Prince-Édouard, relief",No resources covered,Aucune ressource couverte,Natural Resources Canada , Ressources naturelles Canada
"Aug 1, 2026",1.0,8a21881f-178a-4160-8789-990a0f2a838c,a29e62f4-f7a9-4163-9ebe-93a193137f9f,2020-09-11,2026-05-27,2026-05-27,List of international organizations in Montreal,Liste des organisations internationales à Montréal,Directory of international organizations,Répertoire organisations internationales,Government and Municipalities of Québec , Gouvernement et municipalités du Québec
"Aug 3, 2026",1.0,8a21881f-178a-4160-8789-990a0f2a838c,a29e62f4-f7a9-4163-9ebe-93a193137f9f,2020-09-11,2026-05-27,2026-05-27,List of international organizations in Montreal,Liste des organisations internationales à Montréal,Directory of international organizations,Répertoire organisations internationales,Government and Municipalities of Québec , Gouvernement et municipalités du Québec
"Aug 3, 2026",2.0,8a503fcd-208a-4a9a-b7ca-fbb3467a7b69,3efeff3f-0d4a-4834-a6c3-bc32467c2ab7,2020-09-14,2026-07-29,2026-07-29,Surface deposit,Dépôt de surface,"🔗 Download links per sheet 1/250,000 (👁️ Overview of sheets)",🔗Liens de téléchargement par feuillet 1/250 000 (👁️ Aperçu des feuillets),Government and Municipalities of Québec , Gouvernement et municipalités du Québec
"Aug 2, 2026",1.0,8a503fcd-208a-4a9a-b7ca-fbb3467a7b69,853828b4-e5ff-4176-8e87-0bdd2697a6a7,2020-09-14,2026-07-29,2026-07-29,Surface deposit,Dépôt de surface,Availability of the surface deposit card,Disponibilité de la carte de dépôt de surface,Government and Municipalities of Québec , Gouvernement et municipalités du Québec
"Aug 3, 2026",1.0,8a503fcd-208a-4a9a-b7ca-fbb3467a7b69,No resource,2020-09-14,2020-09-14,2026-07-29,Surface deposit,Dépôt de surface,No resources covered,Aucune ressource couverte,Government and Municipalities of Québec , Gouvernement et municipalités du Québec
"Aug 2, 2026",1.0,8a5710e7-5009-5695-aefc-b6d200a20481,6dd55500-5a3d-4c51-aa61-72f5eedb3605,2016-09-24,2017-01-26,2017-01-26,Jasper National Park (1985),Parc national Jasper (1985),Download Bilingual PDF through HTTP,Télécharger le fichier en format bilingue PDF via HTTP,Natural Resources Canada , Ressources naturelles Canada
"Aug 2, 2026",1.0,8a6a3f7e-dbca-467c-ad55-8ab6ddc7754b,No resource,2020-09-29,2020-09-29,2024-03-22,Percentage of graduates who borrowed from government student loan programs and their average debt at graduation,Pourcentage des diplômés ayant emprunté dans le cadre de programmes gouvernementaux de prêts étudiants et montant moyen de la dette d'étude au moment de l’obtention du diplôme,No resources covered,Aucune ressource couverte,Statistics Canada , Statistique Canada
"Aug 2, 2026",1.0,8a6f6de3-b385-4544-8e5a-52d5aa5bc0cc,No resource,2025-09-17,2025-09-17,2026-07-29,NTS Index - 250k,Indice NTS - 250 k,No resources covered,Aucune ressource couverte,Government of Yukon , Gouvernement du Yukon
"Aug 1, 2026",1.0,8ac6dd33-b0d3-4eab-a334-5a6283eb7940,No resource,2020-09-14,2020-09-14,2026-07-29,Signage (on-street parking),Signalisation (stationnement sur rue),No resources covered,Aucune ressource couverte,Government and Municipalities of Québec , Gouvernement et municipalités du Québec
"Aug 1, 2026",1.0,8ac6dd33-b0d3-4eab-a334-5a6283eb7940,d11a3eab-e058-4ed8-98a2-9633161af9f5,2020-09-14,2026-07-29,2026-07-29,Signage (on-street parking),Signalisation (stationnement sur rue),Signage - Parking,Signalisation- Stationnement,Government and Municipalities of Québec , Gouvernement et municipalités du Québec
"Aug 2, 2026",1.0,8b434ac7-aedb-4698-90df-ba77424a551f,82ef5fde-2813-4948-b7e8-0ece5bbd9b3a,2020-09-15,2024-02-15,2024-02-15,Photovoltaic Potential and Solar Resource Maps of Canada,Cartes d’Ensoleillement et du Potentiel d’Énergie Solaire Photovoltaïque du Canada,Municipality database - Mean daily global insolation (MJ/m²),Base de données municipales - Ensoleillement global quotidien moyen (MJ/m²),Natural Resources Canada , Ressources naturelles Canada
"Aug 2, 2026",1.0,8b434ac7-aedb-4698-90df-ba77424a551f,No resource,2020-09-15,2020-09-15,2024-02-15,Photovoltaic Potential and Solar Resource Maps of Canada,Cartes d’Ensoleillement et du Potentiel d’Énergie Solaire Photovoltaïque du Canada,No resources covered,Aucune ressource couverte,Natural Resources Canada , Ressources naturelles Canada
"Aug 3, 2026",1.0,8b434ac7-aedb-4698-90df-ba77424a551f,No resource,2020-09-15,2020-09-15,2024-02-15,Photovoltaic Potential and Solar Resource Maps of Canada,Cartes d’Ensoleillement et du Potentiel d’Énergie Solaire Photovoltaïque du Canada,No resources covered,Aucune ressource couverte,Natural Resources Canada , Ressources naturelles Canada
"Aug 3, 2026",1.0,8beacccf-3b54-4d12-9cf7-24e2ada90a83,e41e2c95-e50f-40db-b84f-d82fdb8f3343,2016-09-24,2025-06-17,2025-06-17,Money services business registry,Registre des entreprises de services monétaires,Money Services Business Registry,Registre des entreprises de services monétaires,Financial Transactions and Reports Analysis Centre of Canada , Centre d'analyse des opérations et déclarations financières du Canada
"Aug 3, 2026",1.0,8bf45bc6-5f7a-44da-85ac-630d086b7766,8ab51794-3b8d-4938-9a88-b91479f89a30,2026-05-11,2026-05-11,2026-05-11,REGDOC-2.2.3 - Personnel Certification: Radiation Safety Officers,REGDOC-2.2.3 - Accréditation du personnel : Responsables de la Radioprotection,REGDOC-2.2.3 - Personnel Certification: Radiation Safety Officers,REGDOC-2.2.3 - Accréditation du personnel : Responsables de la Radioprotection,Canadian Nuclear Safety Commission , Commission canadienne de sûreté nucléaire
"Aug 3, 2026",1.0,8bf45bc6-5f7a-44da-85ac-630d086b7766,No resource,2026-05-11,2026-05-11,2026-05-11,REGDOC-2.2.3 - Personnel Certification: Radiation Safety Officers,REGDOC-2.2.3 - Accréditation du personnel : Responsables de la Radioprotection,No resources covered,Aucune ressource couverte,Canadian Nuclear Safety Commission , Commission canadienne de sûreté nucléaire
"Aug 2, 2026",1.0,8c387c19-9411-c58c-89d3-9e222ea3f50a,17dbc03b-9e83-4478-be50-c760308149a5,2026-01-14,2026-04-17,2026-04-17,2025 - Employee Salaries,Traitements des employés,2025 - Employee Salaries (RSS),Traitements des employés (RSS),Government of New Brunswick , Gouvernement du Nouveau-Brunswick
"Aug 3, 2026",2.0,8c387c19-9411-c58c-89d3-9e222ea3f50a,3cb38f81-6134-418c-9899-13c03c7b8dd7,2026-01-14,2026-04-17,2026-04-17,2025 - Employee Salaries,Traitements des employés,2025 - Employee Salaries (CSV Excel),Traitements des employés (CSV Excel),Government of New Brunswick , Gouvernement du Nouveau-Brunswick
"Aug 3, 2026",1.0,8c387c19-9411-c58c-89d3-9e222ea3f50a,806c2110-1fab-4401-b3b9-43d2e7d85a2e,2026-01-14,2026-04-17,2026-04-17,2025 - Employee Salaries,Traitements des employés,2025 - Employee Salaries (RDF),Traitements des employés (RDF),Government of New Brunswick , Gouvernement du Nouveau-Brunswick
"Aug 2, 2026",4.0,8c387c19-9411-c58c-89d3-9e222ea3f50a,No resource,2026-01-14,2026-01-14,2026-04-17,2025 - Employee Salaries,Traitements des employés,No resources covered,Aucune ressource couverte,Government of New Brunswick , Gouvernement du Nouveau-Brunswick
"Aug 3, 2026",1.0,8c387c19-9411-c58c-89d3-9e222ea3f50a,No resource,2026-01-14,2026-01-14,2026-04-17,2025 - Employee Salaries,Traitements des employés,No resources covered,Aucune ressource couverte,Government of New Brunswick , Gouvernement du Nouveau-Brunswick
"Aug 1, 2026",3.0,8c387c19-9411-c58c-89d3-9e222ea3f50a,fb18822e-19ba-4140-b7a1-0deb5583a607,2026-01-14,2026-04-17,2026-04-17,2025 - Employee Salaries,Traitements des employés,2025 - Employee Salaries (CSV),Traitements des employés (CSV),Government of New Brunswick , Gouvernement du Nouveau-Brunswick
"Aug 2, 2026",3.0,8c387c19-9411-c58c-89d3-9e222ea3f50a,fb18822e-19ba-4140-b7a1-0deb5583a607,2026-01-14,2026-04-17,2026-04-17,2025 - Employee Salaries,Traitements des employés,2025 - Employee Salaries (CSV),Traitements des employés (CSV),Government of New Brunswick , Gouvernement du Nouveau-Brunswick
"Aug 3, 2026",3.0,8c387c19-9411-c58c-89d3-9e222ea3f50a,fb18822e-19ba-4140-b7a1-0deb5583a607,2026-01-14,2026-04-17,2026-04-17,2025 - Employee Salaries,Traitements des employés,2025 - Employee Salaries (CSV),Traitements des employés (CSV),Government of New Brunswick , Gouvernement du Nouveau-Brunswick
"Aug 1, 2026",1.0,8ccfef8e-8493-5701-96d7-95f5a16bdfd6,No resource,2016-09-24,2016-09-24,2022-03-14,Red River Drainage Basin,Drainage de la rivière Rouge,No resources covered,Aucune ressource couverte,Natural Resources Canada , Ressources naturelles Canada
"Aug 1, 2026",1.0,8cf43e2b-f276-4fb7-8d3a-e20fecc618b4,No resource,2019-04-16,2019-04-16,2026-03-24,General distribution of humpback whales in the Estuary and Gulf of St. Lawrence,Distribution générale des rorquals à bosse dans l'estuaire et le golfe du Saint-Laurent,No resources covered,Aucune ressource couverte,Fisheries and Oceans Canada , Pêches et Océans Canada
"Aug 3, 2026",2.0,8cf43e2b-f276-4fb7-8d3a-e20fecc618b4,No resource,2019-04-16,2019-04-16,2026-03-24,General distribution of humpback whales in the Estuary and Gulf of St. Lawrence,Distribution générale des rorquals à bosse dans l'estuaire et le golfe du Saint-Laurent,No resources covered,Aucune ressource couverte,Fisheries and Oceans Canada , Pêches et Océans Canada
"Aug 3, 2026",1.0,8d753a30-8ddd-4f09-a70f-b8118ee74a8a,3d3a646c-5e08-480e-a78d-5b813e9e237c,2025-03-27,2025-03-27,2025-03-27,Individual Tax Statistics by Tax Bracket 2025 Edition (2023 tax year),Statistiques sur l’impôt des particuliers par tranche d’imposition - Édition 2025 (année d’imposition 2023),Table 1 - Individual Tax filers by Province or Territory and Tax Bracket,"Tableau 1 - Particuliers déclarants, par province ou territoire et par tranche d'imposition",Canada Revenue Agency , Agence du revenu du Canada
"Aug 3, 2026",1.0,8d753a30-8ddd-4f09-a70f-b8118ee74a8a,8e8be4f8-d908-48ad-8093-d9cea190baba,2025-03-27,2025-03-27,2025-03-27,Individual Tax Statistics by Tax Bracket 2025 Edition (2023 tax year),Statistiques sur l’impôt des particuliers par tranche d’imposition - Édition 2025 (année d’imposition 2023),"Table 4-  Individual Tax filers by Age Group, Tax Bracket, and Province or Territory","Tableau 4 - Particuliers déclarants, par groupe d’âge, par tranche d’imposition et par province ou territoire",Canada Revenue Agency , Agence du revenu du Canada
"Aug 1, 2026",1.0,8da9064c-22f7-424b-b730-7a136e89f69f,No resource,2024-10-08,2024-10-08,2024-10-23,National Priority Areas of Ecological Corridors,Zones Prioritaires pour les Corridors Écologiques,No resources covered,Aucune ressource couverte,Parks Canada , Parcs Canada
"Aug 2, 2026",1.0,8dc04c10-708e-4afa-813e-acb96c3101a1,2897dcfb-d7fc-4fe6-b5a3-2a106f4a0ccc,2020-09-14,2026-07-29,2026-07-29,"Topographic maps on a scale of 1/20,000",Cartes topographiques à l'échelle de 1/20 000,Additional coordinates for using raster images,Coordonnées supplémentaires pour l'utilisation des images matricielles,Government and Municipalities of Québec , Gouvernement et municipalités du Québec
"Aug 2, 2026",2.0,8dc04c10-708e-4afa-813e-acb96c3101a1,799085bc-80fa-43ba-ae86-1306158a61aa,2020-09-14,2026-07-29,2026-07-29,"Topographic maps on a scale of 1/20,000",Cartes topographiques à l'échelle de 1/20 000,Index of map sheets (PDF format),Index des feuillets cartographiques (format PDF),Government and Municipalities of Québec , Gouvernement et municipalités du Québec
"Aug 3, 2026",1.0,8dccf1db-a127-45f7-9aea-0acdc5d19cc9,0aec0c7b-b2cf-46d9-9fc1-b32de879363d,2018-06-27,2026-07-30,2026-07-30,"Employment and average weekly earnings (including overtime) for all employees by province and territory, monthly, seasonally adjusted","Emploi et rémunération hebdomadaire moyenne (incluant le temps supplémentaire) pour l'ensemble des salariés selon la province et le territoire, données mensuelles, désaisonnalisées",Dataset,Ensembles de données,Statistics Canada , Statistique Canada
"Aug 1, 2026",3.0,8dd0ab9b-d45d-4526-9256-c598fbc4ff3a,No resource,2020-09-11,2020-09-11,2026-05-27,Accident reports,Rapports d'accident,No resources covered,Aucune ressource couverte,Government and Municipalities of Québec , Gouvernement et municipalités du Québec
"Aug 1, 2026",1.0,8ec4a9df-b76b-4a67-8f93-cdbc2e040098,139c1476-355f-4052-bde9-e15fc7948909,2016-09-24,2020-02-27,2023-09-09,Government of Canada Employee Contact Information,Information sur les coordonnées des fonctionnaires du gouvernement du Canada,GEDS - Government of Canada Employee Contacts,SAGE - Coordonnées des fonctionnaires,Shared Services Canada , Services partagés Canada
"Aug 3, 2026",2.0,8ec4a9df-b76b-4a67-8f93-cdbc2e040098,139c1476-355f-4052-bde9-e15fc7948909,2016-09-24,2020-02-27,2023-09-09,Government of Canada Employee Contact Information,Information sur les coordonnées des fonctionnaires du gouvernement du Canada,GEDS - Government of Canada Employee Contacts,SAGE - Coordonnées des fonctionnaires,Shared Services Canada , Services partagés Canada
"Aug 1, 2026",1.0,8ec4a9df-b76b-4a67-8f93-cdbc2e040098,No resource,2016-09-24,2016-09-24,2023-09-09,Government of Canada Employee Contact Information,Information sur les coordonnées des fonctionnaires du gouvernement du Canada,No resources covered,Aucune ressource couverte,Shared Services Canada , Services partagés Canada
"Aug 3, 2026",2.0,8ec4a9df-b76b-4a67-8f93-cdbc2e040098,No resource,2016-09-24,2016-09-24,2023-09-09,Government of Canada Employee Contact Information,Information sur les coordonnées des fonctionnaires du gouvernement du Canada,No resources covered,Aucune ressource couverte,Shared Services Canada , Services partagés Canada
"Aug 2, 2026",1.0,8ec4a9df-b76b-4a67-8f93-cdbc2e040098,a1de6faa-cb68-4f47-aa57-efd46bd8f82b,2016-09-24,2016-12-01,2023-09-09,Government of Canada Employee Contact Information,Information sur les coordonnées des fonctionnaires du gouvernement du Canada,GEDS - Government of Canada Employee Contacts,SAGE - Coordonnées des fonctionnaires,Shared Services Canada , Services partagés Canada
"Aug 3, 2026",4.0,8ec4a9df-b76b-4a67-8f93-cdbc2e040098,a1de6faa-cb68-4f47-aa57-efd46bd8f82b,2016-09-24,2016-12-01,2023-09-09,Government of Canada Employee Contact Information,Information sur les coordonnées des fonctionnaires du gouvernement du Canada,GEDS - Government of Canada Employee Contacts,SAGE - Coordonnées des fonctionnaires,Shared Services Canada , Services partagés Canada
"Aug 3, 2026",1.0,8ecc5789-4749-45d1-990f-bb542bbdd1f1,43a23878-aabd-4f62-80f8-6944d49bf89f,2016-11-24,2016-11-24,2016-11-24,Incumbent Local Exchange Carriers (ILECs) - Registration list,Entreprises de services locaux titulaires (ESLT) – Liste d’enregistrement ,Incumbent Local Exchange Carriers (ILECs) - Registraton list,Entreprises de services locaux titulaires (ESLT) – Liste d’enregistrement ,Canadian Radio-television and Telecommunications Commission , Conseil de la radiodiffusion et des télécommunications canadiennes
"Aug 2, 2026",1.0,8f1749a5-ac67-467a-9c01-752b375127c3,384cd0c5-9d00-41e9-bcdc-7e480e09f823,2021-11-29,2022-02-26,2022-02-26,The World,Le monde,"The World (300 dpi: pdf, jpg)","Le monde (300 dpi : pdf, jpg)",Natural Resources Canada , Ressources naturelles Canada
"Aug 2, 2026",2.0,8f1749a5-ac67-467a-9c01-752b375127c3,9b5a9da8-4d61-441e-af8a-784ab4121cc1,2021-11-29,2022-02-26,2022-02-26,The World,Le monde,"The World (mxd, mpk)","Le monde (mxd, mpk)",Natural Resources Canada , Ressources naturelles Canada
"Aug 1, 2026",1.0,8f3a449b-bde5-4631-ada6-8bd94dbc7d15,d6a8d37f-da1d-4cc3-aea1-f28f8f4d8f00,2021-02-10,2026-04-17,2026-04-17,"COVID-19 cases in hospital and ICU, by Ontario Health (OH) region","Cas de COVID-19 à l'hôpital et USI, par région de Santé Ontario (SO)",COVID-19 cases in hospital and ICU by OH region| Cas de COVID-19 dans les hôpitaux et USI par région de SO,COVID-19 cases in hospital and ICU by OH region| Cas de COVID-19 dans les hôpitaux et USI par région de SO,Government of Ontario , Gouvernement de l'Ontario
"Aug 3, 2026",1.0,8f96e706-025f-4cb8-82e1-1775c1e0ac96,765cad0f-3337-4ab1-aabc-b490a85a447a,2026-02-05,2026-02-05,2026-03-05,"REGDOC 2.13.1, Safeguards and Nuclear Material Accountancy, version 2 - Consultation Draft (2026)","REGDOC 2.13.1, Garanties et comptabilité des matières nucléaires, version 2 - Ebauche de consultation (2026)","REGDOC 2.13.1, Safeguards and Nuclear Material Accountancy, version 2 - Consultation Draft (2026)","REGDOC 2.13.1, Garanties et comptabilité des matières nucléaires, version 2 - Ebauche de consultation (2026)",Canadian Nuclear Safety Commission , Commission canadienne de sûreté nucléaire
"Aug 1, 2026",2.0,90115b00-f9b8-49e8-afa3-b4cff8facaee,00d1a009-9ce6-403e-befa-7ae1070d0b0d,2017-04-12,2024-08-30,2024-08-30,Temporary Residents: Study Permit Holders – Monthly IRCC Updates,Résidents temporaires: Détenteurs de Permis d’étude – Mises à jour mensuelles d’IRCC ,"Canada - Post-Secondary by P/T of Designated Learning Institution, DLI name, Public/Private and Year in which permit(s) became effective","Canada - Études postsecondaires selon l’établissement d’enseignement désigné (ÉED), la province / le territoire d’un ÉED, publique/privée et l’année à laquelle le permis est entré en vigueur","Immigration, Refugees and Citizenship Canada "," Immigration, Réfugiés et Citoyenneté Canada"
"Aug 2, 2026",6.0,90115b00-f9b8-49e8-afa3-b4cff8facaee,2dc2f5e8-a7db-4986-bc8f-6a971b26b424,2017-04-12,2019-01-14,2025-10-09,Temporary Residents: Study Permit Holders – Monthly IRCC Updates,Résidents temporaires: Détenteurs de Permis d’étude – Mises à jour mensuelles d’IRCC ,[rounded numbers - not for calculations] Canada - Study permit holders by country of citizenship and year in which permit(s) became effective,[chiffres arrondis - pas pour calculs] Canada - Titulaires de permis d’études selon le pays de citoyenneté et l'année à laquelle le permis est entré en vigueur,"Immigration, Refugees and Citizenship Canada "," Immigration, Réfugiés et Citoyenneté Canada"
"Aug 1, 2026",1.0,90115b00-f9b8-49e8-afa3-b4cff8facaee,3039046e-2905-406f-a9aa-dd49c92cf604,2017-04-12,2017-04-12,2024-05-18,Temporary Residents: Study Permit Holders – Monthly IRCC Updates,Résidents temporaires: Détenteurs de Permis d’étude – Mises à jour mensuelles d’IRCC ,Canada - Study permit holders by country of citizenship and year in which permit(s) became effective,Canada - Titulaires de permis d’études selon le pays de citoyenneté et l'année à laquelle le permis est entré en vigueur,"Immigration, Refugees and Citizenship Canada "," Immigration, Réfugiés et Citoyenneté Canada"
"Aug 3, 2026",1.0,90115b00-f9b8-49e8-afa3-b4cff8facaee,3039046e-2905-406f-a9aa-dd49c92cf604,2017-04-12,2017-04-12,2024-05-18,Temporary Residents: Study Permit Holders – Monthly IRCC Updates,Résidents temporaires: Détenteurs de Permis d’étude – Mises à jour mensuelles d’IRCC ,Canada - Study permit holders by country of citizenship and year in which permit(s) became effective,Canada - Titulaires de permis d’études selon le pays de citoyenneté et l'année à laquelle le permis est entré en vigueur,"Immigration, Refugees and Citizenship Canada "," Immigration, Réfugiés et Citoyenneté Canada"
"Aug 1, 2026",2.0,90115b00-f9b8-49e8-afa3-b4cff8facaee,3897ef92-a491-4bab-b9c0-eb94c8b173ad,2017-04-12,2017-09-07,2024-05-18,Temporary Residents: Study Permit Holders – Monthly IRCC Updates,Résidents temporaires: Détenteurs de Permis d’étude – Mises à jour mensuelles d’IRCC ,Canada - Study permit holders on December 31st by country of citizenship,Canada - Titulaires de permis d’études ayant un permis valide en date du 31 décembre selon le pays de citoyenneté ,"Immigration, Refugees and Citizenship Canada "," Immigration, Réfugiés et Citoyenneté Canada"
"Aug 3, 2026",6.0,90115b00-f9b8-49e8-afa3-b4cff8facaee,3897ef92-a491-4bab-b9c0-eb94c8b173ad,2017-04-12,2017-09-07,2024-05-18,Temporary Residents: Study Permit Holders – Monthly IRCC Updates,Résidents temporaires: Détenteurs de Permis d’étude – Mises à jour mensuelles d’IRCC ,Canada - Study permit holders on December 31st by country of citizenship,Canada - Titulaires de permis d’études ayant un permis valide en date du 31 décembre selon le pays de citoyenneté ,"Immigration, Refugees and Citizenship Canada "," Immigration, Réfugiés et Citoyenneté Canada"
"Aug 3, 2026",1.0,90115b00-f9b8-49e8-afa3-b4cff8facaee,42d9bff3-b24d-48b4-9462-bc8a8da0b9f0,2017-04-12,2017-04-12,2024-05-18,Temporary Residents: Study Permit Holders – Monthly IRCC Updates,Résidents temporaires: Détenteurs de Permis d’étude – Mises à jour mensuelles d’IRCC ,"Canada - Study permit holders by province/territory, gender and year in which permit(s) became effective","Canada - Titulaires de permis d’études selon la province / le territoire, sexe et l'année à laquelle le permis est entré en vigueur","Immigration, Refugees and Citizenship Canada "," Immigration, Réfugiés et Citoyenneté Canada"
"Aug 1, 2026",1.0,90115b00-f9b8-49e8-afa3-b4cff8facaee,49417e55-61e6-42bc-a640-856b9986f02a,2017-04-12,2024-08-30,2025-10-09,Temporary Residents: Study Permit Holders – Monthly IRCC Updates,Résidents temporaires: Détenteurs de Permis d’étude – Mises à jour mensuelles d’IRCC ,"Canada - Post-Secondary by P/T of Designated Learning Institution, DLI name, Public/Private and Year in which permit(s) became effective","Canada - Études postsecondaires selon l’établissement d’enseignement désigné (ÉED), la province / le territoire d’un ÉED, publique/privée et l’année à laquelle le permis est entré en vigueur","Immigration, Refugees and Citizenship Canada "," Immigration, Réfugiés et Citoyenneté Canada"
"Aug 1, 2026",1.0,90115b00-f9b8-49e8-afa3-b4cff8facaee,77b26dc4-d4f3-4f36-9a82-14e9660896be,2017-04-12,2024-09-04,2025-10-09,Temporary Residents: Study Permit Holders – Monthly IRCC Updates,Résidents temporaires: Détenteurs de Permis d’étude – Mises à jour mensuelles d’IRCC ,"Canada - Post-Secondary by P/T of Designated Learning Institution Type, Citizenship and Year in which permit(s) became effective","Études postsecondaires selon la province / le territoire d'un établissement d’enseignement désigné (EED), le type d'un EED et le pays de citoyenneté","Immigration, Refugees and Citizenship Canada "," Immigration, Réfugiés et Citoyenneté Canada"
"Aug 3, 2026",1.0,90115b00-f9b8-49e8-afa3-b4cff8facaee,8bb62123-6d3b-45c1-82c5-57da672d505b,2017-04-12,2017-04-12,2024-05-18,Temporary Residents: Study Permit Holders – Monthly IRCC Updates,Résidents temporaires: Détenteurs de Permis d’étude – Mises à jour mensuelles d’IRCC ,[ARCHIVED] Canada - Study permit holders with a valid permit by province/territory of intended destination and country of citizenship,[ARCHIVÉ] Canada - Titulaires de permis d’études selon la province / le territoire de destination envisagé(e) et pays de citoyenneté,"Immigration, Refugees and Citizenship Canada "," Immigration, Réfugiés et Citoyenneté Canada"
"Aug 1, 2026",2.0,90115b00-f9b8-49e8-afa3-b4cff8facaee,No resource,2017-04-12,2017-04-12,2026-07-21,Temporary Residents: Study Permit Holders – Monthly IRCC Updates,Résidents temporaires: Détenteurs de Permis d’étude – Mises à jour mensuelles d’IRCC ,No resources covered,Aucune ressource couverte,"Immigration, Refugees and Citizenship Canada "," Immigration, Réfugiés et Citoyenneté Canada"
"Aug 2, 2026",3.0,90115b00-f9b8-49e8-afa3-b4cff8facaee,No resource,2017-04-12,2017-04-12,2026-07-21,Temporary Residents: Study Permit Holders – Monthly IRCC Updates,Résidents temporaires: Détenteurs de Permis d’étude – Mises à jour mensuelles d’IRCC ,No resources covered,Aucune ressource couverte,"Immigration, Refugees and Citizenship Canada "," Immigration, Réfugiés et Citoyenneté Canada"
"Aug 3, 2026",6.0,90115b00-f9b8-49e8-afa3-b4cff8facaee,No resource,2017-04-12,2017-04-12,2026-07-21,Temporary Residents: Study Permit Holders – Monthly IRCC Updates,Résidents temporaires: Détenteurs de Permis d’étude – Mises à jour mensuelles d’IRCC ,No resources covered,Aucune ressource couverte,"Immigration, Refugees and Citizenship Canada "," Immigration, Réfugiés et Citoyenneté Canada"
"Aug 1, 2026",8.0,90115b00-f9b8-49e8-afa3-b4cff8facaee,b505b9bc-d375-4525-af39-afdf25639acf,2017-04-12,2017-04-12,2024-05-18,Temporary Residents: Study Permit Holders – Monthly IRCC Updates,Résidents temporaires: Détenteurs de Permis d’étude – Mises à jour mensuelles d’IRCC ,Canada - Study permit holders by country of citizenship and year in which permit(s) became effective,Canada - Titulaires de permis d’études selon le pays de citoyenneté et l'année à laquelle le permis est entré en vigueur,"Immigration, Refugees and Citizenship Canada "," Immigration, Réfugiés et Citoyenneté Canada"
"Aug 2, 2026",6.0,90115b00-f9b8-49e8-afa3-b4cff8facaee,b505b9bc-d375-4525-af39-afdf25639acf,2017-04-12,2017-04-12,2024-05-18,Temporary Residents: Study Permit Holders – Monthly IRCC Updates,Résidents temporaires: Détenteurs de Permis d’étude – Mises à jour mensuelles d’IRCC ,Canada - Study permit holders by country of citizenship and year in which permit(s) became effective,Canada - Titulaires de permis d’études selon le pays de citoyenneté et l'année à laquelle le permis est entré en vigueur,"Immigration, Refugees and Citizenship Canada "," Immigration, Réfugiés et Citoyenneté Canada"
"Aug 3, 2026",7.0,90115b00-f9b8-49e8-afa3-b4cff8facaee,b505b9bc-d375-4525-af39-afdf25639acf,2017-04-12,2017-04-12,2024-05-18,Temporary Residents: Study Permit Holders – Monthly IRCC Updates,Résidents temporaires: Détenteurs de Permis d’étude – Mises à jour mensuelles d’IRCC ,Canada - Study permit holders by country of citizenship and year in which permit(s) became effective,Canada - Titulaires de permis d’études selon le pays de citoyenneté et l'année à laquelle le permis est entré en vigueur,"Immigration, Refugees and Citizenship Canada "," Immigration, Réfugiés et Citoyenneté Canada"
"Aug 1, 2026",1.0,90115b00-f9b8-49e8-afa3-b4cff8facaee,b663a97c-61d4-4e17-af51-0cba01ef3a44,2017-04-12,2017-04-12,2024-05-18,Temporary Residents: Study Permit Holders – Monthly IRCC Updates,Résidents temporaires: Détenteurs de Permis d’étude – Mises à jour mensuelles d’IRCC ,Canada - Study permit holders on December 31st by province/territory and study level,Canada -Titulaires de permis d’études en date du 31 décembre selon la province / le territoire et niveau études,"Immigration, Refugees and Citizenship Canada "," Immigration, Réfugiés et Citoyenneté Canada"
"Aug 3, 2026",1.0,90115b00-f9b8-49e8-afa3-b4cff8facaee,b663a97c-61d4-4e17-af51-0cba01ef3a44,2017-04-12,2017-04-12,2024-05-18,Temporary Residents: Study Permit Holders – Monthly IRCC Updates,Résidents temporaires: Détenteurs de Permis d’étude – Mises à jour mensuelles d’IRCC ,Canada - Study permit holders on December 31st by province/territory and study level,Canada -Titulaires de permis d’études en date du 31 décembre selon la province / le territoire et niveau études,"Immigration, Refugees and Citizenship Canada "," Immigration, Réfugiés et Citoyenneté Canada"
"Aug 1, 2026",1.0,90115b00-f9b8-49e8-afa3-b4cff8facaee,c2866561-bd7b-4859-a275-072039e3dfe3,2017-04-12,2017-04-12,2026-04-22,Temporary Residents: Study Permit Holders – Monthly IRCC Updates,Résidents temporaires: Détenteurs de Permis d’étude – Mises à jour mensuelles d’IRCC ,"Canada – Study permit holders by province/territory, study level, and year in which permit(s) became effective","Canada - Titulaires de permis d’études selon la province / le territoire, niveau d'études envisagé(e) et l'année à laquelle le permis est entré en vigueur","Immigration, Refugees and Citizenship Canada "," Immigration, Réfugiés et Citoyenneté Canada"
"Aug 1, 2026",2.0,90115b00-f9b8-49e8-afa3-b4cff8facaee,d3702eb4-5ef4-412f-86fd-219e6b8f5fdc,2017-04-12,2017-04-12,2026-04-22,Temporary Residents: Study Permit Holders – Monthly IRCC Updates,Résidents temporaires: Détenteurs de Permis d’étude – Mises à jour mensuelles d’IRCC ,"Canada – Study permit holders by province/territory, study level, and year in which permit(s) became effective","Canada - Titulaires de permis d’études selon la province / le territoire, niveau d'études envisagé(e) et l'année à laquelle le permis est entré en vigueur","Immigration, Refugees and Citizenship Canada "," Immigration, Réfugiés et Citoyenneté Canada"
"Aug 3, 2026",2.0,90115b00-f9b8-49e8-afa3-b4cff8facaee,d3702eb4-5ef4-412f-86fd-219e6b8f5fdc,2017-04-12,2017-04-12,2026-04-22,Temporary Residents: Study Permit Holders – Monthly IRCC Updates,Résidents temporaires: Détenteurs de Permis d’étude – Mises à jour mensuelles d’IRCC ,"Canada – Study permit holders by province/territory, study level, and year in which permit(s) became effective","Canada - Titulaires de permis d’études selon la province / le territoire, niveau d'études envisagé(e) et l'année à laquelle le permis est entré en vigueur","Immigration, Refugees and Citizenship Canada "," Immigration, Réfugiés et Citoyenneté Canada"
"Aug 3, 2026",1.0,9041d672-6817-f7ec-f83b-ea60bff4df4e,8abdb7a7-9fdc-49b2-90ab-2f6c4245614f,2022-05-03,2026-04-17,2026-04-17,Applicants and Recipients of Small Business Impact Grant and Small Business Reopening and Support Grant,Translation of Applicants and Recipients of Small Business Impact Grant and Small Business Reopening and Support Grant,Applicants and Recipients of Small Business Impact Grant and Small Business Reopening and Support Grant (CSV Excel),Translation of Applicants and Recipients of Small Business Impact Grant and Small Business Reopening and Support Grant (CSV Excel),Government of Nova Scotia , Gouvernment de la Nouvelle-Écosse
"Aug 3, 2026",2.0,904d1050-b7ff-4f41-a1bb-50b450e962a8,15a5e1f9-6a05-4f8b-ad41-b34a0b3daf86,2021-01-27,2026-02-11,2026-02-11,Wholesale fuel prices,Prix de gros des carburants,Wholesale gasoline prices,Prix de gros de l’essence,Government of Ontario , Gouvernement de l'Ontario
"Aug 2, 2026",1.0,904d1050-b7ff-4f41-a1bb-50b450e962a8,No resource,2021-01-27,2021-01-27,2026-02-11,Wholesale fuel prices,Prix de gros des carburants,No resources covered,Aucune ressource couverte,Government of Ontario , Gouvernement de l'Ontario
"Aug 3, 2026",1.0,904d1050-b7ff-4f41-a1bb-50b450e962a8,No resource,2021-01-27,2021-01-27,2026-02-11,Wholesale fuel prices,Prix de gros des carburants,No resources covered,Aucune ressource couverte,Government of Ontario , Gouvernement de l'Ontario
"Aug 1, 2026",2.0,90bf9b99-1ae8-413f-acbe-8254c5e9b77b,No resource,2026-03-20,2026-03-20,2026-03-24,Monitoring Facility Counts of Atlantic Salmon on Newfoundland and Labrador Rivers,Dénombrement du saumon atlantique dans les installations de surveillance des rivières de Terre Neuve-et-Labrador,No resources covered,Aucune ressource couverte,Fisheries and Oceans Canada , Pêches et Océans Canada
"Aug 3, 2026",1.0,90fed587-1364-4f33-a9ee-208181dc0b97,00d8e64f-a6d9-4cee-b6a7-bf232e8f7d10,2016-09-25,2020-05-29,2024-11-20,Temporary Foreign Worker Program (TFWP): Positive Labour Market Impact Assessment (LMIA) Employers List,Programme des travailleurs étrangers temporaires (PTET): Employeurs ayant obtenu une Étude d'impact sur le marché du travail (EIMT) positive ,"2020Q1-Employers Who Were Issued a Positive Labour Market Impact Assessment (LMIA) by Program Stream, National Occupational Classification (NOC) 2011 and Business Location, January to March 2020","2020T1-Employeurs ayant obtenu une étude d’impact sur le marché du travail  (EIMT) positive, par volet du programme, classification nationale des professions (CNP) 2011 et lieu de affaires, janvier à mars 2020",Employment and Social Development Canada , Emploi et Développement social Canada
"Aug 3, 2026",1.0,90fed587-1364-4f33-a9ee-208181dc0b97,049928ce-0e7f-480b-9983-f5fa46f612ae,2016-09-25,2024-06-20,2024-11-21,Temporary Foreign Worker Program (TFWP): Positive Labour Market Impact Assessment (LMIA) Employers List,Programme des travailleurs étrangers temporaires (PTET): Employeurs ayant obtenu une Étude d'impact sur le marché du travail (EIMT) positive ,"2024Q1-Employers Who Were Issued a Positive Labour Market Impact Assessment (LMIA) by Program Stream, National Occupational Classification (NOC) 2011 and Business Location, January to March 2024","2024T1-Employeurs ayant obtenu une étude d’impact sur le marché du travail  (EIMT) positive, par volet du programme, classification nationale des professions (CNP) 2011 et lieu de affaires, janvier à mars 2024",Employment and Social Development Canada , Emploi et Développement social Canada
"Aug 1, 2026",7.0,90fed587-1364-4f33-a9ee-208181dc0b97,06512c1b-d4a7-413f-bc1e-fc38de9f9aca,2016-09-25,2026-03-16,2026-03-16,Temporary Foreign Worker Program (TFWP): Positive Labour Market Impact Assessment (LMIA) Employers List,Programme des travailleurs étrangers temporaires (PTET): Employeurs ayant obtenu une Étude d'impact sur le marché du travail (EIMT) positive ,"2025Q4-Employers Who Were Issued a Positive Labour Market Impact Assessment (LMIA) by Program Stream, National Occupational Classification (NOC) 2021 and Business Location, October to December 2025","2025T4-Employeurs ayant obtenu une étude d’impact sur le marché du travail  (EIMT) positive, par volet du programme, classification nationale des professions (CNP) 2021 et lieu de affaires, octobre à décembre 2025",Employment and Social Development Canada , Emploi et Développement social Canada
"Aug 2, 2026",7.0,90fed587-1364-4f33-a9ee-208181dc0b97,06512c1b-d4a7-413f-bc1e-fc38de9f9aca,2016-09-25,2026-03-16,2026-03-16,Temporary Foreign Worker Program (TFWP): Positive Labour Market Impact Assessment (LMIA) Employers List,Programme des travailleurs étrangers temporaires (PTET): Employeurs ayant obtenu une Étude d'impact sur le marché du travail (EIMT) positive ,"2025Q4-Employers Who Were Issued a Positive Labour Market Impact Assessment (LMIA) by Program Stream, National Occupational Classification (NOC) 2021 and Business Location, October to December 2025","2025T4-Employeurs ayant obtenu une étude d’impact sur le marché du travail  (EIMT) positive, par volet du programme, classification nationale des professions (CNP) 2021 et lieu de affaires, octobre à décembre 2025",Employment and Social Development Canada , Emploi et Développement social Canada
"Aug 3, 2026",2.0,90fed587-1364-4f33-a9ee-208181dc0b97,06512c1b-d4a7-413f-bc1e-fc38de9f9aca,2016-09-25,2026-03-16,2026-03-16,Temporary Foreign Worker Program (TFWP): Positive Labour Market Impact Assessment (LMIA) Employers List,Programme des travailleurs étrangers temporaires (PTET): Employeurs ayant obtenu une Étude d'impact sur le marché du travail (EIMT) positive ,"2025Q4-Employers Who Were Issued a Positive Labour Market Impact Assessment (LMIA) by Program Stream, National Occupational Classification (NOC) 2021 and Business Location, October to December 2025","2025T4-Employeurs ayant obtenu une étude d’impact sur le marché du travail  (EIMT) positive, par volet du programme, classification nationale des professions (CNP) 2021 et lieu de affaires, octobre à décembre 2025",Employment and Social Development Canada , Emploi et Développement social Canada
"Aug 2, 2026",1.0,90fed587-1364-4f33-a9ee-208181dc0b97,36d1f9d3-9906-4079-8741-c55bf539de3b,2016-09-25,2025-03-18,2025-03-18,Temporary Foreign Worker Program (TFWP): Positive Labour Market Impact Assessment (LMIA) Employers List,Programme des travailleurs étrangers temporaires (PTET): Employeurs ayant obtenu une Étude d'impact sur le marché du travail (EIMT) positive ,"2024Q4-Employers Who Were Issued a Positive Labour Market Impact Assessment (LMIA) by Program Stream, National Occupational Classification (NOC) 2021 and Business Location, October to December 2024","2024T4-Employeurs ayant obtenu une étude d’impact sur le marché du travail  (EIMT) positive, par volet du programme, classification nationale des professions (CNP) 2021 et lieu de affaires, octobre à décembre 2024",Employment and Social Development Canada , Emploi et Développement social Canada
"Aug 1, 2026",1.0,90fed587-1364-4f33-a9ee-208181dc0b97,3a28dd68-e061-46f4-824f-053ad292ad89,2016-09-25,2026-03-16,2026-03-16,Temporary Foreign Worker Program (TFWP): Positive Labour Market Impact Assessment (LMIA) Employers List,Programme des travailleurs étrangers temporaires (PTET): Employeurs ayant obtenu une Étude d'impact sur le marché du travail (EIMT) positive ,"2025Q4-Employers Who Were Issued a Positive Labour Market Impact Assessment (LMIA) by Program Stream, National Occupational Classification (NOC) 2021 and Business Location, October to December 2025","2025T4-Employeurs ayant obtenu une étude d’impact sur le marché du travail  (EIMT) positive, par volet du programme, classification nationale des professions (CNP) 2021 et lieu de affaires, octobre à décembre 2025",Employment and Social Development Canada , Emploi et Développement social Canada
"Aug 3, 2026",3.0,90fed587-1364-4f33-a9ee-208181dc0b97,3a28dd68-e061-46f4-824f-053ad292ad89,2016-09-25,2026-03-16,2026-03-16,Temporary Foreign Worker Program (TFWP): Positive Labour Market Impact Assessment (LMIA) Employers List,Programme des travailleurs étrangers temporaires (PTET): Employeurs ayant obtenu une Étude d'impact sur le marché du travail (EIMT) positive ,"2025Q4-Employers Who Were Issued a Positive Labour Market Impact Assessment (LMIA) by Program Stream, National Occupational Classification (NOC) 2021 and Business Location, October to December 2025","2025T4-Employeurs ayant obtenu une étude d’impact sur le marché du travail  (EIMT) positive, par volet du programme, classification nationale des professions (CNP) 2021 et lieu de affaires, octobre à décembre 2025",Employment and Social Development Canada , Emploi et Développement social Canada
"Aug 1, 2026",5.0,90fed587-1364-4f33-a9ee-208181dc0b97,3b7a821b-becc-4d96-9e39-0c2849f90c50,2016-09-25,2026-01-07,2026-01-07,Temporary Foreign Worker Program (TFWP): Positive Labour Market Impact Assessment (LMIA) Employers List,Programme des travailleurs étrangers temporaires (PTET): Employeurs ayant obtenu une Étude d'impact sur le marché du travail (EIMT) positive ,"2025Q3-Employers Who Were Issued a Positive Labour Market Impact Assessment (LMIA) by Program Stream, National Occupational Classification (NOC) 2021 and Business Location, July to September 2025","2025T3-Employeurs ayant obtenu une étude d’impact sur le marché du travail  (EIMT) positive, par volet du programme, classification nationale des professions (CNP) 2021 et lieu de affaires, juillet à septembre 2025",Employment and Social Development Canada , Emploi et Développement social Canada
"Aug 2, 2026",2.0,90fed587-1364-4f33-a9ee-208181dc0b97,3b7a821b-becc-4d96-9e39-0c2849f90c50,2016-09-25,2026-01-07,2026-01-07,Temporary Foreign Worker Program (TFWP): Positive Labour Market Impact Assessment (LMIA) Employers List,Programme des travailleurs étrangers temporaires (PTET): Employeurs ayant obtenu une Étude d'impact sur le marché du travail (EIMT) positive ,"2025Q3-Employers Who Were Issued a Positive Labour Market Impact Assessment (LMIA) by Program Stream, National Occupational Classification (NOC) 2021 and Business Location, July to September 2025","2025T3-Employeurs ayant obtenu une étude d’impact sur le marché du travail  (EIMT) positive, par volet du programme, classification nationale des professions (CNP) 2021 et lieu de affaires, juillet à septembre 2025",Employment and Social Development Canada , Emploi et Développement social Canada
"Aug 3, 2026",2.0,90fed587-1364-4f33-a9ee-208181dc0b97,3b7a821b-becc-4d96-9e39-0c2849f90c50,2016-09-25,2026-01-07,2026-01-07,Temporary Foreign Worker Program (TFWP): Positive Labour Market Impact Assessment (LMIA) Employers List,Programme des travailleurs étrangers temporaires (PTET): Employeurs ayant obtenu une Étude d'impact sur le marché du travail (EIMT) positive ,"2025Q3-Employers Who Were Issued a Positive Labour Market Impact Assessment (LMIA) by Program Stream, National Occupational Classification (NOC) 2021 and Business Location, July to September 2025","2025T3-Employeurs ayant obtenu une étude d’impact sur le marché du travail  (EIMT) positive, par volet du programme, classification nationale des professions (CNP) 2021 et lieu de affaires, juillet à septembre 2025",Employment and Social Development Canada , Emploi et Développement social Canada
"Aug 3, 2026",1.0,90fed587-1364-4f33-a9ee-208181dc0b97,42f1c045-a7f0-4f60-8c80-1999320d6834,2016-09-25,2022-08-05,2024-12-20,Temporary Foreign Worker Program (TFWP): Positive Labour Market Impact Assessment (LMIA) Employers List,Programme des travailleurs étrangers temporaires (PTET): Employeurs ayant obtenu une Étude d'impact sur le marché du travail (EIMT) positive ,"2022Q1-Employers Who Were Issued a Positive Labour Market Impact Assessment (LMIA) by Program Stream, National Occupational Classification (NOC) 2011 and Business Location, January to March 2022","2022T1-Employeurs ayant obtenu une étude d’impact sur le marché du travail  (EIMT) positive, par volet du programme, classification nationale des professions (CNP) 2011 et lieu de affaires, janvier à mars 2022",Employment and Social Development Canada , Emploi et Développement social Canada
"Aug 1, 2026",40.0,90fed587-1364-4f33-a9ee-208181dc0b97,4ee7a4e0-ffc3-47af-94e7-30929d1eeb67,2016-09-25,2026-07-22,2026-07-22,Temporary Foreign Worker Program (TFWP): Positive Labour Market Impact Assessment (LMIA) Employers List,Programme des travailleurs étrangers temporaires (PTET): Employeurs ayant obtenu une Étude d'impact sur le marché du travail (EIMT) positive ,"2026Q1-Employers Who Were Issued a Positive Labour Market Impact Assessment (LMIA) by Program Stream, National Occupational Classification (NOC) 2021 and Business Location, January to March 2026","2026T1-Employeurs ayant obtenu une étude d’impact sur le marché du travail  (EIMT) positive, par volet du programme, classification nationale des professions (CNP) 2021 et lieu de affaires, janvier à mars 2026",Employment and Social Development Canada , Emploi et Développement social Canada
"Aug 2, 2026",44.0,90fed587-1364-4f33-a9ee-208181dc0b97,4ee7a4e0-ffc3-47af-94e7-30929d1eeb67,2016-09-25,2026-07-22,2026-07-22,Temporary Foreign Worker Program (TFWP): Positive Labour Market Impact Assessment (LMIA) Employers List,Programme des travailleurs étrangers temporaires (PTET): Employeurs ayant obtenu une Étude d'impact sur le marché du travail (EIMT) positive ,"2026Q1-Employers Who Were Issued a Positive Labour Market Impact Assessment (LMIA) by Program Stream, National Occupational Classification (NOC) 2021 and Business Location, January to March 2026","2026T1-Employeurs ayant obtenu une étude d’impact sur le marché du travail  (EIMT) positive, par volet du programme, classification nationale des professions (CNP) 2021 et lieu de affaires, janvier à mars 2026",Employment and Social Development Canada , Emploi et Développement social Canada
"Aug 3, 2026",40.0,90fed587-1364-4f33-a9ee-208181dc0b97,4ee7a4e0-ffc3-47af-94e7-30929d1eeb67,2016-09-25,2026-07-22,2026-07-22,Temporary Foreign Worker Program (TFWP): Positive Labour Market Impact Assessment (LMIA) Employers List,Programme des travailleurs étrangers temporaires (PTET): Employeurs ayant obtenu une Étude d'impact sur le marché du travail (EIMT) positive ,"2026Q1-Employers Who Were Issued a Positive Labour Market Impact Assessment (LMIA) by Program Stream, National Occupational Classification (NOC) 2021 and Business Location, January to March 2026","2026T1-Employeurs ayant obtenu une étude d’impact sur le marché du travail  (EIMT) positive, par volet du programme, classification nationale des professions (CNP) 2021 et lieu de affaires, janvier à mars 2026",Employment and Social Development Canada , Emploi et Développement social Canada
"Aug 1, 2026",1.0,90fed587-1364-4f33-a9ee-208181dc0b97,5b9c1873-dc36-456d-a308-2819d4e25309,2016-09-25,2016-10-21,2024-11-21,Temporary Foreign Worker Program (TFWP): Positive Labour Market Impact Assessment (LMIA) Employers List,Programme des travailleurs étrangers temporaires (PTET): Employeurs ayant obtenu une Étude d'impact sur le marché du travail (EIMT) positive ,"2015-Employers who were issued a positive Labour Market Impact Assessment (LMIA) in 2015, by business location","2015-Employeurs ayant obtenu une Étude d'impact sur le marché du travail (EIMT) positive en 2015, par lieu d’affaires",Employment and Social Development Canada , Emploi et Développement social Canada
"Aug 2, 2026",2.0,90fed587-1364-4f33-a9ee-208181dc0b97,5b9c1873-dc36-456d-a308-2819d4e25309,2016-09-25,2016-10-21,2024-11-21,Temporary Foreign Worker Program (TFWP): Positive Labour Market Impact Assessment (LMIA) Employers List,Programme des travailleurs étrangers temporaires (PTET): Employeurs ayant obtenu une Étude d'impact sur le marché du travail (EIMT) positive ,"2015-Employers who were issued a positive Labour Market Impact Assessment (LMIA) in 2015, by business location","2015-Employeurs ayant obtenu une Étude d'impact sur le marché du travail (EIMT) positive en 2015, par lieu d’affaires",Employment and Social Development Canada , Emploi et Développement social Canada
"Aug 2, 2026",1.0,90fed587-1364-4f33-a9ee-208181dc0b97,65794992-cce4-4103-a1f6-ec6e3d249e90,2016-09-25,2023-06-22,2024-12-20,Temporary Foreign Worker Program (TFWP): Positive Labour Market Impact Assessment (LMIA) Employers List,Programme des travailleurs étrangers temporaires (PTET): Employeurs ayant obtenu une Étude d'impact sur le marché du travail (EIMT) positive ,"2023Q1-Employers Who Were Issued a Positive Labour Market Impact Assessment (LMIA) by Program Stream, National Occupational Classification (NOC) 2011 and Business Location, January to March 2023","2023T1-Employeurs ayant obtenu une étude d’impact sur le marché du travail  (EIMT) positive, par volet du programme, classification nationale des professions (CNP) 2011 et lieu de affaires, janvier à mars 2023",Employment and Social Development Canada , Emploi et Développement social Canada
"Aug 1, 2026",2.0,90fed587-1364-4f33-a9ee-208181dc0b97,68a48c73-39a1-4049-a7ae-044f9c6c87b3,2016-09-25,2017-08-04,2024-11-21,Temporary Foreign Worker Program (TFWP): Positive Labour Market Impact Assessment (LMIA) Employers List,Programme des travailleurs étrangers temporaires (PTET): Employeurs ayant obtenu une Étude d'impact sur le marché du travail (EIMT) positive ,"2016-Employers who were issued a positive Labour Market Impact Assessment (LMIA) in 2016, by National Occupational Classification (NOC) 2011 and business location ","2016-Employeurs ayant obtenu une Étude d'impact sur le marché du travail (EIMT) positive en 2016, par classification nationale des professions (CNP) 2011 et lieu d’affaires",Employment and Social Development Canada , Emploi et Développement social Canada
"Aug 2, 2026",2.0,90fed587-1364-4f33-a9ee-208181dc0b97,68a48c73-39a1-4049-a7ae-044f9c6c87b3,2016-09-25,2017-08-04,2024-11-21,Temporary Foreign Worker Program (TFWP): Positive Labour Market Impact Assessment (LMIA) Employers List,Programme des travailleurs étrangers temporaires (PTET): Employeurs ayant obtenu une Étude d'impact sur le marché du travail (EIMT) positive ,"2016-Employers who were issued a positive Labour Market Impact Assessment (LMIA) in 2016, by National Occupational Classification (NOC) 2011 and business location ","2016-Employeurs ayant obtenu une Étude d'impact sur le marché du travail (EIMT) positive en 2016, par classification nationale des professions (CNP) 2011 et lieu d’affaires",Employment and Social Development Canada , Emploi et Développement social Canada
"Aug 1, 2026",1.0,90fed587-1364-4f33-a9ee-208181dc0b97,7c428f2a-c0af-4ef4-a262-20c5b70f343f,2016-09-25,2017-11-10,2024-11-21,Temporary Foreign Worker Program (TFWP): Positive Labour Market Impact Assessment (LMIA) Employers List,Programme des travailleurs étrangers temporaires (PTET): Employeurs ayant obtenu une Étude d'impact sur le marché du travail (EIMT) positive ,"2017Q1Q2-Employers who were issued a positive Labour Market Impact Assessment (LMIA) in 2017 (January –June), by stream, National Occupational Classification (NOC) 2011 and business location","2017Q1Q2-Employeurs ayant obtenu une Étude d'impact sur le marché du travail (EIMT) positive en 2017 (Janvier-Juin), par volet, lieu d’affaires ",Employment and Social Development Canada , Emploi et Développement social Canada
"Aug 3, 2026",1.0,90fed587-1364-4f33-a9ee-208181dc0b97,7dee6510-9b98-4512-bfbd-f475f214cee6,2016-09-25,2016-10-21,2024-11-21,Temporary Foreign Worker Program (TFWP): Positive Labour Market Impact Assessment (LMIA) Employers List,Programme des travailleurs étrangers temporaires (PTET): Employeurs ayant obtenu une Étude d'impact sur le marché du travail (EIMT) positive ,"2014-Employers who have requested a Labour Market Impact Assessment (LMIA) and were issued a positive LMIA between June 20 and December 31, 2014 inclusively, by business location","2014-Employeurs ayant soumis une demande d'Étude d'impact sur le marché du travail (EIMT) et ayant obtenu une EIMT positive entre le 20 juin et 31 décembre 2014 inclusivement, par lieu d’affaires",Employment and Social Development Canada , Emploi et Développement social Canada
"Aug 1, 2026",18.0,90fed587-1364-4f33-a9ee-208181dc0b97,8c205edb-9a82-468e-9aa4-b82266cbaad6,2016-09-25,2026-07-22,2026-07-22,Temporary Foreign Worker Program (TFWP): Positive Labour Market Impact Assessment (LMIA) Employers List,Programme des travailleurs étrangers temporaires (PTET): Employeurs ayant obtenu une Étude d'impact sur le marché du travail (EIMT) positive ,"2026Q1-Employers Who Were Issued a Positive Labour Market Impact Assessment (LMIA) by Program Stream, National Occupational Classification (NOC) 2021 and Business Location, January to March 2026","2026T1-Employeurs ayant obtenu une étude d’impact sur le marché du travail  (EIMT) positive, par volet du programme, classification nationale des professions (CNP) 2021 et lieu de affaires, janvier à mars 2026",Employment and Social Development Canada , Emploi et Développement social Canada
"Aug 2, 2026",13.0,90fed587-1364-4f33-a9ee-208181dc0b97,8c205edb-9a82-468e-9aa4-b82266cbaad6,2016-09-25,2026-07-22,2026-07-22,Temporary Foreign Worker Program (TFWP): Positive Labour Market Impact Assessment (LMIA) Employers List,Programme des travailleurs étrangers temporaires (PTET): Employeurs ayant obtenu une Étude d'impact sur le marché du travail (EIMT) positive ,"2026Q1-Employers Who Were Issued a Positive Labour Market Impact Assessment (LMIA) by Program Stream, National Occupational Classification (NOC) 2021 and Business Location, January to March 2026","2026T1-Employeurs ayant obtenu une étude d’impact sur le marché du travail  (EIMT) positive, par volet du programme, classification nationale des professions (CNP) 2021 et lieu de affaires, janvier à mars 2026",Employment and Social Development Canada , Emploi et Développement social Canada
"Aug 3, 2026",40.0,90fed587-1364-4f33-a9ee-208181dc0b97,8c205edb-9a82-468e-9aa4-b82266cbaad6,2016-09-25,2026-07-22,2026-07-22,Temporary Foreign Worker Program (TFWP): Positive Labour Market Impact Assessment (LMIA) Employers List,Programme des travailleurs étrangers temporaires (PTET): Employeurs ayant obtenu une Étude d'impact sur le marché du travail (EIMT) positive ,"2026Q1-Employers Who Were Issued a Positive Labour Market Impact Assessment (LMIA) by Program Stream, National Occupational Classification (NOC) 2021 and Business Location, January to March 2026","2026T1-Employeurs ayant obtenu une étude d’impact sur le marché du travail  (EIMT) positive, par volet du programme, classification nationale des professions (CNP) 2021 et lieu de affaires, janvier à mars 2026",Employment and Social Development Canada , Emploi et Développement social Canada
"Aug 2, 2026",1.0,90fed587-1364-4f33-a9ee-208181dc0b97,8da7aa91-8df9-469e-9120-87ddf12c9944,2016-09-25,2022-08-05,2024-11-21,Temporary Foreign Worker Program (TFWP): Positive Labour Market Impact Assessment (LMIA) Employers List,Programme des travailleurs étrangers temporaires (PTET): Employeurs ayant obtenu une Étude d'impact sur le marché du travail (EIMT) positive ,"2022Q1-Employers Who Were Issued a Positive Labour Market Impact Assessment (LMIA) by Program Stream, National Occupational Classification (NOC) 2011 and Business Location, January to March 2022","2022T1-Employeurs ayant obtenu une étude d’impact sur le marché du travail  (EIMT) positive, par volet du programme, classification nationale des professions (CNP) 2011 et lieu de affaires, janvier à mars 2022",Employment and Social Development Canada , Emploi et Développement social Canada
"Aug 3, 2026",1.0,90fed587-1364-4f33-a9ee-208181dc0b97,8da7aa91-8df9-469e-9120-87ddf12c9944,2016-09-25,2022-08-05,2024-11-21,Temporary Foreign Worker Program (TFWP): Positive Labour Market Impact Assessment (LMIA) Employers List,Programme des travailleurs étrangers temporaires (PTET): Employeurs ayant obtenu une Étude d'impact sur le marché du travail (EIMT) positive ,"2022Q1-Employers Who Were Issued a Positive Labour Market Impact Assessment (LMIA) by Program Stream, National Occupational Classification (NOC) 2011 and Business Location, January to March 2022","2022T1-Employeurs ayant obtenu une étude d’impact sur le marché du travail  (EIMT) positive, par volet du programme, classification nationale des professions (CNP) 2011 et lieu de affaires, janvier à mars 2022",Employment and Social Development Canada , Emploi et Développement social Canada
"Aug 1, 2026",36.0,90fed587-1364-4f33-a9ee-208181dc0b97,No resource,2016-09-25,2016-09-25,2026-07-22,Temporary Foreign Worker Program (TFWP): Positive Labour Market Impact Assessment (LMIA) Employers List,Programme des travailleurs étrangers temporaires (PTET): Employeurs ayant obtenu une Étude d'impact sur le marché du travail (EIMT) positive ,No resources covered,Aucune ressource couverte,Employment and Social Development Canada , Emploi et Développement social Canada
"Aug 2, 2026",23.0,90fed587-1364-4f33-a9ee-208181dc0b97,No resource,2016-09-25,2016-09-25,2026-07-22,Temporary Foreign Worker Program (TFWP): Positive Labour Market Impact Assessment (LMIA) Employers List,Programme des travailleurs étrangers temporaires (PTET): Employeurs ayant obtenu une Étude d'impact sur le marché du travail (EIMT) positive ,No resources covered,Aucune ressource couverte,Employment and Social Development Canada , Emploi et Développement social Canada
"Aug 3, 2026",37.0,90fed587-1364-4f33-a9ee-208181dc0b97,No resource,2016-09-25,2016-09-25,2026-07-22,Temporary Foreign Worker Program (TFWP): Positive Labour Market Impact Assessment (LMIA) Employers List,Programme des travailleurs étrangers temporaires (PTET): Employeurs ayant obtenu une Étude d'impact sur le marché du travail (EIMT) positive ,No resources covered,Aucune ressource couverte,Employment and Social Development Canada , Emploi et Développement social Canada
"Aug 1, 2026",1.0,90fed587-1364-4f33-a9ee-208181dc0b97,aed9328a-1b42-48bd-a096-75ef06eba025,2016-09-25,2023-09-15,2024-11-20,Temporary Foreign Worker Program (TFWP): Positive Labour Market Impact Assessment (LMIA) Employers List,Programme des travailleurs étrangers temporaires (PTET): Employeurs ayant obtenu une Étude d'impact sur le marché du travail (EIMT) positive ,"2023Q2-Employers Who Were Issued a Positive Labour Market Impact Assessment (LMIA) by Program Stream, National Occupational Classification (NOC) 2011 and Business Location, April to June 2023","2023T2-Employeurs ayant obtenu une étude d’impact sur le marché du travail  (EIMT) positive, par volet du programme, classification nationale des professions (CNP) 2011 et lieu de affaires, avril à juin 2023",Employment and Social Development Canada , Emploi et Développement social Canada
"Aug 2, 2026",1.0,90fed587-1364-4f33-a9ee-208181dc0b97,aed9328a-1b42-48bd-a096-75ef06eba025,2016-09-25,2023-09-15,2024-11-20,Temporary Foreign Worker Program (TFWP): Positive Labour Market Impact Assessment (LMIA) Employers List,Programme des travailleurs étrangers temporaires (PTET): Employeurs ayant obtenu une Étude d'impact sur le marché du travail (EIMT) positive ,"2023Q2-Employers Who Were Issued a Positive Labour Market Impact Assessment (LMIA) by Program Stream, National Occupational Classification (NOC) 2011 and Business Location, April to June 2023","2023T2-Employeurs ayant obtenu une étude d’impact sur le marché du travail  (EIMT) positive, par volet du programme, classification nationale des professions (CNP) 2011 et lieu de affaires, avril à juin 2023",Employment and Social Development Canada , Emploi et Développement social Canada
"Aug 3, 2026",2.0,90fed587-1364-4f33-a9ee-208181dc0b97,aed9328a-1b42-48bd-a096-75ef06eba025,2016-09-25,2023-09-15,2024-11-20,Temporary Foreign Worker Program (TFWP): Positive Labour Market Impact Assessment (LMIA) Employers List,Programme des travailleurs étrangers temporaires (PTET): Employeurs ayant obtenu une Étude d'impact sur le marché du travail (EIMT) positive ,"2023Q2-Employers Who Were Issued a Positive Labour Market Impact Assessment (LMIA) by Program Stream, National Occupational Classification (NOC) 2011 and Business Location, April to June 2023","2023T2-Employeurs ayant obtenu une étude d’impact sur le marché du travail  (EIMT) positive, par volet du programme, classification nationale des professions (CNP) 2011 et lieu de affaires, avril à juin 2023",Employment and Social Development Canada , Emploi et Développement social Canada
"Aug 2, 2026",1.0,90fed587-1364-4f33-a9ee-208181dc0b97,b08b86d0-0aa6-43cf-a99e-20f4eb3046d4,2016-09-25,2017-08-04,2024-11-21,Temporary Foreign Worker Program (TFWP): Positive Labour Market Impact Assessment (LMIA) Employers List,Programme des travailleurs étrangers temporaires (PTET): Employeurs ayant obtenu une Étude d'impact sur le marché du travail (EIMT) positive ,"2016-Employers who were issued a positive Labour Market Impact Assessment (LMIA) in 2016, by National Occupational Classification (NOC) 2011 and business location ","2016-Employeurs ayant obtenu une Étude d'impact sur le marché du travail (EIMT) positive en 2016, par classification nationale des professions (CNP) 2011 et lieu d’affaires",Employment and Social Development Canada , Emploi et Développement social Canada
"Aug 2, 2026",1.0,90fed587-1364-4f33-a9ee-208181dc0b97,b369ae20-0c7e-4d10-93ca-07c86c91e6fe,2016-09-25,2022-12-23,2024-11-21,Temporary Foreign Worker Program (TFWP): Positive Labour Market Impact Assessment (LMIA) Employers List,Programme des travailleurs étrangers temporaires (PTET): Employeurs ayant obtenu une Étude d'impact sur le marché du travail (EIMT) positive ,"2022Q3-Employers Who Were Issued a Positive Labour Market Impact Assessment (LMIA) by Program Stream, National Occupational Classification (NOC) 2011 and Business Location, July to September 2022","2022T3-Employeurs ayant obtenu une étude d’impact sur le marché du travail  (EIMT) positive, par volet du programme, classification nationale des professions (CNP) 2011 et lieu de affaires, juillet à septembre 2022",Employment and Social Development Canada , Emploi et Développement social Canada
"Aug 1, 2026",2.0,90fed587-1364-4f33-a9ee-208181dc0b97,bd5dab03-02dc-4542-8e01-c04dca9a0337,2016-09-25,2016-10-21,2024-11-21,Temporary Foreign Worker Program (TFWP): Positive Labour Market Impact Assessment (LMIA) Employers List,Programme des travailleurs étrangers temporaires (PTET): Employeurs ayant obtenu une Étude d'impact sur le marché du travail (EIMT) positive ,"2014-Employers who have requested a Labour Market Impact Assessment (LMIA) and were issued a positive LMIA between June 20 and December 31, 2014 inclusively, by business location","2014-Employeurs ayant soumis une demande d'Étude d'impact sur le marché du travail (EIMT) et ayant obtenu une EIMT positive entre le 20 juin et 31 décembre 2014 inclusivement, par lieu d’affaires",Employment and Social Development Canada , Emploi et Développement social Canada
"Aug 2, 2026",5.0,90fed587-1364-4f33-a9ee-208181dc0b97,bd5dab03-02dc-4542-8e01-c04dca9a0337,2016-09-25,2016-10-21,2024-11-21,Temporary Foreign Worker Program (TFWP): Positive Labour Market Impact Assessment (LMIA) Employers List,Programme des travailleurs étrangers temporaires (PTET): Employeurs ayant obtenu une Étude d'impact sur le marché du travail (EIMT) positive ,"2014-Employers who have requested a Labour Market Impact Assessment (LMIA) and were issued a positive LMIA between June 20 and December 31, 2014 inclusively, by business location","2014-Employeurs ayant soumis une demande d'Étude d'impact sur le marché du travail (EIMT) et ayant obtenu une EIMT positive entre le 20 juin et 31 décembre 2014 inclusivement, par lieu d’affaires",Employment and Social Development Canada , Emploi et Développement social Canada
"Aug 3, 2026",10.0,90fed587-1364-4f33-a9ee-208181dc0b97,bd5dab03-02dc-4542-8e01-c04dca9a0337,2016-09-25,2016-10-21,2024-11-21,Temporary Foreign Worker Program (TFWP): Positive Labour Market Impact Assessment (LMIA) Employers List,Programme des travailleurs étrangers temporaires (PTET): Employeurs ayant obtenu une Étude d'impact sur le marché du travail (EIMT) positive ,"2014-Employers who have requested a Labour Market Impact Assessment (LMIA) and were issued a positive LMIA between June 20 and December 31, 2014 inclusively, by business location","2014-Employeurs ayant soumis une demande d'Étude d'impact sur le marché du travail (EIMT) et ayant obtenu une EIMT positive entre le 20 juin et 31 décembre 2014 inclusivement, par lieu d’affaires",Employment and Social Development Canada , Emploi et Développement social Canada
"Aug 3, 2026",1.0,90fed587-1364-4f33-a9ee-208181dc0b97,cfd54dfb-cc07-4699-912d-6f2ca7239fd9,2016-09-25,2020-09-24,2024-11-21,Temporary Foreign Worker Program (TFWP): Positive Labour Market Impact Assessment (LMIA) Employers List,Programme des travailleurs étrangers temporaires (PTET): Employeurs ayant obtenu une Étude d'impact sur le marché du travail (EIMT) positive ,"2020Q2-Employers Who Were Issued a Positive Labour Market Impact Assessment (LMIA) by Program Stream, National Occupational Classification (NOC) 2011 and Business Location, April to June 2020","2020T2-Employeurs ayant obtenu une étude d’impact sur le marché du travail (EIMT) positive, par volet du programme, classification nationale des professions (CNP) 2011 et lieu de affaires, avril à juin 2020",Employment and Social Development Canada , Emploi et Développement social Canada
"Aug 2, 2026",1.0,90fed587-1364-4f33-a9ee-208181dc0b97,cff0477d-8ab1-4252-b56a-2cd96b057049,2016-09-25,2023-03-21,2024-12-20,Temporary Foreign Worker Program (TFWP): Positive Labour Market Impact Assessment (LMIA) Employers List,Programme des travailleurs étrangers temporaires (PTET): Employeurs ayant obtenu une Étude d'impact sur le marché du travail (EIMT) positive ,"2022Q4-Employers Who Were Issued a Positive Labour Market Impact Assessment (LMIA) by Program Stream, National Occupational Classification (NOC) 2011 and Business Location, October to December 2022","2022T4-Employeurs ayant obtenu une étude d’impact sur le marché du travail  (EIMT) positive, par volet du programme, classification nationale des professions (CNP) 2011 et lieu de affaires, octobre à decembre 2022",Employment and Social Development Canada , Emploi et Développement social Canada
"Aug 1, 2026",1.0,90fed587-1364-4f33-a9ee-208181dc0b97,d48a4d9a-fffa-4c02-81c9-93332c52f2df,2016-09-25,2023-12-12,2024-11-21,Temporary Foreign Worker Program (TFWP): Positive Labour Market Impact Assessment (LMIA) Employers List,Programme des travailleurs étrangers temporaires (PTET): Employeurs ayant obtenu une Étude d'impact sur le marché du travail (EIMT) positive ,"2023Q3-Employers Who Were Issued a Positive Labour Market Impact Assessment (LMIA) by Program Stream, National Occupational Classification (NOC) 2011 and Business Location, July to September 2023","2023T3-Employeurs ayant obtenu une étude d’impact sur le marché du travail  (EIMT) positive, par volet du programme, classification nationale des professions (CNP) 2011 et lieu de affaires, juillet à septembre 2023",Employment and Social Development Canada , Emploi et Développement social Canada
"Aug 3, 2026",2.0,90fed587-1364-4f33-a9ee-208181dc0b97,d6f229d4-bce4-4a20-ae81-ac99292e70f5,2016-09-25,2025-06-19,2025-06-19,Temporary Foreign Worker Program (TFWP): Positive Labour Market Impact Assessment (LMIA) Employers List,Programme des travailleurs étrangers temporaires (PTET): Employeurs ayant obtenu une Étude d'impact sur le marché du travail (EIMT) positive ,"2025Q1-Employers Who Were Issued a Positive Labour Market Impact Assessment (LMIA) by Program Stream, National Occupational Classification (NOC) 2021 and Business Location, January to March 2025","2025T1-Employeurs ayant obtenu une étude d’impact sur le marché du travail  (EIMT) positive, par volet du programme, classification nationale des professions (CNP) 2021 et lieu de affaires, Janvier à mars 2025",Employment and Social Development Canada , Emploi et Développement social Canada
"Aug 1, 2026",1.0,90fed587-1364-4f33-a9ee-208181dc0b97,dc061c7d-5d56-450d-8060-4bfc0ed6f0b3,2016-09-25,2026-01-07,2026-01-07,Temporary Foreign Worker Program (TFWP): Positive Labour Market Impact Assessment (LMIA) Employers List,Programme des travailleurs étrangers temporaires (PTET): Employeurs ayant obtenu une Étude d'impact sur le marché du travail (EIMT) positive ,"2025Q3-Employers Who Were Issued a Positive Labour Market Impact Assessment (LMIA) by Program Stream, National Occupational Classification (NOC) 2021 and Business Location, July to September 2025","2025T3-Employeurs ayant obtenu une étude d’impact sur le marché du travail  (EIMT) positive, par volet du programme, classification nationale des professions (CNP) 2021 et lieu de affaires, juillet à septembre 2025",Employment and Social Development Canada , Emploi et Développement social Canada
"Aug 2, 2026",1.0,90fed587-1364-4f33-a9ee-208181dc0b97,dc061c7d-5d56-450d-8060-4bfc0ed6f0b3,2016-09-25,2026-01-07,2026-01-07,Temporary Foreign Worker Program (TFWP): Positive Labour Market Impact Assessment (LMIA) Employers List,Programme des travailleurs étrangers temporaires (PTET): Employeurs ayant obtenu une Étude d'impact sur le marché du travail (EIMT) positive ,"2025Q3-Employers Who Were Issued a Positive Labour Market Impact Assessment (LMIA) by Program Stream, National Occupational Classification (NOC) 2021 and Business Location, July to September 2025","2025T3-Employeurs ayant obtenu une étude d’impact sur le marché du travail  (EIMT) positive, par volet du programme, classification nationale des professions (CNP) 2021 et lieu de affaires, juillet à septembre 2025",Employment and Social Development Canada , Emploi et Développement social Canada
"Aug 3, 2026",5.0,90fed587-1364-4f33-a9ee-208181dc0b97,dc061c7d-5d56-450d-8060-4bfc0ed6f0b3,2016-09-25,2026-01-07,2026-01-07,Temporary Foreign Worker Program (TFWP): Positive Labour Market Impact Assessment (LMIA) Employers List,Programme des travailleurs étrangers temporaires (PTET): Employeurs ayant obtenu une Étude d'impact sur le marché du travail (EIMT) positive ,"2025Q3-Employers Who Were Issued a Positive Labour Market Impact Assessment (LMIA) by Program Stream, National Occupational Classification (NOC) 2021 and Business Location, July to September 2025","2025T3-Employeurs ayant obtenu une étude d’impact sur le marché du travail  (EIMT) positive, par volet du programme, classification nationale des professions (CNP) 2021 et lieu de affaires, juillet à septembre 2025",Employment and Social Development Canada , Emploi et Développement social Canada
"Aug 2, 2026",1.0,90fed587-1364-4f33-a9ee-208181dc0b97,dd627095-614a-45df-a7ef-df0a4a46a812,2016-09-25,2022-10-19,2024-12-20,Temporary Foreign Worker Program (TFWP): Positive Labour Market Impact Assessment (LMIA) Employers List,Programme des travailleurs étrangers temporaires (PTET): Employeurs ayant obtenu une Étude d'impact sur le marché du travail (EIMT) positive ,"2022Q2-Employers Who Were Issued a Positive Labour Market Impact Assessment (LMIA) by Program Stream, National Occupational Classification (NOC) 2011 and Business Location, April to June 2022","2022T2-Employeurs ayant obtenu une étude d’impact sur le marché du travail  (EIMT) positive, par volet du programme, classification nationale des professions (CNP) 2011 et lieu de affaires, Avril à Juin 2022",Employment and Social Development Canada , Emploi et Développement social Canada
"Aug 1, 2026",1.0,90fed587-1364-4f33-a9ee-208181dc0b97,f995383c-800e-46dd-92fa-a06ec7a9a706,2016-09-25,2025-06-19,2025-06-19,Temporary Foreign Worker Program (TFWP): Positive Labour Market Impact Assessment (LMIA) Employers List,Programme des travailleurs étrangers temporaires (PTET): Employeurs ayant obtenu une Étude d'impact sur le marché du travail (EIMT) positive ,"2025Q1-Employers Who Were Issued a Positive Labour Market Impact Assessment (LMIA) by Program Stream, National Occupational Classification (NOC) 2021 and Business Location, January to March 2025","2025T1-Employeurs ayant obtenu une étude d’impact sur le marché du travail  (EIMT) positive, par volet du programme, classification nationale des professions (CNP) 2021 et lieu de affaires, Janvier à mars 2025",Employment and Social Development Canada , Emploi et Développement social Canada
"Aug 2, 2026",4.0,90fed587-1364-4f33-a9ee-208181dc0b97,f995383c-800e-46dd-92fa-a06ec7a9a706,2016-09-25,2025-06-19,2025-06-19,Temporary Foreign Worker Program (TFWP): Positive Labour Market Impact Assessment (LMIA) Employers List,Programme des travailleurs étrangers temporaires (PTET): Employeurs ayant obtenu une Étude d'impact sur le marché du travail (EIMT) positive ,"2025Q1-Employers Who Were Issued a Positive Labour Market Impact Assessment (LMIA) by Program Stream, National Occupational Classification (NOC) 2021 and Business Location, January to March 2025","2025T1-Employeurs ayant obtenu une étude d’impact sur le marché du travail  (EIMT) positive, par volet du programme, classification nationale des professions (CNP) 2021 et lieu de affaires, Janvier à mars 2025",Employment and Social Development Canada , Emploi et Développement social Canada
"Aug 3, 2026",1.0,90fed587-1364-4f33-a9ee-208181dc0b97,f995383c-800e-46dd-92fa-a06ec7a9a706,2016-09-25,2025-06-19,2025-06-19,Temporary Foreign Worker Program (TFWP): Positive Labour Market Impact Assessment (LMIA) Employers List,Programme des travailleurs étrangers temporaires (PTET): Employeurs ayant obtenu une Étude d'impact sur le marché du travail (EIMT) positive ,"2025Q1-Employers Who Were Issued a Positive Labour Market Impact Assessment (LMIA) by Program Stream, National Occupational Classification (NOC) 2021 and Business Location, January to March 2025","2025T1-Employeurs ayant obtenu une étude d’impact sur le marché du travail  (EIMT) positive, par volet du programme, classification nationale des professions (CNP) 2021 et lieu de affaires, Janvier à mars 2025",Employment and Social Development Canada , Emploi et Développement social Canada
"Aug 1, 2026",3.0,90fed587-1364-4f33-a9ee-208181dc0b97,fbfda891-5327-4e01-927e-0e0dd580d304,2016-09-25,2025-10-23,2025-10-23,Temporary Foreign Worker Program (TFWP): Positive Labour Market Impact Assessment (LMIA) Employers List,Programme des travailleurs étrangers temporaires (PTET): Employeurs ayant obtenu une Étude d'impact sur le marché du travail (EIMT) positive ,"2025Q2-Employers Who Were Issued a Positive Labour Market Impact Assessment (LMIA) by Program Stream, National Occupational Classification (NOC) 2021 and Business Location, April to June 2025","2025T2-Employeurs ayant obtenu une étude d’impact sur le marché du travail  (EIMT) positive, par volet du programme, classification nationale des professions (CNP) 2021 et lieu de affaires, avril à juin 2025",Employment and Social Development Canada , Emploi et Développement social Canada
"Aug 2, 2026",1.0,90fed587-1364-4f33-a9ee-208181dc0b97,fbfda891-5327-4e01-927e-0e0dd580d304,2016-09-25,2025-10-23,2025-10-23,Temporary Foreign Worker Program (TFWP): Positive Labour Market Impact Assessment (LMIA) Employers List,Programme des travailleurs étrangers temporaires (PTET): Employeurs ayant obtenu une Étude d'impact sur le marché du travail (EIMT) positive ,"2025Q2-Employers Who Were Issued a Positive Labour Market Impact Assessment (LMIA) by Program Stream, National Occupational Classification (NOC) 2021 and Business Location, April to June 2025","2025T2-Employeurs ayant obtenu une étude d’impact sur le marché du travail  (EIMT) positive, par volet du programme, classification nationale des professions (CNP) 2021 et lieu de affaires, avril à juin 2025",Employment and Social Development Canada , Emploi et Développement social Canada
"Aug 3, 2026",8.0,90fed587-1364-4f33-a9ee-208181dc0b97,fbfda891-5327-4e01-927e-0e0dd580d304,2016-09-25,2025-10-23,2025-10-23,Temporary Foreign Worker Program (TFWP): Positive Labour Market Impact Assessment (LMIA) Employers List,Programme des travailleurs étrangers temporaires (PTET): Employeurs ayant obtenu une Étude d'impact sur le marché du travail (EIMT) positive ,"2025Q2-Employers Who Were Issued a Positive Labour Market Impact Assessment (LMIA) by Program Stream, National Occupational Classification (NOC) 2021 and Business Location, April to June 2025","2025T2-Employeurs ayant obtenu une étude d’impact sur le marché du travail  (EIMT) positive, par volet du programme, classification nationale des professions (CNP) 2021 et lieu de affaires, avril à juin 2025",Employment and Social Development Canada , Emploi et Développement social Canada
"Aug 3, 2026",1.0,910100c0-4f8c-5ae8-ae87-69bf230e43cf,No resource,2016-09-25,2016-09-25,2022-02-22,Water balance - derived precipitation and evapotranspiration,Bilan hydrique - précipitation et évapotranspiration dérivées,No resources covered,Aucune ressource couverte,Natural Resources Canada , Ressources naturelles Canada
"Aug 3, 2026",1.0,9107a8ca-dfe1-46b2-98b4-d9a62da24e59,No resource,2020-11-27,2020-11-27,2026-07-29,Provincially licensed dairy plants,Usines laitières autorisées par la province,No resources covered,Aucune ressource couverte,Government of Ontario , Gouvernement de l'Ontario
"Aug 3, 2026",2.0,9107a8ca-dfe1-46b2-98b4-d9a62da24e59,db31f969-bc9f-4fbe-a001-1b5c3056a1fd,2020-11-27,2026-07-29,2026-07-29,Provincially licensed dairy plants,Usines laitières autorisées par la province,Provincially licensed dairy plants,Usines laitières agréées par la province,Government of Ontario , Gouvernement de l'Ontario
"Aug 3, 2026",1.0,913f8940-036a-45f2-a5f2-19bde76c1252,15dd7a58-f8c1-4ff0-84bf-200198ea17fb,2021-10-21,2021-10-21,2024-11-21,Canadian Vehicle Specifications (CVS),Spécifications des véhicules canadiens (SVC),Canadian Vehicle Specifications (CVS) - Annex 1 - Guide to the Canadian Specifications Database,Spécifications des véhicules canadiens (SVC) - Annexe 1 - Guide de la base de données des spécifications canadiennes,Transport Canada , Transports Canada
"Aug 3, 2026",1.0,913f8940-036a-45f2-a5f2-19bde76c1252,76ae33f3-da9e-48f0-9c00-227e61f9431c,2021-10-21,2021-10-21,2024-12-09,Canadian Vehicle Specifications (CVS),Spécifications des véhicules canadiens (SVC),Canadian Vehicle Specifications (CVS) - Model Year 2011,Spécifications des véhicules canadiens (SVC) - Année de modèle 2011,Transport Canada , Transports Canada
"Aug 3, 2026",2.0,913f8940-036a-45f2-a5f2-19bde76c1252,bcf80490-de3e-4d27-938a-e9b86f0b2334,2021-10-21,2021-10-21,2024-11-21,Canadian Vehicle Specifications (CVS),Spécifications des véhicules canadiens (SVC),Canadian Vehicle Specifications (CVS) - Data Dictionary,Spécifications des véhicules canadiens (SVC) - Dictionnaire de données,Transport Canada , Transports Canada
"Aug 2, 2026",1.0,913f8940-036a-45f2-a5f2-19bde76c1252,d96bb679-2e2e-4d91-b620-c319a7d4fe25,2021-10-21,2022-05-04,2024-12-09,Canadian Vehicle Specifications (CVS),Spécifications des véhicules canadiens (SVC),Canadian Vehicle Specifications (CVS) - Model Year 2023,Spécifications des véhicules canadiens (SVC) - Année de modèle 2023,Transport Canada , Transports Canada
"Aug 3, 2026",2.0,913f8940-036a-45f2-a5f2-19bde76c1252,d96bb679-2e2e-4d91-b620-c319a7d4fe25,2021-10-21,2022-05-04,2024-12-09,Canadian Vehicle Specifications (CVS),Spécifications des véhicules canadiens (SVC),Canadian Vehicle Specifications (CVS) - Model Year 2023,Spécifications des véhicules canadiens (SVC) - Année de modèle 2023,Transport Canada , Transports Canada
"Aug 2, 2026",1.0,9150ad66-73f7-444f-a67c-4be5cf676453,No resource,2016-09-25,2016-09-25,2026-01-06,Alberta Detailed Soil Survey,Levé pédologique détaillé de l'Alberta,No resources covered,Aucune ressource couverte,Agriculture and Agri-Food Canada , Agriculture et Agroalimentaire Canada
"Aug 2, 2026",4.0,9150ad66-73f7-444f-a67c-4be5cf676453,ec361407-d131-4db4-84fc-1be70ca14561,2016-09-25,2026-01-06,2026-01-06,Alberta Detailed Soil Survey,Levé pédologique détaillé de l'Alberta,Pre-packaged GeoPackage (GPKG) files (Bilingual),Fichiers GeoPackage (GPKG) préemballés (bilingues),Agriculture and Agri-Food Canada , Agriculture et Agroalimentaire Canada
"Aug 2, 2026",1.0,91ed76b4-a1a2-4f87-9c4c-59cd64f7a9de,027ee7f8-4b87-45cd-a10f-f95d3a5d4e09,2025-09-29,2025-10-06,2026-07-31,Banks,Banques,"P3 - Consolidated Statement Of Income, Retained Earnings & AOCI (Active)​","P3 - État consolidés des revenus, bénéfices non repartis et AERE (Actif)​",Office of the Superintendent of Financial Institutions Canada , Bureau du surintendant des institutions financières Canada
"Aug 2, 2026",1.0,91ed76b4-a1a2-4f87-9c4c-59cd64f7a9de,52af898b-9901-4239-b130-3aa25e5b3f14,2025-09-29,2025-10-20,2025-10-20,Banks,Banques,Data Dictionary,Dictionnaire de données,Office of the Superintendent of Financial Institutions Canada , Bureau du surintendant des institutions financières Canada
"Aug 3, 2026",4.0,91ed76b4-a1a2-4f87-9c4c-59cd64f7a9de,No resource,2025-09-29,2025-09-29,2026-07-31,Banks,Banques,No resources covered,Aucune ressource couverte,Office of the Superintendent of Financial Institutions Canada , Bureau du surintendant des institutions financières Canada
"Aug 1, 2026",3.0,91ed76b4-a1a2-4f87-9c4c-59cd64f7a9de,d0f6040e-671c-4301-a235-e9e7ba164604,2025-09-29,2025-10-09,2026-07-20,Banks,Banques,M4 - Consolidated Balance Sheet (Active)​,M4 - Bilan consolidé (Actif)​,Office of the Superintendent of Financial Institutions Canada , Bureau du surintendant des institutions financières Canada
"Aug 2, 2026",1.0,91ed76b4-a1a2-4f87-9c4c-59cd64f7a9de,d0f6040e-671c-4301-a235-e9e7ba164604,2025-09-29,2025-10-09,2026-07-20,Banks,Banques,M4 - Consolidated Balance Sheet (Active)​,M4 - Bilan consolidé (Actif)​,Office of the Superintendent of Financial Institutions Canada , Bureau du surintendant des institutions financières Canada
"Aug 3, 2026",5.0,91ed76b4-a1a2-4f87-9c4c-59cd64f7a9de,d0f6040e-671c-4301-a235-e9e7ba164604,2025-09-29,2025-10-09,2026-07-20,Banks,Banques,M4 - Consolidated Balance Sheet (Active)​,M4 - Bilan consolidé (Actif)​,Office of the Superintendent of Financial Institutions Canada , Bureau du surintendant des institutions financières Canada
"Aug 2, 2026",2.0,91ed76b4-a1a2-4f87-9c4c-59cd64f7a9de,f2271fb5-6a8a-40c0-8425-503728c3f956,2025-09-29,2026-04-13,2026-04-13,Banks,Banques,List of Bank Subsidiaries,Liste filiales banque,Office of the Superintendent of Financial Institutions Canada , Bureau du surintendant des institutions financières Canada
"Aug 3, 2026",2.0,91ed76b4-a1a2-4f87-9c4c-59cd64f7a9de,f2271fb5-6a8a-40c0-8425-503728c3f956,2025-09-29,2026-04-13,2026-04-13,Banks,Banques,List of Bank Subsidiaries,Liste filiales banque,Office of the Superintendent of Financial Institutions Canada , Bureau du surintendant des institutions financières Canada
"Aug 3, 2026",3.0,92697343-d36d-4427-a1a8-ebac6b2725cc,a4413844-4ade-4cf5-a819-076c16c0ec85,2016-09-25,2023-08-03,2024-05-05,Companies' Creditors Arrangement Act (CCAA) Records List,Liste des procédures sous  la Loi sur les arrangements avec les créanciers des compagnies (LACC),CCAA Records List - 2023,Liste des procédures sous la LACC - 2023,"Innovation, Science and Economic Development Canada "," Innovation, Sciences et Développement économique Canada"
"Aug 3, 2026",1.0,929fe07f-ab8e-4b3c-8ee3-1aa7a9ea0b1a,No resource,2020-03-09,2020-03-09,2026-03-24,Mobile gear sentinel fisheries program - northern Gulf of St. Lawrence,Programme des pêches sentinelles avec engin mobile - nord du golfe du Saint-Laurent,No resources covered,Aucune ressource couverte,Fisheries and Oceans Canada , Pêches et Océans Canada
"Aug 1, 2026",1.0,92aeb8dc-c7ca-4f44-81df-fdaf289d23fd,No resource,2018-06-27,2018-06-27,2024-10-24,Labour force status for adults with disabilities by disability type,"Situation d'activité des adultes ayant une incapacité, en fonction du type d'incapacité",No resources covered,Aucune ressource couverte,Statistics Canada , Statistique Canada
"Aug 1, 2026",1.0,92aeb8dc-c7ca-4f44-81df-fdaf289d23fd,be3892a0-8561-48f6-9161-e4e2f9d30760,2018-06-27,2024-10-24,2024-10-24,Labour force status for adults with disabilities by disability type,"Situation d'activité des adultes ayant une incapacité, en fonction du type d'incapacité",Dataset,Ensembles de données,Statistics Canada , Statistique Canada
"Aug 2, 2026",1.0,92b44847-f92a-4606-bdf1-6c841f26fc7d,396e82f9-bfb9-4348-b01d-52290c13d4ea,2018-10-19,2023-01-17,2023-01-17,Licensed cannabis industry statistics,Statistiques sur les producteurs autorisés de cannabis,Dataset,Ensembles de données,Statistics Canada , Statistique Canada
"Aug 3, 2026",1.0,936bb067-ab71-40ca-951b-e95e83ddff8f,No resource,2023-05-08,2023-05-08,2026-04-15,"Input-output tables, detail level","Tableaux d'entrées-sorties, niveau détail",No resources covered,Aucune ressource couverte,Statistics Canada , Statistique Canada
"Aug 3, 2026",1.0,93ce9cb5-0811-48e5-885e-98dce192d293,c90b2bca-5a8f-49df-93a7-f0c0d245ee99,2020-11-19,2026-07-22,2026-07-22,Statistics from the Quebec Land Registry on the real estate market,Statistiques du Registre foncier du Québec sur le marché immobilier,List of types of property transfers,Liste des natures de transferts de propriété,Government and Municipalities of Québec , Gouvernement et municipalités du Québec
"Aug 3, 2026",1.0,943d2048-4e75-4a6a-ad43-6ff1d1c56e2d,4095b533-b597-444b-88df-786a1c25c124,2025-08-18,2026-03-24,2026-03-24,Salmon Rivers Geodatabase - by DFO Detachment (NL Region),Base de données géographiques sur les rivières à saumon – par détachement du MPO (Région de T-N),Salmon Rivers By DFO Detachment,Base de données géographiques sur les rivières à saumon par détachement du MPO,Fisheries and Oceans Canada , Pêches et Océans Canada
"Aug 1, 2026",1.0,94fc74d6-9b9a-4c2e-9c6c-45a5092453aa,8825a8d9-8134-475f-a48c-31748e6fb536,2016-09-25,2016-12-01,2025-01-06,"TERMIUM Plus®, the Government of Canada's terminology and linguistic data bank","TERMIUM Plus®, la banque de données terminologiques et linguistiques du gouvernement du Canada",Data Dictionary,Dictionnaire de données,Public Services and Procurement Canada , Services publics et Approvisionnement Canada
"Aug 3, 2026",1.0,94fc74d6-9b9a-4c2e-9c6c-45a5092453aa,No resource,2016-09-25,2016-09-25,2026-05-05,"TERMIUM Plus®, the Government of Canada's terminology and linguistic data bank","TERMIUM Plus®, la banque de données terminologiques et linguistiques du gouvernement du Canada",No resources covered,Aucune ressource couverte,Public Services and Procurement Canada , Services publics et Approvisionnement Canada
"Aug 3, 2026",1.0,957782bf-847c-4644-a757-e383c0057995,1a50a644-11de-4584-ba14-475b40af2680,2017-04-20,2026-05-29,2026-05-29,High Resolution Digital Elevation Model (HRDEM) - CanElevation Series,Modèle numérique d'élévation de haute résolution (MNEHR) - Série CanÉlévation,HRDEM Dataset Footprints by coordinate system,Empreintes des jeux de données MNEHR par système de coordonnées,Natural Resources Canada , Ressources naturelles Canada
"Aug 1, 2026",1.0,957782bf-847c-4644-a757-e383c0057995,5c4565a4-aaec-4458-8509-e03c360f93ce,2017-04-20,2026-05-29,2026-05-29,High Resolution Digital Elevation Model (HRDEM) - CanElevation Series,Modèle numérique d'élévation de haute résolution (MNEHR) - Série CanÉlévation,HRDEM Project Footprints,Empreintes des projets MNEHR,Natural Resources Canada , Ressources naturelles Canada
"Aug 1, 2026",1.0,957782bf-847c-4644-a757-e383c0057995,68178b60-beb5-45de-a6cf-7154c6057279,2017-04-20,2026-05-29,2026-05-29,High Resolution Digital Elevation Model (HRDEM) - CanElevation Series,Modèle numérique d'élévation de haute résolution (MNEHR) - Série CanÉlévation,HRDEM Project Footprints (drag and drop the kml file in Google Earth to localize your region of interest),Empreintes des projets MNEHR (glisser le fichier kml dans Google Earth pour localiser la région d'intérêt),Natural Resources Canada , Ressources naturelles Canada
"Aug 2, 2026",1.0,957782bf-847c-4644-a757-e383c0057995,68178b60-beb5-45de-a6cf-7154c6057279,2017-04-20,2026-05-29,2026-05-29,High Resolution Digital Elevation Model (HRDEM) - CanElevation Series,Modèle numérique d'élévation de haute résolution (MNEHR) - Série CanÉlévation,HRDEM Project Footprints (drag and drop the kml file in Google Earth to localize your region of interest),Empreintes des projets MNEHR (glisser le fichier kml dans Google Earth pour localiser la région d'intérêt),Natural Resources Canada , Ressources naturelles Canada
"Aug 1, 2026",2.0,957782bf-847c-4644-a757-e383c0057995,No resource,2017-04-20,2017-04-20,2026-05-29,High Resolution Digital Elevation Model (HRDEM) - CanElevation Series,Modèle numérique d'élévation de haute résolution (MNEHR) - Série CanÉlévation,No resources covered,Aucune ressource couverte,Natural Resources Canada , Ressources naturelles Canada
"Aug 3, 2026",4.0,957782bf-847c-4644-a757-e383c0057995,No resource,2017-04-20,2017-04-20,2026-05-29,High Resolution Digital Elevation Model (HRDEM) - CanElevation Series,Modèle numérique d'élévation de haute résolution (MNEHR) - Série CanÉlévation,No resources covered,Aucune ressource couverte,Natural Resources Canada , Ressources naturelles Canada
"Aug 2, 2026",1.0,957782bf-847c-4644-a757-e383c0057995,e47dfedf-4d65-4526-aa23-87e40d8583ae,2017-04-20,2026-05-29,2026-05-29,High Resolution Digital Elevation Model (HRDEM) - CanElevation Series,Modèle numérique d'élévation de haute résolution (MNEHR) - Série CanÉlévation,Product Access and Download Guide (English),Guide d’accès et de téléchargement (Anglais),Natural Resources Canada , Ressources naturelles Canada
"Aug 3, 2026",2.0,957782bf-847c-4644-a757-e383c0057995,e47dfedf-4d65-4526-aa23-87e40d8583ae,2017-04-20,2026-05-29,2026-05-29,High Resolution Digital Elevation Model (HRDEM) - CanElevation Series,Modèle numérique d'élévation de haute résolution (MNEHR) - Série CanÉlévation,Product Access and Download Guide (English),Guide d’accès et de téléchargement (Anglais),Natural Resources Canada , Ressources naturelles Canada
"Aug 3, 2026",2.0,957782bf-847c-4644-a757-e383c0057995,e5b98031-1952-49c9-b224-b88a97d48228,2017-04-20,2026-05-29,2026-05-29,High Resolution Digital Elevation Model (HRDEM) - CanElevation Series,Modèle numérique d'élévation de haute résolution (MNEHR) - Série CanÉlévation,High Resolution Digital Elevation Model (HRDEM) - CanElevation Series - Product Specifications (English),Modèle numérique d'élévation de haute résolution (MNEHR) - Série CanÉlévation - Spécifications de produit (anglais),Natural Resources Canada , Ressources naturelles Canada
"Aug 3, 2026",1.0,95a14ca0-706c-4422-ad42-b9e86998efbe,afdbe7f4-819b-4bc8-8a03-2811072dcce9,2022-09-20,2022-09-20,2024-11-20,National Chemical Residue Monitoring Program and Chemistry Food Safety Oversight Program Annual Report 2016-2017,Rapport annuel du Programme national de surveillance des résidus chimiques et Programme de surveillance de la salubrité des aliments 2016-2017,Annex B1 of 2016-2017 NCRMP Report FR,Rapport annuel du Programme national de surveillance des résidus chimiques et Programme de surveillance de la salubrité des aliments 2016-2017,Canadian Food Inspection Agency , Agence canadienne d'inspection des aliments
"Aug 3, 2026",1.0,95a14ca0-706c-4422-ad42-b9e86998efbe,e46d86e3-226d-48a3-a36d-6568cddbf7ec,2022-09-20,2022-09-20,2024-11-21,National Chemical Residue Monitoring Program and Chemistry Food Safety Oversight Program Annual Report 2016-2017,Rapport annuel du Programme national de surveillance des résidus chimiques et Programme de surveillance de la salubrité des aliments 2016-2017,Annex B1 of 2016-2017 NCRMP Report EN,Rapport annuel du Programme national de surveillance des résidus chimiques et Programme de surveillance de la salubrité des aliments 2016-2017,Canadian Food Inspection Agency , Agence canadienne d'inspection des aliments
"Aug 3, 2026",2.0,95f54768-ae3d-4716-bc0a-82a1dca52b54,9a252ea4-9dac-4cbb-9aa8-fc2bad3ef3f4,2022-03-17,2026-03-06,2026-03-06,"Balance sheet, income statement and taxation statistics with selected financial ratios, by financial industries","Éléments du bilan financier et des statistiques fiscales des entreprises, avec certains ratios financiers, pour les branches d'activités financières",Dataset,Ensembles de données,Statistics Canada , Statistique Canada
"Aug 1, 2026",1.0,963a87c9-3206-4221-b932-2ec5a0bee0e4,c2b44943-37b3-4f01-a44d-6cfdc868baf0,2020-09-14,2026-06-03,2026-06-03,Mining activities,Activités minières,Mines and projects - Geographic data sets,Mines et projets - Jeux de données géographiques,Government and Municipalities of Québec , Gouvernement et municipalités du Québec
"Aug 2, 2026",1.0,96b9e0dd-7ae8-4d68-87c3-be3a5bc7a2c0,7a33d311-833d-4e71-8999-eba66c4333ba,2021-12-17,2026-06-03,2026-06-03,Ontario Provincial Police Detachments and Bureau Listing,Liste des détachements et des bureaux de la Police provinciale de l’Ontario,Ontario Provincial Police Detachment and Bureau Listing,Liste des détachements et des bureaux de la Police provinciale de l’Ontario,Government of Ontario , Gouvernement de l'Ontario
"Aug 3, 2026",1.0,96c80880-9229-59ec-b508-63b5c10cc35a,f2db967d-d6da-4f5b-bb5f-c892c872be75,2016-09-25,2017-01-26,2017-01-26,Discover Canada's Watersheds,Découvrez les bassins versants du Canada,Download English JPG through HTTP,Télécharger le fichier en format Anglais JPG via HTTP,Natural Resources Canada , Ressources naturelles Canada
"Aug 2, 2026",1.0,96e248e8-f422-5d69-a085-cce12b04e11a,062cc05b-9784-4711-8ba9-e11495a98969,2016-09-25,2017-05-26,2017-05-26,Posts of the Canadian Fur Trade,Postes de la traite canadienne des fourrures,Download PDF English Source Identification file through HTTP,Télécharger le fichier Identification des sources en format PDF Anglais via HTTP,Natural Resources Canada , Ressources naturelles Canada
"Aug 2, 2026",1.0,96e248e8-f422-5d69-a085-cce12b04e11a,dfb90f63-356c-46ed-82df-49817bcf0d83,2016-09-25,2017-05-26,2017-05-26,Posts of the Canadian Fur Trade,Postes de la traite canadienne des fourrures,Download the French PDF through HTTP,Télécharger le fichier en format PDF français via HTTP,Natural Resources Canada , Ressources naturelles Canada
"Aug 3, 2026",1.0,970ff3c4-50fd-4eeb-b402-f82f9ee22990,97594970-ce13-4c4d-ae28-0fa6a5d777e0,2017-09-18,2017-09-18,2024-11-22,Specialized Research Datasets: Permanent Residents – Ad Hoc IRCC (Specialized Datasets),Ensemble de données de recherches spécialisées: Résidents permanents – Ad Hoc IRCC (Bases de données spécialisées) ,Canada - Permanent Resident - Age - 2000 - 2016,Canada - Résidents permanents - Âge - 2000 - 2016,"Immigration, Refugees and Citizenship Canada "," Immigration, Réfugiés et Citoyenneté Canada"
"Aug 1, 2026",1.0,9764d6c6-3044-450c-ac5a-383cedbfef17,No resource,2016-09-25,2016-09-25,2021-09-02,Meteorological Station Catalogue,Catalogue des données météorologiques,No resources covered,Aucune ressource couverte,Environment and Climate Change Canada , Environnement et Changement climatique Canada
"Aug 3, 2026",2.0,9764d6c6-3044-450c-ac5a-383cedbfef17,No resource,2016-09-25,2016-09-25,2021-09-02,Meteorological Station Catalogue,Catalogue des données météorologiques,No resources covered,Aucune ressource couverte,Environment and Climate Change Canada , Environnement et Changement climatique Canada
"Aug 3, 2026",1.0,9764d6c6-3044-450c-ac5a-383cedbfef17,dfe03c61-36f1-45f1-962f-76095fc62b1f,2016-09-25,2018-01-23,2018-01-23,Meteorological Station Catalogue,Catalogue des données météorologiques,Station List,Liste des stations,Environment and Climate Change Canada , Environnement et Changement climatique Canada
"Aug 1, 2026",2.0,976bb4f8-2b63-4150-910c-1f8e094cc83a,16c18c38-b255-4793-82d4-e32853adec33,2017-01-03,2018-08-27,2025-05-12,National Defence and the Canadian Armed Forces Manual of Abbreviations,Défense nationale et les Forces armées canadiennes manuel des abréviations,Alphabetical list by term,Liste des termes en ordre alphabétique,National Defence , Défense nationale
"Aug 2, 2026",2.0,976bb4f8-2b63-4150-910c-1f8e094cc83a,No resource,2017-01-03,2017-01-03,2025-05-12,National Defence and the Canadian Armed Forces Manual of Abbreviations,Défense nationale et les Forces armées canadiennes manuel des abréviations,No resources covered,Aucune ressource couverte,National Defence , Défense nationale
"Aug 2, 2026",1.0,978ace15-85bb-42cb-99a6-f7e3f202070e,4af47dbf-d552-4ea5-a2ac-6b65122dff0b,2026-05-11,2026-05-11,2026-05-11,REGDOC- 2.4.1 - Deterministic Safety Analysis,REGDOC-2.4.1 - Analyse déterministe de la sûreté,REGDOC- 2.4.1 - Deterministic Safety Analysis,REGDOC-2.4.1 - Analyse déterministe de la sûreté,Canadian Nuclear Safety Commission , Commission canadienne de sûreté nucléaire
"Aug 1, 2026",1.0,97a2a33c-54cc-4f2e-82c1-047ad8212f05,7926827c-f8a2-458c-9a7f-f0379d045451,2025-09-25,2025-09-26,2025-09-26,Electoral Geography Boundary Files (45th General Election) - Canada 2025,Fichiers de limites géographiques électorales (45e élection générale) - Canada 2025,Polling Division boundaries (2025),Limites de sections de vote (2025),Elections Canada , Élections Canada
"Aug 2, 2026",1.0,97a2a33c-54cc-4f2e-82c1-047ad8212f05,No resource,2025-09-25,2025-09-25,2025-09-26,Electoral Geography Boundary Files (45th General Election) - Canada 2025,Fichiers de limites géographiques électorales (45e élection générale) - Canada 2025,No resources covered,Aucune ressource couverte,Elections Canada , Élections Canada
"Aug 3, 2026",1.0,980d598c-73c9-4003-b6e1-78a9a3081b6c,No resource,2022-05-19,2022-05-19,2024-01-31,North American Industry Classification System (NAICS) Canada 2022 Version 1.0,Système de classification des industries de l'Amérique du Nord (SCIAN) Canada 2022 version 1.0,No resources covered,Aucune ressource couverte,Statistics Canada , Statistique Canada
"Aug 3, 2026",1.0,98654d8e-9fda-47d4-ad76-889ef3d5c801,No resource,2022-09-09,2022-09-09,2022-09-09,Poll-by-Poll Results - 43rd General Election,Résultats par bureau de scrutin - 43e élection générale,No resources covered,Aucune ressource couverte,Elections Canada , Élections Canada
"Aug 3, 2026",1.0,98e56d84-011b-484c-8cb4-23c8c3db6ba1,436a3785-c8b8-4a20-b6a2-bcbe68f45bcf,2021-03-24,2021-03-24,2025-03-07,Historical and current Canadian Armed Forces pay scales for Reserve Force Class A and Class B Officers,Échelles salariales historiques et actuelles des Forces armées canadiennes pour les officiers de classe A et de classe B de la Force de réserve,Historical and current Canadian Armed Forces pay scales for Reserve Force Class A and Class B Officers,Échelles salariales historiques et actuelles des Forces armées canadiennes pour les officiers de classe A et de classe B de la Force de réserve,National Defence , Défense nationale
"Aug 1, 2026",1.0,98e56d84-011b-484c-8cb4-23c8c3db6ba1,93710da0-7a15-4dad-abb5-fcb766ac0460,2021-03-24,2021-03-24,2024-11-21,Historical and current Canadian Armed Forces pay scales for Reserve Force Class A and Class B Officers,Échelles salariales historiques et actuelles des Forces armées canadiennes pour les officiers de classe A et de classe B de la Force de réserve,Échelles salariales historiques et actuelles des Forces armées canadiennes pour les officiers de classe A et de classe B de la Force de réserve,Échelles salariales historiques et actuelles des Forces armées canadiennes pour les officiers de classe A et de classe B de la Force de réserve,National Defence , Défense nationale
"Aug 1, 2026",1.0,98e56d84-011b-484c-8cb4-23c8c3db6ba1,9476cc4c-0e44-4395-9bfa-daa17120a4bc,2021-03-24,2021-03-24,2025-10-27,Historical and current Canadian Armed Forces pay scales for Reserve Force Class A and Class B Officers,Échelles salariales historiques et actuelles des Forces armées canadiennes pour les officiers de classe A et de classe B de la Force de réserve,Historical and current Canadian Armed Forces pay scales for Reserve Force Class A and Class B Officers,Échelles salariales historiques et actuelles des Forces armées canadiennes pour les officiers de classe A et de classe B de la Force de réserve,National Defence , Défense nationale
"Aug 3, 2026",2.0,98f1a129-f628-4ce4-b24d-6f16bf24dd64,026e45b4-eb63-451f-b34f-d9308ea3a3d9,2017-03-31,2017-03-31,2026-07-17,Fuel consumption ratings,Cotes de consommation de carburant,Battery-electric vehicles 2012-2026 (2026-07-17),Véhicules électriques à batterie 2012-2026 (2026-07-17),Natural Resources Canada , Ressources naturelles Canada
"Aug 3, 2026",1.0,98f1a129-f628-4ce4-b24d-6f16bf24dd64,29bcf157-9297-4d6a-9695-dfd816bc32ca,2017-03-31,2017-03-31,2024-12-09,Fuel consumption ratings,Cotes de consommation de carburant,(Original Fuel Consumption Ratings 1995-2014),(Cotes de consommation de carburant originales 1995-2014),Natural Resources Canada , Ressources naturelles Canada
"Aug 2, 2026",1.0,98f1a129-f628-4ce4-b24d-6f16bf24dd64,42495676-28b7-40f3-b0e0-3d7fe005ca56,2017-03-31,2017-03-31,2025-03-03,Fuel consumption ratings,Cotes de consommation de carburant,1995-2014 Fuel Consumption Ratings,Cotes de consommation de carburant 1995-2014,Natural Resources Canada , Ressources naturelles Canada
"Aug 3, 2026",2.0,98f1a129-f628-4ce4-b24d-6f16bf24dd64,42495676-28b7-40f3-b0e0-3d7fe005ca56,2017-03-31,2017-03-31,2025-03-03,Fuel consumption ratings,Cotes de consommation de carburant,1995-2014 Fuel Consumption Ratings,Cotes de consommation de carburant 1995-2014,Natural Resources Canada , Ressources naturelles Canada
"Aug 2, 2026",1.0,98f1a129-f628-4ce4-b24d-6f16bf24dd64,8812228b-a6aa-4303-b3d0-66489225120d,2017-03-31,2017-03-31,2026-07-28,Fuel consumption ratings,Cotes de consommation de carburant,Plug-in hybrid electric vehicles 2012-2026 (2026-07-28),Véhicules hybrides électriques rechargeables 2012-2026 (2026-07-28),Natural Resources Canada , Ressources naturelles Canada
"Aug 3, 2026",1.0,98f1a129-f628-4ce4-b24d-6f16bf24dd64,8812228b-a6aa-4303-b3d0-66489225120d,2017-03-31,2017-03-31,2026-07-28,Fuel consumption ratings,Cotes de consommation de carburant,Plug-in hybrid electric vehicles 2012-2026 (2026-07-28),Véhicules hybrides électriques rechargeables 2012-2026 (2026-07-28),Natural Resources Canada , Ressources naturelles Canada
"Aug 1, 2026",2.0,98f1a129-f628-4ce4-b24d-6f16bf24dd64,9df1b18d-d036-4783-a61c-99f1f75b3ac5,2017-03-31,2026-02-04,2026-07-17,Fuel consumption ratings,Cotes de consommation de carburant,2026 Fuel Consumption Ratings (2026-07-17),Cotes de consommation de carburant 2026 (2026-07-17),Natural Resources Canada , Ressources naturelles Canada
"Aug 3, 2026",1.0,98f1a129-f628-4ce4-b24d-6f16bf24dd64,9df1b18d-d036-4783-a61c-99f1f75b3ac5,2017-03-31,2026-02-04,2026-07-17,Fuel consumption ratings,Cotes de consommation de carburant,2026 Fuel Consumption Ratings (2026-07-17),Cotes de consommation de carburant 2026 (2026-07-17),Natural Resources Canada , Ressources naturelles Canada
"Aug 1, 2026",1.0,98f1a129-f628-4ce4-b24d-6f16bf24dd64,No resource,2017-03-31,2017-03-31,2026-07-28,Fuel consumption ratings,Cotes de consommation de carburant,No resources covered,Aucune ressource couverte,Natural Resources Canada , Ressources naturelles Canada
"Aug 3, 2026",26.0,98f1a129-f628-4ce4-b24d-6f16bf24dd64,No resource,2017-03-31,2017-03-31,2026-07-28,Fuel consumption ratings,Cotes de consommation de carburant,No resources covered,Aucune ressource couverte,Natural Resources Canada , Ressources naturelles Canada
"Aug 2, 2026",5.0,98f1a129-f628-4ce4-b24d-6f16bf24dd64,c98b9dc8-b23f-4cd8-8b19-e892da1e4688,2017-03-31,2026-03-24,2026-03-24,Fuel consumption ratings,Cotes de consommation de carburant,2015-2024 Fuel Consumption Ratings (2026-03-23),Cotes de consommation de carburant 2015-2024 (2026-03-23),Natural Resources Canada , Ressources naturelles Canada
"Aug 3, 2026",4.0,98f1a129-f628-4ce4-b24d-6f16bf24dd64,c98b9dc8-b23f-4cd8-8b19-e892da1e4688,2017-03-31,2026-03-24,2026-03-24,Fuel consumption ratings,Cotes de consommation de carburant,2015-2024 Fuel Consumption Ratings (2026-03-23),Cotes de consommation de carburant 2015-2024 (2026-03-23),Natural Resources Canada , Ressources naturelles Canada
"Aug 2, 2026",1.0,98f1a129-f628-4ce4-b24d-6f16bf24dd64,d589f2bc-9a85-4f65-be2f-20f17debfcb1,2017-03-31,2024-12-24,2026-07-24,Fuel consumption ratings,Cotes de consommation de carburant,2025 Fuel Consumption Ratings (2026-07-24),Cotes de consommation de carburant 2025 (2026-07-24),Natural Resources Canada , Ressources naturelles Canada
"Aug 3, 2026",1.0,98f1a129-f628-4ce4-b24d-6f16bf24dd64,d589f2bc-9a85-4f65-be2f-20f17debfcb1,2017-03-31,2024-12-24,2026-07-24,Fuel consumption ratings,Cotes de consommation de carburant,2025 Fuel Consumption Ratings (2026-07-24),Cotes de consommation de carburant 2025 (2026-07-24),Natural Resources Canada , Ressources naturelles Canada
"Aug 3, 2026",3.0,98f1a129-f628-4ce4-b24d-6f16bf24dd64,ec44c747-a640-4481-bcf0-a2ea7ca8f249,2017-03-31,2024-01-19,2024-11-21,Fuel consumption ratings,Cotes de consommation de carburant,Understanding the tables,Explication des tableaux,Natural Resources Canada , Ressources naturelles Canada
"Aug 3, 2026",1.0,98fa7335-fbfe-4289-9a0e-d6bf3874b424,91bf4589-c8fc-4352-94a5-956a34d5495b,2017-05-25,2025-10-15,2025-10-15,Terrestrial Ecoprovinces of Canada,Écoprovince terrestres du Canada,Data Product Specification (English),Spécifications du produit (Anglais),Agriculture and Agri-Food Canada , Agriculture et Agroalimentaire Canada
"Aug 2, 2026",4.0,9a37b089-542e-43de-b445-147d81ff60e2,532bd8e5-06c3-4b55-9178-f57934b9e2b6,2016-09-25,2017-01-30,2017-01-30,Cadastral Information for Indian Settlement Of Grand-lac Victoria,Information cadastrale pour Établissement Indien de Grand-lac Victoria,Download DWG file through FTP,Téléchargez le fichier DWG via FTP,Natural Resources Canada , Ressources naturelles Canada
"Aug 1, 2026",1.0,9a916ae8-6088-4732-b467-dba6688636a1,No resource,2021-01-27,2021-01-27,2026-06-17,Number of Youth who Re-offend,Nombre de jeunes qui récidivent,No resources covered,Aucune ressource couverte,Government of Ontario , Gouvernement de l'Ontario
"Aug 2, 2026",1.0,9addf54a-7148-459f-b785-0e240414ef7f,a7f7e890-1ef9-4dd8-96b2-73c7bfa54f10,2022-12-09,2022-12-09,2024-11-20,Algorithmic Impact Assessment Results - Mental Health Benefit,Résultats de l'évaluation de l'incidence algorithmique - Avantages pour la santé mentale,Algorithmic Impact Assessment Results - Mental Health Benefit,Résultats de l'évaluation de l'incidence algorithmique - Avantages pour la santé mentale,Veterans Affairs Canada , Anciens Combattants Canada
"Aug 1, 2026",1.0,9ae4eb3f-8b65-47f5-98be-57f536db9ac7,No resource,2021-01-27,2021-01-27,2026-07-08,Ontario Guaranteed Annual Income System benefit rates,Taux de prestations du Régime de revenu annuel garanti de l’Ontario,No resources covered,Aucune ressource couverte,Government of Ontario , Gouvernement de l'Ontario
"Aug 3, 2026",1.0,9afa346b-dbd8-44e8-997f-9764168f117b,db6a9384-03d8-4f72-9f15-ac505733d41f,2021-03-25,2025-10-29,2025-10-29,"Number of students in elementary and secondary schools, by school type and program type","Nombre d'élèves dans les écoles primaires et secondaires, selon le type d'école et le type de programme",Dataset,Ensembles de données,Statistics Canada , Statistique Canada
"Aug 2, 2026",1.0,9b34e712-513f-44e9-babf-9df4f7256550,07139405-03f0-40f8-8dbc-bc6025fce2ab,2017-04-12,2017-04-12,2024-08-30,Operational Processing – Monthly IRCC Updates,Traitement des demandes d’immigration – Mises à jour mensuelles d’IRCC,Source Countries - Authorizations and Visas Issued for Permanent Residents by Month,"Pays d'origine - Autorisations et visas délivrés pour les résidents permanents, selon le mois","Immigration, Refugees and Citizenship Canada "," Immigration, Réfugiés et Citoyenneté Canada"
"Aug 2, 2026",2.0,9b34e712-513f-44e9-babf-9df4f7256550,3c3e4213-81e2-4515-971d-eae1f8985617,2017-04-12,2017-04-12,2024-08-30,Operational Processing – Monthly IRCC Updates,Traitement des demandes d’immigration – Mises à jour mensuelles d’IRCC,Source Countries - Visitor Visas (V-1 Counterfoil Only) Approved by Month,"Pays d'origine – Demandes de visas de visiteur (vignette V-1 seulement) approuvées, selon le mois","Immigration, Refugees and Citizenship Canada "," Immigration, Réfugiés et Citoyenneté Canada"
"Aug 1, 2026",1.0,9b34e712-513f-44e9-babf-9df4f7256550,5c8f8ab6-4e1b-4346-a2e2-e55b5e1abbad,2017-04-12,2017-04-12,2024-08-30,Operational Processing – Monthly IRCC Updates,Traitement des demandes d’immigration – Mises à jour mensuelles d’IRCC,Source Countries - New Applications and Extensions Approved for Temporary Residents by Month,"Pays d'origine -  Demandes de nouveaux visas, permis et extensions approuvés pour résidents temporaires, selon le mois ","Immigration, Refugees and Citizenship Canada "," Immigration, Réfugiés et Citoyenneté Canada"
"Aug 1, 2026",1.0,9b34e712-513f-44e9-babf-9df4f7256550,966285a7-88f7-43f1-9fe5-030fcb92397b,2017-04-12,2017-04-12,2025-10-21,Operational Processing – Monthly IRCC Updates,Traitement des demandes d’immigration – Mises à jour mensuelles d’IRCC,Source Countries (Country of Birth) - New Canadian Citizens by Month,Pays d'origine (pays de naissance) – Attributions de la citoyenneté selon le mois,"Immigration, Refugees and Citizenship Canada "," Immigration, Réfugiés et Citoyenneté Canada"
"Aug 1, 2026",1.0,9b34e712-513f-44e9-babf-9df4f7256550,No resource,2017-04-12,2017-04-12,2026-07-21,Operational Processing – Monthly IRCC Updates,Traitement des demandes d’immigration – Mises à jour mensuelles d’IRCC,No resources covered,Aucune ressource couverte,"Immigration, Refugees and Citizenship Canada "," Immigration, Réfugiés et Citoyenneté Canada"
"Aug 3, 2026",5.0,9b34e712-513f-44e9-babf-9df4f7256550,No resource,2017-04-12,2017-04-12,2026-07-21,Operational Processing – Monthly IRCC Updates,Traitement des demandes d’immigration – Mises à jour mensuelles d’IRCC,No resources covered,Aucune ressource couverte,"Immigration, Refugees and Citizenship Canada "," Immigration, Réfugiés et Citoyenneté Canada"
"Aug 1, 2026",1.0,9b34e712-513f-44e9-babf-9df4f7256550,a707bdc3-6278-497a-bcf7-971c171ea47e,2017-04-12,2017-04-12,2024-08-30,Operational Processing – Monthly IRCC Updates,Traitement des demandes d’immigration – Mises à jour mensuelles d’IRCC,Source Countries - Applications Received for Temporary Residents by Month,"Pays d’origine – Demandes de résidence temporaire reçues, selon le mois","Immigration, Refugees and Citizenship Canada "," Immigration, Réfugiés et Citoyenneté Canada"
"Aug 3, 2026",1.0,9b34e712-513f-44e9-babf-9df4f7256550,a707bdc3-6278-497a-bcf7-971c171ea47e,2017-04-12,2017-04-12,2024-08-30,Operational Processing – Monthly IRCC Updates,Traitement des demandes d’immigration – Mises à jour mensuelles d’IRCC,Source Countries - Applications Received for Temporary Residents by Month,"Pays d’origine – Demandes de résidence temporaire reçues, selon le mois","Immigration, Refugees and Citizenship Canada "," Immigration, Réfugiés et Citoyenneté Canada"
"Aug 1, 2026",1.0,9b34e712-513f-44e9-babf-9df4f7256550,c294b584-bee1-4fc2-b02e-cef8601816ab,2017-04-12,2017-04-12,2024-08-30,Operational Processing – Monthly IRCC Updates,Traitement des demandes d’immigration – Mises à jour mensuelles d’IRCC,Source Countries - Applications Finalized for New Study Permit Applications by Month,"Pays d'origine – Demandes de nouveaux permis d’études finalisées, selon le mois","Immigration, Refugees and Citizenship Canada "," Immigration, Réfugiés et Citoyenneté Canada"
"Aug 3, 2026",1.0,9b34e712-513f-44e9-babf-9df4f7256550,c294b584-bee1-4fc2-b02e-cef8601816ab,2017-04-12,2017-04-12,2024-08-30,Operational Processing – Monthly IRCC Updates,Traitement des demandes d’immigration – Mises à jour mensuelles d’IRCC,Source Countries - Applications Finalized for New Study Permit Applications by Month,"Pays d'origine – Demandes de nouveaux permis d’études finalisées, selon le mois","Immigration, Refugees and Citizenship Canada "," Immigration, Réfugiés et Citoyenneté Canada"
"Aug 1, 2026",1.0,9b34e712-513f-44e9-babf-9df4f7256550,fdc69618-dd90-4f38-b040-3046ee6657db,2017-04-12,2017-04-12,2024-08-30,Operational Processing – Monthly IRCC Updates,Traitement des demandes d’immigration – Mises à jour mensuelles d’IRCC,Source Countries - Applications Received for Permanent Residency by Month,"Pays d’origine – Applications reçues en vue de la résidence permanente, selon le mois","Immigration, Refugees and Citizenship Canada "," Immigration, Réfugiés et Citoyenneté Canada"
"Aug 2, 2026",1.0,9b34e712-513f-44e9-babf-9df4f7256550,fdc69618-dd90-4f38-b040-3046ee6657db,2017-04-12,2017-04-12,2024-08-30,Operational Processing – Monthly IRCC Updates,Traitement des demandes d’immigration – Mises à jour mensuelles d’IRCC,Source Countries - Applications Received for Permanent Residency by Month,"Pays d’origine – Applications reçues en vue de la résidence permanente, selon le mois","Immigration, Refugees and Citizenship Canada "," Immigration, Réfugiés et Citoyenneté Canada"
"Aug 3, 2026",2.0,9b34e712-513f-44e9-babf-9df4f7256550,fdc69618-dd90-4f38-b040-3046ee6657db,2017-04-12,2017-04-12,2024-08-30,Operational Processing – Monthly IRCC Updates,Traitement des demandes d’immigration – Mises à jour mensuelles d’IRCC,Source Countries - Applications Received for Permanent Residency by Month,"Pays d’origine – Applications reçues en vue de la résidence permanente, selon le mois","Immigration, Refugees and Citizenship Canada "," Immigration, Réfugiés et Citoyenneté Canada"
"Aug 1, 2026",4.0,9c52df44-7a34-4a73-a92a-5e3b20de6c73,No resource,2016-12-16,2016-12-16,2024-12-16,"Field data for the mapping of the Lake St. Pierre wetlands (St. Lawrence River), 2012","Données de terrain pour la cartographie des milieux humides du lac Saint-Pierre (fleuve Saint-Laurent), 2012",No resources covered,Aucune ressource couverte,Environment and Climate Change Canada , Environnement et Changement climatique Canada
"Aug 1, 2026",4.0,9cbaef00-b52c-4a70-9fed-d9aa8263ab74,No resource,2016-09-25,2016-09-25,2025-12-19,Canada Vigilance Adverse Reaction Online Database,Base de données en ligne des effets indésirables de Canada Vigilance - Version française,No resources covered,Aucune ressource couverte,Health Canada , Santé Canada
"Aug 1, 2026",1.0,9d57ee67-9507-53b1-b018-0ef19ed3dc5c,No resource,2016-09-25,2016-09-25,2022-03-14,Distribution of Population - 1951,Répartition de la population en 1951,No resources covered,Aucune ressource couverte,Natural Resources Canada , Ressources naturelles Canada
"Aug 3, 2026",1.0,9d8f219c-4df0-4481-926f-8a2a532ca003,No resource,2020-09-14,2020-09-14,2026-07-29,Forest fires,Feux de forêt,No resources covered,Aucune ressource couverte,Government and Municipalities of Québec , Gouvernement et municipalités du Québec
"Aug 3, 2026",1.0,9e11e114-ef0d-4814-8d93-24af23716489,5dec5e72-eb4b-401d-8777-39086b15db69,2019-12-17,2026-01-05,2026-01-05,Wastewater Systems Effluent Regulations Reported Data,Données déclarées en vertu du Règlement sur les effluents des systèmes d’assainissement des eaux usées,Resaeu-Wser-identification.csv,Resaeu-Wser-identification.csv,Environment and Climate Change Canada , Environnement et Changement climatique Canada
"Aug 3, 2026",1.0,9e11e114-ef0d-4814-8d93-24af23716489,f42788d0-8c6b-436c-b026-0808e32cf837,2019-12-17,2026-01-05,2026-01-05,Wastewater Systems Effluent Regulations Reported Data,Données déclarées en vertu du Règlement sur les effluents des systèmes d’assainissement des eaux usées,Resaeu-Wser-unitaires-combined.xlsx,Resaeu-Wser-unitaires-combined.xlsx,Environment and Climate Change Canada , Environnement et Changement climatique Canada
"Aug 3, 2026",1.0,9e1507cd-f25c-4c64-995b-6563bf9d65bd,No resource,2017-03-29,2017-03-29,2022-07-22,National Parks and National Park Reserves of Canada Legislative Boundaries,Limites législatives des parcs nationaux et des réserves à vocation de parc national du Canada,No resources covered,Aucune ressource couverte,Natural Resources Canada , Ressources naturelles Canada
"Aug 3, 2026",1.0,9e5211c8-c11f-4ebe-a7b2-65a6799a6032,1f498a66-a03d-4214-910b-bd8b902c5a9c,2023-03-14,2023-03-14,2024-11-20,National Chemical Residue Monitoring Program and Chemistry Food Safety Oversight Program Annual Report 2019-2020,Rapport annuel du Programme national de surveillance des résidus chimiques et Programme de surveillance de la salubrité des aliments 2019-2020,Annex B1 of 2019-2020 NCRMP Report FR,Annex B1 of 2019-2020 NCRMP Report FR,Canadian Food Inspection Agency , Agence canadienne d'inspection des aliments
"Aug 3, 2026",1.0,9e5211c8-c11f-4ebe-a7b2-65a6799a6032,2e1a1da2-bbd1-433a-b285-0ff9c5da19f7,2023-03-14,2023-03-14,2024-11-20,National Chemical Residue Monitoring Program and Chemistry Food Safety Oversight Program Annual Report 2019-2020,Rapport annuel du Programme national de surveillance des résidus chimiques et Programme de surveillance de la salubrité des aliments 2019-2020,Annex B2 of 2019-2020 NCRMP Report FR,Annex B2 of 2019-2020 NCRMP Report FR,Canadian Food Inspection Agency , Agence canadienne d'inspection des aliments
"Aug 3, 2026",1.0,9e5211c8-c11f-4ebe-a7b2-65a6799a6032,429afd5d-4e72-4178-8588-9233e6f78269,2023-03-14,2023-03-14,2024-11-20,National Chemical Residue Monitoring Program and Chemistry Food Safety Oversight Program Annual Report 2019-2020,Rapport annuel du Programme national de surveillance des résidus chimiques et Programme de surveillance de la salubrité des aliments 2019-2020,Annex B5 of 2019-2020 NCRMP Report FR,Annex B5 of 2019-2020 NCRMP Report FR,Canadian Food Inspection Agency , Agence canadienne d'inspection des aliments
"Aug 3, 2026",1.0,9e5211c8-c11f-4ebe-a7b2-65a6799a6032,738f0dba-efe9-4dea-8354-dd7e84bf5403,2023-03-14,2023-03-14,2024-11-20,National Chemical Residue Monitoring Program and Chemistry Food Safety Oversight Program Annual Report 2019-2020,Rapport annuel du Programme national de surveillance des résidus chimiques et Programme de surveillance de la salubrité des aliments 2019-2020,Annex B3 of 2019-2020 NCRMP Report FR,Annex B3 of 2019-2020 NCRMP Report FR,Canadian Food Inspection Agency , Agence canadienne d'inspection des aliments
"Aug 3, 2026",1.0,9e5211c8-c11f-4ebe-a7b2-65a6799a6032,a4a6934a-2c8c-4dab-b893-5b72c303eab4,2023-03-14,2023-03-14,2024-11-20,National Chemical Residue Monitoring Program and Chemistry Food Safety Oversight Program Annual Report 2019-2020,Rapport annuel du Programme national de surveillance des résidus chimiques et Programme de surveillance de la salubrité des aliments 2019-2020,Annex B4 of 2019-2020 NCRMP Report FR,Annex B4 of 2019-2020 NCRMP Report FR,Canadian Food Inspection Agency , Agence canadienne d'inspection des aliments
"Aug 3, 2026",1.0,9e5211c8-c11f-4ebe-a7b2-65a6799a6032,a9265153-af6d-4f4a-8db0-0ad5cf045e77,2023-03-14,2023-03-14,2026-07-20,National Chemical Residue Monitoring Program and Chemistry Food Safety Oversight Program Annual Report 2019-2020,Rapport annuel du Programme national de surveillance des résidus chimiques et Programme de surveillance de la salubrité des aliments 2019-2020,Supplemental Information for NCRMP Appendix B,Supplemental Information for NCRMP Appendix B,Canadian Food Inspection Agency , Agence canadienne d'inspection des aliments
"Aug 3, 2026",2.0,9e5211c8-c11f-4ebe-a7b2-65a6799a6032,e595f0c5-ea04-41d3-8a64-3dfda4e865a9,2023-03-14,2023-03-14,2024-11-20,National Chemical Residue Monitoring Program and Chemistry Food Safety Oversight Program Annual Report 2019-2020,Rapport annuel du Programme national de surveillance des résidus chimiques et Programme de surveillance de la salubrité des aliments 2019-2020,Annex B6 of 2019-2020 NCRMP Report FR,Annex B6 of 2019-2020 NCRMP Report FR,Canadian Food Inspection Agency , Agence canadienne d'inspection des aliments
"Aug 3, 2026",1.0,9e5211c8-c11f-4ebe-a7b2-65a6799a6032,ef2603d7-81d8-4d1c-87c2-c3ac68238a9a,2023-03-14,2023-03-14,2024-11-20,National Chemical Residue Monitoring Program and Chemistry Food Safety Oversight Program Annual Report 2019-2020,Rapport annuel du Programme national de surveillance des résidus chimiques et Programme de surveillance de la salubrité des aliments 2019-2020,Annex B7 of 2019-2020 NCRMP Report FR,Annex B7 of 2019-2020 NCRMP Report FR,Canadian Food Inspection Agency , Agence canadienne d'inspection des aliments
"Aug 2, 2026",1.0,9e5bfa62-2339-445e-bf67-81657180c682,14048934-dd34-443b-9aae-270d3d0683dd,2020-06-05,2026-01-28,2026-01-28,Forest Tenure Road Segment Lines,Lignes de tronçon de route liées à la tenure forestière,FTEN_ROAD_SEGMENT_LINES_SVW,FTEN_ROAD_SEGMENT_LINES_SVW,Government of British Columbia , Gouvernment de la Colombie-Britannique
"Aug 1, 2026",1.0,9f9595ee-c5a2-4bcc-8ada-97a2c8ef0394,No resource,2018-06-27,2018-06-27,2023-01-17,"Provincial gross domestic product (GDP), income-based, provincial economic accounts, annual, 1961 - 1980","Produit intérieur brut provincial (PIB), en termes de revenus, comptes économiques provinciaux, annuel, 1961 - 1980",No resources covered,Aucune ressource couverte,Statistics Canada , Statistique Canada
"Aug 1, 2026",1.0,a01d8483-04d4-4428-8ad4-16949f91fe75,No resource,2025-07-09,2025-07-09,2026-07-24,Landscape of museum collections online,Panorama des collections muséales en ligne,No resources covered,Aucune ressource couverte,Canadian Heritage , Patrimoine canadien
"Aug 3, 2026",3.0,a0acfce7-52ba-599a-9870-1cfccd9dae03,No resource,2016-09-25,2016-09-25,2022-03-14,Railways,Chemins de fer,No resources covered,Aucune ressource couverte,Natural Resources Canada , Ressources naturelles Canada
"Aug 3, 2026",1.0,a0acfce7-52ba-599a-9870-1cfccd9dae03,a3a3605f-504a-449d-8e39-d6c5614e0f4c,2016-09-25,2017-05-26,2017-05-26,Railways,Chemins de fer,Download the English PDF through HTTP,Télécharger le fichier en format PDF Anglais via HTTP,Natural Resources Canada , Ressources naturelles Canada
"Aug 2, 2026",1.0,a0bd9999-600e-48ad-a186-310dfe135b28,371681b4-1835-4e1e-8dd4-11c97d465835,2016-09-25,2022-08-25,2022-08-25,Canada Lands in Google Earth,Les terres du Canada dans Google Earth,Download KML (English) file through HTTP,Téléchargez le fichier KML (anglais) via HTTP,Natural Resources Canada , Ressources naturelles Canada
"Aug 3, 2026",2.0,a0bd9999-600e-48ad-a186-310dfe135b28,371681b4-1835-4e1e-8dd4-11c97d465835,2016-09-25,2022-08-25,2022-08-25,Canada Lands in Google Earth,Les terres du Canada dans Google Earth,Download KML (English) file through HTTP,Téléchargez le fichier KML (anglais) via HTTP,Natural Resources Canada , Ressources naturelles Canada
"Aug 3, 2026",1.0,a0bd9999-600e-48ad-a186-310dfe135b28,No resource,2016-09-25,2016-09-25,2022-08-25,Canada Lands in Google Earth,Les terres du Canada dans Google Earth,No resources covered,Aucune ressource couverte,Natural Resources Canada , Ressources naturelles Canada
"Aug 3, 2026",1.0,a0c06e00-2de1-bdb8-3b88-960df109a16c,719c8bb5-bb90-41eb-ac3f-54b8f9491eca,2022-04-14,2026-03-18,2026-03-18,Short-Term Accommodations Registry Data,Données du registre des logements de courte durée,Short-Term Accommodations Registry Data (CSV),Données du registre des logements de courte durée (CSV),Government of Nova Scotia , Gouvernment de la Nouvelle-Écosse
"Aug 3, 2026",1.0,a117deee-5e8e-4872-81b7-dac1a38bdc26,No resource,2025-05-14,2025-05-14,2025-10-15,Potential Development Areas Recommended by the Committee for the Regional Assessment of Offshore Wind Development in Nova Scotia,Les zones d’exploitation potentielle recommandées par le Comité chargé de l’évaluation régionale de l’exploitation de l’énergie éolienne extracôtière en Nouvelle-Écosse,No resources covered,Aucune ressource couverte,Impact Assessment Agency of Canada , Agence d'évaluation d'impact du Canada
"Aug 1, 2026",1.0,a188a39e-38cb-491b-95fb-9793b1b9083b,No resource,2023-05-08,2023-05-08,2026-07-22,"Number, percentage and rate of homicide victims, by racialized identity group, gender and region","Nombre, pourcentage et taux de victimes d'homicide, selon le groupe d'identité racisée, le genre et la région",No resources covered,Aucune ressource couverte,Statistics Canada , Statistique Canada
"Aug 2, 2026",2.0,a1acb126-9ce8-40a9-b889-5da2b1dd20cb,643c2420-0944-4a76-a455-e20da6493b4c,2023-04-27,2026-04-01,2026-08-03,CanadaBuys award notices,Avis d'attribution d'AchatsCanada,"Award notices, 2026-2027","Avis d’attribution, 2026-2027",Public Services and Procurement Canada , Services publics et Approvisionnement Canada
"Aug 3, 2026",3.0,a1acb126-9ce8-40a9-b889-5da2b1dd20cb,643c2420-0944-4a76-a455-e20da6493b4c,2023-04-27,2026-04-01,2026-08-03,CanadaBuys award notices,Avis d'attribution d'AchatsCanada,"Award notices, 2026-2027","Avis d’attribution, 2026-2027",Public Services and Procurement Canada , Services publics et Approvisionnement Canada
"Aug 2, 2026",1.0,a1acb126-9ce8-40a9-b889-5da2b1dd20cb,No resource,2023-04-27,2023-04-27,2026-08-03,CanadaBuys award notices,Avis d'attribution d'AchatsCanada,No resources covered,Aucune ressource couverte,Public Services and Procurement Canada , Services publics et Approvisionnement Canada
"Aug 3, 2026",1.0,a1bcd4ee-8e57-499b-9c6f-94f6902fdf32,No resource,2020-05-11,2020-05-11,2022-03-02,Open Database of Healthcare Facilities,Base de données ouvertes sur les établissements de santé,No resources covered,Aucune ressource couverte,Statistics Canada , Statistique Canada
"Aug 3, 2026",1.0,a1bcd4ee-8e57-499b-9c6f-94f6902fdf32,a65aac21-7646-4e92-a619-356628efd669,2020-05-11,2022-03-02,2022-03-02,Open Database of Healthcare Facilities,Base de données ouvertes sur les établissements de santé,Open Database of Health Facilities (ODHF) - Raw data,Base de données ouvertes sur les établissements de santé (BDOES) - Donnée brute,Statistics Canada , Statistique Canada
"Aug 1, 2026",1.0,a1e18963-25dd-4219-a33f-1a38c4971250,No resource,2016-09-26,2016-09-26,2026-03-27,Oceans Act Marine Protected Areas,Zones de protection marines de la Loi sur les océans,No resources covered,Aucune ressource couverte,Fisheries and Oceans Canada , Pêches et Océans Canada
"Aug 3, 2026",1.0,a1e18963-25dd-4219-a33f-1a38c4971250,e08ed746-42fe-4384-ae74-14aef7418c58,2016-09-26,2026-03-27,2026-03-27,Oceans Act Marine Protected Areas,Zones de protection marines de la Loi sur les océans,Oceans Act Marine Protected Areas,Zones de protection marines de la Loi sur les océans,Fisheries and Oceans Canada , Pêches et Océans Canada
"Aug 1, 2026",1.0,a221e7a0-4f46-4be7-9c5a-e29de9a3447e,7caa154f-5a30-4e09-babb-25f612c24397,2023-04-06,2026-03-04,2026-03-04,Historical wildfire data : 2006 to 2025,Données historiques sur les feux de forêt : 2006 à 2025,Historical wildfire data dictionary : 2006 to 2025,Dictionnaire de données historiques sur les feux de forêt : 2006 à 2025,Government of Alberta , Gouvernement de l'Alberta
"Aug 1, 2026",1.0,a221e7a0-4f46-4be7-9c5a-e29de9a3447e,No resource,2023-04-06,2023-04-06,2026-03-04,Historical wildfire data : 2006 to 2025,Données historiques sur les feux de forêt : 2006 à 2025,No resources covered,Aucune ressource couverte,Government of Alberta , Gouvernement de l'Alberta
"Aug 1, 2026",1.0,a289fd54-060c-4a96-9fcf-b1c6e706426f,ecfd5baa-a095-4d0c-8358-95fee9aa36fe,2016-09-25,2016-12-01,2025-05-28,The Canadian Nutrient File: Nutrient Value of Some Common Foods (2008),Le Fichier canadien sur les éléments nutritifs – Livret Valeur nutritive de quleques aliments usuels (2008),The Canadian Nutrient File Nutrient Value of Some Common Foods booklet,Le Fichier canadien sur les éléments nutritifs – Livret Valeur nutritive de quleques aliments usuels,Health Canada , Santé Canada
"Aug 2, 2026",1.0,a2c4bdd0-d79c-5395-a857-2a06b4dd717c,No resource,2016-09-25,2016-09-25,2022-03-14,The Aging Population,Le vieillissement de la population,No resources covered,Aucune ressource couverte,Natural Resources Canada , Ressources naturelles Canada
"Aug 3, 2026",1.0,a2ea8989-2211-4d19-bc54-199dbd4c78ca,6b4ffc2c-6bb3-4ab8-893b-9b941bbb5c1c,2022-12-22,2022-12-22,2024-11-20,National Chemical Residue Monitoring Program and Chemistry Food Safety Oversight Program Annual Report 2018-2019,Rapport annuel du Programme national de surveillance des résidus chimiques et Programme de surveillance de la salubrité des aliments 2018-2019,Annex B1 of 2018-2019 NCRMP Report FR,Annex B1 of 2018-2019 NCRMP Report FR,Canadian Food Inspection Agency , Agence canadienne d'inspection des aliments
"Aug 1, 2026",2.0,a348c1d1-2392-4595-b5e2-c6a244a7e87f,No resource,2016-10-31,2016-10-31,2026-05-21,Civil Aviation Daily Occurrence Report System,Système de compte rendu quotidien des événements de l'Aviation civile,No resources covered,Aucune ressource couverte,Transport Canada , Transports Canada
"Aug 3, 2026",3.0,a348c1d1-2392-4595-b5e2-c6a244a7e87f,No resource,2016-10-31,2016-10-31,2026-05-21,Civil Aviation Daily Occurrence Report System,Système de compte rendu quotidien des événements de l'Aviation civile,No resources covered,Aucune ressource couverte,Transport Canada , Transports Canada
"Aug 3, 2026",1.0,a34ca173-45d1-4e49-932d-99d968ef415f,No resource,2018-06-27,2018-06-27,2026-01-09,Union status by industry,Situation syndicale selon l'industrie,No resources covered,Aucune ressource couverte,Statistics Canada , Statistique Canada
"Aug 1, 2026",1.0,a34eb330-7136-4f5e-9f5f-3ba41df58b06,No resource,2016-09-25,2016-09-25,2026-08-03,Monthly Communication Reports,Rapports mensuels de communications,No resources covered,Aucune ressource couverte,Office of the Commissioner of Lobbying of Canada , Commissariat au lobbying du Canada
"Aug 2, 2026",1.0,a34eb330-7136-4f5e-9f5f-3ba41df58b06,fb2843fb-f5a7-4e4c-92ea-004e65313fe9,2016-09-25,2016-11-02,2024-06-11,Monthly Communication Reports,Rapports mensuels de communications,Monthly Communication Reports,Rapports mensuels de communications,Office of the Commissioner of Lobbying of Canada , Commissariat au lobbying du Canada
"Aug 2, 2026",1.0,a35cf382-690c-4221-a971-cf0fd189a46f,64774bc1-c90a-4ae2-a3ac-d9b50673a895,2018-10-12,2018-10-29,2026-06-05,GC InfoBase - Open Datasets,InfoBase du GC - ensembles des données ouvertes,Departmental Plans and Departmental Results Reports – Expenditures and Full Time Equivalents (FTE) by Program and by Organization,Plans Ministériels et  Rapports sur les résultats ministériels – Dépenses et équivalents temps plein (ETP) par programme et par organisation,Treasury Board of Canada Secretariat , Secrétariat du Conseil du Trésor du Canada
"Aug 3, 2026",1.0,a4a5575d-e8e8-4410-bfc6-18e9361ffd3f,119e6bc6-6c10-4363-9b1f-d1cb20b4d7df,2020-09-14,2026-07-29,2026-07-29,Lakes and Rivers Database (LCE),Base de données des lacs et cours d'eau (LCE),Lakes and watercourses database,Base de données lacs et cours d'eau,Government and Municipalities of Québec , Gouvernement et municipalités du Québec
"Aug 2, 2026",1.0,a4a5575d-e8e8-4410-bfc6-18e9361ffd3f,No resource,2020-09-14,2020-09-14,2026-07-29,Lakes and Rivers Database (LCE),Base de données des lacs et cours d'eau (LCE),No resources covered,Aucune ressource couverte,Government and Municipalities of Québec , Gouvernement et municipalités du Québec
"Aug 2, 2026",1.0,a4b190fe-e090-4e6d-881e-b87956c07977,No resource,2017-04-28,2017-04-28,2022-11-07,National Hydro Network - NHN - GeoBase Series,Réseau hydro national - RHN - Série GéoBase,No resources covered,Aucune ressource couverte,Natural Resources Canada , Ressources naturelles Canada
"Aug 2, 2026",1.0,a4ccc194-c286-4615-86ad-35698313db6a,76b265c7-7118-450b-8c47-c8088ee0e5c2,2026-02-26,2026-02-26,2026-02-26,Bilateral Agreements Between Canada and Pakistan,Accords bilatéraux entre le Canada et le Pakistan,Air: Agreement between the Government of Canada and the Government of the Islamic Republic of Pakistan on Air Transport - 1996,Aérien : Accord sur le transport aérien entre le gouvernement du Canada et le gouvernement de la République islamique du Pakistan - 1996,Global Affairs Canada , Affaires mondiales Canada
"Aug 2, 2026",1.0,a4e73c9e-2024-5009-acb5-c6fa68ed8767,33ba20a1-d79e-40d7-9a60-21473e2d6d0a,2016-09-25,2017-01-26,2017-01-26,Newfoundland and Labrador Relief,"Terre-Neuve-et-Labrador, relief",Download Bilingual JPEG2000 through HTTP,Télécharger le fichier en format bilingue JPEG2000 via HTTP,Natural Resources Canada , Ressources naturelles Canada
"Aug 3, 2026",1.0,a56dfef1-ad07-4b21-9ef7-24a0c553a085,c8aabb01-540b-498c-ac73-fa4cdb0260cf,2020-09-14,2026-05-27,2026-05-27,Municipal zoning - Zones,Zonage municipal - Zones,Municipal zoning - Zones,Zonage municipal - Zones,Government and Municipalities of Québec , Gouvernement et municipalités du Québec
"Aug 3, 2026",2.0,a5cb7c3c-0371-4a20-ac9a-98fc4c3536bb,e0b83ef3-40d0-470b-90df-62699ab742d1,2023-12-22,2023-12-22,2024-11-21,National Chemical Residue Monitoring Program and Chemistry Food Safety Oversight Program Annual Report 2020 to 2021,Rapport annuel du Programme national de surveillance des résidus chimiques et Programme de surveillance de la salubrité des aliments 2020 au 2021,Appendix B1 of 2020-2021 NCRMP Report FR,Annexe B1 du Rapport PNSRC 2020-2021 FR,Canadian Food Inspection Agency , Agence canadienne d'inspection des aliments
"Aug 1, 2026",1.0,a6b1c845-e21d-5a9b-9710-8d8a4e695351,cd9c51c1-b7c1-4fd9-9af1-8e371556fd98,2016-09-25,2017-01-26,2017-01-26,"Depth, duration and frequency of point rainfall - 24-hour rainfall for 2-year, 5-year, 10 year and 25-year return periods","Hauteur, durée et fréquence des précipitaions ponctuelles - intervalle de 24 heures et périodes de récurrence de 2, 5, 10 et 25 ans",Download English PDF through HTTP,Télécharger le fichier en format Anglais PDF via HTTP,Natural Resources Canada , Ressources naturelles Canada
"Aug 1, 2026",1.0,a6ca7336-656c-4ca5-98d1-ceb9c9b6bfc9,386cd291-3442-47b0-885c-9ba73c745241,2018-06-27,2026-04-29,2026-04-29,"Income of individuals by age group, gender and income source, Canada, provinces and selected census metropolitan areas","Revenu des particuliers selon le groupe d'âge, le genre et la source de revenu, Canada, provinces et certaines régions métropolitaines de recensement",Dataset,Ensembles de données,Statistics Canada , Statistique Canada
"Aug 2, 2026",1.0,a6df1938-89f2-57d5-98c5-0b86fd4afa33,No resource,2016-09-25,2016-09-25,2022-03-14,Capital City Locations of Canada,Emplacement des capitales du Canada,No resources covered,Aucune ressource couverte,Natural Resources Canada , Ressources naturelles Canada
"Aug 3, 2026",1.0,a7119310-c5be-4a0b-8d1c-ab38947f5ae2,59db79ce-c0b2-4e08-ac90-654cbdb360a4,2024-06-26,2026-04-17,2026-04-17,BC Emergency Alert Archive,Archives des alertes d'urgence de la Colombie-Britannique,2025 BC Emergency Alert Details,Détails de l'alerte d'urgence 2025 en Colombie-Britannique,Government of British Columbia , Gouvernment de la Colombie-Britannique
"Aug 3, 2026",1.0,a7119310-c5be-4a0b-8d1c-ab38947f5ae2,c02a0849-976d-4623-9b20-23c99d5af9b6,2024-06-26,2026-04-17,2026-04-17,BC Emergency Alert Archive,Archives des alertes d'urgence de la Colombie-Britannique,2022 BC Emergency Alert Details,Détails de l'alerte d'urgence en Colombie-Britannique pour 2022,Government of British Columbia , Gouvernment de la Colombie-Britannique
"Aug 3, 2026",1.0,a7119310-c5be-4a0b-8d1c-ab38947f5ae2,cf7a67ee-cce3-472c-a2b4-1bd5ced1d14f,2024-06-26,2026-04-17,2026-04-17,BC Emergency Alert Archive,Archives des alertes d'urgence de la Colombie-Britannique,2024 BC Emergency Alert Details,Détails de l'alerte d'urgence 2024 en Colombie-Britannique,Government of British Columbia , Gouvernment de la Colombie-Britannique
"Aug 3, 2026",2.0,a7119310-c5be-4a0b-8d1c-ab38947f5ae2,fc383119-5541-40af-9373-46eb5d105db9,2024-06-26,2026-04-17,2026-04-17,BC Emergency Alert Archive,Archives des alertes d'urgence de la Colombie-Britannique,2023 BC Emergency Alert Details,Détails de l'alerte d'urgence 2023 en Colombie-Britannique,Government of British Columbia , Gouvernment de la Colombie-Britannique
"Aug 3, 2026",1.0,a715beb6-8606-9773-b88a-799092c4afa0,48bcb4d4-b5a2-4ae1-8f5a-ee37d85efd3f,2022-04-14,2025-09-24,2025-09-24,Nova Scotia Control Monuments,Monuments de contrôle de la Nouvelle-Écosse,Nova Scotia Control Monuments (CSV),Monuments de contrôle de la Nouvelle-Écosse (CSV),Government of Nova Scotia , Gouvernment de la Nouvelle-Écosse
"Aug 2, 2026",1.0,a75c3d6c-354d-436d-999d-431fb3a9de79,No resource,2016-09-25,2016-09-25,2026-01-06,Ontario Detailed Soil Survey,Levé pédologique détaillé de l'Ontario,No resources covered,Aucune ressource couverte,Agriculture and Agri-Food Canada , Agriculture et Agroalimentaire Canada
"Aug 2, 2026",3.0,a75c3d6c-354d-436d-999d-431fb3a9de79,be95e003-ebc0-45f4-953d-83629927e105,2016-09-25,2026-01-06,2026-01-06,Ontario Detailed Soil Survey,Levé pédologique détaillé de l'Ontario,Pre-packaged GeoPackage (GPKG) files,Fichiers GeoPackage (GPKG) préemballés,Agriculture and Agri-Food Canada , Agriculture et Agroalimentaire Canada
"Aug 2, 2026",1.0,a75c3d6c-354d-436d-999d-431fb3a9de79,cb80bcee-f856-4764-a188-4713c6e3fb1f,2016-09-25,2026-01-06,2026-01-06,Ontario Detailed Soil Survey,Levé pédologique détaillé de l'Ontario,Pre-packaged FGDB files,Fichiers FGDB préemballés,Agriculture and Agri-Food Canada , Agriculture et Agroalimentaire Canada
"Aug 1, 2026",1.0,a763088c-018d-48b7-bf47-3027a8c725b8,03e2c0aa-f3e7-43ec-96b1-bd3f200b91db,2020-11-27,2026-07-08,2026-07-08,Provincially licensed meat plants,Établissements de traitement des viandes détenant une licence provinciale,"Chicken, Fowl","Poulet, oiseaux de basse-cour",Government of Ontario , Gouvernement de l'Ontario
"Aug 1, 2026",1.0,a7dcb3a3-7519-497a-8d38-ef2376298f4f,f27bc68e-d1d2-4bfc-9be2-e42d5ad73c30,2020-11-02,2024-11-27,2024-11-27,"Shoreline mapping vector data in regions along Canada's east, west and north coasts, based on low-altitude helicopter videography in support of environmental emergency preparedness efforts","Données vectorielles de cartographie du littoral dans les régions le long de la côte est, ouest et nord du Canada, basées sur la vidéographie par hélicoptère à basse altitude à l'appui des efforts de préparation aux urgences environnementales",Symbology_Symbologie.jpg,Symbology_Symbologie.jpg,Environment and Climate Change Canada , Environnement et Changement climatique Canada
"Aug 1, 2026",1.0,a883eb14-0c0e-45c4-b8c4-b54c4a819edb,12c03de6-c3f7-4f5f-bb5c-d479f2332842,2016-11-22,2016-11-22,2016-11-22,"Provinces/Territories, Cartographic Boundary File - 2016 Census","Provinces / Territoires, Fichier des limites cartographiques - Recensement de 2016","Provinces/Territories, Cartographic Boundary File - 2016 Census","Provinces / Territoires, Fichier des limites cartographiques - Recensement de 2016",Statistics Canada , Statistique Canada
"Aug 2, 2026",1.0,a883eb14-0c0e-45c4-b8c4-b54c4a819edb,12c03de6-c3f7-4f5f-bb5c-d479f2332842,2016-11-22,2016-11-22,2016-11-22,"Provinces/Territories, Cartographic Boundary File - 2016 Census","Provinces / Territoires, Fichier des limites cartographiques - Recensement de 2016","Provinces/Territories, Cartographic Boundary File - 2016 Census","Provinces / Territoires, Fichier des limites cartographiques - Recensement de 2016",Statistics Canada , Statistique Canada
"Aug 3, 2026",3.0,a883eb14-0c0e-45c4-b8c4-b54c4a819edb,12c03de6-c3f7-4f5f-bb5c-d479f2332842,2016-11-22,2016-11-22,2016-11-22,"Provinces/Territories, Cartographic Boundary File - 2016 Census","Provinces / Territoires, Fichier des limites cartographiques - Recensement de 2016","Provinces/Territories, Cartographic Boundary File - 2016 Census","Provinces / Territoires, Fichier des limites cartographiques - Recensement de 2016",Statistics Canada , Statistique Canada
"Aug 1, 2026",1.0,a883eb14-0c0e-45c4-b8c4-b54c4a819edb,1b0a85fc-272b-49c7-b165-b2ba380c48fe,2016-11-22,2016-11-22,2016-11-22,"Provinces/Territories, Cartographic Boundary File - 2016 Census","Provinces / Territoires, Fichier des limites cartographiques - Recensement de 2016","Provinces/Territories, Cartographic Boundary File - 2016 Census","Provinces / Territoires, Fichier des limites cartographiques - Recensement de 2016",Statistics Canada , Statistique Canada
"Aug 3, 2026",1.0,a883eb14-0c0e-45c4-b8c4-b54c4a819edb,1b0a85fc-272b-49c7-b165-b2ba380c48fe,2016-11-22,2016-11-22,2016-11-22,"Provinces/Territories, Cartographic Boundary File - 2016 Census","Provinces / Territoires, Fichier des limites cartographiques - Recensement de 2016","Provinces/Territories, Cartographic Boundary File - 2016 Census","Provinces / Territoires, Fichier des limites cartographiques - Recensement de 2016",Statistics Canada , Statistique Canada
"Aug 2, 2026",1.0,a883eb14-0c0e-45c4-b8c4-b54c4a819edb,No resource,2016-11-22,2016-11-22,2022-02-23,"Provinces/Territories, Cartographic Boundary File - 2016 Census","Provinces / Territoires, Fichier des limites cartographiques - Recensement de 2016",No resources covered,Aucune ressource couverte,Statistics Canada , Statistique Canada
"Aug 3, 2026",3.0,a883eb14-0c0e-45c4-b8c4-b54c4a819edb,No resource,2016-11-22,2016-11-22,2022-02-23,"Provinces/Territories, Cartographic Boundary File - 2016 Census","Provinces / Territoires, Fichier des limites cartographiques - Recensement de 2016",No resources covered,Aucune ressource couverte,Statistics Canada , Statistique Canada
"Aug 2, 2026",1.0,a99cec2f-472b-4c56-bfe3-e7fcdd1f2ad4,No resource,2018-04-12,2018-04-12,2024-11-21,Beaver Population - Bruce Peninsula,Population de castors - Bruce Peninsula,No resources covered,Aucune ressource couverte,Parks Canada , Parcs Canada
"Aug 3, 2026",1.0,a9e40f30-3229-4fb7-8105-83e751c848d4,No resource,2022-12-01,2022-12-01,2025-10-17,"Vehicle registrations, by type of vehicle and fuel type","Immatriculations de véhicules, par type de véhicule et type de carburant",No resources covered,Aucune ressource couverte,Statistics Canada , Statistique Canada
"Aug 3, 2026",1.0,ab0b3ace-537c-44f6-9c5c-4acbff5cf68d,8a20e4cf-9284-4d9a-8a84-c2ac84ce722e,2016-09-25,2025-09-02,2025-09-03,Annual Payments in Lieu of Taxes (PILT) paid to taxing authorities across Canada,Paiements en Remplacement d’Impôts (PERI) versés annuellement aux autorités taxatrices à travers le Canada,2024 Payments in Lieu of Taxes paid to taxing authorities across Canada,2024 Paiements en Remplacement d’Impôts aux autorités taxatrices à travers le Canada,Public Services and Procurement Canada , Services publics et Approvisionnement Canada
"Aug 2, 2026",1.0,ab48c63b-4143-4e62-8f36-831e31a2095d,ce8888b4-6fe1-41d4-ba2e-9b7e28fd199e,2020-11-27,2026-02-11,2026-02-11,Small Landfill Sites (Historical data),Petites décharges contrôlées (données historiques),Small Landfill Sites (Historical data),Petits sites d'enfouissement (données historiques),Government of Ontario , Gouvernement de l'Ontario
"Aug 1, 2026",1.0,ac3515d6-2753-47a5-8575-35be7d127f43,No resource,2024-01-17,2024-01-17,2026-07-29,Electric transmission lines,Lignes de transport électrique,No resources covered,Aucune ressource couverte,Government and Municipalities of Québec , Gouvernement et municipalités du Québec
"Aug 3, 2026",2.0,ac597ff8-ee13-48c3-b315-42e528090af2,f005d5b2-7a16-4022-af6e-1a0773cb07a1,2016-09-25,2025-11-07,2025-11-07,"Detailed information on Professional and Special Services, as per the Public Accounts of Canada","Information détaillée sur les Services professionnels et spéciaux, selon les Comptes publics du Canada",2025 - Professional and Special Services,2025 - Services professionnels et spéciaux,Public Services and Procurement Canada , Services publics et Approvisionnement Canada
"Aug 1, 2026",1.0,ac5c16b9-7f4b-4d84-dfe2-4d9d1118e685,No resource,2024-05-08,2024-05-08,2025-12-31,Provincial Day-use and Camping Park Entrances,Entrées des parcs de camping et de fréquentation diurne provinciaux,No resources covered,Aucune ressource couverte,Government of Nova Scotia , Gouvernment de la Nouvelle-Écosse
"Aug 3, 2026",1.0,ac988c2a-ce33-4e8e-bf64-2c052c50892f,caabbfe6-468a-45a7-aa5f-e98d8e6ce711,2024-11-27,2024-11-27,2026-02-19,Radionuclide Information Booklet,Livret d'information sur les radionucléides,Radionuclide Information Booklet,Livret d'information sur les radionucléides,Canadian Nuclear Safety Commission , Commission canadienne de sûreté nucléaire
"Aug 3, 2026",3.0,aca5e1de-c234-5372-b714-ae20300fb6ce,No resource,2016-09-25,2016-09-25,2022-03-14,Glacier Retreat,Recul des glaciers,No resources covered,Aucune ressource couverte,Natural Resources Canada , Ressources naturelles Canada
"Aug 3, 2026",2.0,ace77db4-1f4f-4db1-91bf-9cf8475d9dfc,f05a3ea8-5eea-4f24-8558-ed2f63a1a7c2,2023-04-13,2026-04-17,2026-04-17,Domestic and International Student Headcount by Economic Development Region and Institution,Translation of Domestic and International Student Headcount by Economic Development Region and Institution,Domestic_and_International_Student_Headcount_by_Economic_Development_Region_and_Institution,Translation of Domestic_and_International_Student_Headcount_by_Economic_Development_Region_and_Institution,Government of British Columbia , Gouvernment de la Colombie-Britannique
"Aug 3, 2026",1.0,ad4501bc-9625-42da-9106-0426a17f94b0,63aba855-bd32-400a-9493-74c385582fb0,2021-01-27,2026-04-17,2026-04-17,Aggregated tomato production and yields,Production et rendement des tomates,Aggregated tomato production and yields,Production et rendements agrégés de tomates,Government of Ontario , Gouvernement de l'Ontario
"Aug 3, 2026",1.0,ad4be3b8-ac97-4dc1-8dd8-231239d018f2,648c460b-e69b-4cdb-8aa9-f7264bdbd4fd,2022-12-16,2022-12-16,2024-11-20,Algorithmic Impact Assessment - Automation Tools to Help Process Privately Sponsored Refugee Applications,Évaluation d'incidence algorithmique  - Utilisation d’outils d’automatisation pour faciliter le traitement des demandes de réfugiés parrainés par le secteur privé,Algorithmic Impact Assessment - Automation Tools to help process privately sponsored refugee applications (English),Évaluation d'incidence algorithmique - Outils d’automatisation pour faciliter le traitement des demandes de réfugiés parrainés par le secteur privé (anglais),"Immigration, Refugees and Citizenship Canada "," Immigration, Réfugiés et Citoyenneté Canada"
"Aug 1, 2026",1.0,ad975a26-df23-456a-8ada-756191a23695,143c94fa-f40a-469c-8c53-4e9f421dc339,2016-09-25,2023-12-05,2024-11-21,Permanent Residents – Ad Hoc IRCC (Specialized Datasets),Résidents permanents – Ad Hoc IRCC (Ensembles de  données spécialisées),"British Columbia (Province of Intended Destination) – Admissions of Permanent Residents by Country of Citizenship and Census Metropolitan Area (CMA) of Intended Destination - Vancouver, 2013 – January to September 2023","Colombie-Britannique (Province de destination envisagé) - Admissions de résidents permanents par pays de citoyenneté et la région métropolitaine de recensement (RMR) - Vancouver, 2023 - janvier à septembre 2023","Immigration, Refugees and Citizenship Canada "," Immigration, Réfugiés et Citoyenneté Canada"
"Aug 3, 2026",1.0,ad975a26-df23-456a-8ada-756191a23695,No resource,2016-09-25,2016-09-25,2024-11-22,Permanent Residents – Ad Hoc IRCC (Specialized Datasets),Résidents permanents – Ad Hoc IRCC (Ensembles de  données spécialisées),No resources covered,Aucune ressource couverte,"Immigration, Refugees and Citizenship Canada "," Immigration, Réfugiés et Citoyenneté Canada"
"Aug 1, 2026",2.0,adad580f-76b0-4502-bd05-20c125de9116,9da94d63-b178-4a64-aeb3-b6a3bd721ad2,2018-01-22,2025-11-19,2025-11-19,Wages ,Salaires ,2025 Wages,Salaires de 2025,Employment and Social Development Canada , Emploi et Développement social Canada
"Aug 2, 2026",1.0,adad580f-76b0-4502-bd05-20c125de9116,9da94d63-b178-4a64-aeb3-b6a3bd721ad2,2018-01-22,2025-11-19,2025-11-19,Wages ,Salaires ,2025 Wages,Salaires de 2025,Employment and Social Development Canada , Emploi et Développement social Canada
"Aug 3, 2026",3.0,adad580f-76b0-4502-bd05-20c125de9116,9da94d63-b178-4a64-aeb3-b6a3bd721ad2,2018-01-22,2025-11-19,2025-11-19,Wages ,Salaires ,2025 Wages,Salaires de 2025,Employment and Social Development Canada , Emploi et Développement social Canada
"Aug 1, 2026",1.0,adad580f-76b0-4502-bd05-20c125de9116,No resource,2018-01-22,2018-01-22,2025-11-19,Wages ,Salaires ,No resources covered,Aucune ressource couverte,Employment and Social Development Canada , Emploi et Développement social Canada
"Aug 2, 2026",1.0,adad580f-76b0-4502-bd05-20c125de9116,No resource,2018-01-22,2018-01-22,2025-11-19,Wages ,Salaires ,No resources covered,Aucune ressource couverte,Employment and Social Development Canada , Emploi et Développement social Canada
"Aug 3, 2026",2.0,adad580f-76b0-4502-bd05-20c125de9116,No resource,2018-01-22,2018-01-22,2025-11-19,Wages ,Salaires ,No resources covered,Aucune ressource couverte,Employment and Social Development Canada , Emploi et Développement social Canada
"Aug 1, 2026",1.0,adda404d-93e4-48e9-b6bf-5d1d3952ff22,87a490bb-c318-4a7b-b174-884fd3c5c703,2026-04-07,2026-04-07,2026-04-07,Plant Hardiness Zones of Canada,Zones de rusticité des plantes au Canada,Plant Hardiness Zones of Canada (Static Map),Zones de rusticité des plantes au Canada (carte statique),Natural Resources Canada , Ressources naturelles Canada
"Aug 3, 2026",1.0,aeb68042-2d0a-4c55-8c09-2c700b74a812,8dc6928a-a13d-4356-af64-25cf9cd4fa5e,2025-07-16,2026-06-03,2026-06-03,B.C. Housing Affordability,Accessibilité du logement en Colombie-Britannique,"Housing Affordability for New Homeowners in B.C., Census Metropolitan Areas Quarterly Data 2026 Q1","L'abordabilité du logement pour les nouveaux propriétaires en Colombie-Britannique, données trimestrielles des régions métropolitaines de recensement, 1er trimestre 2026",Government of British Columbia , Gouvernment de la Colombie-Britannique
"Aug 2, 2026",1.0,af4842fd-562f-420d-9373-f68304bd9b0d,d4f22f7f-d6bf-4a93-85a8-d92601c61c14,2025-09-17,2026-05-20,2026-05-20,"Surficial Geology of Mount Haldane Map Area, Central Yukon (105M/13)","Géologie superficielle de la région cartographique du mont Haldane, centre du Yukon (105M/13)",Map,Carte,Government of Yukon , Gouvernement du Yukon
"Aug 3, 2026",1.0,afa8351f-2d07-49a1-a93c-311cdc021b59,No resource,2018-06-27,2018-06-27,2026-06-02,"Government of Canada direct and guaranteed securities and loans, Bank of Canada","Titres et emprunts émis ou garantis par le Gouvernement canadien, Banque du Canada",No resources covered,Aucune ressource couverte,Statistics Canada , Statistique Canada
"Aug 3, 2026",1.0,b0488a2e-e784-4b2d-aa88-3a4829b1d708,062e1ac9-62a6-40fb-90e6-2ab684a90295,2017-03-06,2018-11-09,2025-03-13,Defence Forms Catalogue Listing,Répertoire de formulaires de la Défense,Defence Forms Catalogue,Répertiore de formulaires de la Défense,National Defence , Défense nationale
"Aug 3, 2026",1.0,b0b96e35-b56c-4e6b-b17b-fd5164334483,de5a5969-70a5-4be0-ac52-c877b67050bf,2026-02-11,2026-02-11,2026-02-11,Summary of the Corporate Plan 2025-2026 to 2029-2030 - CDIC,Résumé du plan d’entreprise 2025-2026 à 2029-2030 - SADC,Summary of the Corporate Plan 2025-2026 to 2029-2030,Summary of the Corporate Plan 2025-2026 to 2029-2030,Canada Deposit Insurance Corporation , Société d'assurance-dépôts du Canada
"Aug 1, 2026",2.0,b0c4a8e1-bb44-4ea8-a389-a3a6b87573aa,No resource,2018-06-27,2018-06-27,2023-01-17,"Gross domestic product (GDP) indexes, 2002=100, annual, 1961 - 2011","Produit intérieur brut (PIB) indices, 2002=100, annuel, 1961 - 2011",No resources covered,Aucune ressource couverte,Statistics Canada , Statistique Canada
"Aug 2, 2026",1.0,b0e112e9-cf53-4e79-8838-23cd98debe5b,2a32dbcb-574c-4731-9a2a-cd01f5449802,2016-09-25,2025-12-10,2025-12-15,3-Year Employment Outlooks,Les perspectives d'emploi sur 3 ans,2025-2027 Employment Outlooks - NOC 2021,Les perspectives professionnelles 2025-2027 - CNP 2021,Employment and Social Development Canada , Emploi et Développement social Canada
"Aug 3, 2026",2.0,b0e112e9-cf53-4e79-8838-23cd98debe5b,No resource,2016-09-25,2016-09-25,2025-12-15,3-Year Employment Outlooks,Les perspectives d'emploi sur 3 ans,No resources covered,Aucune ressource couverte,Employment and Social Development Canada , Emploi et Développement social Canada
"Aug 2, 2026",1.0,b0e112e9-cf53-4e79-8838-23cd98debe5b,cb52e1d0-ab62-4357-91cc-d8f5a2114e02,2016-09-25,2025-12-10,2025-12-15,3-Year Employment Outlooks,Les perspectives d'emploi sur 3 ans,2025-2027 Employment Outlooks - NOC 2021,Les perspectives professionnelles 2025-2027 - CNP 2021,Employment and Social Development Canada , Emploi et Développement social Canada
"Aug 3, 2026",2.0,b1c2dffa-c2ba-4d0e-b803-a483eef0f579,b826943d-68e4-4423-8527-07fb7c46e1f5,2017-03-23,2024-02-15,2024-02-15,Drainage regions of Canada,Régions de drainage du Canada,File geodatabase (English),Fichier geodatabase (Anglais),Statistics Canada , Statistique Canada
"Aug 3, 2026",1.0,b1cbfd48-2e6d-491d-b0d5-61b69f332453,6b092a75-80f2-36cf-a1e4-69c927ee1cab,2026-07-24,2026-07-24,2026-07-24,IOS Tidal Package,Progiciel d'analyse et de prévision des marées,Original package Tidpack,Le progiciel d'origine Tidpack,Fisheries and Oceans Canada , Pêches et Océans Canada
"Aug 3, 2026",1.0,b2606c69-087d-4330-ad1d-122639b0cad0,c30bb254-6414-45d6-9864-c25ef215e3b1,2026-02-13,2026-02-13,2026-02-13,"Canadian Business Counts, with employees, census metropolitan areas and census subdivisions, December 2025","Nombre d'entreprises canadiennes, avec employés, régions métropolitaines de recensement et subdivisions de recensement, décembre 2025",Dataset,Ensembles de données,Statistics Canada , Statistique Canada
"Aug 2, 2026",1.0,b27ec3ef-7338-4e76-a6fd-128339a92df5,2282e8c7-f949-454d-9c34-b6a78d94b162,2025-05-29,2025-05-29,2026-07-02,Who we regulate,Entités réglementées,Who we regulate – private pension plans,Chercher un régime de retraite privé fédéral,Office of the Superintendent of Financial Institutions Canada , Bureau du surintendant des institutions financières Canada
"Aug 3, 2026",1.0,b27ec3ef-7338-4e76-a6fd-128339a92df5,6dbb49a7-5a7c-48a0-8d57-90e962c1c4c7,2025-05-29,2025-06-03,2025-06-04,Who we regulate,Entités réglementées,User manual,User manual,Office of the Superintendent of Financial Institutions Canada , Bureau du surintendant des institutions financières Canada
"Aug 1, 2026",13.0,b27ec3ef-7338-4e76-a6fd-128339a92df5,945045fa-2de0-47d4-aad2-144d69467824,2025-05-29,2025-05-29,2026-07-02,Who we regulate,Entités réglementées,Who we regulate financial institutions,Entités réglementées institutions financières  (Anglaise),Office of the Superintendent of Financial Institutions Canada , Bureau du surintendant des institutions financières Canada
"Aug 2, 2026",14.0,b27ec3ef-7338-4e76-a6fd-128339a92df5,945045fa-2de0-47d4-aad2-144d69467824,2025-05-29,2025-05-29,2026-07-02,Who we regulate,Entités réglementées,Who we regulate financial institutions,Entités réglementées institutions financières  (Anglaise),Office of the Superintendent of Financial Institutions Canada , Bureau du surintendant des institutions financières Canada
"Aug 3, 2026",35.0,b27ec3ef-7338-4e76-a6fd-128339a92df5,945045fa-2de0-47d4-aad2-144d69467824,2025-05-29,2025-05-29,2026-07-02,Who we regulate,Entités réglementées,Who we regulate financial institutions,Entités réglementées institutions financières  (Anglaise),Office of the Superintendent of Financial Institutions Canada , Bureau du surintendant des institutions financières Canada
"Aug 3, 2026",1.0,b27ec3ef-7338-4e76-a6fd-128339a92df5,9553d9c8-35c1-475e-bc4a-b53b98a1f551,2025-05-29,2025-05-29,2025-05-29,Who we regulate,Entités réglementées,List of pooled registered pension plans,List of pooled registered pension plans,Office of the Superintendent of Financial Institutions Canada , Bureau du surintendant des institutions financières Canada
"Aug 3, 2026",7.0,b27ec3ef-7338-4e76-a6fd-128339a92df5,No resource,2025-05-29,2025-05-29,2026-07-30,Who we regulate,Entités réglementées,No resources covered,Aucune ressource couverte,Office of the Superintendent of Financial Institutions Canada , Bureau du surintendant des institutions financières Canada
"Aug 3, 2026",1.0,b2acb3be-c720-4329-a8c0-d4d36c8db61e,2436c7a6-7ad4-45d2-abea-62de613e6ef0,2024-12-17,2024-12-17,2026-05-28,2022 List of charities,Liste des organismes de bienfaisance 2022,Financial data,Données financières,Canada Revenue Agency , Agence du revenu du Canada
"Aug 3, 2026",3.0,b2acb3be-c720-4329-a8c0-d4d36c8db61e,245cb6eb-f9bc-4eff-adc5-26131b6bed66,2024-12-17,2024-12-17,2026-05-28,2022 List of charities,Liste des organismes de bienfaisance 2022,Charities Businesses Directors/Officers,Directeurs/Officiers  ,Canada Revenue Agency , Agence du revenu du Canada
"Aug 1, 2026",1.0,b34089f5-9861-5c58-aaf7-f0475afa5418,No resource,2016-09-25,2016-09-25,2022-03-14,Atlantic Provinces,Provinces de l’Atlantique,No resources covered,Aucune ressource couverte,Natural Resources Canada , Ressources naturelles Canada
"Aug 1, 2026",1.0,b37e5d17-0180-4bd9-9c38-98f1845f6499,e7e8a322-d844-451b-9da6-ef028ab92433,2025-09-17,2026-05-20,2026-05-20,"Regional Stream Sediment and Water Geochemical Data, Frances Lake area, southeastern Yukon (NTS 105H)","Données géochimiques régionales sur les sédiments et l'eau des cours d'eau, région du lac Frances, sud-est du Yukon (NTS 105H)",data,données,Government of Yukon , Gouvernement du Yukon
"Aug 2, 2026",1.0,b3a1d603-19ca-466c-ae95-b5185e56addf,No resource,2017-10-18,2017-10-18,2023-11-12,Pseudo-Household Demographic Distribution,Distribution démographique pseudo-ménage,No resources covered,Aucune ressource couverte,"Innovation, Science and Economic Development Canada "," Innovation, Sciences et Développement économique Canada"
"Aug 3, 2026",1.0,b3a5f227-b9b3-4bb9-daeb-f38d7bbbf77b,512a7a1e-93af-4855-ac80-d57da1ba36a5,2022-05-03,2026-04-17,2026-04-17,Industry Specialization based on Business Locations by Functional Economic Regions,Translation of Industry Specialization based on Business Locations by Functional Economic Regions,Industry Specialization based on Business Locations by Functional Economic Regions (CSV),Translation of Industry Specialization based on Business Locations by Functional Economic Regions (CSV),Government of Nova Scotia , Gouvernment de la Nouvelle-Écosse
"Aug 1, 2026",1.0,b3b39fe5-13a9-48b2-a31c-b320f8e070e6,6feecd75-aaad-42b8-8a2a-e776617665be,2020-04-01,2026-02-25,2026-02-25,"Capital expenditures, infrastructure assets, by ownership and geography","Dépenses en immobilisations, infrastructures, selon le type de propriété et la géographie",Dataset,Ensembles de données,Statistics Canada , Statistique Canada
"Aug 3, 2026",1.0,b418df6f-c208-41eb-8b27-b0f9c8750d5a,No resource,2020-09-22,2020-09-22,2023-01-17,Time use of postsecondary faculty and researchers,Emploi du temps du corps professoral et des chercheurs au niveau postsecondaire,No resources covered,Aucune ressource couverte,Statistics Canada , Statistique Canada
"Aug 1, 2026",1.0,b579bb2a-8799-49d9-9aa4-dd55b8ccecf1,No resource,2020-04-02,2020-04-02,2026-04-29,Canadian Armed Forces Regular Force Francophone and Anglophone Officers and NCMs,Francophones et anglophones officiers et membres du rang de la Force régulière des Forces armées canadiennes,No resources covered,Aucune ressource couverte,National Defence , Défense nationale
"Aug 2, 2026",1.0,b5b01346-6a3f-a523-9f52-c61a52791356,81aba354-6569-43cf-8a07-d37f6a9b63d8,2022-05-03,2026-06-17,2026-06-17,Traffic Volumes - Provincial Highway System,Volumes de trafic - Réseau routier provincial,Traffic Volumes - Provincial Highway System (CSV),Volumes de trafic - Réseau routier provincial (CSV),Government of Nova Scotia , Gouvernment de la Nouvelle-Écosse
"Aug 1, 2026",5.0,b61755fd-824b-469d-b75c-3448e31deb89,No resource,2017-08-18,2017-08-18,2026-03-29,Canada Community Building Fund Municipal Allocations,Les allocations municipales aux fonds pour le développement des collectivités du Canada,No resources covered,Aucune ressource couverte,"Department of Housing, Infrastructure and Communities "," Ministère du Logement, de l’Infrastructure et des Collectivités"
"Aug 3, 2026",1.0,b61755fd-824b-469d-b75c-3448e31deb89,ebcda2f7-cd3e-4d79-8911-30f3f365db0f,2017-08-18,2017-08-18,2026-03-27,Canada Community Building Fund Municipal Allocations,Les allocations municipales aux fonds pour le développement des collectivités du Canada,CSV,CSV,"Department of Housing, Infrastructure and Communities "," Ministère du Logement, de l’Infrastructure et des Collectivités"
"Aug 1, 2026",1.0,b628f1da-9dc3-4bb1-9875-1470f891afb1,No resource,2020-09-14,2020-09-14,2026-07-29,Land boundaries of the Island of Montreal (archives),Limites terrestres de l'île de Montréal (archives),No resources covered,Aucune ressource couverte,Government and Municipalities of Québec , Gouvernement et municipalités du Québec
"Aug 3, 2026",1.0,b64650d4-19c5-58ab-bb0b-0988feb01982,No resource,2016-09-25,2016-09-25,2022-03-14,North America Watersheds,Bassins hydrographiques de l’Amérique du Nord,No resources covered,Aucune ressource couverte,Natural Resources Canada , Ressources naturelles Canada
"Aug 1, 2026",1.0,b6567c5c-8339-4055-99fa-63f92114d9e4,No resource,2016-09-26,2016-09-26,2026-04-14,First Nations Location,Localisation des Premières Nations,No resources covered,Aucune ressource couverte,Indigenous Services Canada , Services aux Autochtones Canada
"Aug 2, 2026",1.0,b6567c5c-8339-4055-99fa-63f92114d9e4,No resource,2016-09-26,2016-09-26,2026-04-14,First Nations Location,Localisation des Premières Nations,No resources covered,Aucune ressource couverte,Indigenous Services Canada , Services aux Autochtones Canada
"Aug 3, 2026",1.0,b6567c5c-8339-4055-99fa-63f92114d9e4,a999c304-2667-4a2b-9377-e5add1ef9bed,2016-09-26,2026-04-14,2026-04-14,First Nations Location,Localisation des Premières Nations,Data Dictionary - GPKG (in English),Dictionnaire de données - GPKG (en anglais),Indigenous Services Canada , Services aux Autochtones Canada
"Aug 3, 2026",1.0,b6cbcf4d-f763-4924-a2fb-8cc4a06e3de4,13d02e73-3e47-4d49-87dd-32269825e423,2017-04-12,2019-05-31,2025-09-22,Asylum Claimants – Monthly IRCC Updates,Demandeurs d’asile - Mises à jour mensuelles d’IRCC ,"[rounded numbers - not for calculations] Canada - Asylum Claimants by Claim Office Type, Province/Territory of Claim and Claim Year","[chiffres arrondis - pas pour calculs] Canada - Demandeurs d’asile selon le type du bureau de réception de la demande, la province / le territoire où la demande a été reçue et l'année à laquelle la demande a été reçue","Immigration, Refugees and Citizenship Canada "," Immigration, Réfugiés et Citoyenneté Canada"
"Aug 1, 2026",1.0,b6cbcf4d-f763-4924-a2fb-8cc4a06e3de4,46bee0ae-2abf-40f8-ab56-91ebe529a4ba,2017-04-12,2017-04-12,2025-08-22,Asylum Claimants – Monthly IRCC Updates,Demandeurs d’asile - Mises à jour mensuelles d’IRCC ,"Canada - Asylum Claimants by Province/Territory of Claim, Age and Claim Month","Canada - Demandeurs d’asile selon la province / le territoire où la demande a été reçue, l'âge et le mois à laquelle la demande a été reçue","Immigration, Refugees and Citizenship Canada "," Immigration, Réfugiés et Citoyenneté Canada"
"Aug 1, 2026",2.0,b6cbcf4d-f763-4924-a2fb-8cc4a06e3de4,No resource,2017-04-12,2017-04-12,2026-07-21,Asylum Claimants – Monthly IRCC Updates,Demandeurs d’asile - Mises à jour mensuelles d’IRCC ,No resources covered,Aucune ressource couverte,"Immigration, Refugees and Citizenship Canada "," Immigration, Réfugiés et Citoyenneté Canada"
"Aug 3, 2026",2.0,b6cbcf4d-f763-4924-a2fb-8cc4a06e3de4,No resource,2017-04-12,2017-04-12,2026-07-21,Asylum Claimants – Monthly IRCC Updates,Demandeurs d’asile - Mises à jour mensuelles d’IRCC ,No resources covered,Aucune ressource couverte,"Immigration, Refugees and Citizenship Canada "," Immigration, Réfugiés et Citoyenneté Canada"
"Aug 3, 2026",4.0,b6cbcf4d-f763-4924-a2fb-8cc4a06e3de4,bdac348b-7ea8-46a6-9cd8-47a449200728,2017-04-12,2019-05-31,2026-07-21,Asylum Claimants – Monthly IRCC Updates,Demandeurs d’asile - Mises à jour mensuelles d’IRCC ,"[rounded numbers - not for calculations] Canada - Asylum Claimants by Province/Territory of Claim, Age and Claim Year","[chiffres arrondis - pas pour calculs] Canada - Demandeurs d’asile selon la province / le territoire où la demande a été reçue, l'âge et l’année à laquelle la demande a été reçue","Immigration, Refugees and Citizenship Canada "," Immigration, Réfugiés et Citoyenneté Canada"
"Aug 3, 2026",1.0,b6cbcf4d-f763-4924-a2fb-8cc4a06e3de4,dfa7c6c7-6db3-49cd-a30a-1eac69183d37,2017-04-12,2017-04-12,2024-05-30,Asylum Claimants – Monthly IRCC Updates,Demandeurs d’asile - Mises à jour mensuelles d’IRCC ,"Canada - Asylum Claimants by Claim Office Type, Province / Territory of Claim and Claim Month","Canada - Demandeurs d’asile selon le type du bureau de réception de la demande, la province / le territoire où la demande a été reçue et le mois à laquelle la demande a été reçue","Immigration, Refugees and Citizenship Canada "," Immigration, Réfugiés et Citoyenneté Canada"
"Aug 2, 2026",1.0,b72f248c-2e08-4b37-9882-9360c8398bec,No resource,2021-01-27,2021-01-27,2026-04-17,List of provincial agencies,Liste des organismes provinciaux,No resources covered,Aucune ressource couverte,Government of Ontario , Gouvernement de l'Ontario
"Aug 3, 2026",1.0,b75f732b-5ae4-5f53-9ce3-ab7ed8f3851e,c7d39c5a-f1be-414a-9dc4-812534adbaae,2016-09-25,2017-05-26,2017-05-26,"Oil and Gas Fields, Pipelines and Processing Plants, 1970, Eastern Canada","Champs pétrolifères et champs à gaz naturel, pipe-lines et usines de traitement en 1970 – L’Est du Canada",Download the English JPG through HTTP,Télécharger le fichier en format JPG Anglais via HTTP,Natural Resources Canada , Ressources naturelles Canada
"Aug 1, 2026",1.0,b8001156-e2bb-48bb-bc32-dd99bb34e408,0edcee3a-7f44-449c-9b5c-f47219e3884f,2021-01-27,2026-02-25,2026-02-25,Tax credits and benefits – inflation adjustment,Crédits d’impôt et prestations – rajustement en fonction de l’inflation,Tax credits and benefits – inflation adjustment,Crédits d’impôt et prestations – rajustement en fonction de l’inflation,Government of Ontario , Gouvernement de l'Ontario
"Aug 1, 2026",1.0,b8001156-e2bb-48bb-bc32-dd99bb34e408,46806f79-6843-4d93-b4b7-c433bdc2423b,2021-01-27,2026-02-25,2026-02-25,Tax credits and benefits – inflation adjustment,Crédits d’impôt et prestations – rajustement en fonction de l’inflation,Tax credits and benefits – inflation adjustment,Crédits d’impôt et prestations – rajustement en fonction de l’inflation,Government of Ontario , Gouvernement de l'Ontario
"Aug 3, 2026",1.0,b82096d6-81a7-4db7-b042-11e173b078ae,1affd895-a64e-4ff6-aaf1-c572a28f2bf4,2025-06-10,2025-10-15,2025-10-15,Canada Basemap – Transportation (CBMT) – Vector Tile EPSG: 3978 (NAD83 Canada Atlas Lambert),Carte de base du Canada – Transport (CBCT) – tuiles vectorielles EPSG: 3978 (NAD83 Canada Atlas Lambert),CBMT Legend,Légende de la CBCT,Natural Resources Canada , Ressources naturelles Canada
"Aug 3, 2026",1.0,b82096d6-81a7-4db7-b042-11e173b078ae,No resource,2025-06-10,2025-06-10,2025-10-15,Canada Basemap – Transportation (CBMT) – Vector Tile EPSG: 3978 (NAD83 Canada Atlas Lambert),Carte de base du Canada – Transport (CBCT) – tuiles vectorielles EPSG: 3978 (NAD83 Canada Atlas Lambert),No resources covered,Aucune ressource couverte,Natural Resources Canada , Ressources naturelles Canada
"Aug 1, 2026",1.0,b8241e15-2872-4a63-9d36-3083d03e8474,5350611a-9b7c-4652-913c-73a3b853a84f,2022-09-12,2022-09-27,2022-09-27,Canadian Public Transit Systems,Systèmes de transport en commun canadiens,Data Sources,Sources des données,"Department of Housing, Infrastructure and Communities "," Ministère du Logement, de l’Infrastructure et des Collectivités"
"Aug 1, 2026",1.0,b8241e15-2872-4a63-9d36-3083d03e8474,f291c9a0-b41a-4c45-8468-097b7f9bbd92,2022-09-12,2022-09-27,2022-09-27,Canadian Public Transit Systems,Systèmes de transport en commun canadiens,Canadian Public Transit Systems,Systèmes de transport en commun canadiens,"Department of Housing, Infrastructure and Communities "," Ministère du Logement, de l’Infrastructure et des Collectivités"
"Aug 3, 2026",1.0,b917727a-e08d-46ac-a31d-0e21bec83e64,5ca08ade-3765-4da3-8165-a86947e3026c,2020-02-25,2026-03-16,2026-03-16,Forest Gross Stem Volume (2015),Volume brut de la tige (2015),CA_forest_gross_stem_volume_2015_NN.zip,CA_forest_gross_stem_volume_2015_NN.zip,Natural Resources Canada , Ressources naturelles Canada
"Aug 3, 2026",1.0,b9226e2b-4af5-4697-aea8-af493f940943,No resource,2020-06-09,2020-06-09,2026-05-25,"Quarterly balance sheet, income statement and selected financial ratios, by financial industries, non seasonally adjusted","Éléments du bilan et de l'état des résultats financiers trimestriel ainsi que certains ratios, selon les branches d'activité financières, données non désaisonnalisées",No resources covered,Aucune ressource couverte,Statistics Canada , Statistique Canada
"Aug 3, 2026",1.0,b9f3e088-b22a-405a-82dd-50ab4650dbd5,No resource,2020-09-22,2020-09-22,2023-01-17,Tenure status and average time to obtain tenure for university faculty and researchers,Statut de titulaire et durée moyenne d'obtention de la titularisation pour le corps professoral et chercheurs universitaires,No resources covered,Aucune ressource couverte,Statistics Canada , Statistique Canada
"Aug 1, 2026",1.0,b9f51ef4-4605-4ef2-8231-62a2edda1b54,7b301f1a-2a7a-48bd-9ea9-e0ac4a5313ed,2017-02-20,2017-02-20,2026-08-03,Proactive Disclosure - Hospitality Expenses,Divulgation des frais d'accueil ,Proactive Disclosure - Hospitality Expenses,Divulgation des frais d'accueil,Treasury Board of Canada Secretariat , Secrétariat du Conseil du Trésor du Canada
"Aug 2, 2026",1.0,b9f51ef4-4605-4ef2-8231-62a2edda1b54,No resource,2017-02-20,2017-02-20,2026-08-03,Proactive Disclosure - Hospitality Expenses,Divulgation des frais d'accueil ,No resources covered,Aucune ressource couverte,Treasury Board of Canada Secretariat , Secrétariat du Conseil du Trésor du Canada
"Aug 2, 2026",1.0,ba2645d5-4458-414d-b196-6303ac06c1c9,2742af46-118d-4cc1-b78f-b9eefce37165,2016-09-25,2025-11-05,2025-11-05,Annual Crop Inventory,Inventaire annuel des cultures,Data Product Specification (English),Spécifications du produit (Anglais),Agriculture and Agri-Food Canada , Agriculture et Agroalimentaire Canada
"Aug 1, 2026",1.0,ba4b40be-8f08-4910-b4ba-8557676a0c81,No resource,2019-11-18,2019-11-18,2025-12-09,"Activities of multinational enterprises in Canada, Canadian and foreign multinationals, by sector and industry","Activités des entreprises multinationales au Canada, multinationales canadiennes et étrangères, selon le secteur et l'industrie",No resources covered,Aucune ressource couverte,Statistics Canada , Statistique Canada
"Aug 3, 2026",1.0,bb048082-bc05-4588-b4f0-492b1f1b8737,a690056f-2c96-4e0e-9f74-8eb8331a5ac9,2024-04-29,2025-11-05,2025-11-05,Marine Conservation network sites for the Scotian Shelf-Bay of Fundy,Sites du réseau de conservation marine pour le plateau néo-écossais et de la baie de Fundy,ConservationNetwork_Shapefile2025,ReseauDeConservation_Shapefile2025,Fisheries and Oceans Canada , Pêches et Océans Canada
"Aug 2, 2026",2.0,bb66787c-9509-456d-bd72-5016abdf39c5,No resource,2018-06-27,2018-06-27,2026-07-31,"Daily average foreign exchange rates in Canadian dollars, Bank of Canada","Taux de change moyens quotidiens en dollars canadiens, Banque du Canada",No resources covered,Aucune ressource couverte,Statistics Canada , Statistique Canada
"Aug 3, 2026",1.0,bc95f65a-e349-4bea-9c63-bf200b89d967,43371e25-e357-4e45-8795-d277b8f8c911,2018-06-27,2023-01-17,2023-01-17,"Non-residential building construction price index, by class of structure, quarterly","Indice des prix de la construction de bâtiments non résidentiels, selon la catégorie de structure, trimestriel",Dataset,Ensembles de données,Statistics Canada , Statistique Canada
"Aug 3, 2026",1.0,bc95f65a-e349-4bea-9c63-bf200b89d967,5d252dbe-95db-490e-895f-6433dd388579,2018-06-27,2023-01-17,2023-01-17,"Non-residential building construction price index, by class of structure, quarterly","Indice des prix de la construction de bâtiments non résidentiels, selon la catégorie de structure, trimestriel",Dataset,Ensembles de données,Statistics Canada , Statistique Canada
"Aug 1, 2026",1.0,bcc15e72-fe46-4215-8de0-33951662465e,No resource,2023-04-05,2023-04-05,2026-05-27,Alberta Non-Profit Listing,Liste des organismes à but non lucratif,No resources covered,Aucune ressource couverte,Government of Alberta , Gouvernement de l'Alberta
"Aug 2, 2026",1.0,bcc45cfc-bfb3-4afd-b162-eb76dfd4e8a3,87e97f0a-5ecc-45ce-9803-6a4a3c0bc7f3,2024-08-28,2026-07-29,2026-07-29,Complaints received by the Consumer Protection Office,Plaintes reçues par l’Office de la protection du consommateur,Complaints received by the Consumer Protection Office,Plaintes reçues par l’Office de la protection du consommateur,Government and Municipalities of Québec , Gouvernement et municipalités du Québec
"Aug 3, 2026",1.0,bd6e7995-54c6-4e95-bd38-4c9afda69837,No resource,2022-03-14,2022-03-14,2025-05-12,Total number of Access and Privacy Requests Received and Closed,Nombre total de Demandes de Accès à l’information et Renseignements Personnels Reçues et Fermées,No resources covered,Aucune ressource couverte,National Defence , Défense nationale
"Aug 2, 2026",1.0,bd8b1c56-6fca-4baa-ab50-7c2b2674862f,No resource,2021-01-27,2021-01-27,2026-04-17,Aggregated pumpkin production and yields,Production et rendement des citrouilles,No resources covered,Aucune ressource couverte,Government of Ontario , Gouvernement de l'Ontario
"Aug 3, 2026",2.0,bd97f22f-4a38-5ec9-97e1-614451d76229,No resource,2016-09-25,2016-09-25,2022-03-14,Weather Stations and Forecast Regions,Stations météorologiques et régions de prévision du temps,No resources covered,Aucune ressource couverte,Natural Resources Canada , Ressources naturelles Canada
"Aug 1, 2026",1.0,bda8f884-5a24-1e35-b7ef-3d178d15ae3b,No resource,2022-05-03,2022-05-03,2026-06-17,Long-term Care Waitlist,Liste d'attente pour les soins de longue durée,No resources covered,Aucune ressource couverte,Government of Nova Scotia , Gouvernment de la Nouvelle-Écosse
"Aug 1, 2026",1.0,bdc81d33-1ab5-4882-9764-8701e8971bb7,No resource,2020-06-05,2020-06-05,2026-01-28,BC Indigenous Business Listings,Listes d'entreprises autochtones de la Colombie-Britannique,No resources covered,Aucune ressource couverte,Government of British Columbia , Gouvernment de la Colombie-Britannique
"Aug 3, 2026",1.0,be0165a8-ad5d-4adb-a27a-2d4117c3967c,6bcfa719-c1de-4600-bb7d-47aa1928d687,2019-10-03,2021-07-16,2021-07-16,"Topographic Data of Canada - CanVec 1:50,000, 1944-2013","Données topographiques du Canada - CanVec 1/50 000, 1944-2013","Canvec 1: 50,000 product index (Drag and drop the KMZ file in Google Earth to localize and download your region of interest",Index du produit Canvec 1/50 000  (Glisser le fichier kmz dans Google Earth pour localiser et télécharger la région d'intérêt),Natural Resources Canada , Ressources naturelles Canada
"Aug 3, 2026",1.0,be17cf1d-671b-43b6-9447-00ef1806fcc0,aab89949-5d44-4356-b834-f0dcf20ba8ed,2021-01-27,2026-06-10,2026-06-10,Operating grants to colleges and universities,Subventions de fonctionnement accordées aux collèges et aux universités,Operating grants to colleges||XLS,Operating grants to colleges||XLS,Government of Ontario , Gouvernement de l'Ontario
"Aug 2, 2026",1.0,be2f5020-a1e1-4e02-a12e-9874599c7dfe,aa37ab22-ae36-4bef-958f-5818149b9492,2022-03-17,2026-03-06,2026-03-06,"Balance sheet, income statement and taxation statistics with selected financial ratios, by non-financial industries","Éléments du bilan financier et des statistiques fiscales des entreprises, avec certains ratios financiers, pour les branches d'activités non financières",Dataset,Ensembles de données,Statistics Canada , Statistique Canada
"Aug 2, 2026",2.0,be36f85e-e419-4978-9c34-cb5795622595,55135d25-ca94-47aa-ac6e-18799bc67dda,2020-09-11,2026-07-22,2026-07-22,"List of early childhood centers (CPE), daycares and coordinating offices in operation","Liste des centres de la petite enfance (CPE), garderies et bureaux coordonnateurs en fonction",List of early childhood centers (CPE) and day care centers in operation,Liste des centres de la petite enfance (CPE) et des garderies en fonction,Government and Municipalities of Québec , Gouvernement et municipalités du Québec
"Aug 1, 2026",1.0,be851247-c896-4161-9e6e-c8f2ae667133,No resource,2021-09-08,2021-09-08,2026-06-17,Trade names of pesticides freely available to the customer (class 5),Noms commerciaux des pesticides librement accessibles au client (classe 5),No resources covered,Aucune ressource couverte,Government and Municipalities of Québec , Gouvernement et municipalités du Québec
"Aug 3, 2026",1.0,be8a6d8e-b712-4bde-aaa9-921afcbf2fbf,7778fafe-7e81-41d8-bedc-40c10feb0b5b,2023-05-08,2026-07-22,2026-07-22,"Crime severity index and weighted clearance rates, police services in Ontario","Indice de gravité de la criminalité et taux de classement pondéré, services de police en Ontario",Dataset,Ensembles de données,Statistics Canada , Statistique Canada
"Aug 1, 2026",1.0,bee2dd44-963c-4854-b72f-0a70b55964ab,No resource,2019-07-22,2019-07-22,2025-12-18,Canada US Crop Field Trial Regions,Zones des essais au champ des cultures du Canada et des É.-U.,No resources covered,Aucune ressource couverte,Agriculture and Agri-Food Canada , Agriculture et Agroalimentaire Canada
"Aug 2, 2026",2.0,beee0771-dab9-4be8-9b80-f8e8b3fdfd9d,58de6f86-6b29-4e55-8bad-4ce96a0ef055,2016-09-25,2016-11-03,2024-12-05,Infrastructure Canada Projects,Projets d'Infrastructure Canada,Project List,Liste de projets,"Department of Housing, Infrastructure and Communities "," Ministère du Logement, de l’Infrastructure et des Collectivités"
"Aug 3, 2026",1.0,beee0771-dab9-4be8-9b80-f8e8b3fdfd9d,58de6f86-6b29-4e55-8bad-4ce96a0ef055,2016-09-25,2016-11-03,2024-12-05,Infrastructure Canada Projects,Projets d'Infrastructure Canada,Project List,Liste de projets,"Department of Housing, Infrastructure and Communities "," Ministère du Logement, de l’Infrastructure et des Collectivités"
"Aug 2, 2026",1.0,beee0771-dab9-4be8-9b80-f8e8b3fdfd9d,No resource,2016-09-25,2016-09-25,2025-07-03,Infrastructure Canada Projects,Projets d'Infrastructure Canada,No resources covered,Aucune ressource couverte,"Department of Housing, Infrastructure and Communities "," Ministère du Logement, de l’Infrastructure et des Collectivités"
"Aug 3, 2026",1.0,bef2ebb3-ca9a-485f-aaff-5dc36eb89426,f7601087-0ad2-48a3-a024-0563254f478c,2016-09-25,2016-12-01,2025-06-10,Country Travel Advice and Advisories,Conseils et avertissements par pays,Country Travel Advice and Advisories indexed alphabetically,Conseils et avertissements par pays répertorié par ordre alphabétique,Global Affairs Canada , Affaires mondiales Canada
"Aug 1, 2026",1.0,bf00b7f4-e370-46b7-94e4-0bdedc98531b,0b5a739d-b01e-43df-8757-7fc1453baec5,2016-09-25,2022-02-21,2026-01-06,Canadian Register of Large Vessels,Registre canadien d'immatriculation des gros bâtiments,Canadian Register of Large Vessels ,Registre canadien d'immatriculation des gros bâtiments,Transport Canada , Transports Canada
"Aug 3, 2026",1.0,bf00b7f4-e370-46b7-94e4-0bdedc98531b,0b5a739d-b01e-43df-8757-7fc1453baec5,2016-09-25,2022-02-21,2026-01-06,Canadian Register of Large Vessels,Registre canadien d'immatriculation des gros bâtiments,Canadian Register of Large Vessels ,Registre canadien d'immatriculation des gros bâtiments,Transport Canada , Transports Canada
"Aug 1, 2026",5.0,bf00b7f4-e370-46b7-94e4-0bdedc98531b,No resource,2016-09-25,2016-09-25,2026-01-06,Canadian Register of Large Vessels,Registre canadien d'immatriculation des gros bâtiments,No resources covered,Aucune ressource couverte,Transport Canada , Transports Canada
"Aug 3, 2026",2.0,bf00b7f4-e370-46b7-94e4-0bdedc98531b,No resource,2016-09-25,2016-09-25,2026-01-06,Canadian Register of Large Vessels,Registre canadien d'immatriculation des gros bâtiments,No resources covered,Aucune ressource couverte,Transport Canada , Transports Canada
"Aug 3, 2026",1.0,bf00b7f4-e370-46b7-94e4-0bdedc98531b,d244771b-2f1f-4bd7-afa5-93673811ef14,2016-09-25,2017-01-10,2024-11-20,Canadian Register of Large Vessels,Registre canadien d'immatriculation des gros bâtiments,Large Vessels API Guide,Guide d'API des gros bâtiments,Transport Canada , Transports Canada
"Aug 1, 2026",1.0,bf00b7f4-e370-46b7-94e4-0bdedc98531b,e46d33d1-d83f-478b-813d-0bcbd56a2f69,2016-09-25,2022-02-21,2025-06-11,Canadian Register of Large Vessels,Registre canadien d'immatriculation des gros bâtiments,Canadian Register of Large Vessels - Annex I,Registre canadien d'immatriculation des gros bâtiments - Annexe I,Transport Canada , Transports Canada
"Aug 1, 2026",1.0,bf55e42a-63cb-4556-bfd8-44f26e5a36fe,No resource,2016-09-25,2016-09-25,2025-05-28,Drug Product Database - All Files,Base de données sur les produits pharmaceutiques - tout fichiers,No resources covered,Aucune ressource couverte,Health Canada , Santé Canada
"Aug 3, 2026",1.0,bfab5876-77e5-4dbf-8693-3b0bc69428b8,117ee441-847e-496c-b46c-f153da956214,2017-08-17,2026-07-22,2026-07-22,"Significant New Activity Publications under the Canadian Environmental Protection Act, 1999",Publications relatives aux nouvelles activités en vertu de la Loi canadienne sur la protection de l'environnement (1999),Significant-new-activity-publications.pdf,Significant-new-activity-publications.pdf,Environment and Climate Change Canada , Environnement et Changement climatique Canada
"Aug 2, 2026",1.0,bfab5876-77e5-4dbf-8693-3b0bc69428b8,No resource,2017-08-17,2017-08-17,2026-07-22,"Significant New Activity Publications under the Canadian Environmental Protection Act, 1999",Publications relatives aux nouvelles activités en vertu de la Loi canadienne sur la protection de l'environnement (1999),No resources covered,Aucune ressource couverte,Environment and Climate Change Canada , Environnement et Changement climatique Canada
"Aug 3, 2026",1.0,bfab5876-77e5-4dbf-8693-3b0bc69428b8,No resource,2017-08-17,2017-08-17,2026-07-22,"Significant New Activity Publications under the Canadian Environmental Protection Act, 1999",Publications relatives aux nouvelles activités en vertu de la Loi canadienne sur la protection de l'environnement (1999),No resources covered,Aucune ressource couverte,Environment and Climate Change Canada , Environnement et Changement climatique Canada
"Aug 3, 2026",1.0,c083824a-f169-2598-aadb-8475317dc2a5,No resource,2022-04-14,2022-04-14,2026-02-25,Municipality Boundaries,Limites des municipalités,No resources covered,Aucune ressource couverte,Government of Nova Scotia , Gouvernment de la Nouvelle-Écosse
"Aug 2, 2026",1.0,c088f841-2d79-4c7e-9281-cc65cbae1b06,895872b9-390d-42d9-a795-f9f4f79ff52a,2024-03-05,2024-03-05,2024-11-21,Algorithmic Impact Assessment – Pre-load Air Cargo Targeting,Évaluation d'incidence algorithmique – Ciblage du fret aérien préalable au chargement,Algorithmic Impact Assessment – Pre-load Air Cargo Targeting,Évaluation d'incidence algorithmique – Ciblage du fret aérien préalable au chargement,Transport Canada , Transports Canada
"Aug 3, 2026",1.0,c088f841-2d79-4c7e-9281-cc65cbae1b06,No resource,2024-03-05,2024-03-05,2025-12-04,Algorithmic Impact Assessment – Pre-load Air Cargo Targeting,Évaluation d'incidence algorithmique – Ciblage du fret aérien préalable au chargement,No resources covered,Aucune ressource couverte,Transport Canada , Transports Canada
"Aug 3, 2026",1.0,c0ea8c27-e62e-45bc-b64c-d475650d84a2,c03505a5-0a99-45ca-8fe2-b911eaeda7cf,2017-12-19,2025-10-15,2025-10-15,Percent Saturated Surface Soil Moisture,Pourcentage de saturation en eau de la surface du sol,Data Product Specification (French),Spécifications du produit (Français),Agriculture and Agri-Food Canada , Agriculture et Agroalimentaire Canada
"Aug 1, 2026",1.0,c17c23b2-7349-41f6-bd6a-b3ce84f5b045,No resource,2016-09-25,2016-09-25,2024-11-22,Visitors – Ad Hoc IRCC (Specialized Datasets),Visiteurs – Ad Hoc IRCC (Bases de données spécialisées),No resources covered,Aucune ressource couverte,"Immigration, Refugees and Citizenship Canada "," Immigration, Réfugiés et Citoyenneté Canada"
"Aug 2, 2026",1.0,c1b0f627-8c29-427c-ab73-33968ad9176e,4188ce85-d83d-4855-8b49-3544b45e76ba,2016-09-25,2024-11-07,2024-11-07,NSERC's Awards Data,Les données sur les subventions et bourses du CRSNG,2023 Awards,2023 subventions,Natural Sciences and Engineering Research Council of Canada , Conseil de recherches en sciences naturelles et en génie du Canada
"Aug 2, 2026",1.0,c1b0f627-8c29-427c-ab73-33968ad9176e,6758d9f0-d233-4bbc-a3ca-966a7bbfe720,2016-09-25,2024-11-07,2024-11-07,NSERC's Awards Data,Les données sur les subventions et bourses du CRSNG,2023 Co-Applicants,2023 co-chercheurs,Natural Sciences and Engineering Research Council of Canada , Conseil de recherches en sciences naturelles et en génie du Canada
"Aug 3, 2026",24.0,c1b0f627-8c29-427c-ab73-33968ad9176e,No resource,2016-09-25,2016-09-25,2026-03-04,NSERC's Awards Data,Les données sur les subventions et bourses du CRSNG,No resources covered,Aucune ressource couverte,Natural Sciences and Engineering Research Council of Canada , Conseil de recherches en sciences naturelles et en génie du Canada
"Aug 2, 2026",1.0,c1b0f627-8c29-427c-ab73-33968ad9176e,f4c9d4f1-e552-482d-8259-181dad6a3c3f,2016-09-25,2025-10-29,2026-03-04,NSERC's Awards Data,Les données sur les subventions et bourses du CRSNG,2024 Awards,2024 subventions,Natural Sciences and Engineering Research Council of Canada , Conseil de recherches en sciences naturelles et en génie du Canada
"Aug 3, 2026",2.0,c1b0f627-8c29-427c-ab73-33968ad9176e,f4c9d4f1-e552-482d-8259-181dad6a3c3f,2016-09-25,2025-10-29,2026-03-04,NSERC's Awards Data,Les données sur les subventions et bourses du CRSNG,2024 Awards,2024 subventions,Natural Sciences and Engineering Research Council of Canada , Conseil de recherches en sciences naturelles et en génie du Canada
"Aug 1, 2026",1.0,c1d65779-d3cb-44e8-af0a-b9f2c5f7766d,9d819301-b92e-4f3e-9f9e-4946fc270259,2022-03-30,2026-05-27,2026-05-27,Food establishments,Établissements alimentaires,Food establishments,Établissements alimentaires,Government and Municipalities of Québec , Gouvernement et municipalités du Québec
"Aug 3, 2026",1.0,c224ed1c-c6af-df82-d44f-b5524a74c8d0,1bc1843d-33c8-4826-890b-29a023213499,2022-05-03,2026-04-17,2026-04-17,Natural Resources and Renewables Camping Parks Reservation Data,Translation of Natural Resources and Renewables Camping Parks Reservation Data,Natural Resources and Renewables Camping Parks Reservation Data (CSV Excel),Translation of Natural Resources and Renewables Camping Parks Reservation Data (CSV Excel),Government of Nova Scotia , Gouvernment de la Nouvelle-Écosse
"Aug 1, 2026",1.0,c24f676e-36e9-42f2-9be0-5d43f1926073,8de27667-ff31-4fc7-9f76-e34e67ee9daf,2023-01-17,2023-01-17,2023-01-17,Affirmation of Indigenous Identity Form,Formulaire d'affirmation de l'identité autochtone,Affirmation of Indigenous Identity Form (EN),Formulaire d'affirmation de l'identité autochtone (EN),Public Service Commission of Canada , Commission de la fonction publique du Canada
"Aug 2, 2026",1.0,c3a943a0-1c3c-4fdb-8684-49b4c75a44a5,d9f3125a-6a67-4b28-b7ee-de0d0fadead5,2026-05-11,2026-05-11,2026-05-11,REGDOC-2.5.5 - Design of Industrial Radiography Installations,REGDOC-2.5.5 - Conception des installations de gammagraphie industrielle,REGDOC-2.5.5 - Design of Industrial Radiography Installations,REGDOC-2.5.5 - Conception des installations de gammagraphie industrielle,Canadian Nuclear Safety Commission , Commission canadienne de sûreté nucléaire
"Aug 3, 2026",1.0,c3c5e4c3-58ba-4fd1-8f04-a91cd3704219,dfc89c8e-6251-4f82-abca-e31f11ee5ddf,2020-11-27,2026-03-25,2026-03-25,Named geographic features,Éléments géographiques nommés,Complete File Geodatabase (extracted from geohub),Géodatabase de fichiers complète (extraite de geohub),Government of Ontario , Gouvernement de l'Ontario
"Aug 3, 2026",1.0,c41ca40b-ff3a-4d95-9613-b2571dcdeaba,6985b111-84d9-4c1e-83e7-65771955280d,2021-11-24,2026-05-27,2026-05-27,Surgeries - Overview of the waiting list,Chirurgies - Portrait de la liste d'attente,Surgeries - Overview of wait times,Chirurgies - Portrait des délais d'attente,Government and Municipalities of Québec , Gouvernement et municipalités du Québec
"Aug 3, 2026",1.0,c48669a3-045b-400d-b730-48aafe8c5ee6,045f7050-d608-3580-b55b-546c82350190,2016-09-25,2026-06-11,2026-06-11,NuSEDS-New Salmon Escapement Database System,NuSEDS - Base de donnèe d'échappement du saumon,All Areas NuSEDS_20260601.zip,Toutes les zones NuSEDS_20251103.zip,Fisheries and Oceans Canada , Pêches et Océans Canada
"Aug 2, 2026",1.0,c48669a3-045b-400d-b730-48aafe8c5ee6,No resource,2016-09-25,2016-09-25,2026-06-11,NuSEDS-New Salmon Escapement Database System,NuSEDS - Base de donnèe d'échappement du saumon,No resources covered,Aucune ressource couverte,Fisheries and Oceans Canada , Pêches et Océans Canada
"Aug 3, 2026",3.0,c48669a3-045b-400d-b730-48aafe8c5ee6,No resource,2016-09-25,2016-09-25,2026-06-11,NuSEDS-New Salmon Escapement Database System,NuSEDS - Base de donnèe d'échappement du saumon,No resources covered,Aucune ressource couverte,Fisheries and Oceans Canada , Pêches et Océans Canada
"Aug 2, 2026",3.0,c48669a3-045b-400d-b730-48aafe8c5ee6,d237a304-6b32-38d7-ace2-d5fc9b4c0a54,2016-09-25,2026-06-11,2026-06-11,NuSEDS-New Salmon Escapement Database System,NuSEDS - Base de donnèe d'échappement du saumon,North and Central Coast NuSEDS_20260601.xlsx,Côte nord et centrale NuSEDS_20251030.xlsx,Fisheries and Oceans Canada , Pêches et Océans Canada
"Aug 3, 2026",1.0,c4c5c7f1-bfa6-4ff6-b4a0-c164cb2060f7,312a65c5-d0bc-4445-8a24-95b2690cc62b,2016-09-25,2024-02-18,2026-08-02,Open Data Portal Catalogue,Catalogue du portail de données ouvertes,datasets metadata,métadonnées des ensembles de données,Treasury Board of Canada Secretariat , Secrétariat du Conseil du Trésor du Canada
"Aug 3, 2026",1.0,c4c5c7f1-bfa6-4ff6-b4a0-c164cb2060f7,No resource,2016-09-25,2016-09-25,2026-08-02,Open Data Portal Catalogue,Catalogue du portail de données ouvertes,No resources covered,Aucune ressource couverte,Treasury Board of Canada Secretariat , Secrétariat du Conseil du Trésor du Canada
"Aug 2, 2026",1.0,c5df3a4d-2520-4dcb-8445-0cff5107bb92,1f0842ac-2e00-4251-aa9b-547f761ae041,2023-04-13,2026-04-17,2026-04-17,Deputy Ministers and Associate Deputy Ministers Salary and Travel Expenses,Translation of Deputy Ministers and Associate Deputy Ministers Salary and Travel Expenses,FYE 2025 DM & ADM Salary and Travel,Translation of FYE 2025 DM & ADM Salary and Travel,Government of British Columbia , Gouvernment de la Colombie-Britannique
"Aug 2, 2026",2.0,c5df3a4d-2520-4dcb-8445-0cff5107bb92,No resource,2023-04-13,2023-04-13,2026-04-17,Deputy Ministers and Associate Deputy Ministers Salary and Travel Expenses,Translation of Deputy Ministers and Associate Deputy Ministers Salary and Travel Expenses,No resources covered,Aucune ressource couverte,Government of British Columbia , Gouvernment de la Colombie-Britannique
"Aug 3, 2026",1.0,c6879faf-2bc7-4c84-999c-0626ae33ec84,No resource,2025-09-29,2025-09-29,2026-07-16,Foreign bank branches,Succursales de banques étrangères,No resources covered,Aucune ressource couverte,Office of the Superintendent of Financial Institutions Canada , Bureau du surintendant des institutions financières Canada
"Aug 1, 2026",3.0,c7413d9f-112e-4a26-bbd1-ae2711856629,7e5679e0-bd93-4fe2-871f-86a7bc2479b5,2023-04-13,2026-04-17,2026-04-17,MSP Blue Book,Translation of MSP Blue Book,BlueBook 2014.15 - 2024.25,Translation of BlueBook 2014.15 - 2024.25,Government of British Columbia , Gouvernment de la Colombie-Britannique
"Aug 2, 2026",2.0,c7413d9f-112e-4a26-bbd1-ae2711856629,7e5679e0-bd93-4fe2-871f-86a7bc2479b5,2023-04-13,2026-04-17,2026-04-17,MSP Blue Book,Translation of MSP Blue Book,BlueBook 2014.15 - 2024.25,Translation of BlueBook 2014.15 - 2024.25,Government of British Columbia , Gouvernment de la Colombie-Britannique
"Aug 3, 2026",3.0,c7413d9f-112e-4a26-bbd1-ae2711856629,7e5679e0-bd93-4fe2-871f-86a7bc2479b5,2023-04-13,2026-04-17,2026-04-17,MSP Blue Book,Translation of MSP Blue Book,BlueBook 2014.15 - 2024.25,Translation of BlueBook 2014.15 - 2024.25,Government of British Columbia , Gouvernment de la Colombie-Britannique
"Aug 1, 2026",1.0,c7413d9f-112e-4a26-bbd1-ae2711856629,No resource,2023-04-13,2023-04-13,2026-04-17,MSP Blue Book,Translation of MSP Blue Book,No resources covered,Aucune ressource couverte,Government of British Columbia , Gouvernment de la Colombie-Britannique
"Aug 2, 2026",2.0,c7413d9f-112e-4a26-bbd1-ae2711856629,No resource,2023-04-13,2023-04-13,2026-04-17,MSP Blue Book,Translation of MSP Blue Book,No resources covered,Aucune ressource couverte,Government of British Columbia , Gouvernment de la Colombie-Britannique
"Aug 3, 2026",2.0,c7413d9f-112e-4a26-bbd1-ae2711856629,No resource,2023-04-13,2023-04-13,2026-04-17,MSP Blue Book,Translation of MSP Blue Book,No resources covered,Aucune ressource couverte,Government of British Columbia , Gouvernment de la Colombie-Britannique
"Aug 2, 2026",1.0,c7cbdd4e-4975-53b0-83c2-e2fda2ac69ee,No resource,2016-09-25,2016-09-25,2022-03-14,Standard Time Zones,Fuseaux horaires,No resources covered,Aucune ressource couverte,Natural Resources Canada , Ressources naturelles Canada
"Aug 3, 2026",1.0,c839bedc-0d5f-4b02-98a7-671d1f60ac51,5c2dd8dc-caec-4c5d-a06b-91bf9694c7d0,2026-02-23,2026-03-12,2026-03-12,Algorithmic Impact Assessment - Claim Summary Tool (CST),Résultats de l'évaluation de l'incidence algorithmique - Outil de Résumé de la Demande d'Indemnité d'Invalidité (ORDII),Claim Summary Tool (CST) - IRCC Peer Review Executive Summary,Outil de Résumé de la Demande d’Indemnité d’Invalidité (ORDII) - Résumé Analytique d'Examen par les Pairs d’IRCC,Veterans Affairs Canada , Anciens Combattants Canada
"Aug 3, 2026",1.0,c848bd47-fc67-4c27-9857-933e4a1657a9,1f993607-7862-48fe-95b4-58922fa4716e,2016-09-25,2025-12-16,2025-12-16,"Canada Land Inventory (CLI) 1:1,000,000 - Land Capability and Limitation for Agriculture",Inventaire des terres du Canada (ITC) à l’échelle de 1/1 000 000 - Potentiel et limitations des terres pour l’agriculture,Data Product Specification (English),Spécifications du produit (Anglais),Agriculture and Agri-Food Canada , Agriculture et Agroalimentaire Canada
"Aug 3, 2026",1.0,c870a7ac-3e95-4751-5bb2-4690c9f52bab,8944e8cf-3814-4ff4-9c67-b352d45ad770,2024-01-17,2026-04-17,2026-04-17,2023 - Employee Salaries,Traitements des employés,2023 - Employee Salaries (RDF),Traitements des employés (RDF),Government of New Brunswick , Gouvernement du Nouveau-Brunswick
"Aug 3, 2026",1.0,c870a7ac-3e95-4751-5bb2-4690c9f52bab,d3b7466c-3db9-44cf-90bf-95be28083635,2024-01-17,2026-04-17,2026-04-17,2023 - Employee Salaries,Traitements des employés,2023 - Employee Salaries (CSV Excel),Traitements des employés (CSV Excel),Government of New Brunswick , Gouvernement du Nouveau-Brunswick
"Aug 3, 2026",1.0,c87af563-b3f3-4048-96af-a5d39723ea6b,e8487998-eb99-4f3d-b273-6bbb0f517618,2022-01-19,2022-01-19,2024-11-21,National Chemical Residue Monitoring Program and Chemistry Food Safety Oversight Program Annual Report 2017-2018,Rapport annuel du Programme national de surveillance des résidus chimiques et Programme de surveillance de la salubrité des aliments 2017-2018,Annex B1 of 2017-2018 NCRMP Report FR,Annexe B du rapport PNSRC 2017-2018 FR,Canadian Food Inspection Agency , Agence canadienne d'inspection des aliments
"Aug 3, 2026",1.0,c94e0c13-5385-49c1-9922-822e10135fc6,7f68e22a-e269-4453-b7a3-e5dd01f5db42,2020-06-05,2026-01-28,2026-01-28,Geology Faults,Failles géologiques,GEOL_FAULT_LINE,GEOL_FAULT_LINE,Government of British Columbia , Gouvernment de la Colombie-Britannique
"Aug 3, 2026",1.0,c94e0c13-5385-49c1-9922-822e10135fc6,fb83a27c-d428-42b3-ab3f-ff634ea65942,2020-06-05,2026-01-28,2026-01-28,Geology Faults,Failles géologiques,Geology Faults 2018,Failles géologiques 2018,Government of British Columbia , Gouvernment de la Colombie-Britannique
"Aug 3, 2026",1.0,c97026d6-c8c4-4937-8ec2-f18fdcd3e03d,No resource,2024-05-08,2024-05-08,2024-05-10,"Canada Mortgage and Housing Corporation, housing starts in all centres 10,000 and over, Canada, provinces, and census metropolitan areas, seasonally adjusted at annual rates, quarterly","Société canadienne d'hypothèques et de logement, logements mis en chantier dans les centres de 10 000 habitants et plus, pour Canada, provinces, et régions métropolitaines de recensement, désaisonnalisées au taux annuel, trimestriel",No resources covered,Aucune ressource couverte,Canada Mortgage and Housing Corporation , Société canadienne d'hypothèques et de logement
"Aug 3, 2026",1.0,c9771ee9-fcc1-42e7-ad5a-14caf684cb70,48c073b6-a23d-4522-a3eb-a83e4c3b0071,2021-01-25,2021-01-25,2021-01-25,Canada’s COVID-19 Immunization Plan: Saving Lives and Livelihoods,Plan de vaccination du Canada contre la COVID-19 : sauver des vies et protéger les moyens de subsistance,Canada’s COVID-19 Immunization Plan: Saving Lives and Livelihoods,Plan de vaccination du Canada contre la COVID-19 : sauver des vies et protéger les moyens de subsistance ,Public Health Agency of Canada , Agence de la santé publique du Canada
"Aug 1, 2026",1.0,ca1046dc-dc69-4467-8113-8871c5ea7254,No resource,2021-01-27,2021-01-27,2026-07-08,Ontario Road Safety Annual Report (ORSAR),Rapport annuel sur la sécurité routière de l'Ontario (RASRO),No resources covered,Aucune ressource couverte,Government of Ontario , Gouvernement de l'Ontario
"Aug 1, 2026",2.0,ca1046dc-dc69-4467-8113-8871c5ea7254,afe4f45b-a39f-4588-a367-da28ff0299ed,2021-01-27,2026-07-08,2026-07-08,Ontario Road Safety Annual Report (ORSAR),Rapport annuel sur la sécurité routière de l'Ontario (RASRO),Ontario Road Safety Annual Report (ORSAR) - ZIP File,Ontario Road Safety Annual Report (ORSAR) - ZIP File,Government of Ontario , Gouvernement de l'Ontario
"Aug 2, 2026",1.0,ca15d496-55d4-4214-a2d0-8f88dbb2b9e8,df8ec741-5a12-4a2d-9776-e7c2d95ae35e,2026-05-11,2026-05-11,2026-05-11,REGDOC-2.5.1 - General Design Considerations: Human Factors,REGDOC-2.5.1 - Considérations générales liées à la Conception: facteurs humains,REGDOC-2.5.1 - General Design Considerations: Human Factors,REGDOC-2.5.1 - Considérations générales liées à la Conception: facteurs humains,Canadian Nuclear Safety Commission , Commission canadienne de sûreté nucléaire
"Aug 2, 2026",1.0,ca243c40-a6d3-4a46-a578-b4fad4369df0,ccbf3d29-3a57-4b9d-87e5-7905ccc194a5,2016-09-25,2016-11-04,2024-11-22,Syrian Refugees Family Composition – Ad Hoc IRCC (Specialized Datasets),La composition des familles de réfugiés Syriens – Ad Hoc IRCC (Ensemble de données spécialisées) ,[ARCHIVED] Alberta - Admissions of Syrian Refugees* by Immigration Category and Family Composition,[ARCHIVÉ] Alberta - Admissions de réfugiés syriens* selon la catégorie d'immigration et composition de la famille,"Immigration, Refugees and Citizenship Canada "," Immigration, Réfugiés et Citoyenneté Canada"
"Aug 2, 2026",1.0,ca69f450-e24e-4666-aa61-be5d63fd0348,202781d4-6592-46dc-9738-c9bf5967a23a,2020-09-14,2026-05-27,2026-05-27,Bus - Laurentides sector - Schedules and planned routes (GTFS),Autobus - Secteur Laurentides - Horaires et parcours planifiés (GTFS),Bus - Laurentides sector - (GTFS),Autobus - Secteur Laurentides - (GTFS),Government and Municipalities of Québec , Gouvernement et municipalités du Québec
"Aug 2, 2026",1.0,ca69f450-e24e-4666-aa61-be5d63fd0348,No resource,2020-09-14,2020-09-14,2026-05-27,Bus - Laurentides sector - Schedules and planned routes (GTFS),Autobus - Secteur Laurentides - Horaires et parcours planifiés (GTFS),No resources covered,Aucune ressource couverte,Government and Municipalities of Québec , Gouvernement et municipalités du Québec
"Aug 3, 2026",1.0,cab8d3ea-487e-4a61-f56b-60edcdab3c66,5d1b04b6-e38b-4d42-8964-7f6ba1d51dce,2024-04-24,2026-07-22,2026-07-22,Submerged Lands Management Areas,Zones de gestion des terres submergées,Submerged Lands Management Areas (CSV),Zones de gestion des terres submergées (CSV),Government of New Brunswick , Gouvernement du Nouveau-Brunswick
"Aug 1, 2026",1.0,cace513c-9506-4f20-8dd1-7a072034f5fe,No resource,2024-12-04,2024-12-04,2026-04-17,Monthly Tourism Indicators,Translation of Monthly Tourism Indicators,No resources covered,Aucune ressource couverte,Government of British Columbia , Gouvernment de la Colombie-Britannique
"Aug 3, 2026",1.0,caf51c5f-dab9-4bd3-8a2c-f21286e98346,No resource,2021-04-13,2021-04-13,2023-01-17,"Estimates of population as of July 1st, by marital status or legal marital status, age and sex","Estimations de la population au 1er juillet, selon l'état matrimonial ou l'état matrimonial légal, l'âge et le sexe",No resources covered,Aucune ressource couverte,Statistics Canada , Statistique Canada
"Aug 2, 2026",1.0,cb181cc0-8893-11e0-a4a7-6cf049291510,031def7d-a182-4c53-bc64-494e453c68e0,2016-09-25,2017-01-26,2017-01-26,The Western Interior 1731 to 1757,L’intérieur occidental 1731 à 1757,Download the English JP2 File through HTTP,Télécharger le fichier en format JPEG2000 Anglais via HTTP,Natural Resources Canada , Ressources naturelles Canada
"Aug 2, 2026",1.0,cb181cc0-8893-11e0-a4a7-6cf049291510,f1b8a77b-c132-4aeb-a0b7-8826d89e8319,2016-09-25,2017-01-26,2017-01-26,The Western Interior 1731 to 1757,L’intérieur occidental 1731 à 1757,"Download the French ZIP (PDF, JPG) File through HTTP","Télécharger le fichier en format ZIP (PDF,JPG) français via HTTP",Natural Resources Canada , Ressources naturelles Canada
"Aug 3, 2026",1.0,cb2400fb-aee0-4b58-a88e-e6de32c43c16,No resource,2026-06-19,2026-06-19,2026-06-19,Time zones in Canada,Fuseaux horaires du Canada,No resources covered,Aucune ressource couverte,Natural Resources Canada , Ressources naturelles Canada
"Aug 3, 2026",1.0,cb2400fb-aee0-4b58-a88e-e6de32c43c16,ad37b2bd-b201-47f5-a23f-3b1e51cd4dd8,2026-06-19,2026-06-19,2026-06-19,Time zones in Canada,Fuseaux horaires du Canada,Standard Time Zones (Static Map),Fuseaux horaires de l’heure normale (carte statique),Natural Resources Canada , Ressources naturelles Canada
"Aug 3, 2026",2.0,cb3fa1f0-8893-11e0-8e20-6cf049291510,541fc3c4-4b4f-4528-bb35-062080ae4704,2016-09-25,2017-01-26,2017-01-26,New France circa 1740,Nouvelle-France vers 1740,Download the French JP2 File through HTTP,Télécharger le fichier en format JP2 français via HTTP,Natural Resources Canada , Ressources naturelles Canada
"Aug 1, 2026",1.0,cb47d4b9-059a-4c09-a522-ee4e6eb1329d,139e8820-66b3-4f34-bfd8-089c85c97fe4,2024-01-12,2024-01-12,2024-11-21,Integrating Gender-Based Analysis Plus (GBA Plus) Into Public and Digital Engagement ,Intégrer l’ACS Plus dans les activités de mobilisation numériques et de mobilisation du public ,Integrating Gender-Based Analysis Plus (GBA Plus) Into Public and Digital Engagement ,Intégrer l’ACS Plus dans les activités de mobilisation numériques et de mobilisation du public ,Women and Gender Equality Canada , Femmes et Égalité des genres Canada
"Aug 2, 2026",1.0,cb47d4b9-059a-4c09-a522-ee4e6eb1329d,No resource,2024-01-12,2024-01-12,2024-11-21,Integrating Gender-Based Analysis Plus (GBA Plus) Into Public and Digital Engagement ,Intégrer l’ACS Plus dans les activités de mobilisation numériques et de mobilisation du public ,No resources covered,Aucune ressource couverte,Women and Gender Equality Canada , Femmes et Égalité des genres Canada
"Aug 3, 2026",1.0,cb47d4b9-059a-4c09-a522-ee4e6eb1329d,f1042aa1-d34f-43a5-a64a-4bf98b8b2d1e,2024-01-12,2024-01-12,2024-11-21,Integrating Gender-Based Analysis Plus (GBA Plus) Into Public and Digital Engagement ,Intégrer l’ACS Plus dans les activités de mobilisation numériques et de mobilisation du public ,Integrating Gender-Based Analysis Plus (GBA Plus) Into Public and Digital Engagement ,Intégrer l’ACS Plus dans les activités de mobilisation numériques et de mobilisation du public ,Women and Gender Equality Canada , Femmes et Égalité des genres Canada
"Aug 3, 2026",1.0,cb4de65e-138b-4936-9d5c-2d9a0bc9b4ce,No resource,2020-09-14,2020-09-14,2026-07-29,Fire hydrants,Bornes d'incendie,No resources covered,Aucune ressource couverte,Government and Municipalities of Québec , Gouvernement et municipalités du Québec
"Aug 2, 2026",2.0,cbd4563e-ef6a-5065-bbe0-f97fb52f6462,No resource,2016-09-25,2016-09-25,2022-03-14,Natural Vegetation and Flora,Végétation naturelle et flore,No resources covered,Aucune ressource couverte,Natural Resources Canada , Ressources naturelles Canada
"Aug 1, 2026",1.0,cc3fbf3d-f93c-479d-a807-9ae042721aba,505eaf1b-b863-4421-9dbc-f96d1ce3eebf,2020-09-11,2026-05-27,2026-05-27,Photographic archives (selection),Archives photographiques (sélection),Photo archives (consultation tool),Archives photographiques (outil de consultation),Government and Municipalities of Québec , Gouvernement et municipalités du Québec
"Aug 1, 2026",1.0,cc4465ed-ec36-4ccd-bbe7-0946bb50e27c,No resource,2019-09-05,2019-09-05,2024-02-16,2019-20 Grants and Contributions,Subventions et contributions 2019-20,No resources covered,Aucune ressource couverte,National Research Council Canada , Conseil national de recherches Canada
"Aug 3, 2026",1.0,cc69ed6d-2aa0-400d-9d08-9c715b1f7a41,6d00c90d-6498-48b2-b4f3-2c95ddf50f6d,2026-06-03,2026-07-29,2026-07-29,Cumulative Effects Program Remote Camera Detections - Clear Creek 2023-24,Détections par caméra à distance du programme des effets cumulatifs - Clear Creek 2023-24,CH102 23.08.28-24.09.11,CH102 23.08.28-24.09.11,Government of Yukon , Gouvernement du Yukon
"Aug 3, 2026",2.0,ccd699c3-14c8-4f81-8c1f-0713ed2a4f70,No resource,2017-03-08,2017-03-08,2026-06-29,Canadian Crude Oil Exports by Rail - Monthly Data,Exportations de pétrole brut canadien par chemin de fer - Données mensuelles,No resources covered,Aucune ressource couverte,Canada Energy Regulator , La Régie de l’énergie du Canada
"Aug 2, 2026",1.0,cd163ea0-2a83-eac2-0585-09c5af298e21,49d5413f-4f54-4ae3-98b1-338cecf9e8c4,2022-05-03,2026-04-17,2026-04-17,Consumer Protection Complaints Types and Frequency,Translation of Consumer Protection Complaints Types and Frequency,Consumer Protection Complaints Types and Frequency (CSV),Translation of Consumer Protection Complaints Types and Frequency (CSV),Government of Nova Scotia , Gouvernment de la Nouvelle-Écosse
"Aug 3, 2026",1.0,cdc419ab-80e6-772c-2822-511d0ca0fa5d,No resource,2023-04-22,2023-04-22,2025-10-15,Highway Traffic Volume Map,Carte du volume du trafic routier,No resources covered,Aucune ressource couverte,Government of Saskatchewan , Gouvernement de la Saskatchewan
"Aug 3, 2026",1.0,cde9a2e2-2d96-4b65-8281-d496284d2be3,75a4f503-94ac-4fae-90ce-80759b10ec9d,2021-04-13,2025-11-20,2025-11-20,"Postsecondary enrolments, by status of student in Canada, country of citizenship and gender","Effectifs postsecondaires, selon le statut de l'étudiant au Canada, le pays de citoyenneté et le de la personne",Dataset,Ensembles de données,Statistics Canada , Statistique Canada
"Aug 2, 2026",1.0,cdf6ab31-fa03-479a-b6e0-f9a0c71edf91,1606aca9-f21a-4a38-9128-4ffaab0bb108,2020-04-24,2026-01-28,2026-01-28,Historical DriveBC Events,Événements historiques de DriveBC,DriveBC_events_hist_2025,Historique des événements DriveBC_2025,Government of British Columbia , Gouvernment de la Colombie-Britannique
"Aug 2, 2026",1.0,cdf6ab31-fa03-479a-b6e0-f9a0c71edf91,3bdbd94a-8ba6-49b1-871e-b31a4cea237c,2020-04-24,2026-01-28,2026-01-28,Historical DriveBC Events,Événements historiques de DriveBC,DriveBC_events_hist_2024,Historique des événements DriveBC_2024,Government of British Columbia , Gouvernment de la Colombie-Britannique
"Aug 2, 2026",1.0,cdf6ab31-fa03-479a-b6e0-f9a0c71edf91,c9b86175-e9cd-4c2c-a903-001040d64b7f,2020-04-24,2026-01-28,2026-01-28,Historical DriveBC Events,Événements historiques de DriveBC,Drivebc_events_hist_2023,Historique des événements DriveBC_2023,Government of British Columbia , Gouvernment de la Colombie-Britannique
"Aug 1, 2026",2.0,cdfc2d7b-c046-4bf0-90ac-4897232619e1,No resource,2020-06-05,2020-06-05,2026-01-28,BC Wildfire Fire Perimeters - Current,Périmètres des feux de forêt en Colombie-Britannique - Actuel,No resources covered,Aucune ressource couverte,Government of British Columbia , Gouvernment de la Colombie-Britannique
"Aug 1, 2026",4.0,cdfc2d7b-c046-4bf0-90ac-4897232619e1,ca2e29ce-220b-459c-bcbf-6117abb16d77,2020-06-05,2026-01-28,2026-01-28,BC Wildfire Fire Perimeters - Current,Périmètres des feux de forêt en Colombie-Britannique - Actuel,PROT_CURRENT_FIRE_POLYS_SP,PROT_CURRENT_FIRE_POLYS_SP,Government of British Columbia , Gouvernment de la Colombie-Britannique
"Aug 2, 2026",4.0,cdfc2d7b-c046-4bf0-90ac-4897232619e1,ca2e29ce-220b-459c-bcbf-6117abb16d77,2020-06-05,2026-01-28,2026-01-28,BC Wildfire Fire Perimeters - Current,Périmètres des feux de forêt en Colombie-Britannique - Actuel,PROT_CURRENT_FIRE_POLYS_SP,PROT_CURRENT_FIRE_POLYS_SP,Government of British Columbia , Gouvernment de la Colombie-Britannique
"Aug 3, 2026",1.0,cdfc2d7b-c046-4bf0-90ac-4897232619e1,ca2e29ce-220b-459c-bcbf-6117abb16d77,2020-06-05,2026-01-28,2026-01-28,BC Wildfire Fire Perimeters - Current,Périmètres des feux de forêt en Colombie-Britannique - Actuel,PROT_CURRENT_FIRE_POLYS_SP,PROT_CURRENT_FIRE_POLYS_SP,Government of British Columbia , Gouvernment de la Colombie-Britannique
"Aug 1, 2026",1.0,ce55bffd-1a1f-475e-bc31-117843f4a84a,No resource,2018-06-27,2018-06-27,2023-01-17,"Implicit price indexes, final domestic demand, provincial economic accounts, 1981=100, annual, 1971 - 1989","Indices implicites de prix, demande intérieure finale, comptes économiques provinciaux, 1981=100, annuel, 1971 - 1989",No resources covered,Aucune ressource couverte,Statistics Canada , Statistique Canada
"Aug 2, 2026",1.0,ce864400-7577-5c81-86bb-4e0fb42bac24,No resource,2016-09-25,2016-09-25,2022-03-14,Lakes and Rivers of Canada,Lacs et cours d'eau du Canada,No resources covered,Aucune ressource couverte,Natural Resources Canada , Ressources naturelles Canada
"Aug 2, 2026",1.0,ce99c2c9-c224-43eb-aef0-1f379b70c91d,No resource,2016-09-25,2016-09-25,2026-05-13,"Canada Learning Bond (CLB) Participation Rate (percentage), Cumulative Number of Beneficiaries, and Cumulative Number of Eligible Children by Forward Sortation Area (FSA; i.e., the first three characters of the postal code)",Bon d'études canadien (BEC) taux de participation par région de tri d'acheminement (RTA; à savoir les trois premiers caractères du code postal) (pourcentage),No resources covered,Aucune ressource couverte,Employment and Social Development Canada , Emploi et Développement social Canada
"Aug 3, 2026",1.0,cea9985f-5e0f-425e-9b7e-e1d122272c56,aa0e96d8-0432-4398-948d-6d52cb5f0472,2020-01-31,2020-01-31,2024-11-22,Algorithmic Impact Assessment - ATIP Online Request Service, Évaluation d'impact algorithmique - Service de demande d’AIPRP en ligne,Data Dictionary (English),Dictionnaire de données (Anglais),Treasury Board of Canada Secretariat , Secrétariat du Conseil du Trésor du Canada
"Aug 1, 2026",1.0,ceb1ab5a-7d7c-4491-a2f7-560c47c4e22f,648f0b3b-8d21-4373-94b4-72847dbf79a1,2021-03-23,2021-03-23,2025-03-07,Historical and current Canadian Armed Forces  pay scale adjustments for Regular Force and Class C Non-Commissioned Members (NCMs),Ajustements historiques et actuels de l’échelle salariale des Forces armées canadiennes pour les sous-officiers de la Force régulière et de la classe C,Historical and current Canadian Armed Forces  pay scale adjustments for Regular Force and Class C Non-Commissioned Members (NCMs),Ajustements historiques et actuels de l’échelle salariale des Forces armées canadiennes pour les sous-officiers de la Force régulière et de la classe C,National Defence , Défense nationale
"Aug 2, 2026",7.0,ceb1ab5a-7d7c-4491-a2f7-560c47c4e22f,648f0b3b-8d21-4373-94b4-72847dbf79a1,2021-03-23,2021-03-23,2025-03-07,Historical and current Canadian Armed Forces  pay scale adjustments for Regular Force and Class C Non-Commissioned Members (NCMs),Ajustements historiques et actuels de l’échelle salariale des Forces armées canadiennes pour les sous-officiers de la Force régulière et de la classe C,Historical and current Canadian Armed Forces  pay scale adjustments for Regular Force and Class C Non-Commissioned Members (NCMs),Ajustements historiques et actuels de l’échelle salariale des Forces armées canadiennes pour les sous-officiers de la Force régulière et de la classe C,National Defence , Défense nationale
"Aug 3, 2026",7.0,ceb1ab5a-7d7c-4491-a2f7-560c47c4e22f,648f0b3b-8d21-4373-94b4-72847dbf79a1,2021-03-23,2021-03-23,2025-03-07,Historical and current Canadian Armed Forces  pay scale adjustments for Regular Force and Class C Non-Commissioned Members (NCMs),Ajustements historiques et actuels de l’échelle salariale des Forces armées canadiennes pour les sous-officiers de la Force régulière et de la classe C,Historical and current Canadian Armed Forces  pay scale adjustments for Regular Force and Class C Non-Commissioned Members (NCMs),Ajustements historiques et actuels de l’échelle salariale des Forces armées canadiennes pour les sous-officiers de la Force régulière et de la classe C,National Defence , Défense nationale
"Aug 1, 2026",2.0,ceb1ab5a-7d7c-4491-a2f7-560c47c4e22f,No resource,2021-03-23,2021-03-23,2025-10-27,Historical and current Canadian Armed Forces  pay scale adjustments for Regular Force and Class C Non-Commissioned Members (NCMs),Ajustements historiques et actuels de l’échelle salariale des Forces armées canadiennes pour les sous-officiers de la Force régulière et de la classe C,No resources covered,Aucune ressource couverte,National Defence , Défense nationale
"Aug 2, 2026",2.0,ceb1ab5a-7d7c-4491-a2f7-560c47c4e22f,No resource,2021-03-23,2021-03-23,2025-10-27,Historical and current Canadian Armed Forces  pay scale adjustments for Regular Force and Class C Non-Commissioned Members (NCMs),Ajustements historiques et actuels de l’échelle salariale des Forces armées canadiennes pour les sous-officiers de la Force régulière et de la classe C,No resources covered,Aucune ressource couverte,National Defence , Défense nationale
"Aug 3, 2026",2.0,ceb1ab5a-7d7c-4491-a2f7-560c47c4e22f,No resource,2021-03-23,2021-03-23,2025-10-27,Historical and current Canadian Armed Forces  pay scale adjustments for Regular Force and Class C Non-Commissioned Members (NCMs),Ajustements historiques et actuels de l’échelle salariale des Forces armées canadiennes pour les sous-officiers de la Force régulière et de la classe C,No resources covered,Aucune ressource couverte,National Defence , Défense nationale
"Aug 2, 2026",1.0,ceb1ab5a-7d7c-4491-a2f7-560c47c4e22f,d02053b1-0f36-4561-9984-477297b1ef10,2021-03-23,2021-03-23,2025-10-27,Historical and current Canadian Armed Forces  pay scale adjustments for Regular Force and Class C Non-Commissioned Members (NCMs),Ajustements historiques et actuels de l’échelle salariale des Forces armées canadiennes pour les sous-officiers de la Force régulière et de la classe C,Historical and current Canadian Armed Forces  pay scale adjustments for Regular Force and Class C Non-Commissioned Members (NCMs),Ajustements historiques et actuels de l’échelle salariale des Forces armées canadiennes pour les sous-officiers de la Force régulière et de la classe C,National Defence , Défense nationale
"Aug 3, 2026",2.0,ceb1ab5a-7d7c-4491-a2f7-560c47c4e22f,d02053b1-0f36-4561-9984-477297b1ef10,2021-03-23,2021-03-23,2025-10-27,Historical and current Canadian Armed Forces  pay scale adjustments for Regular Force and Class C Non-Commissioned Members (NCMs),Ajustements historiques et actuels de l’échelle salariale des Forces armées canadiennes pour les sous-officiers de la Force régulière et de la classe C,Historical and current Canadian Armed Forces  pay scale adjustments for Regular Force and Class C Non-Commissioned Members (NCMs),Ajustements historiques et actuels de l’échelle salariale des Forces armées canadiennes pour les sous-officiers de la Force régulière et de la classe C,National Defence , Défense nationale
"Aug 1, 2026",1.0,cebc283f-bae1-4eae-a91f-a26480cd4e4a,dbae7dee-521c-4429-a11f-73a75304ca0b,2017-03-29,2025-02-07,2025-02-07,Surficial geology index map,Carte index de la géologie des formations en surface,Surficial geology index map (ArcMap project) - English,Carte index de la géologie des formations en surface (projet ArcMap) - anglais,Natural Resources Canada , Ressources naturelles Canada
"Aug 3, 2026",1.0,cf149850-4dcd-4ee3-8197-7132291b7962,bbe3cfb2-e72a-4857-a39d-c28c986bfe96,2026-07-22,2026-07-22,2026-07-22,National Chemical Residue Monitoring Program and Chemistry Food Safety Oversight Program Annual Report 2022-2023,Rapport annuel du Programme national de surveillance des résidus chimiques et Programme de surveillance de la salubrité des aliments 2022-2023,Table B-1 2022-2023 Results Summary for Canadian Food Products,Tableau B-1 Sommaire des résultats 2022-2023 pour les aliments d'origine canadiens,Canadian Food Inspection Agency , Agence canadienne d'inspection des aliments
"Aug 2, 2026",1.0,d0cdef71-9343-46c3-b2e7-c1ded5907686,51e0db22-b5ef-40b8-b260-eca19d6564fe,2016-11-22,2016-11-22,2016-11-22,"Lakes and Rivers (polygons), Boundary files - 2016 Census","Lacs et rivières (polygones),  Fichiers des limites - Recensement de 2016","Lakes and Rivers (polygons), Boundary files - 2016 Census","Lacs et rivières (polygones),  Fichiers des limites - Recensement de 2016",Statistics Canada , Statistique Canada
"Aug 3, 2026",1.0,d0cdef71-9343-46c3-b2e7-c1ded5907686,No resource,2016-11-22,2016-11-22,2022-02-23,"Lakes and Rivers (polygons), Boundary files - 2016 Census","Lacs et rivières (polygones),  Fichiers des limites - Recensement de 2016",No resources covered,Aucune ressource couverte,Statistics Canada , Statistique Canada
"Aug 3, 2026",2.0,d0f54727-6c0b-4e5a-aa04-ea1463cf9f4c,No resource,2016-09-25,2016-09-25,2024-12-09,Grade Crossings Inventory ,Inventaire des passages à niveau,No resources covered,Aucune ressource couverte,Transport Canada , Transports Canada
"Aug 1, 2026",1.0,d0f54727-6c0b-4e5a-aa04-ea1463cf9f4c,a53fda5b-134f-449d-a639-9b896065fc21,2016-09-25,2020-09-11,2024-12-09,Grade Crossings Inventory ,Inventaire des passages à niveau,Grade Crossings Inventory,Inventaire des passages à niveau,Transport Canada , Transports Canada
"Aug 3, 2026",3.0,d0f54727-6c0b-4e5a-aa04-ea1463cf9f4c,a53fda5b-134f-449d-a639-9b896065fc21,2016-09-25,2020-09-11,2024-12-09,Grade Crossings Inventory ,Inventaire des passages à niveau,Grade Crossings Inventory,Inventaire des passages à niveau,Transport Canada , Transports Canada
"Aug 1, 2026",1.0,d11d65d2-f908-4c53-b020-df0d002ad979,No resource,2018-06-27,2018-06-27,2023-01-17,"Implicit price indexes, gross domestic product (GDP), provincial economic accounts, 1992=100, annual, 1981 - 1997","Indices implicites de prix, produit intérieur brut (PIB), comptes économiques provinciaux, 1992=100, annuel, 1981 - 1997",No resources covered,Aucune ressource couverte,Statistics Canada , Statistique Canada
"Aug 3, 2026",1.0,d14a058c-78bc-473c-8abf-79023bf7916b,bda29a61-3376-4f0e-b47f-e1863868b84a,2021-01-27,2026-05-27,2026-05-27,Greenhouse industry statistics,Statistiques sur l’industrie des cultures de serre,Greenhouse industry statistics,Statistiques sur l'industrie des serres,Government of Ontario , Gouvernement de l'Ontario
"Aug 3, 2026",1.0,d164163a-779e-4e08-ade9-a437c3a5b12d,No resource,2023-04-24,2023-04-24,2023-04-24,NCC National Interest Land Mass (NILM),Masse des terrains d'intérêt national (MTIN) de la CCN,No resources covered,Aucune ressource couverte,National Capital Commission , Commission de la capitale nationale
"Aug 3, 2026",1.0,d17afae5-9b6f-4bff-89bc-c10f4d43bf05,No resource,2025-02-26,2025-02-26,2026-04-17,Property Transfer Tax Data 2025,Translation of Property Transfer Tax Data 2025,No resources covered,Aucune ressource couverte,Government of British Columbia , Gouvernment de la Colombie-Britannique
"Aug 3, 2026",1.0,d19fc082-5ccf-4412-b137-5e304ffb7679,No resource,2025-11-26,2025-11-26,2026-04-09,2025—Report of the Auditor General of Canada—Recruiting for Canada’s Military,2025 — Rapport de la vérificatrice générale du Canada — Le recrutement pour les forces militaires canadiennes,No resources covered,Aucune ressource couverte,Office of the Auditor General of Canada , Bureau du vérificateur général du Canada
"Aug 1, 2026",1.0,d2090097-2984-4b75-967c-e0f1eaa3f31b,8179d2a5-fb0d-4e5b-9f99-7d83c2ea6d4f,2018-06-27,2026-03-10,2026-03-10,"Real estate agents, brokers and appraisers, summary statistics","Bureaux d'agents et de courtiers immobiliers et bureaux d'évaluateurs de biens immobiliers, statistiques sommaires",Dataset,Ensembles de données,Statistics Canada , Statistique Canada
"Aug 3, 2026",1.0,d21213fc-3fb9-4865-8494-91177174fff6,No resource,2021-04-13,2021-04-13,2025-11-20,"Postsecondary enrolments, by registration status, institution type, status of student in Canada and gender","Effectifs postsecondaires, selon le régime d'études, le type d'établissement, le statut de l'étudiant au Canada et le genre de la personne",No resources covered,Aucune ressource couverte,Statistics Canada , Statistique Canada
"Aug 3, 2026",1.0,d21213fc-3fb9-4865-8494-91177174fff6,c05391d5-f5e3-4e9a-8b3e-960307f2e95e,2021-04-13,2025-11-20,2025-11-20,"Postsecondary enrolments, by registration status, institution type, status of student in Canada and gender","Effectifs postsecondaires, selon le régime d'études, le type d'établissement, le statut de l'étudiant au Canada et le genre de la personne",Dataset,Ensembles de données,Statistics Canada , Statistique Canada
"Aug 1, 2026",1.0,d22354e8-cb01-5262-aed5-1de48d1ffb0a,748cedf8-b0bc-4424-9afc-94dc86571f7f,2016-09-25,2017-01-26,2017-01-26,Physiography of Southern Ontario,Physiographie du sud de l’Ontario,Download the English PDF through HTTP,Télécharger le fichier en format PDF Anglais via HTTP,Natural Resources Canada , Ressources naturelles Canada
"Aug 2, 2026",1.0,d22354e8-cb01-5262-aed5-1de48d1ffb0a,748cedf8-b0bc-4424-9afc-94dc86571f7f,2016-09-25,2017-01-26,2017-01-26,Physiography of Southern Ontario,Physiographie du sud de l’Ontario,Download the English PDF through HTTP,Télécharger le fichier en format PDF Anglais via HTTP,Natural Resources Canada , Ressources naturelles Canada
"Aug 1, 2026",1.0,d2330b1b-8c22-4ce4-8aa2-c0372bf94a94,No resource,2021-01-27,2021-01-27,2026-05-13,Raw leaf tobacco registrant list,Liste des inscrits au titre du tabac en feuilles,No resources covered,Aucune ressource couverte,Government of Ontario , Gouvernement de l'Ontario
"Aug 3, 2026",1.0,d23b2e02-085d-43e5-9e6e-e1d558ebfdd5,6643d2af-2884-4856-bde5-03b75f465e8f,2020-09-11,2026-07-29,2026-07-29,Electronic tender system (SEAO),Système électronique d'appel d'offres (SEAO),monthly_20260601_20260630.json,mensuel_20260601_20260630.json,Government and Municipalities of Québec , Gouvernement et municipalités du Québec
"Aug 3, 2026",3.0,d26fad0f-2eae-44d5-88a0-2bc699fd2592,54ef3c3e-6dbe-4b89-87e5-94f58e6d5469,2020-09-14,2026-07-29,2026-07-29,Off-market housing in the agglomeration of Montreal,Logements hors marché dans l'agglomération de Montréal,Location of off-market housing,Localisation des logements hors marché,Government and Municipalities of Québec , Gouvernement et municipalités du Québec
"Aug 3, 2026",1.0,d26fad0f-2eae-44d5-88a0-2bc699fd2592,No resource,2020-09-14,2020-09-14,2026-07-29,Off-market housing in the agglomeration of Montreal,Logements hors marché dans l'agglomération de Montréal,No resources covered,Aucune ressource couverte,Government and Municipalities of Québec , Gouvernement et municipalités du Québec
"Aug 3, 2026",1.0,d2a5bf2b-064c-4baf-b69e-0986ae6922cf,No resource,2021-11-23,2021-11-23,2026-04-30,Acquisition plans of the RADARSAT Constellation Mission,Plans d'acquisitions pour la Mission de la Constellation RADARSAT,No resources covered,Aucune ressource couverte,Canadian Space Agency , Agence spatiale canadienne
"Aug 3, 2026",1.0,d3350e23-f670-4183-a175-23f3961ce3c2,0e0f45db-a330-4007-8ac3-ac87cb9f0b8b,2025-03-26,2025-11-25,2025-11-25,"Health indicator statistics for youth aged 12 to 17 years, youth reported","Statistiques d’indicateurs de la santé pour les jeunes âgés de 12 à 17 ans, déclarés par les jeunes",Dataset,Ensembles de données,Statistics Canada , Statistique Canada
"Aug 2, 2026",2.0,d3881c4c-650d-4070-bf9b-1e00aabf0a1d,No resource,2018-10-04,2018-10-04,2026-05-15,Canadian Hydrographic Service Non-Navigational (NONNA) Bathymetric Data,Données bathymétriques non navigationnelles (NONNA) du Service hydrographique du Canada,No resources covered,Aucune ressource couverte,Fisheries and Oceans Canada , Pêches et Océans Canada
"Aug 3, 2026",4.0,d38de914-c94c-429b-8ab1-8776c31643e3,6e698ee1-7d0c-44b7-a581-126e18625ae3,2016-09-25,2016-10-24,2025-09-05,Recalls and Safety Alerts,Rappels et avis de sécurité,Recalls & Safety Alerts,Rappels et avis de sécurité,Health Canada , Santé Canada
"Aug 3, 2026",1.0,d38de914-c94c-429b-8ab1-8776c31643e3,7143f1c9-e270-4ae0-9466-7f7485250a8e,2016-09-25,2023-06-13,2025-09-05,Recalls and Safety Alerts,Rappels et avis de sécurité,Recalls and Safety Alerts,Rappels et avis de sécurité,Health Canada , Santé Canada
"Aug 1, 2026",1.0,d38de914-c94c-429b-8ab1-8776c31643e3,No resource,2016-09-25,2016-09-25,2025-09-15,Recalls and Safety Alerts,Rappels et avis de sécurité,No resources covered,Aucune ressource couverte,Health Canada , Santé Canada
"Aug 2, 2026",2.0,d38de914-c94c-429b-8ab1-8776c31643e3,No resource,2016-09-25,2016-09-25,2025-09-15,Recalls and Safety Alerts,Rappels et avis de sécurité,No resources covered,Aucune ressource couverte,Health Canada , Santé Canada
"Aug 3, 2026",4.0,d38de914-c94c-429b-8ab1-8776c31643e3,No resource,2016-09-25,2016-09-25,2025-09-15,Recalls and Safety Alerts,Rappels et avis de sécurité,No resources covered,Aucune ressource couverte,Health Canada , Santé Canada
"Aug 1, 2026",1.0,d3f49015-38dd-451e-aaf0-6ce5d128f1da,f5889abe-aaf0-43cb-96e7-49b414ed1b3e,2018-06-27,2026-04-17,2026-04-17,Average Alberta Agricultural Land Values by CLI and Municipality,Valeurs moyennes des terres agricoles de l'Alberta par CLI et par municipalité,2015,2015,Government of Alberta , Gouvernement de l'Alberta
"Aug 3, 2026",1.0,d4551ff4-be93-4d16-ad84-812e5ba0b1d5,6d59985d-eabc-4993-8307-bed472f0d7a2,2021-01-27,2025-09-17,2025-09-17,Guide to Eating Ontario Fish: Advisory Database,Base de données-avis ─ Guide de consommation du poisson de l’Ontario,2025 Fish Guide: Advisory Database,Base de données-avis 2024,Government of Ontario , Gouvernement de l'Ontario
"Aug 1, 2026",2.0,d4551ff4-be93-4d16-ad84-812e5ba0b1d5,No resource,2021-01-27,2021-01-27,2025-09-17,Guide to Eating Ontario Fish: Advisory Database,Base de données-avis ─ Guide de consommation du poisson de l’Ontario,No resources covered,Aucune ressource couverte,Government of Ontario , Gouvernement de l'Ontario
"Aug 1, 2026",6.0,d46a91b9-727d-45d6-9e8c-e2b3b265ea5d,407d429e-41b5-4d99-a9dd-7904898557f8,2020-11-27,2026-03-18,2026-03-18,White-tailed deer hunting activity and harvest,Activités de chasse au cerf de Virginie et récoltes,White-tailed deer hunting activity and harvest,White-tailed deer hunting activity and harvest,Government of Ontario , Gouvernement de l'Ontario
"Aug 2, 2026",1.0,d46a91b9-727d-45d6-9e8c-e2b3b265ea5d,407d429e-41b5-4d99-a9dd-7904898557f8,2020-11-27,2026-03-18,2026-03-18,White-tailed deer hunting activity and harvest,Activités de chasse au cerf de Virginie et récoltes,White-tailed deer hunting activity and harvest,White-tailed deer hunting activity and harvest,Government of Ontario , Gouvernement de l'Ontario
"Aug 1, 2026",2.0,d46a91b9-727d-45d6-9e8c-e2b3b265ea5d,No resource,2020-11-27,2020-11-27,2026-03-18,White-tailed deer hunting activity and harvest,Activités de chasse au cerf de Virginie et récoltes,No resources covered,Aucune ressource couverte,Government of Ontario , Gouvernement de l'Ontario
"Aug 2, 2026",1.0,d46a91b9-727d-45d6-9e8c-e2b3b265ea5d,No resource,2020-11-27,2020-11-27,2026-03-18,White-tailed deer hunting activity and harvest,Activités de chasse au cerf de Virginie et récoltes,No resources covered,Aucune ressource couverte,Government of Ontario , Gouvernement de l'Ontario
"Aug 2, 2026",1.0,d4935570-ff39-d216-3500-c8d1de513dc2,5f9fed2f-0565-4a75-80c3-1b86335e8f6f,2022-05-03,2026-04-17,2026-04-17,NS Top Twenty Baby Names - 1920-Current,Translation of NS Top Twenty Baby Names - 1920-Current,NS Top Twenty Baby Names - 1920-Current (TSV),Translation of NS Top Twenty Baby Names - 1920-Current (TSV),Government of Nova Scotia , Gouvernment de la Nouvelle-Écosse
"Aug 3, 2026",1.0,d4a716f5-a2fc-4c3c-88ed-451fe05900e4,5492b9e9-965f-4ace-8e7c-9c27d71296d6,2016-09-25,2016-12-01,2016-12-01,Current Border Wait Times,Temps d'attente à la frontière,Dataset,Ensemble de données,Canada Border Services Agency , Agence des services frontaliers du Canada
"Aug 2, 2026",3.0,d4a716f5-a2fc-4c3c-88ed-451fe05900e4,No resource,2016-09-25,2016-09-25,2021-12-17,Current Border Wait Times,Temps d'attente à la frontière,No resources covered,Aucune ressource couverte,Canada Border Services Agency , Agence des services frontaliers du Canada
"Aug 2, 2026",1.0,d4f80bd3-17e3-a7e8-4bfe-d22a430678d5,0037f487-16f6-4050-8310-bb69d2e61a1d,2025-07-02,2025-07-02,2025-07-02,Canada Geological Map Compilation,Compilation de cartes géologiques du Canada,Canada Geological Map Compilation - Dataset download - English,Compilation de cartes géologiques du Canada - Téléchargement des données - anglais,Natural Resources Canada , Ressources naturelles Canada
"Aug 3, 2026",1.0,d4f80bd3-17e3-a7e8-4bfe-d22a430678d5,0037f487-16f6-4050-8310-bb69d2e61a1d,2025-07-02,2025-07-02,2025-07-02,Canada Geological Map Compilation,Compilation de cartes géologiques du Canada,Canada Geological Map Compilation - Dataset download - English,Compilation de cartes géologiques du Canada - Téléchargement des données - anglais,Natural Resources Canada , Ressources naturelles Canada
"Aug 3, 2026",1.0,d4f80bd3-17e3-a7e8-4bfe-d22a430678d5,No resource,2025-07-02,2025-07-02,2025-07-02,Canada Geological Map Compilation,Compilation de cartes géologiques du Canada,No resources covered,Aucune ressource couverte,Natural Resources Canada , Ressources naturelles Canada
"Aug 3, 2026",1.0,d4fb05d0-a894-9331-b44a-0cf97c0eba72,No resource,2023-04-26,2023-04-26,2026-04-17,Manitoba Public Sector Compensation Disclosure,Divulgation de la rémunération du secteur public du Manitoba,No resources covered,Aucune ressource couverte,Government of Manitoba , Gouvernement du Manitoba
"Aug 1, 2026",1.0,d5ad9eb8-5195-4d1d-83e1-b5afe6b7c737,9924500d-edd9-4eb5-960e-418307df0d01,2021-04-13,2024-10-29,2024-10-29,"Assets and debts held by economic family type, by age group, Canada, provinces and selected census metropolitan areas, Survey of Financial Security","Actifs et dettes détenus selon le type de famille économique, par groupe d'âge, Canada, provinces et certaines régions métropolitaines de recensement, enquête sur la sécurité financière",Dataset,Ensembles de données,Statistics Canada , Statistique Canada
"Aug 1, 2026",4.0,d5ad9eb8-5195-4d1d-83e1-b5afe6b7c737,No resource,2021-04-13,2021-04-13,2024-10-29,"Assets and debts held by economic family type, by age group, Canada, provinces and selected census metropolitan areas, Survey of Financial Security","Actifs et dettes détenus selon le type de famille économique, par groupe d'âge, Canada, provinces et certaines régions métropolitaines de recensement, enquête sur la sécurité financière",No resources covered,Aucune ressource couverte,Statistics Canada , Statistique Canada
"Aug 1, 2026",1.0,d5ad9eb8-5195-4d1d-83e1-b5afe6b7c737,b761074b-277f-4fff-a518-51c6cad35acb,2021-04-13,2024-10-29,2024-10-29,"Assets and debts held by economic family type, by age group, Canada, provinces and selected census metropolitan areas, Survey of Financial Security","Actifs et dettes détenus selon le type de famille économique, par groupe d'âge, Canada, provinces et certaines régions métropolitaines de recensement, enquête sur la sécurité financière",Dataset,Ensembles de données,Statistics Canada , Statistique Canada
"Aug 2, 2026",1.0,d603d3de-8893-11e0-9d21-6cf049291510,16788bb4-4135-46e4-b45c-818fc8680484,2016-09-25,2017-01-26,2017-01-26,Climate Warming - Global Annual Temperature Scenario: 2050,Réchauffement climatique - Scénario de température mondiale annuelle : 2050,"Download the English ZIP (PDF,JPG) file through HTTP","Télécharger le fichier en format ZIP (PDF, JPG) Anglais via HTTP",Natural Resources Canada , Ressources naturelles Canada
"Aug 1, 2026",1.0,d603d3de-8893-11e0-9d21-6cf049291510,No resource,2016-09-25,2016-09-25,2022-03-14,Climate Warming - Global Annual Temperature Scenario: 2050,Réchauffement climatique - Scénario de température mondiale annuelle : 2050,No resources covered,Aucune ressource couverte,Natural Resources Canada , Ressources naturelles Canada
"Aug 2, 2026",2.0,d63a4407-6b46-52c1-9ff1-50eb72446167,6056c1ce-227d-4558-9825-344733802671,2016-09-25,2017-01-26,2017-01-26,"Banff, Kootenay and Yoho National Parks","Parcs nationaux Banff, Kootenay et Yoho",Download Bilingual PDF through HTTP,Télécharger le fichier en format bilingue PDF via HTTP,Natural Resources Canada , Ressources naturelles Canada
"Aug 3, 2026",1.0,d63a4407-6b46-52c1-9ff1-50eb72446167,6056c1ce-227d-4558-9825-344733802671,2016-09-25,2017-01-26,2017-01-26,"Banff, Kootenay and Yoho National Parks","Parcs nationaux Banff, Kootenay et Yoho",Download Bilingual PDF through HTTP,Télécharger le fichier en format bilingue PDF via HTTP,Natural Resources Canada , Ressources naturelles Canada
"Aug 1, 2026",1.0,d70e2d11-60f0-031b-7c3d-ec05f1f4886b,d1cb1119-d26e-416a-addd-306ef44859a2,2022-05-03,2026-04-17,2026-04-17,Rebates for New and Used Electric Vehicles in Nova Scotia,Translation of Rebates for New and Used Electric Vehicles in Nova Scotia,Rebates for New and Used Electric Vehicles in Nova Scotia (TSV),Translation of Rebates for New and Used Electric Vehicles in Nova Scotia (TSV),Government of Nova Scotia , Gouvernment de la Nouvelle-Écosse
"Aug 1, 2026",1.0,d7860bf2-d5b6-42b8-9136-0ffe75563ed0,No resource,2020-09-14,2020-09-14,2026-07-29,Ecoforest map in PDF format,Carte écoforestière en format PDF,No resources covered,Aucune ressource couverte,Government and Municipalities of Québec , Gouvernement et municipalités du Québec
"Aug 1, 2026",1.0,d7860bf2-d5b6-42b8-9136-0ffe75563ed0,a18424f7-55cd-44bc-afd8-937d815ef4ea,2020-09-14,2026-07-29,2026-07-29,Ecoforest map in PDF format,Carte écoforestière en format PDF,"Download links per 1/10,000 sheet (Visualization not available)",Liens de téléchargement par feuillet 1/10 000 (Visualisation non disponible),Government and Municipalities of Québec , Gouvernement et municipalités du Québec
"Aug 1, 2026",1.0,d7860bf2-d5b6-42b8-9136-0ffe75563ed0,c400d7be-acac-47ec-ab63-7b89649a6d18,2020-09-14,2026-07-29,2026-07-29,Ecoforest map in PDF format,Carte écoforestière en format PDF,🌲 User guide for the interactive open forest map,🌲Guide d'utilisation de la carte interactive forêt ouverte,Government and Municipalities of Québec , Gouvernement et municipalités du Québec
"Aug 2, 2026",1.0,d78d46b4-ff3f-4156-b07c-2efd5d5e1607,d14d4843-8ed8-4b67-a657-b73f7ebe6ddb,2025-12-16,2025-12-16,2025-12-16,National Fire Management Program 2024 Annual Report ,Le programme national de gestion du feu - Rapport annuel 2024,National Fire Management Program 2024 Annual Report ,Le programme national de gestion du feu - Rapport annuel 2024,Parks Canada , Parcs Canada
"Aug 2, 2026",1.0,d7a034ac-c316-4c57-beda-587de041b833,No resource,2023-04-13,2023-04-13,2026-04-17,"CRF Schedules of Payments - OIC, Other Appointees & Employees (not under PS Act)","Translation of CRF Schedules of Payments - OIC, Other Appointees & Employees (not under PS Act)",No resources covered,Aucune ressource couverte,Government of British Columbia , Gouvernment de la Colombie-Britannique
"Aug 1, 2026",1.0,d83f4d0c-f3b9-4ab9-8b81-b90d174d4f9e,No resource,2016-11-22,2016-11-22,2022-02-23,"Census Divisions, Cartographic Boundary File - 2016 Census","Divisions de recensement, Fichier des limites cartographiques - Recensement de 2016",No resources covered,Aucune ressource couverte,Statistics Canada , Statistique Canada
"Aug 3, 2026",2.0,d85f68c5-fcb0-4b4d-aec5-3047db47dcd5,0fb11ec6-1e3d-4b3d-9e34-791f8c636e03,2021-01-27,2026-07-29,2026-07-29,School information and student demographics,Renseignements sur les écoles et données démographiques sur les élèves,School information and student demographics,Renseignements sur les écoles et données démographiques sur les élèves,Government of Ontario , Gouvernement de l'Ontario
"Aug 1, 2026",1.0,d85f68c5-fcb0-4b4d-aec5-3047db47dcd5,71688c89-b758-4950-832d-865445694d68,2021-01-27,2026-07-29,2026-07-29,School information and student demographics,Renseignements sur les écoles et données démographiques sur les élèves,Preliminary 2023-2024,Préliminaire 2023-2024,Government of Ontario , Gouvernement de l'Ontario
"Aug 3, 2026",1.0,d890c04f-8893-11e0-8001-6cf049291510,No resource,2016-09-25,2016-09-25,2022-03-14,"Road Network, 2006","Réseau routier, 2006",No resources covered,Aucune ressource couverte,Natural Resources Canada , Ressources naturelles Canada
"Aug 3, 2026",1.0,d8a4e021-434d-709f-b135-4e282987d09c,a1a22ccc-6876-47b4-a71d-18c8ea2766f5,2022-05-03,2026-06-24,2026-06-24,Awarded Public Tenders,Appels d'offres publics attribués,Awarded Public Tenders (CSV),Appels d'offres publics attribués (CSV),Government of Nova Scotia , Gouvernment de la Nouvelle-Écosse
"Aug 2, 2026",2.0,d8c9838f-8893-11e0-9097-6cf049291510,1946a68b-9c6b-4eea-ae27-5fbb7561973b,2016-09-25,2017-01-26,2017-01-26,July Mean Total Precipitation,Précipitations totales moyennes pour le mois de juillet,Download the French JP2 File through HTTP,Télécharger le fichier en format JP2 français via HTTP,Natural Resources Canada , Ressources naturelles Canada
"Aug 3, 2026",1.0,d8e97e3e-04c8-4599-8667-4ad410d0cdc6,No resource,2017-05-15,2017-05-15,2022-02-07,Fire season length across Canada,Durée de la saison des feux au Canada,No resources covered,Aucune ressource couverte,Natural Resources Canada , Ressources naturelles Canada
"Aug 3, 2026",1.0,d8e97e3e-04c8-4599-8667-4ad410d0cdc6,e3e1dedb-86a7-4517-9b25-fc1ebda5f702,2017-05-15,2022-02-07,2022-02-07,Fire season length across Canada,Durée de la saison des feux au Canada,Fire Season Length across Canada (French ESRI File Geodatabase),Durée de la saison des feux  au Canada (Géodatabase Fichier ESRI en français),Natural Resources Canada , Ressources naturelles Canada
"Aug 2, 2026",1.0,d8f85d91-7dec-4fd1-8055-483b77225d8b,7f9b18ca-f627-4852-93d5-69adeb9437d6,2016-09-25,2020-10-02,2024-12-18,Proactive Publication - Contracts,Publication proactive des contrats,"Contracts over $10,000 – Legacy Data",Contrats de plus de 10 000 $ – Données anciennes ,Treasury Board of Canada Secretariat , Secrétariat du Conseil du Trésor du Canada
"Aug 1, 2026",1.0,d8f85d91-7dec-4fd1-8055-483b77225d8b,No resource,2016-09-25,2016-09-25,2026-08-03,Proactive Publication - Contracts,Publication proactive des contrats,No resources covered,Aucune ressource couverte,Treasury Board of Canada Secretariat , Secrétariat du Conseil du Trésor du Canada
"Aug 2, 2026",1.0,d8f85d91-7dec-4fd1-8055-483b77225d8b,No resource,2016-09-25,2016-09-25,2026-08-03,Proactive Publication - Contracts,Publication proactive des contrats,No resources covered,Aucune ressource couverte,Treasury Board of Canada Secretariat , Secrétariat du Conseil du Trésor du Canada
"Aug 1, 2026",2.0,d90eaf1b-2de8-43f0-923a-27a620ecdf41,No resource,2020-09-14,2020-09-14,2026-07-29,"Construction, transformation and demolition permits","Permis de construction, transformation et démolition",No resources covered,Aucune ressource couverte,Government and Municipalities of Québec , Gouvernement et municipalités du Québec
"Aug 2, 2026",1.0,d91f289c-8d34-4025-9fc8-34d7e8326b8e,No resource,2023-05-08,2023-05-08,2026-07-22,"Number and rate of victims of solved homicides, by racialized identity group, gender and type of accused-victim relationship","Nombre et taux de victimes d'homicides résolus, selon le groupe d'identité racisée, le genre et le type de relation entre la personne accusé d'homicide et la victime",No resources covered,Aucune ressource couverte,Statistics Canada , Statistique Canada
"Aug 1, 2026",1.0,d92224ee-03ef-4904-be53-b677d8e01ac4,29eac3f9-b6c0-4fb3-86b0-eb10a331645d,2020-04-24,2026-07-22,2026-07-22,BC Gazetteer,Répertoire géographique de la Colombie-Britannique,BC_GAZETTEER (SHP),BC_GAZETTEER (SHP),Government of British Columbia , Gouvernment de la Colombie-Britannique
"Aug 3, 2026",1.0,d9391250-c2fa-47ed-9216-aa38eb449aaf,345600c1-0bc1-436b-968a-fed458b4e92f,2018-04-04,2018-04-04,2024-06-11,Air Cargo Security (ACS) Program - Members List,Liste des membres du programme de sûreté du fret aérien (SFA),Air Cargo Security (ACS) Program - Members List,Liste des membres du programme de sûreté du fret aérien (SFA),Transport Canada , Transports Canada
"Aug 3, 2026",2.0,d9391250-c2fa-47ed-9216-aa38eb449aaf,No resource,2018-04-04,2018-04-04,2024-06-11,Air Cargo Security (ACS) Program - Members List,Liste des membres du programme de sûreté du fret aérien (SFA),No resources covered,Aucune ressource couverte,Transport Canada , Transports Canada
"Aug 3, 2026",1.0,d9391250-c2fa-47ed-9216-aa38eb449aaf,a823d651-0d66-4711-9828-e5060c15043e,2018-04-04,2018-04-04,2024-06-11,Air Cargo Security (ACS) Program - Members List,Liste des membres du programme de sûreté du fret aérien (SFA),Air Cargo Security (ACS) Program - Members List ,Liste des membres du programme de sûreté du fret aérien (SFA) ,Transport Canada , Transports Canada
"Aug 3, 2026",3.0,d948c7ac-18b1-4c77-a576-120c2b8447b7,4138efd7-3763-4448-b378-4ec24a7e6e4b,2022-03-02,2026-06-11,2026-06-11,"New motor vehicle registrations, quarterly, by geographic level","Immatriculations des véhicules automobiles neufs, trimestrielle, par niveau géographique",Dataset,Ensembles de données,Statistics Canada , Statistique Canada
"Aug 3, 2026",2.0,d948c7ac-18b1-4c77-a576-120c2b8447b7,No resource,2022-03-02,2022-03-02,2026-06-11,"New motor vehicle registrations, quarterly, by geographic level","Immatriculations des véhicules automobiles neufs, trimestrielle, par niveau géographique",No resources covered,Aucune ressource couverte,Statistics Canada , Statistique Canada
"Aug 3, 2026",1.0,d99abc15-afb0-471e-b2a2-8d00d8caac2d,faf33a98-e230-4af9-900d-54273ad12340,2023-02-15,2023-03-14,2025-12-19,Statistics on the Incentives for Medium-and Heavy-Duty Zero-Emission Vehicles Program (iMHZEV) ,Statistiques sur le Programme d’incitatifs pour les véhicules moyens et lourds zéro émission (iVMLZE) ,Statistics on the Incentives for Medium-and Heavy-Duty Zero-Emission Vehicles Program (iMHZEV) - Data Dictionary,Statistiques sur le Programme d’incitatifs pour les véhicules moyens et lourds zéro émission (iVMLZE) - Dictionnaire de données,Transport Canada , Transports Canada
"Aug 1, 2026",1.0,db177a8c-5d7d-49eb-8290-31e6a45d786c,c77e1689-e4f7-4d38-8222-db7da1998f8c,2016-09-26,2026-05-05,2026-05-05,Critical Habitat for Aquatic Species at Risk - Canada,L'habitat essentiel des espèces aquatiques en péril en vertu de la Loi sur les espèces en péril - Canada,Critical Habitat of Aquatic Species at Risk,Habitat essentiel des espèces aquatiques en péril,Fisheries and Oceans Canada , Pêches et Océans Canada
"Aug 2, 2026",1.0,db177a8c-5d7d-49eb-8290-31e6a45d786c,c77e1689-e4f7-4d38-8222-db7da1998f8c,2016-09-26,2026-05-05,2026-05-05,Critical Habitat for Aquatic Species at Risk - Canada,L'habitat essentiel des espèces aquatiques en péril en vertu de la Loi sur les espèces en péril - Canada,Critical Habitat of Aquatic Species at Risk,Habitat essentiel des espèces aquatiques en péril,Fisheries and Oceans Canada , Pêches et Océans Canada
"Aug 2, 2026",3.0,db177a8c-5d7d-49eb-8290-31e6a45d786c,f49d3696-eb6f-4a85-87c2-3e83a09f9fa5,2016-09-26,2026-05-05,2026-05-05,Critical Habitat for Aquatic Species at Risk - Canada,L'habitat essentiel des espèces aquatiques en péril en vertu de la Loi sur les espèces en péril - Canada,Detailed metadata with descriptions of data attributes,Métadonnées détaillées avec description des attributs des données,Fisheries and Oceans Canada , Pêches et Océans Canada
"Aug 2, 2026",1.0,db48834a-4f61-4ed7-9816-aa01c7a7b5bd,No resource,2020-11-27,2020-11-27,2026-02-11,Community Care Access Centre (CCACs) locations,Emplacement des centres d’accès aux soins communautaires (CASC),No resources covered,Aucune ressource couverte,Government of Ontario , Gouvernement de l'Ontario
"Aug 3, 2026",1.0,db90d875-3f1a-4e6a-8659-5c484957816c,54d5cea3-6287-4fd0-8107-302313d4e1ed,2016-10-27,2018-08-24,2026-01-08,Federal Child Support Tables – British Columbia,Tables fédérales de pensions alimentaires pour enfants - Colombie-Britannique,2017 Federal Child Support Tables: 1 to 4 children,2017 Pensions alimentaires pour enfants: un à quatre enfant(s),Department of Justice Canada , Ministère de la Justice Canada
"Aug 3, 2026",1.0,db90d875-3f1a-4e6a-8659-5c484957816c,8a252519-a315-4542-bf83-b01b4beedbdd,2016-10-27,2016-10-27,2026-01-08,Federal Child Support Tables – British Columbia,Tables fédérales de pensions alimentaires pour enfants - Colombie-Britannique,Federal Child Support Tables – British Columbia,Tables fédérales de pensions alimentaires pour enfants - Colombie-Britannique,Department of Justice Canada , Ministère de la Justice Canada
"Aug 3, 2026",1.0,db90d875-3f1a-4e6a-8659-5c484957816c,b87279e3-9a2c-4841-bf19-ee52013e43d3,2016-10-27,2018-08-23,2026-01-08,Federal Child Support Tables – British Columbia,Tables fédérales de pensions alimentaires pour enfants - Colombie-Britannique,Federal Child Support Tables: 5 or more children,Pensions alimentaires pour enfants: cinq enfants ou plus,Department of Justice Canada , Ministère de la Justice Canada
"Aug 3, 2026",1.0,db90d875-3f1a-4e6a-8659-5c484957816c,c0339126-020f-47b8-b6eb-687b4b1943ec,2016-10-27,2026-01-08,2026-01-08,Federal Child Support Tables – British Columbia,Tables fédérales de pensions alimentaires pour enfants - Colombie-Britannique,2025 Simplified Federal Child Support Tables: 1 to 4 children,Tables fédérales de pensions alimentaires pour enfants de 2025 : un à quatre enfant(s),Department of Justice Canada , Ministère de la Justice Canada
"Aug 3, 2026",1.0,db90d875-3f1a-4e6a-8659-5c484957816c,e4dd5aa6-ca00-4750-9f52-7f220733c15a,2016-10-27,2018-08-24,2026-01-08,Federal Child Support Tables – British Columbia,Tables fédérales de pensions alimentaires pour enfants - Colombie-Britannique,2017 Federal Child Support Tables: five or more children,2017 Pensions alimentaires pour enfants: cinq enfants ou plus,Department of Justice Canada , Ministère de la Justice Canada
"Aug 3, 2026",1.0,db90d875-3f1a-4e6a-8659-5c484957816c,eb998c56-0b93-43c7-8b7a-0f412ca9d9be,2016-10-27,2018-08-24,2026-01-08,Federal Child Support Tables – British Columbia,Tables fédérales de pensions alimentaires pour enfants - Colombie-Britannique,2017 Federal Child Support Tables: 1 to 4 children,2017 Pensions alimentaires pour enfants: un à quatre enfant(s),Department of Justice Canada , Ministère de la Justice Canada
"Aug 2, 2026",2.0,dba6c78a-1bc1-4d4f-b75c-96b5b0e7fd30,032f70be-c30a-4091-a35e-eb2fb82fdcb5,2023-12-06,2026-04-17,2026-04-17,BC Grizzly Bear Habitat Classification and Rating,Classification et évaluation de l'habitat du grizzli en Colombie-Britannique,GrizzlyBear_WHR_EcosectionBEC_Map,Grizzlybear_WHR_EcosectionBEC_MAP,Government of British Columbia , Gouvernment de la Colombie-Britannique
"Aug 2, 2026",1.0,dba6c78a-1bc1-4d4f-b75c-96b5b0e7fd30,ed8fc241-7757-4b1f-af18-f0661000d8b5,2023-12-06,2026-04-17,2026-04-17,BC Grizzly Bear Habitat Classification and Rating,Classification et évaluation de l'habitat du grizzli en Colombie-Britannique,GrizzlyBear_WHR_BEI_Map,Grizzlybear_WHR_Bei_Map,Government of British Columbia , Gouvernment de la Colombie-Britannique
"Aug 2, 2026",1.0,dba6c78a-1bc1-4d4f-b75c-96b5b0e7fd30,f21ff929-a784-4f2f-8966-d36dfc1ed8e4,2023-12-06,2026-04-17,2026-04-17,BC Grizzly Bear Habitat Classification and Rating,Classification et évaluation de l'habitat du grizzli en Colombie-Britannique,BC_GrizzlyBear_HabitatAssessment_Report,BC_Grizzlybear_Évaluation de l'habitat_Rapport,Government of British Columbia , Gouvernment de la Colombie-Britannique
"Aug 2, 2026",1.0,dbc3fc05-ba53-43af-8170-496f22941fc5,ac39e4e7-1936-4f54-be9b-d0aa662675e8,2023-04-13,2026-04-17,2026-04-17,Premier and Ministers Salary and Travel Expenses,Translation of Premier and Ministers Salary and Travel Expenses,FYE 2024 - Premier and Ministers Salary and Travel Expenses,Translation of FYE 2024 - Premier and Ministers Salary and Travel Expenses,Government of British Columbia , Gouvernment de la Colombie-Britannique
"Aug 3, 2026",2.0,dc343c43-a592-4a27-8ee7-c77df56afb34,10868ca4-bc08-4d11-9b22-36ac92345693,2017-04-21,2018-03-16,2024-05-26,Pipeline Throughput and Capacity Data,Données sur le débit et la capacité des pipelines,Southern Lights Pipeline,Pipeline Southern Lights,Canada Energy Regulator , La Régie de l’énergie du Canada
"Aug 3, 2026",1.0,dc343c43-a592-4a27-8ee7-c77df56afb34,2a9fe555-62be-4ebb-9409-e9a6fe2e328c,2017-04-21,2017-05-09,2024-05-26,Pipeline Throughput and Capacity Data,Données sur le débit et la capacité des pipelines,Oil Pipeline Data Dictionary ,Dictionnaire De Données – Pétrole,Canada Energy Regulator , La Régie de l’énergie du Canada
"Aug 1, 2026",1.0,dc343c43-a592-4a27-8ee7-c77df56afb34,404fa9e0-73b1-4a8c-9f43-8045d7edb426,2017-04-21,2017-04-21,2024-05-26,Pipeline Throughput and Capacity Data,Données sur le débit et la capacité des pipelines,Trans Mountain Pipeline,Pipeline Trans Mountain ,Canada Energy Regulator , La Régie de l’énergie du Canada
"Aug 1, 2026",1.0,dc343c43-a592-4a27-8ee7-c77df56afb34,4c1ad1fd-5507-451c-b487-e6bf8725e67d,2017-04-21,2017-04-21,2024-05-26,Pipeline Throughput and Capacity Data,Données sur le débit et la capacité des pipelines,Alliance Pipeline,Pipeline Alliance,Canada Energy Regulator , La Régie de l’énergie du Canada
"Aug 3, 2026",2.0,dc343c43-a592-4a27-8ee7-c77df56afb34,4c1ad1fd-5507-451c-b487-e6bf8725e67d,2017-04-21,2017-04-21,2024-05-26,Pipeline Throughput and Capacity Data,Données sur le débit et la capacité des pipelines,Alliance Pipeline,Pipeline Alliance,Canada Energy Regulator , La Régie de l’énergie du Canada
"Aug 1, 2026",1.0,dc343c43-a592-4a27-8ee7-c77df56afb34,4db7bc7c-d9cc-468b-8130-e799b13c69e8,2017-04-21,2017-04-21,2024-05-26,Pipeline Throughput and Capacity Data,Données sur le débit et la capacité des pipelines,Nova Gas Transmission Ltd. (NGTL) Pipeline,Réseau Nova Gas Transmission Ltd. (NGTL) ,Canada Energy Regulator , La Régie de l’énergie du Canada
"Aug 3, 2026",1.0,dc343c43-a592-4a27-8ee7-c77df56afb34,70f84457-6c56-43f4-a71e-1658e7ce43cd,2017-04-21,2017-04-21,2024-05-26,Pipeline Throughput and Capacity Data,Données sur le débit et la capacité des pipelines,Trans-Northern Pipeline,Pipeline Trans-Nord,Canada Energy Regulator , La Régie de l’énergie du Canada
"Aug 1, 2026",1.0,dc343c43-a592-4a27-8ee7-c77df56afb34,990254ab-7ffa-4fcf-883b-94b9231c7074,2017-04-21,2017-04-21,2024-05-26,Pipeline Throughput and Capacity Data,Données sur le débit et la capacité des pipelines,Oil Pipeline Apportionment Data Dictionary,Dictionnaire De Données Pipeline Répartition - Pétrole,Canada Energy Regulator , La Régie de l’énergie du Canada
"Aug 3, 2026",1.0,dc343c43-a592-4a27-8ee7-c77df56afb34,990254ab-7ffa-4fcf-883b-94b9231c7074,2017-04-21,2017-04-21,2024-05-26,Pipeline Throughput and Capacity Data,Données sur le débit et la capacité des pipelines,Oil Pipeline Apportionment Data Dictionary,Dictionnaire De Données Pipeline Répartition - Pétrole,Canada Energy Regulator , La Régie de l’énergie du Canada
"Aug 1, 2026",1.0,dc343c43-a592-4a27-8ee7-c77df56afb34,999ce2ea-60da-410c-ada0-aebf14d43793,2017-04-21,2017-04-21,2024-05-26,Pipeline Throughput and Capacity Data,Données sur le débit et la capacité des pipelines,Westcoast Pipeline,Réseau de la Division du transport de Westcoast Energy,Canada Energy Regulator , La Régie de l’énergie du Canada
"Aug 2, 2026",3.0,dc343c43-a592-4a27-8ee7-c77df56afb34,No resource,2017-04-21,2017-04-21,2026-05-24,Pipeline Throughput and Capacity Data,Données sur le débit et la capacité des pipelines,No resources covered,Aucune ressource couverte,Canada Energy Regulator , La Régie de l’énergie du Canada
"Aug 3, 2026",13.0,dc343c43-a592-4a27-8ee7-c77df56afb34,No resource,2017-04-21,2017-04-21,2026-05-24,Pipeline Throughput and Capacity Data,Données sur le débit et la capacité des pipelines,No resources covered,Aucune ressource couverte,Canada Energy Regulator , La Régie de l’énergie du Canada
"Aug 3, 2026",1.0,dc343c43-a592-4a27-8ee7-c77df56afb34,b7597d90-0d9a-44d8-8d31-3434d693d6d9,2017-04-21,2017-04-21,2024-05-26,Pipeline Throughput and Capacity Data,Données sur le débit et la capacité des pipelines,Keystone Pipeline,Pipeline Keystone ,Canada Energy Regulator , La Régie de l’énergie du Canada
"Aug 3, 2026",1.0,dc343c43-a592-4a27-8ee7-c77df56afb34,bc616cb7-e5e8-4d67-a328-1ce1e2335146,2017-04-21,2017-04-21,2024-05-26,Pipeline Throughput and Capacity Data,Données sur le débit et la capacité des pipelines,Oil Pipeline Apportionment,Pipeline Répartition – Pétrole,Canada Energy Regulator , La Régie de l’énergie du Canada
"Aug 3, 2026",1.0,dc343c43-a592-4a27-8ee7-c77df56afb34,d955bad0-d38b-4e5e-8d36-594aeccf4fb5,2017-04-21,2017-04-21,2024-05-26,Pipeline Throughput and Capacity Data,Données sur le débit et la capacité des pipelines,Keystone Pipeline,Pipeline Keystone ,Canada Energy Regulator , La Régie de l’énergie du Canada
"Aug 3, 2026",1.0,dc343c43-a592-4a27-8ee7-c77df56afb34,f41b395a-2e98-419f-aec1-66334c94f0dc,2017-04-21,2017-04-21,2024-05-26,Pipeline Throughput and Capacity Data,Données sur le débit et la capacité des pipelines,Cochin Pipeline,Pipeline Cochin,Canada Energy Regulator , La Régie de l’énergie du Canada
"Aug 1, 2026",1.0,dc5c4808-ef54-41c9-9a65-e99e89fe673a,No resource,2021-04-13,2021-04-13,2026-05-01,"Gross domestic product (GDP) at basic prices, by industry, provinces and territories, percentage share","Produit intérieur brut (PIB) aux prix de base, par industries, provinces et territoires, part en pourcentage",No resources covered,Aucune ressource couverte,Statistics Canada , Statistique Canada
"Aug 3, 2026",1.0,dd17d211-5038-479a-8f23-dafcb26c829b,19a725e1-6df5-4921-abfb-53b74b65b166,2024-04-24,2026-05-13,2026-05-13,Moose population monitoring summaries,Résumés des surveillance des populations d’orignaux,Data Dictionary,Dictionnaire de données,Government of Ontario , Gouvernement de l'Ontario
"Aug 3, 2026",1.0,dd17d211-5038-479a-8f23-dafcb26c829b,511e02da-bbd2-4cab-8804-5d52cabd27d8,2024-04-24,2026-05-13,2026-05-13,Moose population monitoring summaries,Résumés des surveillance des populations d’orignaux,Moose survey results,Résultats du sondage sur les orignaux,Government of Ontario , Gouvernement de l'Ontario
"Aug 3, 2026",1.0,dd17d211-5038-479a-8f23-dafcb26c829b,No resource,2024-04-24,2024-04-24,2026-05-13,Moose population monitoring summaries,Résumés des surveillance des populations d’orignaux,No resources covered,Aucune ressource couverte,Government of Ontario , Gouvernement de l'Ontario
"Aug 1, 2026",1.0,dd334315-8632-4b14-b845-30f5d488a153,34f8bb27-5e91-4e9c-8151-95cc54d25008,2016-09-25,2017-01-30,2017-01-30,Cadastral Information for Waterton Lakes National Park of Canada,Information cadastrale pour le parc national des Lacs-Waterton du Canada,Download DWG file through FTP,Téléchargez le fichier DWG via FTP,Natural Resources Canada , Ressources naturelles Canada
"Aug 1, 2026",1.0,dd334315-8632-4b14-b845-30f5d488a153,792cfa10-f06a-462e-802b-6856221d3462,2016-09-25,2017-01-30,2017-01-30,Cadastral Information for Waterton Lakes National Park of Canada,Information cadastrale pour le parc national des Lacs-Waterton du Canada,Download SHP file through FTP,Téléchargez le fichier SHP via FTP,Natural Resources Canada , Ressources naturelles Canada
"Aug 1, 2026",1.0,dd548674-d011-4f81-b745-351cd930eb87,No resource,2023-04-13,2023-04-13,2026-04-17,"BC Health - Practitioners, Services & Expenditures by Specialty and HSDA, from MSP","Translation of BC Health - Practitioners, Services & Expenditures by Specialty and HSDA, from MSP",No resources covered,Aucune ressource couverte,Government of British Columbia , Gouvernment de la Colombie-Britannique
"Aug 1, 2026",1.0,dd548674-d011-4f81-b745-351cd930eb87,a531a583-aa1d-4403-9231-b159b62f1cc2,2023-04-13,2026-04-17,2026-04-17,"BC Health - Practitioners, Services & Expenditures by Specialty and HSDA, from MSP","Translation of BC Health - Practitioners, Services & Expenditures by Specialty and HSDA, from MSP",BC_Health_Practitioners_Services_and_Expenditures_by_Specialty_and_Health_Service_Delivery_Area.csv,Translation of BC_Health_Practitioners_Services_and_Expenditures_by_Specialty_and_Health_Service_Delivery_Area.csv,Government of British Columbia , Gouvernment de la Colombie-Britannique
"Aug 2, 2026",1.0,dd548674-d011-4f81-b745-351cd930eb87,a531a583-aa1d-4403-9231-b159b62f1cc2,2023-04-13,2026-04-17,2026-04-17,"BC Health - Practitioners, Services & Expenditures by Specialty and HSDA, from MSP","Translation of BC Health - Practitioners, Services & Expenditures by Specialty and HSDA, from MSP",BC_Health_Practitioners_Services_and_Expenditures_by_Specialty_and_Health_Service_Delivery_Area.csv,Translation of BC_Health_Practitioners_Services_and_Expenditures_by_Specialty_and_Health_Service_Delivery_Area.csv,Government of British Columbia , Gouvernment de la Colombie-Britannique
"Aug 3, 2026",1.0,ddc8f69e-8893-11e0-b946-6cf049291510,No resource,2016-09-25,2016-09-25,2022-03-14,Major Hurricanes that Affected Canada,Principaux ouragans qui ont affecté le Canada,No resources covered,Aucune ressource couverte,Natural Resources Canada , Ressources naturelles Canada
"Aug 2, 2026",1.0,ddff556d-dfca-4249-a6ba-91f7871e8e88,3bfdeba5-1daf-4f10-8355-7125d6ce6b82,2017-04-07,2022-02-26,2022-02-26,Earthquakes in Canada 1990-1999,Tremblements de terre au Canada 1990-1999,Canadian Earthquakes (French),Tremblements de terre canadien (Français),Natural Resources Canada , Ressources naturelles Canada
"Aug 2, 2026",1.0,de153dc6-30fd-46b7-9922-3b159df4d4d8,No resource,2018-06-27,2018-06-27,2023-01-17,"Investment in residential structures, quarterly, 1961 - 2012","Investissement en bâtiments résidentiels, trimestriel, 1961 - 2012",No resources covered,Aucune ressource couverte,Statistics Canada , Statistique Canada
"Aug 3, 2026",1.0,dee6d758-0297-da7b-8557-15930b67aa9e,No resource,2021-04-20,2021-04-20,2026-01-28,New Brunswick Road Network (NBRN),Réseau Routier du Nouveau-Brunswick (RRNB),No resources covered,Aucune ressource couverte,Government of New Brunswick , Gouvernement du Nouveau-Brunswick
"Aug 1, 2026",1.0,df77cdc9-9b34-d843-8df3-db5fba28d204,cc1a0223-f2e9-4927-b361-732265f3c35c,2022-05-03,2026-04-17,2026-04-17,"An Acadian Parish Remembered: The Registers of St. Jean-Baptiste, Annapolis Royal, 1702-1755","Translation of An Acadian Parish Remembered: The Registers of St. Jean-Baptiste, Annapolis Royal, 1702-1755","An Acadian Parish Remembered: The Registers of St. Jean-Baptiste, Annapolis Royal, 1702-1755 (CSV)","Translation of An Acadian Parish Remembered: The Registers of St. Jean-Baptiste, Annapolis Royal, 1702-1755 (CSV)",Government of Nova Scotia , Gouvernment de la Nouvelle-Écosse
"Aug 1, 2026",1.0,df77cdc9-9b34-d843-8df3-db5fba28d204,fb349ce6-a53e-4c87-adbd-c1f0c1c58e47,2022-05-03,2026-04-17,2026-04-17,"An Acadian Parish Remembered: The Registers of St. Jean-Baptiste, Annapolis Royal, 1702-1755","Translation of An Acadian Parish Remembered: The Registers of St. Jean-Baptiste, Annapolis Royal, 1702-1755","An Acadian Parish Remembered: The Registers of St. Jean-Baptiste, Annapolis Royal, 1702-1755 (RDF)","Translation of An Acadian Parish Remembered: The Registers of St. Jean-Baptiste, Annapolis Royal, 1702-1755 (RDF)",Government of Nova Scotia , Gouvernment de la Nouvelle-Écosse
"Aug 1, 2026",8.0,dfa4daf1-669e-4514-82cd-982f27707ed0,0a7918f0-6e8a-433b-9ea2-60e2b8674cb5,2016-09-25,2016-12-29,2026-06-29,Old Age Security (OAS) - Table of Benefit Amounts by marital status and income level,Sécurité de la vieillesse (SV) - Tableau des montants des prestations en fonction de l'état matrimonial et du niveau de revenu,Table 1 - GIS for single person who receives an OAS pension,Table 1 - GIS for single person who receives an OAS pension,Employment and Social Development Canada , Emploi et Développement social Canada
"Aug 2, 2026",3.0,dfa4daf1-669e-4514-82cd-982f27707ed0,0a7918f0-6e8a-433b-9ea2-60e2b8674cb5,2016-09-25,2016-12-29,2026-06-29,Old Age Security (OAS) - Table of Benefit Amounts by marital status and income level,Sécurité de la vieillesse (SV) - Tableau des montants des prestations en fonction de l'état matrimonial et du niveau de revenu,Table 1 - GIS for single person who receives an OAS pension,Table 1 - GIS for single person who receives an OAS pension,Employment and Social Development Canada , Emploi et Développement social Canada
"Aug 3, 2026",2.0,dfa4daf1-669e-4514-82cd-982f27707ed0,0a7918f0-6e8a-433b-9ea2-60e2b8674cb5,2016-09-25,2016-12-29,2026-06-29,Old Age Security (OAS) - Table of Benefit Amounts by marital status and income level,Sécurité de la vieillesse (SV) - Tableau des montants des prestations en fonction de l'état matrimonial et du niveau de revenu,Table 1 - GIS for single person who receives an OAS pension,Table 1 - GIS for single person who receives an OAS pension,Employment and Social Development Canada , Emploi et Développement social Canada
"Aug 1, 2026",14.0,dfa4daf1-669e-4514-82cd-982f27707ed0,5d87eeb6-5305-4a0e-bc1d-fdf96e691749,2016-09-25,2016-10-13,2026-06-29,Old Age Security (OAS) - Table of Benefit Amounts by marital status and income level,Sécurité de la vieillesse (SV) - Tableau des montants des prestations en fonction de l'état matrimonial et du niveau de revenu,Table 2 - GIS for spouse/common-law partner of someone who receives an OAS pension,Table 2 SRG pour époux/conjoint de fait d'une personne qui reçoit une pension de la SV,Employment and Social Development Canada , Emploi et Développement social Canada
"Aug 2, 2026",3.0,dfa4daf1-669e-4514-82cd-982f27707ed0,5d87eeb6-5305-4a0e-bc1d-fdf96e691749,2016-09-25,2016-10-13,2026-06-29,Old Age Security (OAS) - Table of Benefit Amounts by marital status and income level,Sécurité de la vieillesse (SV) - Tableau des montants des prestations en fonction de l'état matrimonial et du niveau de revenu,Table 2 - GIS for spouse/common-law partner of someone who receives an OAS pension,Table 2 SRG pour époux/conjoint de fait d'une personne qui reçoit une pension de la SV,Employment and Social Development Canada , Emploi et Développement social Canada
"Aug 3, 2026",7.0,dfa4daf1-669e-4514-82cd-982f27707ed0,5d87eeb6-5305-4a0e-bc1d-fdf96e691749,2016-09-25,2016-10-13,2026-06-29,Old Age Security (OAS) - Table of Benefit Amounts by marital status and income level,Sécurité de la vieillesse (SV) - Tableau des montants des prestations en fonction de l'état matrimonial et du niveau de revenu,Table 2 - GIS for spouse/common-law partner of someone who receives an OAS pension,Table 2 SRG pour époux/conjoint de fait d'une personne qui reçoit une pension de la SV,Employment and Social Development Canada , Emploi et Développement social Canada
"Aug 1, 2026",4.0,dfa4daf1-669e-4514-82cd-982f27707ed0,5efa3920-83f6-4108-bb51-db2456e7b37c,2016-09-25,2016-12-29,2026-06-29,Old Age Security (OAS) - Table of Benefit Amounts by marital status and income level,Sécurité de la vieillesse (SV) - Tableau des montants des prestations en fonction de l'état matrimonial et du niveau de revenu,Table 2 - GIS for spouse/common-law partner of someone who receives an OAS pension,Table 2 - SRG pour époux/conjoint de fait d'une personne qui reçoit une pension de la SV,Employment and Social Development Canada , Emploi et Développement social Canada
"Aug 3, 2026",6.0,dfa4daf1-669e-4514-82cd-982f27707ed0,5efa3920-83f6-4108-bb51-db2456e7b37c,2016-09-25,2016-12-29,2026-06-29,Old Age Security (OAS) - Table of Benefit Amounts by marital status and income level,Sécurité de la vieillesse (SV) - Tableau des montants des prestations en fonction de l'état matrimonial et du niveau de revenu,Table 2 - GIS for spouse/common-law partner of someone who receives an OAS pension,Table 2 - SRG pour époux/conjoint de fait d'une personne qui reçoit une pension de la SV,Employment and Social Development Canada , Emploi et Développement social Canada
"Aug 2, 2026",1.0,dfa4daf1-669e-4514-82cd-982f27707ed0,89b0fa2c-af49-4fb5-a74c-1cf2268fb521,2016-09-25,2016-12-29,2026-06-29,Old Age Security (OAS) - Table of Benefit Amounts by marital status and income level,Sécurité de la vieillesse (SV) - Tableau des montants des prestations en fonction de l'état matrimonial et du niveau de revenu,Table 4 - GIS and Allowance for couple,Table 4 - SRG et Allocation pour couple,Employment and Social Development Canada , Emploi et Développement social Canada
"Aug 1, 2026",16.0,dfa4daf1-669e-4514-82cd-982f27707ed0,No resource,2016-09-25,2016-09-25,2026-06-29,Old Age Security (OAS) - Table of Benefit Amounts by marital status and income level,Sécurité de la vieillesse (SV) - Tableau des montants des prestations en fonction de l'état matrimonial et du niveau de revenu,No resources covered,Aucune ressource couverte,Employment and Social Development Canada , Emploi et Développement social Canada
"Aug 2, 2026",18.0,dfa4daf1-669e-4514-82cd-982f27707ed0,No resource,2016-09-25,2016-09-25,2026-06-29,Old Age Security (OAS) - Table of Benefit Amounts by marital status and income level,Sécurité de la vieillesse (SV) - Tableau des montants des prestations en fonction de l'état matrimonial et du niveau de revenu,No resources covered,Aucune ressource couverte,Employment and Social Development Canada , Emploi et Développement social Canada
"Aug 3, 2026",40.0,dfa4daf1-669e-4514-82cd-982f27707ed0,No resource,2016-09-25,2016-09-25,2026-06-29,Old Age Security (OAS) - Table of Benefit Amounts by marital status and income level,Sécurité de la vieillesse (SV) - Tableau des montants des prestations en fonction de l'état matrimonial et du niveau de revenu,No resources covered,Aucune ressource couverte,Employment and Social Development Canada , Emploi et Développement social Canada
"Aug 1, 2026",9.0,dfa4daf1-669e-4514-82cd-982f27707ed0,a2f5faf4-07fe-4a3c-9bd3-62bbf11a426f,2016-09-25,2016-10-13,2026-06-29,Old Age Security (OAS) - Table of Benefit Amounts by marital status and income level,Sécurité de la vieillesse (SV) - Tableau des montants des prestations en fonction de l'état matrimonial et du niveau de revenu,Table 1 - GIS for single person who receives an OAS pension,Table 1 - SRG pour bénéficiaire célibataire recevant la pension de la SV,Employment and Social Development Canada , Emploi et Développement social Canada
"Aug 2, 2026",5.0,dfa4daf1-669e-4514-82cd-982f27707ed0,a2f5faf4-07fe-4a3c-9bd3-62bbf11a426f,2016-09-25,2016-10-13,2026-06-29,Old Age Security (OAS) - Table of Benefit Amounts by marital status and income level,Sécurité de la vieillesse (SV) - Tableau des montants des prestations en fonction de l'état matrimonial et du niveau de revenu,Table 1 - GIS for single person who receives an OAS pension,Table 1 - SRG pour bénéficiaire célibataire recevant la pension de la SV,Employment and Social Development Canada , Emploi et Développement social Canada
"Aug 3, 2026",19.0,dfa4daf1-669e-4514-82cd-982f27707ed0,a2f5faf4-07fe-4a3c-9bd3-62bbf11a426f,2016-09-25,2016-10-13,2026-06-29,Old Age Security (OAS) - Table of Benefit Amounts by marital status and income level,Sécurité de la vieillesse (SV) - Tableau des montants des prestations en fonction de l'état matrimonial et du niveau de revenu,Table 1 - GIS for single person who receives an OAS pension,Table 1 - SRG pour bénéficiaire célibataire recevant la pension de la SV,Employment and Social Development Canada , Emploi et Développement social Canada
"Aug 1, 2026",5.0,dfa4daf1-669e-4514-82cd-982f27707ed0,a5fec3bd-e1e4-4a98-bf0d-1b0e8735ec7a,2016-09-25,2016-10-13,2026-06-29,Old Age Security (OAS) - Table of Benefit Amounts by marital status and income level,Sécurité de la vieillesse (SV) - Tableau des montants des prestations en fonction de l'état matrimonial et du niveau de revenu,Table 4 - GIS and Allowance for couple,Table 4 - SRG et Allocation pour couple,Employment and Social Development Canada , Emploi et Développement social Canada
"Aug 2, 2026",6.0,dfa4daf1-669e-4514-82cd-982f27707ed0,a5fec3bd-e1e4-4a98-bf0d-1b0e8735ec7a,2016-09-25,2016-10-13,2026-06-29,Old Age Security (OAS) - Table of Benefit Amounts by marital status and income level,Sécurité de la vieillesse (SV) - Tableau des montants des prestations en fonction de l'état matrimonial et du niveau de revenu,Table 4 - GIS and Allowance for couple,Table 4 - SRG et Allocation pour couple,Employment and Social Development Canada , Emploi et Développement social Canada
"Aug 3, 2026",11.0,dfa4daf1-669e-4514-82cd-982f27707ed0,a5fec3bd-e1e4-4a98-bf0d-1b0e8735ec7a,2016-09-25,2016-10-13,2026-06-29,Old Age Security (OAS) - Table of Benefit Amounts by marital status and income level,Sécurité de la vieillesse (SV) - Tableau des montants des prestations en fonction de l'état matrimonial et du niveau de revenu,Table 4 - GIS and Allowance for couple,Table 4 - SRG et Allocation pour couple,Employment and Social Development Canada , Emploi et Développement social Canada
"Aug 1, 2026",3.0,dfa4daf1-669e-4514-82cd-982f27707ed0,bdc68e9a-9e15-40eb-b1f2-05afc48a828a,2016-09-25,2016-10-13,2026-06-29,Old Age Security (OAS) - Table of Benefit Amounts by marital status and income level,Sécurité de la vieillesse (SV) - Tableau des montants des prestations en fonction de l'état matrimonial et du niveau de revenu,Table 3 - GIS for spouse/common-law partner of someone who does not receive an OAS pension,Table 3 - SRG pour époux/conjoint de fait d'une personne qui ne reçoit pas de pension de la SV,Employment and Social Development Canada , Emploi et Développement social Canada
"Aug 2, 2026",1.0,dfa4daf1-669e-4514-82cd-982f27707ed0,bdc68e9a-9e15-40eb-b1f2-05afc48a828a,2016-09-25,2016-10-13,2026-06-29,Old Age Security (OAS) - Table of Benefit Amounts by marital status and income level,Sécurité de la vieillesse (SV) - Tableau des montants des prestations en fonction de l'état matrimonial et du niveau de revenu,Table 3 - GIS for spouse/common-law partner of someone who does not receive an OAS pension,Table 3 - SRG pour époux/conjoint de fait d'une personne qui ne reçoit pas de pension de la SV,Employment and Social Development Canada , Emploi et Développement social Canada
"Aug 3, 2026",4.0,dfa4daf1-669e-4514-82cd-982f27707ed0,bdc68e9a-9e15-40eb-b1f2-05afc48a828a,2016-09-25,2016-10-13,2026-06-29,Old Age Security (OAS) - Table of Benefit Amounts by marital status and income level,Sécurité de la vieillesse (SV) - Tableau des montants des prestations en fonction de l'état matrimonial et du niveau de revenu,Table 3 - GIS for spouse/common-law partner of someone who does not receive an OAS pension,Table 3 - SRG pour époux/conjoint de fait d'une personne qui ne reçoit pas de pension de la SV,Employment and Social Development Canada , Emploi et Développement social Canada
"Aug 1, 2026",2.0,dfa4daf1-669e-4514-82cd-982f27707ed0,d5303a76-30ca-4e03-b670-e726140a08f5,2016-09-25,2026-03-30,2026-03-30,Old Age Security (OAS) - Table of Benefit Amounts by marital status and income level,Sécurité de la vieillesse (SV) - Tableau des montants des prestations en fonction de l'état matrimonial et du niveau de revenu,GIS Tables Data Dictionnary,SRG Tables Dictionnaire De Données,Employment and Social Development Canada , Emploi et Développement social Canada
"Aug 2, 2026",2.0,dfa4daf1-669e-4514-82cd-982f27707ed0,d5303a76-30ca-4e03-b670-e726140a08f5,2016-09-25,2026-03-30,2026-03-30,Old Age Security (OAS) - Table of Benefit Amounts by marital status and income level,Sécurité de la vieillesse (SV) - Tableau des montants des prestations en fonction de l'état matrimonial et du niveau de revenu,GIS Tables Data Dictionnary,SRG Tables Dictionnaire De Données,Employment and Social Development Canada , Emploi et Développement social Canada
"Aug 3, 2026",2.0,dfa4daf1-669e-4514-82cd-982f27707ed0,d5303a76-30ca-4e03-b670-e726140a08f5,2016-09-25,2026-03-30,2026-03-30,Old Age Security (OAS) - Table of Benefit Amounts by marital status and income level,Sécurité de la vieillesse (SV) - Tableau des montants des prestations en fonction de l'état matrimonial et du niveau de revenu,GIS Tables Data Dictionnary,SRG Tables Dictionnaire De Données,Employment and Social Development Canada , Emploi et Développement social Canada
"Aug 1, 2026",12.0,dfa4daf1-669e-4514-82cd-982f27707ed0,f015e958-829b-44bb-b201-641584b818dd,2016-09-25,2023-10-12,2026-06-29,Old Age Security (OAS) - Table of Benefit Amounts by marital status and income level,Sécurité de la vieillesse (SV) - Tableau des montants des prestations en fonction de l'état matrimonial et du niveau de revenu,Table of Amounts July to September 2026,Tableau des montants des prestations de juillet à septembre 2026,Employment and Social Development Canada , Emploi et Développement social Canada
"Aug 2, 2026",4.0,dfa4daf1-669e-4514-82cd-982f27707ed0,f015e958-829b-44bb-b201-641584b818dd,2016-09-25,2023-10-12,2026-06-29,Old Age Security (OAS) - Table of Benefit Amounts by marital status and income level,Sécurité de la vieillesse (SV) - Tableau des montants des prestations en fonction de l'état matrimonial et du niveau de revenu,Table of Amounts July to September 2026,Tableau des montants des prestations de juillet à septembre 2026,Employment and Social Development Canada , Emploi et Développement social Canada
"Aug 3, 2026",18.0,dfa4daf1-669e-4514-82cd-982f27707ed0,f015e958-829b-44bb-b201-641584b818dd,2016-09-25,2023-10-12,2026-06-29,Old Age Security (OAS) - Table of Benefit Amounts by marital status and income level,Sécurité de la vieillesse (SV) - Tableau des montants des prestations en fonction de l'état matrimonial et du niveau de revenu,Table of Amounts July to September 2026,Tableau des montants des prestations de juillet à septembre 2026,Employment and Social Development Canada , Emploi et Développement social Canada
"Aug 1, 2026",2.0,dfa4daf1-669e-4514-82cd-982f27707ed0,fc52e37f-1520-47d1-bff6-5925deb6974f,2016-09-25,2016-10-13,2026-06-29,Old Age Security (OAS) - Table of Benefit Amounts by marital status and income level,Sécurité de la vieillesse (SV) - Tableau des montants des prestations en fonction de l'état matrimonial et du niveau de revenu,Table 5 - Allowance for the Survivor,Table 5 - Allocation au survivant,Employment and Social Development Canada , Emploi et Développement social Canada
"Aug 2, 2026",1.0,dfb8b498-fa4b-4286-b3ec-58db88aca1cf,9a272add-964c-4978-8bc6-afe1f012728f,2020-06-05,2026-01-28,2026-01-28,Forest Tenure Cutblock Polygons (FTA 4.0),Polygones à blocs d'occupation forestière (FTA 4.0),FTEN_CUT_BLOCK_POLY_SVW,FTEN_CUT_BLOCK_POLY_SVW,Government of British Columbia , Gouvernment de la Colombie-Britannique
"Aug 3, 2026",1.0,e00172b8-35c2-4651-a8c5-13ab30bd7236,268a261c-43a2-4b28-9a9a-188ca28ed5fa,2019-01-02,2019-01-02,2025-09-11,Major Canadian Natural Gas and Oil Pipeline Tolls,Droit des grands gazoducs et oléoducs au Canada,Tolls Data Dictionary,droits-dictionnaire-de-donnees-fra,Canada Energy Regulator , La Régie de l’énergie du Canada
"Aug 3, 2026",1.0,e00172b8-35c2-4651-a8c5-13ab30bd7236,53836d68-e789-4a6e-81c1-0a600930dc9a,2019-01-02,2019-01-02,2025-09-11,Major Canadian Natural Gas and Oil Pipeline Tolls,Droit des grands gazoducs et oléoducs au Canada,Keystone Tolls,keystone-droits-jeu-de-donnees-fra,Canada Energy Regulator , La Régie de l’énergie du Canada
"Aug 3, 2026",1.0,e00172b8-35c2-4651-a8c5-13ab30bd7236,56524a48-7ecf-4dcc-98d5-6b1349f28843,2019-01-02,2019-01-02,2025-09-11,Major Canadian Natural Gas and Oil Pipeline Tolls,Droit des grands gazoducs et oléoducs au Canada,Enbridge Mainline Tolls,reseau-principal-d-enbridge-droits-jeu-de-donnees-fra,Canada Energy Regulator , La Régie de l’énergie du Canada
"Aug 2, 2026",1.0,e037b4dd-4c13-4cc2-b8c4-0262083dbbd0,1716d4c1-3450-4628-8b51-e11d245a99d7,2018-06-27,2023-01-17,2023-01-17,"Stock market statistics, Canada and United States, Bank of Canada","Statistiques boursières, Canada et États-Unis, Banque du Canada",Dataset,Ensembles de données,Statistics Canada , Statistique Canada
"Aug 1, 2026",1.0,e10b0d6e-04ac-4014-a64a-666c3874bbe0,No resource,2020-02-21,2020-02-21,2025-07-16,Pesticide Product Information Database,base de données Information sur les produits antiparasitaires,No resources covered,Aucune ressource couverte,Health Canada , Santé Canada
"Aug 2, 2026",1.0,e10b0d6e-04ac-4014-a64a-666c3874bbe0,No resource,2020-02-21,2020-02-21,2025-07-16,Pesticide Product Information Database,base de données Information sur les produits antiparasitaires,No resources covered,Aucune ressource couverte,Health Canada , Santé Canada
"Aug 1, 2026",1.0,e1f0c975-f40c-4313-9be2-beb951e35f4e,03b7de74-5f7d-4ffb-8fa1-e1f46de52f91,2016-09-26,2025-10-15,2025-10-15,Places administered by Parks Canada,Lieux administrés par Parcs Canada,Places administered by Parks Canada,sites administrés par Parcs Canada,Parks Canada , Parcs Canada
"Aug 2, 2026",1.0,e23241b9-36fa-4b02-968c-af7fed60ec03,1511d188-6425-448f-8f43-b006595730d9,2024-10-02,2024-11-29,2024-11-29,"GC HR and Pay - Program Management Committee, 2024","RH et paye du GC – Comité de gestion du programme, 2024 ",2024-07-12 Presentation - HCM Portfolio Oversight & Assurance Model,2024-07-12 Présentation - Portefeuille GCH Modèle de surveillance et d'assurance,Public Services and Procurement Canada , Services publics et Approvisionnement Canada
"Aug 2, 2026",1.0,e25aa5d6-8878-452b-8aa8-2e0f71b83e52,No resource,2024-05-22,2024-05-22,2026-01-14,"Population estimates, July 1, by census metropolitan area and census agglomeration, 2021 boundaries","Estimations de la population, 1er juillet, selon la région métropolitaine de recensement et l'agglomération de recensement, limites de 2021",No resources covered,Aucune ressource couverte,Statistics Canada , Statistique Canada
"Aug 1, 2026",1.0,e2c8aa2e-fe17-4bd5-92ce-1462460cc330,783e6ce4-553c-4eed-9d0d-86f55466bde4,2016-12-19,2016-12-19,2016-12-19,"Field data for the mapping of wetlands in the St. Lawrence River between Cornwall and Trois-Pistoles, 2000-2001","Données de terrain pour la cartographie des milieux humides du fleuve Saint-Laurent entre Cornwall et Trois-Pistoles, 2000-2001",Wetlands-StLawrenceRiver-sites-2000-2001.csv,Wetlands-StLawrenceRiver-sites-2000-2001.csv,Environment and Climate Change Canada , Environnement et Changement climatique Canada
"Aug 1, 2026",2.0,e2c8aa2e-fe17-4bd5-92ce-1462460cc330,No resource,2016-12-19,2016-12-19,2021-07-30,"Field data for the mapping of wetlands in the St. Lawrence River between Cornwall and Trois-Pistoles, 2000-2001","Données de terrain pour la cartographie des milieux humides du fleuve Saint-Laurent entre Cornwall et Trois-Pistoles, 2000-2001",No resources covered,Aucune ressource couverte,Environment and Climate Change Canada , Environnement et Changement climatique Canada
"Aug 2, 2026",1.0,e35848ac-7a75-4b6d-b097-cae687a4b51d,fc4b0189-c1e7-4024-911e-a93dd022a4d9,2022-03-29,2026-03-04,2026-03-04,Soil Correlation Areas (SCA) of Alberta,Zones de corrélation des sols (SCA) de l'Alberta,Alberta Soil Names File (Generation 4) User's Handbook (PDF) (From Alberta Geodiscover Portal metadata),Manuel de l'utilisateur du fichier des noms des sols de l'Alberta (génération 4) (PDF) (à partir des métadonnées du portail Alberta Geodiscover),Government of Alberta , Gouvernement de l'Alberta
"Aug 2, 2026",1.0,e39ed0e9-1825-4e23-b63e-e0e91d3b71c5,No resource,2023-04-05,2023-04-05,2026-06-03,Alberta Spatial Price Survey,Enquête spatiale sur les prix en Alberta,No resources covered,Aucune ressource couverte,Government of Alberta , Gouvernement de l'Alberta
"Aug 1, 2026",1.0,e3c3c580-996a-4668-8bc5-6aa7c7dc4932,14b48217-b76b-461e-a202-be025c75e94c,2020-06-05,2026-01-28,2026-01-28,Municipalities - Legally Defined Administrative Areas of BC,Municipalités - Zones administratives légalement définies de la Colombie-Britannique,ABMS_MUNICIPALITIES_SP,ABMS_MUNICIPALITIES_SP,Government of British Columbia , Gouvernment de la Colombie-Britannique
"Aug 3, 2026",1.0,e43be180-7511-4e6f-84d3-ad6c9f5c3e2b,No resource,2023-04-13,2023-04-13,2026-07-22,BC Liquor Store Product Price List - Historical Prices,Liste de prix des produits BC Liquor Store - Historique des prix,No resources covered,Aucune ressource couverte,Government of British Columbia , Gouvernment de la Colombie-Britannique
"Aug 3, 2026",2.0,e547539b-7fc6-4879-be54-3d1f80ac9e9e,No resource,2016-09-26,2016-09-26,2026-06-16,Canada Pension Plan (CPP) - Statistics on Monthly Maximum Amounts for New Benefits,Régime de pensions du Canada (RPC) - Statistiques concernant les montants mensuels maximaux pour les nouvelles prestations,No resources covered,Aucune ressource couverte,Employment and Social Development Canada , Emploi et Développement social Canada
"Aug 1, 2026",1.0,e547539b-7fc6-4879-be54-3d1f80ac9e9e,b47a541b-2e8a-46e1-9586-4e4b0496eaa7,2016-09-26,2016-12-01,2026-06-16,Canada Pension Plan (CPP) - Statistics on Monthly Maximum Amounts for New Benefits,Régime de pensions du Canada (RPC) - Statistiques concernant les montants mensuels maximaux pour les nouvelles prestations,Statistics on CPP monthly maximum amounts for new benefits,Statistiques concernant les montants mensuels maximaux du RPC pour les nouvelles prestations,Employment and Social Development Canada , Emploi et Développement social Canada
"Aug 2, 2026",1.0,e57cc953-a96c-41df-8822-a5e456e76c35,0e696721-ef82-489f-a285-9010e2e0a888,2025-05-01,2026-05-27,2026-05-27,Land use,Affectations du territoire,Interactive map visualization,Visualisation carte interactive,Government and Municipalities of Québec , Gouvernement et municipalités du Québec
"Aug 1, 2026",1.0,e5ada449-0242-47a4-ab46-181216dec8ca,10f6aa9e-b265-4f26-9d00-2f7d2641f38e,2018-06-27,2026-04-17,2026-04-17,Alberta School and School Authority Student Population,Translation of Alberta School and School Authority Student Population,Alberta School Student Population,Translation of Alberta School Student Population,Government of Alberta , Gouvernement de l'Alberta
"Aug 3, 2026",1.0,e5ada449-0242-47a4-ab46-181216dec8ca,No resource,2018-06-27,2018-06-27,2026-04-17,Alberta School and School Authority Student Population,Translation of Alberta School and School Authority Student Population,No resources covered,Aucune ressource couverte,Government of Alberta , Gouvernement de l'Alberta
"Aug 3, 2026",1.0,e641f7cc-c9bd-46a0-a039-c0a87848ab7a,c70df39f-8c63-4859-a697-735465d11517,2018-06-27,2026-04-17,2026-04-17,Achievement Exam Results (School),Translation of Achievement Exam Results (School),Achievement Exam Results (School),Translation of Achievement Exam Results (School),Government of Alberta , Gouvernement de l'Alberta
"Aug 2, 2026",1.0,e6951cc4-ff29-52bf-af41-a162d52b1011,0866c894-d3db-4bf9-83d3-16598c99d2f5,2016-09-26,2017-01-26,2017-01-26,Time Zones,Fuseaux horaires,Download English PDF through HTTP,Télécharger le fichier en format Anglais PDF via HTTP,Natural Resources Canada , Ressources naturelles Canada
"Aug 3, 2026",1.0,e6951cc4-ff29-52bf-af41-a162d52b1011,7ac550f1-4160-440e-8fac-564640702559,2016-09-26,2017-01-26,2017-01-26,Time Zones,Fuseaux horaires,Download French PDF through HTTP,Télécharger le fichier en format français PDF via HTTP,Natural Resources Canada , Ressources naturelles Canada
"Aug 1, 2026",1.0,e6d4e154-b569-4817-bd51-d139f1196ec5,No resource,2026-02-09,2026-02-09,2026-07-23,Housing Needs Assessment List,Liste des évaluations des besoins en matière de logement,No resources covered,Aucune ressource couverte,"Department of Housing, Infrastructure and Communities "," Ministère du Logement, de l’Infrastructure et des Collectivités"
"Aug 3, 2026",1.0,e75562a3-3dea-471b-b143-a8b918a49a2c,No resource,2018-06-27,2018-06-27,2023-01-17,"Sales of gasoline used for road motor vehicles, monthly, inactive","Ventes d'essence destinées aux véhicules automobiles, mensuel, inactif",No resources covered,Aucune ressource couverte,Statistics Canada , Statistique Canada
"Aug 3, 2026",2.0,e7db3fb2-7f7f-45b9-a86a-ff6de00d4bc2,e44f5545-f0d8-4f37-a15a-9eb8faa8547e,2023-11-08,2023-11-08,2023-11-08,"Knowledge of languages by age and gender: Canada, provinces and territories, census divisions and census subdivisions","Connaissance des langues selon l’âge et le genre : Canada, provinces et territoires, divisions de recensement et subdivisions de recensement",Dataset,Ensembles de données,Statistics Canada , Statistique Canada
"Aug 2, 2026",1.0,e8745429-21e7-4a73-b3f5-90a779b78d1e,359c65db-db11-46b1-b903-5c9d8ff1ea4c,2016-09-26,2022-04-29,2026-07-22,Temporary Foreign Worker Program Labour Market Impact Assessment Statistics 2025Q1-2026Q1,Statistiques du Programme des travailleurs étrangers temporaires sur l'évaluation de l'impact sur le marché du travail 2025T1-2026T1,Table 28-Number of Temporary Foreign Worker (TFW) Positions on Positive Labour Market Impact Assessments (LMIAs) under the Seasonal Agricultural Worker Program (SAWP) by Country of Residency between 2025Q1 and  2026Q1,Tableau 28-Nombre de postes de travailleurs étrangers temporaires (TET) sur les études d'impact sur le marché du travail (EIMT) positive dans le cadre du Programme des travailleurs agricoles saisonniers (PTAS) par pays de résidence entre 2025T1 et 2026T1,Employment and Social Development Canada , Emploi et Développement social Canada
"Aug 1, 2026",1.0,e8745429-21e7-4a73-b3f5-90a779b78d1e,52536f3d-7664-4bf5-86c0-88f03764915d,2016-09-26,2017-10-13,2026-07-22,Temporary Foreign Worker Program Labour Market Impact Assessment Statistics 2025Q1-2026Q1,Statistiques du Programme des travailleurs étrangers temporaires sur l'évaluation de l'impact sur le marché du travail 2025T1-2026T1,Table 01-Number of Temporary Foreign Worker (TFW) Positions on Positive Labour Market Impact Assessments (LMIAs) by Province/Territory between 2025Q1 and 2026Q1,"Tableau 01-Nombre de postes de travailleurs étrangers temporaires (TET) visés par les études d’impact sur le marché du travail (EIMT) positives, selon la province ou le territoire entre 2025T1 et 2026T1",Employment and Social Development Canada , Emploi et Développement social Canada
"Aug 2, 2026",3.0,e8745429-21e7-4a73-b3f5-90a779b78d1e,52536f3d-7664-4bf5-86c0-88f03764915d,2016-09-26,2017-10-13,2026-07-22,Temporary Foreign Worker Program Labour Market Impact Assessment Statistics 2025Q1-2026Q1,Statistiques du Programme des travailleurs étrangers temporaires sur l'évaluation de l'impact sur le marché du travail 2025T1-2026T1,Table 01-Number of Temporary Foreign Worker (TFW) Positions on Positive Labour Market Impact Assessments (LMIAs) by Province/Territory between 2025Q1 and 2026Q1,"Tableau 01-Nombre de postes de travailleurs étrangers temporaires (TET) visés par les études d’impact sur le marché du travail (EIMT) positives, selon la province ou le territoire entre 2025T1 et 2026T1",Employment and Social Development Canada , Emploi et Développement social Canada
"Aug 3, 2026",1.0,e8745429-21e7-4a73-b3f5-90a779b78d1e,52536f3d-7664-4bf5-86c0-88f03764915d,2016-09-26,2017-10-13,2026-07-22,Temporary Foreign Worker Program Labour Market Impact Assessment Statistics 2025Q1-2026Q1,Statistiques du Programme des travailleurs étrangers temporaires sur l'évaluation de l'impact sur le marché du travail 2025T1-2026T1,Table 01-Number of Temporary Foreign Worker (TFW) Positions on Positive Labour Market Impact Assessments (LMIAs) by Province/Territory between 2025Q1 and 2026Q1,"Tableau 01-Nombre de postes de travailleurs étrangers temporaires (TET) visés par les études d’impact sur le marché du travail (EIMT) positives, selon la province ou le territoire entre 2025T1 et 2026T1",Employment and Social Development Canada , Emploi et Développement social Canada
"Aug 3, 2026",1.0,e8745429-21e7-4a73-b3f5-90a779b78d1e,95e98c54-a7f5-4bdc-92b0-8e006afc3577,2016-09-26,2016-10-13,2026-01-07,Temporary Foreign Worker Program Labour Market Impact Assessment Statistics 2025Q1-2026Q1,Statistiques du Programme des travailleurs étrangers temporaires sur l'évaluation de l'impact sur le marché du travail 2025T1-2026T1,Glossary,Lexique,Employment and Social Development Canada , Emploi et Développement social Canada
"Aug 1, 2026",10.0,e8745429-21e7-4a73-b3f5-90a779b78d1e,No resource,2016-09-26,2016-09-26,2026-07-22,Temporary Foreign Worker Program Labour Market Impact Assessment Statistics 2025Q1-2026Q1,Statistiques du Programme des travailleurs étrangers temporaires sur l'évaluation de l'impact sur le marché du travail 2025T1-2026T1,No resources covered,Aucune ressource couverte,Employment and Social Development Canada , Emploi et Développement social Canada
"Aug 2, 2026",1.0,e8745429-21e7-4a73-b3f5-90a779b78d1e,b7d3ebe5-c771-4efe-acec-89ab7782d669,2016-09-26,2016-10-13,2026-07-22,Temporary Foreign Worker Program Labour Market Impact Assessment Statistics 2025Q1-2026Q1,Statistiques du Programme des travailleurs étrangers temporaires sur l'évaluation de l'impact sur le marché du travail 2025T1-2026T1,"Table 04-Number of Temporary Foreign Worker (TFW) Positions on Positive Labour Market Impact Assessments (LMIAs) by National Occupational Classification - 2021 (NOC) training, education, experience and responsibilities (TEER) and Province/Territory between 2025Q1 and 2026Q1","Tableau 04- Nombre de postes de travailleurs étrangers temporaires (TET) faisant l'objet d'évaluations d'impact sur le marché du travail (EIMT) positives par Classification nationale des professions - 2021 (CNP), formation, scolarité, expérience et responsabilités (TEER) et province ou le territoire entre 2025T1 et 2026T1",Employment and Social Development Canada , Emploi et Développement social Canada
"Aug 1, 2026",8.0,e8a3fc19-6016-4c90-a5c0-eb35233d708e,04b0ca5c-01e0-46ba-bd70-9d6a29e092ed,2023-04-13,2026-04-17,2026-04-17,"CRF Detailed Schedules of Payments - Employees with a gross salary of $75,000 or more","Translation of CRF Detailed Schedules of Payments - Employees with a gross salary of $75,000 or more","FYE 2025 Employees with a gross salary of $75,000 or more","Translation of FYE 2025 Employees with a gross salary of $75,000 or more",Government of British Columbia , Gouvernment de la Colombie-Britannique
"Aug 2, 2026",4.0,e8a3fc19-6016-4c90-a5c0-eb35233d708e,04b0ca5c-01e0-46ba-bd70-9d6a29e092ed,2023-04-13,2026-04-17,2026-04-17,"CRF Detailed Schedules of Payments - Employees with a gross salary of $75,000 or more","Translation of CRF Detailed Schedules of Payments - Employees with a gross salary of $75,000 or more","FYE 2025 Employees with a gross salary of $75,000 or more","Translation of FYE 2025 Employees with a gross salary of $75,000 or more",Government of British Columbia , Gouvernment de la Colombie-Britannique
"Aug 3, 2026",16.0,e8a3fc19-6016-4c90-a5c0-eb35233d708e,04b0ca5c-01e0-46ba-bd70-9d6a29e092ed,2023-04-13,2026-04-17,2026-04-17,"CRF Detailed Schedules of Payments - Employees with a gross salary of $75,000 or more","Translation of CRF Detailed Schedules of Payments - Employees with a gross salary of $75,000 or more","FYE 2025 Employees with a gross salary of $75,000 or more","Translation of FYE 2025 Employees with a gross salary of $75,000 or more",Government of British Columbia , Gouvernment de la Colombie-Britannique
"Aug 2, 2026",1.0,e8a3fc19-6016-4c90-a5c0-eb35233d708e,1273c645-44dc-4f4a-b018-7eeef94f9f86,2023-04-13,2026-04-17,2026-04-17,"CRF Detailed Schedules of Payments - Employees with a gross salary of $75,000 or more","Translation of CRF Detailed Schedules of Payments - Employees with a gross salary of $75,000 or more","FYE 2020 - Employees with a gross salary of $75,000 or more","Translation of FYE 2020 - Employees with a gross salary of $75,000 or more",Government of British Columbia , Gouvernment de la Colombie-Britannique
"Aug 1, 2026",3.0,e8a3fc19-6016-4c90-a5c0-eb35233d708e,No resource,2023-04-13,2023-04-13,2026-04-17,"CRF Detailed Schedules of Payments - Employees with a gross salary of $75,000 or more","Translation of CRF Detailed Schedules of Payments - Employees with a gross salary of $75,000 or more",No resources covered,Aucune ressource couverte,Government of British Columbia , Gouvernment de la Colombie-Britannique
"Aug 2, 2026",4.0,e8a3fc19-6016-4c90-a5c0-eb35233d708e,No resource,2023-04-13,2023-04-13,2026-04-17,"CRF Detailed Schedules of Payments - Employees with a gross salary of $75,000 or more","Translation of CRF Detailed Schedules of Payments - Employees with a gross salary of $75,000 or more",No resources covered,Aucune ressource couverte,Government of British Columbia , Gouvernment de la Colombie-Britannique
"Aug 3, 2026",3.0,e8a3fc19-6016-4c90-a5c0-eb35233d708e,No resource,2023-04-13,2023-04-13,2026-04-17,"CRF Detailed Schedules of Payments - Employees with a gross salary of $75,000 or more","Translation of CRF Detailed Schedules of Payments - Employees with a gross salary of $75,000 or more",No resources covered,Aucune ressource couverte,Government of British Columbia , Gouvernment de la Colombie-Britannique
"Aug 1, 2026",1.0,e8a3fc19-6016-4c90-a5c0-eb35233d708e,dfe2a6fc-ce6d-43ee-9e9e-920f40956515,2023-04-13,2026-04-17,2026-04-17,"CRF Detailed Schedules of Payments - Employees with a gross salary of $75,000 or more","Translation of CRF Detailed Schedules of Payments - Employees with a gross salary of $75,000 or more","FYE 2024 - Employees with a gross salary of $75,000 or more","Translation of FYE 2024 - Employees with a gross salary of $75,000 or more",Government of British Columbia , Gouvernment de la Colombie-Britannique
"Aug 3, 2026",1.0,e8a3fc19-6016-4c90-a5c0-eb35233d708e,dfe2a6fc-ce6d-43ee-9e9e-920f40956515,2023-04-13,2026-04-17,2026-04-17,"CRF Detailed Schedules of Payments - Employees with a gross salary of $75,000 or more","Translation of CRF Detailed Schedules of Payments - Employees with a gross salary of $75,000 or more","FYE 2024 - Employees with a gross salary of $75,000 or more","Translation of FYE 2024 - Employees with a gross salary of $75,000 or more",Government of British Columbia , Gouvernment de la Colombie-Britannique
"Aug 1, 2026",1.0,e8c42d2b-f8e4-4c7f-8540-9f7b3681ee41,No resource,2023-04-05,2023-04-05,2026-04-17,Alberta Water Well Information Database,Translation of Alberta Water Well Information Database,No resources covered,Aucune ressource couverte,Government of Alberta , Gouvernement de l'Alberta
"Aug 1, 2026",3.0,e98ebcd8-5989-4924-85e1-7657d920b949,510f1a12-3e00-4a37-8601-fa35eae9d598,2020-11-27,2026-03-25,2026-03-25,Crown land use policy area (overlay),Zone de politique sur l’aménagement des terres de la Couronne (chevauchement de zones),Complete Shapefile (extracted from geohub),Shapefile complet (extrait de geohub),Government of Ontario , Gouvernement de l'Ontario
"Aug 1, 2026",2.0,e98ebcd8-5989-4924-85e1-7657d920b949,bcbbda97-848c-4b4d-8113-fc4589ec0d3a,2020-11-27,2026-03-25,2026-03-25,Crown land use policy area (overlay),Zone de politique sur l’aménagement des terres de la Couronne (chevauchement de zones),Complete File Geodatabase (extracted from geohub),Géodatabase de fichiers complète (extraite de geohub),Government of Ontario , Gouvernement de l'Ontario
"Aug 3, 2026",1.0,e9b7549f-6799-4320-bba4-3ff9dbd01bc9,No resource,2019-10-18,2019-10-18,2024-11-21,Federal Jurisdiction Workplace Survey 2015,Enquête sur les milieux de travail de compétence fédérale 2015,No resources covered,Aucune ressource couverte,Employment and Social Development Canada , Emploi et Développement social Canada
"Aug 2, 2026",1.0,e9e6d7e4-cfdc-4ac2-bbe3-87e6f0504366,No resource,2024-10-30,2024-10-30,2026-05-20,Moose tag allocation process results — summary,Résultats du processus d’attribution de vignettes de chasse à l’orignal – sommaire,No resources covered,Aucune ressource couverte,Government of Ontario , Gouvernement de l'Ontario
"Aug 2, 2026",1.0,ea639e28-c0fc-48bf-b5dd-b8899bd43072,0b70e798-1ab5-4b74-8444-3c6ceab175d7,2024-08-07,2026-06-03,2026-06-03,Job Postings Advertised on Canada's National Job Bank Website,Offres d'emploi publiées sur le site Web du Guichet-Emplois national du Canada,May 2026 Job Postings Advertised on Canada's National Job Bank Website,Mai 2026 Offres d'emploi publiées sur le site Web du Guichet-Emplois national du Canada,Employment and Social Development Canada , Emploi et Développement social Canada
"Aug 1, 2026",1.0,ea639e28-c0fc-48bf-b5dd-b8899bd43072,0fd5a87f-8a1f-4886-902f-5e6b98821fd7,2024-08-07,2025-10-28,2025-10-28,Job Postings Advertised on Canada's National Job Bank Website,Offres d'emploi publiées sur le site Web du Guichet-Emplois national du Canada,January 2024 Job Postings Advertised on Canada's National Job Bank Website,Janvier 2024 Offres d'emploi publiées sur le site Web du Guichet-Emplois national du Canada,Employment and Social Development Canada , Emploi et Développement social Canada
"Aug 1, 2026",1.0,ea639e28-c0fc-48bf-b5dd-b8899bd43072,5ce10bd7-4411-4266-808c-374363281fbf,2024-08-07,2025-10-28,2025-10-28,Job Postings Advertised on Canada's National Job Bank Website,Offres d'emploi publiées sur le site Web du Guichet-Emplois national du Canada,January 2023 Job Postings Advertised on Canada's National Job Bank Website,Janvier 2023 Offres d'emploi publiées sur le site Web du Guichet-Emplois national du Canada,Employment and Social Development Canada , Emploi et Développement social Canada
"Aug 1, 2026",1.0,ea639e28-c0fc-48bf-b5dd-b8899bd43072,No resource,2024-08-07,2024-08-07,2026-08-03,Job Postings Advertised on Canada's National Job Bank Website,Offres d'emploi publiées sur le site Web du Guichet-Emplois national du Canada,No resources covered,Aucune ressource couverte,Employment and Social Development Canada , Emploi et Développement social Canada
"Aug 3, 2026",1.0,ea8f2c37-90b6-4fee-857e-984d3060184e,5c8ab22c-4a5e-494b-879a-e0611bc10a95,2016-09-26,2016-12-01,2024-11-20,"History of the Federal Electoral Ridings, 1867-2010","Historique des circonscriptions, 1867-2010",Dataset,Ensemble de données,Library of Parliament , Bibliothèque du Parlement
"Aug 3, 2026",1.0,ea8f2c37-90b6-4fee-857e-984d3060184e,No resource,2016-09-26,2016-09-26,2024-11-20,"History of the Federal Electoral Ridings, 1867-2010","Historique des circonscriptions, 1867-2010",No resources covered,Aucune ressource couverte,Library of Parliament , Bibliothèque du Parlement
"Aug 3, 2026",1.0,ea9ff038-8b16-11ef-8cce-55cc7f028297,29d5b09b-1325-44a7-aeae-b45462ff2389,2025-03-29,2026-03-24,2026-03-24,A comparative analysis of life-history features and adaptive strategies of Arctic and subarctic seal species - who will win the climate change challenge?,Une analyse comparative des caractéristiques du cycle biologique et des stratégies adaptatives des espèces de phoques arctiques et subarctiques – qui remportera le défi des changements climatiques?,DataDictionary_DictionnaireDonnees.pdf,DataDictionary_DictionnaireDonnees.pdf,Fisheries and Oceans Canada , Pêches et Océans Canada
"Aug 3, 2026",1.0,eaeb269c-6ac5-4429-a5aa-1fcc07c77933,15b71b6c-26f9-4f7b-99b7-90adeb495479,2024-11-13,2024-11-13,2024-11-13,Algorithmic Impact Assessment - Client Reporting and Engagement System (CRES)/ReportIn,Évaluation d’incidence algorithmique - Système de Rapports et d’engagement des Clients (SREC)/JeMePrésente,Algorithmic Impact Assessment - Client Reporting and Engagement System (CRES)/ReportIn,Évaluation d’incidence algorithmique - Système de Rapports et d’engagement des Clients (SREC)/JeMePrésente ,Canada Border Services Agency , Agence des services frontaliers du Canada
"Aug 3, 2026",1.0,eb04d8ab-0cff-4ae7-b63b-4ed6c6133be0,09e31938-9c33-43ee-818a-8b8622766e91,2020-09-14,2026-05-27,2026-05-27,Fire hydrants,Bornes-fontaines,Interactive map visualization,Visualisation carte interactive,Government and Municipalities of Québec , Gouvernement et municipalités du Québec
"Aug 3, 2026",1.0,eb0dee21-9123-4d0d-b11d-0763fa1fb403,451e1187-c584-48fa-8e45-778bd714ff3f,2016-09-26,2016-12-01,2026-07-06,List of consolidated federal Acts and regulations in XML,Liste des lois et règlements codifiés fédéraux en XML,List of consolidated federal Acts and regulations in XML,Liste des lois et règlements codifiés fédéraux en XML,Department of Justice Canada , Ministère de la Justice Canada
"Aug 2, 2026",1.0,eb7ca624-3b22-4a01-8541-a5c289669b60,93d268db-210c-4ca6-bb37-823436e5cbb0,2022-07-06,2026-05-27,2026-05-27,Job prospects by occupation,Perspectives d'emploi par profession,STATE OF EQUILIBRIUM OF THE LABOR MARKET 2024,ÉTAT D'ÉQUILIBRE DU MARCHÉ DU TRAVAIL 2024,Government and Municipalities of Québec , Gouvernement et municipalités du Québec
"Aug 1, 2026",1.0,eb7e73b2-767c-48f1-ba56-daf4fad59082,a30ebde5-260b-4487-bf2f-c9f4f4274e47,2021-12-17,2026-06-17,2026-06-17,Visitation to Provincial Parks,Visites aux parcs provinciaux,Metadata,Métadonnées,Government of Ontario , Gouvernement de l'Ontario
"Aug 2, 2026",1.0,eba4f740-e188-4524-b01e-dfb96624acf3,af8ac0e1-4a47-4c8c-9b79-495c5b66720c,2026-05-11,2026-05-11,2026-05-11,"REGDOC-2.5.7 - Design, Testing and Performance of Exposure Devices, Version 1.1","REGDOC-2.5.7 - Conception, essais et rendement des appareils d'exposition, version 1.1","REGDOC-2.5.7 - Design, Testing and Performance of Exposure Devices, Version 1.1","REGDOC-2.5.7 - Conception, essais et rendement des appareils d'exposition, version 1.1",Canadian Nuclear Safety Commission , Commission canadienne de sûreté nucléaire
"Aug 1, 2026",1.0,ebd35eda-e224-4bbb-ae9e-1e70d05c6e7d,No resource,2021-03-09,2021-03-09,2021-03-09,Labour Force Survey: Public Use Microdata File,Enquête sur la population active : fichier de microdonnées à grande diffusion,No resources covered,Aucune ressource couverte,Statistics Canada , Statistique Canada
"Aug 3, 2026",1.0,ebdaee67-79b5-4cb1-9fda-90a0f4a65147,c23abee0-8807-43c7-b9d7-8a3af99f0170,2016-09-26,2017-01-30,2017-01-30,Cadastral Information for Saugeen Indian Reserve No. 29,Information cadastrale pour la réserve indienne Saugeen No 29,Download DWG file through FTP,Téléchargez le fichier DWG via FTP,Natural Resources Canada , Ressources naturelles Canada
"Aug 3, 2026",1.0,ebecfb84-2704-48a9-ae99-438141f9b6c7,No resource,2023-04-05,2023-04-05,2026-04-17,Oil sands quarterly,Trimestriel sur les sables,No resources covered,Aucune ressource couverte,Government of Alberta , Gouvernement de l'Alberta
"Aug 3, 2026",1.0,ec17a923-e760-49e2-a62e-928e19bb1e33,56b21f7a-e0d3-46de-b3d9-33c3c96724fa,2016-09-26,2025-12-16,2025-12-16,"Canada Land Inventory (CLI) 1:50,000 - Land Capability for Agriculture",Inventaire des terres du Canada (ITC) à l’échelle de 1/50 000 – Potentiel des terres pour l’agriculture,Data Product Specification (English),Spécifications du produit (Anglais),Agriculture and Agri-Food Canada , Agriculture et Agroalimentaire Canada
"Aug 1, 2026",1.0,ed05b3ff-5441-4743-9fb5-9b95741c0073,b00c254d-7081-4396-a515-6cd5ff403530,2025-09-17,2026-05-20,2026-05-20,"Bedrock geology map of the McQuesten Lake area, central Yukon (parts of NTS 106D/2, 3, 6 & 7)","Carte géologique du socle rocheux de la région du lac McQuesten, dans le centre du Yukon (parties des NTS 106D/2, 3, 6 et 7)",Map,Carte,Government of Yukon , Gouvernement du Yukon
"Aug 2, 2026",1.0,ed0a83cc-93af-59cb-8cb0-fef78bfa2d86,2f3be3fe-63ae-4594-a685-a2048f073cb0,2016-09-26,2017-05-26,2017-05-26,Frost,Gelée,Download PDF English Source Identification file through HTTP,Télécharger le fichier Identification des sources en format PDF Anglais via HTTP,Natural Resources Canada , Ressources naturelles Canada
"Aug 3, 2026",1.0,ed4d48f3-750f-4eeb-93f9-cb62be138264,179a7ca2-c922-4ca0-8f3c-1489cae8a2cb,2019-12-16,2019-12-16,2025-07-24,Historic Insolvency Statistics - Annual (from 1987),Statistiques sur l'insolvabilité historique - annuel (à partir de 1987),Historic Insolvency Statistics in Canada - Annual (from 1987),Statistiques sur l'insolvabilité historique au Canada - annuel (à partir de 1987),"Innovation, Science and Economic Development Canada "," Innovation, Sciences et Développement économique Canada"
"Aug 3, 2026",1.0,ed9fc134-2267-463d-a3e0-f33d3bef34c1,3ba6e02b-3350-4e8b-b5ab-568c99645f09,2018-11-26,2018-11-26,2024-11-20,Small and medium-sized enterprise sales growth,Croissance des ventres de petites et moyennes entreprises,Sales Growth_e.csv,Sales Growth_e.csv,Western Economic Diversification Canada , Diversification de l'économie de l'Ouest Canada
"Aug 3, 2026",1.0,ed9fc134-2267-463d-a3e0-f33d3bef34c1,997db63d-5e08-46f2-bd0a-3c55b902bc11,2018-11-26,2018-11-26,2024-11-20,Small and medium-sized enterprise sales growth,Croissance des ventres de petites et moyennes entreprises,Sales Growth_f.csv,Sales Growth_f.csv,Western Economic Diversification Canada , Diversification de l'économie de l'Ouest Canada
"Aug 2, 2026",1.0,edc6f2cf-3d1a-c69f-08fa-e9e1fed88957,11f432a5-d553-445f-8f68-9134193ae7e0,2022-05-03,2026-04-17,2026-04-17,African Nova Scotian Family Names by Region,Translation of African Nova Scotian Family Names by Region,African Nova Scotian Family Names by Region (CSV Excel (EU)),Translation of African Nova Scotian Family Names by Region (CSV Excel (EU)),Government of Nova Scotia , Gouvernment de la Nouvelle-Écosse
"Aug 3, 2026",2.0,ededff77-a021-48d6-89a5-cdbcd75fb4ff,1e46d2e5-ebc6-474f-ac0d-235890b4ba6a,2017-10-20,2025-05-20,2026-04-15,Pest Management Regulatory Agency (PMRA) List of Formulants ,Liste des produits de formulation de l'Agence de réglementation de la lutte antiparasitaire (ARLA) ,PMRA List of Formulants ,Liste des produits de formulation de l'ARLA,Health Canada , Santé Canada
"Aug 3, 2026",3.0,ee1580ab-a23d-4f86-a09b-79763677eb47,642b0aaa-0eb9-4b11-a5eb-224c08860fb3,2022-08-11,2025-09-23,2025-09-23,2020 Land Cover of Canada,Couverture des terres du Canada 2020,2020 Land Cover of Canada / Couverture terrestre du Canada,2020 Land Cover of Canada / Couverture terrestre du Canada,Natural Resources Canada , Ressources naturelles Canada
"Aug 3, 2026",11.0,ee1580ab-a23d-4f86-a09b-79763677eb47,No resource,2022-08-11,2022-08-11,2025-09-23,2020 Land Cover of Canada,Couverture des terres du Canada 2020,No resources covered,Aucune ressource couverte,Natural Resources Canada , Ressources naturelles Canada
"Aug 1, 2026",1.0,ee1580ab-a23d-4f86-a09b-79763677eb47,baddbc7e-4381-4af1-935f-454b53c32483,2022-08-11,2025-09-23,2025-09-23,2020 Land Cover of Canada,Couverture des terres du Canada 2020,Class Index,Class Index,Natural Resources Canada , Ressources naturelles Canada
"Aug 3, 2026",2.0,ee1580ab-a23d-4f86-a09b-79763677eb47,baddbc7e-4381-4af1-935f-454b53c32483,2022-08-11,2025-09-23,2025-09-23,2020 Land Cover of Canada,Couverture des terres du Canada 2020,Class Index,Class Index,Natural Resources Canada , Ressources naturelles Canada
"Aug 1, 2026",1.0,ee1580ab-a23d-4f86-a09b-79763677eb47,f1ba2faa-ff10-4526-815a-c57b99eef1bb,2022-08-11,2025-09-23,2025-09-23,2020 Land Cover of Canada,Couverture des terres du Canada 2020,2020 Land Cover of Canada,Couverture des terres du Canada 2020,Natural Resources Canada , Ressources naturelles Canada
"Aug 3, 2026",2.0,ee1580ab-a23d-4f86-a09b-79763677eb47,f1ba2faa-ff10-4526-815a-c57b99eef1bb,2022-08-11,2025-09-23,2025-09-23,2020 Land Cover of Canada,Couverture des terres du Canada 2020,2020 Land Cover of Canada,Couverture des terres du Canada 2020,Natural Resources Canada , Ressources naturelles Canada
"Aug 3, 2026",2.0,ee44d2d4-f887-47d1-9a5b-4c9c7b43bb46,No resource,2023-06-27,2023-06-27,2025-07-21,Annual Crop Inventory 2022,"Inventaire annuel des cultures, 2022",No resources covered,Aucune ressource couverte,Agriculture and Agri-Food Canada , Agriculture et Agroalimentaire Canada
"Aug 1, 2026",1.0,ee88aa17-fd30-4d4a-8924-897fd47cf560,eab6cc59-a002-4a1f-a997-f064ba6997c6,2023-02-24,2026-03-24,2026-03-24,"Eelgrass (Zostera marina) study in the historical goldmining region of Goldboro, Nova Scotia (2020)","Étude de la zostère (Zostera marina) dans la région minière historique de Goldboro, Nouvelle-Ecosse (2020).",Technical Report,Rapport Technique,Fisheries and Oceans Canada , Pêches et Océans Canada
"Aug 2, 2026",1.0,ee9bd7e8-90a5-45db-9287-85c8cf3589b6,No resource,2019-06-24,2019-06-24,2026-08-03,Proactive Disclosure - Briefing Note Titles and Numbers,Divulgation proactive - titres et numéros des notes d’information,No resources covered,Aucune ressource couverte,Treasury Board of Canada Secretariat , Secrétariat du Conseil du Trésor du Canada
"Aug 3, 2026",1.0,eec20550-7916-4ff9-b9bf-9e07288b4a17,9c47d818-9a92-4e86-9b26-2481cd46cf30,2020-09-14,2026-07-29,2026-07-29,Administrative divisions,Découpages administratifs,"Administrative divisions 1/20,000 (GPKG format)",Découpages administratifs 1/20 000 (format GPKG),Government and Municipalities of Québec , Gouvernement et municipalités du Québec
"Aug 1, 2026",1.0,eedac88d-8ec4-435f-ba07-32978127e540,ddef02b8-9ec6-496b-a89f-2907e47cda0b,2023-03-15,2026-07-29,2026-07-29,Coyotes reports,Signalements de coyotes,Coyotes report,Signalement de coyotes,Government and Municipalities of Québec , Gouvernement et municipalités du Québec
"Aug 3, 2026",1.0,ef2d71bf-fa0f-4460-aa6f-9c87ffa67696,18bb4d66-609a-4d84-b4f6-e1e425185289,2024-05-15,2026-06-24,2026-06-24,"Affordable Residential Units for the Purposes of the Development Charges Act, 1997 Bulletin",Bulletin relatif aux unités d’habitation abordables pour l’application de la Loi de 1997 sur les redevances d’aménagement,"Affordable Residential Units for the Purposes of the Development Charges Act, 1997 Bulletin",Bulletin relatif aux unités d’habitation abordables pour l’application de la Loi de 1997 sur les redevances d’aménagement,Government of Ontario , Gouvernement de l'Ontario
"Aug 3, 2026",1.0,ef2d71bf-fa0f-4460-aa6f-9c87ffa67696,9d1b0670-183c-4730-9641-c6054a720f4e,2024-05-15,2026-06-24,2026-06-24,"Affordable Residential Units for the Purposes of the Development Charges Act, 1997 Bulletin",Bulletin relatif aux unités d’habitation abordables pour l’application de la Loi de 1997 sur les redevances d’aménagement,"Affordable Residential Units for the Purposes of the Development Charges Act, 1997 Bulletin",Bulletin relatif aux unités d’habitation abordables pour l’application de la Loi de 1997 sur les redevances d’aménagement,Government of Ontario , Gouvernement de l'Ontario
"Aug 1, 2026",1.0,ef76c27c-3c9c-b129-5050-ed356e962964,No resource,2023-04-21,2023-04-21,2024-12-06,EMS in Manitoba: The Current State,Les services médicaux d'urgence au Manitoba : l'état actuel,No resources covered,Aucune ressource couverte,Government of Manitoba , Gouvernement du Manitoba
"Aug 3, 2026",1.0,f064a144-b4e0-4e9b-9970-e0fc2f84d1a8,86e441ab-38c3-466a-a0ad-9bafd797f074,2016-09-26,2016-10-31,2026-06-16,Canada Pension Plan (CPP) and Old Age Security (OAS) - Annual Statistics Tables,Régime de pensions du Canada (RPC) et Sécurité de la vieillesse (SV) - Statistiques annuelles,"CPP- Net payments, by benefit type and fiscal year","RPC- Montants nets versés, selon le type de prestation et l’année financière ",Employment and Social Development Canada , Emploi et Développement social Canada
"Aug 3, 2026",1.0,f064a144-b4e0-4e9b-9970-e0fc2f84d1a8,a3632660-d390-4db6-ae9f-8feef65b28d1,2016-09-26,2016-10-31,2025-12-31,Canada Pension Plan (CPP) and Old Age Security (OAS) - Annual Statistics Tables,Régime de pensions du Canada (RPC) et Sécurité de la vieillesse (SV) - Statistiques annuelles,"OAS – Net payments, by benefit type and fiscal year","SV - Montants nets versés, selon le type de prestation et l’année financière",Employment and Social Development Canada , Emploi et Développement social Canada
"Aug 3, 2026",1.0,f086e1f7-66f9-45dd-9dc7-bc1ee8436bc9,50b9e25d-6e4f-4d0a-9a7a-628b2de2a0cb,2020-11-27,2026-06-19,2026-06-19,Traffic cameras,Caméras de circulation,Traffic cameras,Caméras de circulation,Government of Ontario , Gouvernement de l'Ontario
"Aug 2, 2026",1.0,f086e1f7-66f9-45dd-9dc7-bc1ee8436bc9,No resource,2020-11-27,2020-11-27,2026-06-19,Traffic cameras,Caméras de circulation,No resources covered,Aucune ressource couverte,Government of Ontario , Gouvernement de l'Ontario
"Aug 2, 2026",1.0,f0d12b41-54dc-4784-ad2b-83dffed2ab84,33a658fe-3d05-4344-af2b-f462d5c1e6b7,2024-07-10,2024-07-10,2026-06-22,Federal public service statistics,Statistiques sur la fonction publique fédérale,Population of the federal public service by department and province or territory of work,Effectif de la fonction publique fédérale par ministère et province ou territoire de travail,Treasury Board of Canada Secretariat , Secrétariat du Conseil du Trésor du Canada
"Aug 3, 2026",1.0,f0d12b41-54dc-4784-ad2b-83dffed2ab84,eae46131-fc5b-4da5-95ca-6276d9a3ab47,2024-07-10,2024-07-10,2026-06-22,Federal public service statistics,Statistiques sur la fonction publique fédérale,Population of the federal public service by tenure,Effectif de la fonction publique fédérale par durée d’emploi,Treasury Board of Canada Secretariat , Secrétariat du Conseil du Trésor du Canada
"Aug 2, 2026",1.0,f0efbfba-6243-538a-ad73-56a4c629f40f,2987c8d8-02d7-4fb9-9ced-f1c612c559b8,2017-04-18,2017-04-18,2017-04-18,"Magnetic anomaly map (residual total field), Elbow Lake, Manitoba","Carte des anomalies magnétiques (champ résiduel total), Elbow Lake, Manitoba",Download File in PDF through HTTP,Télécharger le fichier en format PDF via HTTP,Natural Resources Canada , Ressources naturelles Canada
"Aug 2, 2026",2.0,f0efbfba-6243-538a-ad73-56a4c629f40f,No resource,2017-04-18,2017-04-18,2021-01-11,"Magnetic anomaly map (residual total field), Elbow Lake, Manitoba","Carte des anomalies magnétiques (champ résiduel total), Elbow Lake, Manitoba",No resources covered,Aucune ressource couverte,Natural Resources Canada , Ressources naturelles Canada
"Aug 3, 2026",1.0,f0f63701-d4bd-416b-8ed2-7a09f74abc6e,No resource,2023-01-30,2023-01-30,2026-01-09,"Employee wages by occupation, annual","Salaire des employés selon la profession, données annuelles",No resources covered,Aucune ressource couverte,Statistics Canada , Statistique Canada
"Aug 3, 2026",2.0,f0f63701-d4bd-416b-8ed2-7a09f74abc6e,d5fdff97-40c5-48bd-9675-a7f0e929c38b,2023-01-30,2026-01-09,2026-01-09,"Employee wages by occupation, annual","Salaire des employés selon la profession, données annuelles",Dataset,Ensembles de données,Statistics Canada , Statistique Canada
"Aug 3, 2026",2.0,f1060ac1-75d0-45e1-ab3e-0e514a97b6bf,No resource,2026-02-17,2026-02-17,2026-02-17,Future Fire Weather Projections CanLEAD-FWI Version 1.0,Les projections de la météo des feux de forêt CanLEAD-FWI Version 1.0,No resources covered,Aucune ressource couverte,Environment and Climate Change Canada , Environnement et Changement climatique Canada
"Aug 2, 2026",1.0,f11dcb31-cdc9-499d-a129-afcfe0f4eba7,No resource,2018-06-27,2018-06-27,2026-07-14,"Bank of Canada, assets and liabilities, at month-end","Banque du Canada, actif et passif, en fin de mois",No resources covered,Aucune ressource couverte,Statistics Canada , Statistique Canada
"Aug 3, 2026",1.0,f241c519-a250-456b-8b1d-a1d483308c20,906bd307-ad2a-4ec5-94b9-a7edb1f72885,2020-01-20,2026-04-01,2026-04-01,Canadian Co-operatives,Coopératives canadiennes,"Canadian Co-operatives, 2023","Coopératives canadiennes, 2023","Innovation, Science and Economic Development Canada "," Innovation, Sciences et Développement économique Canada"
"Aug 3, 2026",1.0,f242b881-75e3-40bb-a148-63410b4ce2af,46291d30-a533-42d1-b66a-35c44c4c48d1,2017-05-03,2026-02-26,2026-02-26,Inuit Regions (Inuit Nunangat),Régions inuites (Inuit Nunangat),Map - Inuit Nunangat - 11x17 (Inuktitut and English),Carte - Inuit Nunangat - 11x17 (Inuktitut et anglais),Indigenous Services Canada , Services aux Autochtones Canada
"Aug 3, 2026",1.0,f263d40f-3965-4d79-b49d-182e00b339b9,No resource,2018-06-27,2018-06-27,2023-01-17,"Upper income limits and shares of total income quintiles, by major income source","Limites supérieures de revenu et parts du revenu pour les quintiles de revenu total, selon la source principale de revenu",No resources covered,Aucune ressource couverte,Statistics Canada , Statistique Canada
"Aug 1, 2026",1.0,f281b150-0645-48e4-9c30-01f55f93f78e,No resource,2016-09-26,2016-09-26,2025-03-26,Historic treaties,Traités historiques,No resources covered,Aucune ressource couverte,Crown-Indigenous Relations and Northern Affairs Canada , Relations Couronne-Autochtones et Affaires du Nord Canada
"Aug 3, 2026",1.0,f281b150-0645-48e4-9c30-01f55f93f78e,No resource,2016-09-26,2016-09-26,2025-03-26,Historic treaties,Traités historiques,No resources covered,Aucune ressource couverte,Crown-Indigenous Relations and Northern Affairs Canada , Relations Couronne-Autochtones et Affaires du Nord Canada
"Aug 3, 2026",1.0,f2997015-1cd7-4407-b58d-1bfcbb4a8290,05c07b02-506e-496f-a4a9-e34a2d78397c,2017-05-15,2022-02-07,2022-02-07,Annual area burned by large fires (>200 hectares) - Medium-term (2041-2070) under RCP 8.5,Superficie annuelle brûlée par des grands feux (>200 ha) - Moyen terme (2041-2070) selon le RCP 8.5,2041-2070 [RCP 8.5] – Annual area burned (French),2041-2070 [RCP 8.5] – Superficie annuelle brûlée (Français),Natural Resources Canada , Ressources naturelles Canada
"Aug 2, 2026",1.0,f2a711f9-be80-4b98-a205-8ac9e5e0d126,211adf12-1213-4953-afda-846c33a10972,2019-06-07,2019-06-07,2019-06-07,"Canadian Notifiable Disease Surveillance System (CNDSS) annual counts and rates, 1924-2016","Système canadien de surveillance des maladies à déclaration obligatoire (SCSMDO) nombres et les taux de maladies à l’échelle nationale, 1924-2016",Canadian Notifiable Disease Surveillance System Annual Counts and Rates 1924-2016,Système canadien de surveillance des maladies à déclaration obligatoire comptes annuels et tarifs 1924-2016,Public Health Agency of Canada , Agence de la santé publique du Canada
"Aug 3, 2026",1.0,f2a711f9-be80-4b98-a205-8ac9e5e0d126,No resource,2019-06-07,2019-06-07,2022-02-21,"Canadian Notifiable Disease Surveillance System (CNDSS) annual counts and rates, 1924-2016","Système canadien de surveillance des maladies à déclaration obligatoire (SCSMDO) nombres et les taux de maladies à l’échelle nationale, 1924-2016",No resources covered,Aucune ressource couverte,Public Health Agency of Canada , Agence de la santé publique du Canada
"Aug 1, 2026",1.0,f2d9985b-7195-4a12-8f6c-4efc9adca8d1,b39fe6a2-f762-465a-b6ae-a095f0d81aef,2021-01-27,2026-06-17,2026-06-17,Death registrations in Ontario (by location),Enregistrement des décès en Ontario (par lieu),Death registrations in Ontario (by location),Enregistrement des décès en Ontario (par lieu),Government of Ontario , Gouvernement de l'Ontario
"Aug 2, 2026",2.0,f2d9985b-7195-4a12-8f6c-4efc9adca8d1,b39fe6a2-f762-465a-b6ae-a095f0d81aef,2021-01-27,2026-06-17,2026-06-17,Death registrations in Ontario (by location),Enregistrement des décès en Ontario (par lieu),Death registrations in Ontario (by location),Enregistrement des décès en Ontario (par lieu),Government of Ontario , Gouvernement de l'Ontario
"Aug 3, 2026",4.0,f2d9985b-7195-4a12-8f6c-4efc9adca8d1,b39fe6a2-f762-465a-b6ae-a095f0d81aef,2021-01-27,2026-06-17,2026-06-17,Death registrations in Ontario (by location),Enregistrement des décès en Ontario (par lieu),Death registrations in Ontario (by location),Enregistrement des décès en Ontario (par lieu),Government of Ontario , Gouvernement de l'Ontario
"Aug 2, 2026",1.0,f314a39f-009d-430b-97b9-d6e0cae22340,No resource,2017-05-17,2017-05-17,2022-10-11,Canadian National Tornado Database: Verified Events (1980-2009) - Public,Base de données nationale sur les tornades du Canada : Événements vérifiés (1980-2009) - Public,No resources covered,Aucune ressource couverte,Environment and Climate Change Canada , Environnement et Changement climatique Canada
"Aug 2, 2026",1.0,f358a53b-ffde-4830-a325-a5a03ff672c3,0e605c64-3ad1-4a8e-902a-203158db20b6,2020-06-05,2026-07-15,2026-07-15,BEC Map,Carte BEC,Biogeoclimatic Zones of BC - Poster-sized cartographic map,Zones biogéoclimatiques de la Colombie-Britannique - Carte cartographique de la taille d'une affiche,Government of British Columbia , Gouvernment de la Colombie-Britannique
"Aug 3, 2026",1.0,f358a53b-ffde-4830-a325-a5a03ff672c3,No resource,2020-06-05,2020-06-05,2026-07-15,BEC Map,Carte BEC,No resources covered,Aucune ressource couverte,Government of British Columbia , Gouvernment de la Colombie-Britannique
"Aug 3, 2026",2.0,f38c91a1-e33f-4475-a112-3b84b1c60c1e,No resource,2020-09-14,2020-09-14,2026-07-29,Reference residential neighborhoods,Quartiers de référence en habitation,No resources covered,Aucune ressource couverte,Government and Municipalities of Québec , Gouvernement et municipalités du Québec
"Aug 2, 2026",1.0,f3b4a7c6-79b1-40ac-b23f-8daede71c655,1e569f11-0e81-4f5e-8e52-88f2b105ad15,2025-11-26,2025-11-26,2025-11-26,2025—Report of the Auditor General of Canada—Canada Revenue Agency Contact Centres,2025 — Rapport de la vérificatrice générale du Canada — Les centres de communication de l’Agence du revenu du Canada,2025—Report of the Auditor General of Canada—Canada Revenue Agency Contact Centres,2025 — Rapport de la vérificatrice générale du Canada — Les centres de communication de l’Agence du revenu du Canada,Office of the Auditor General of Canada , Bureau du vérificateur général du Canada
"Aug 1, 2026",1.0,f4112442-bdc8-45d2-be3c-12efae72fb27,7cbb77ee-ae04-495a-b4ea-8b28da2d2624,2020-11-27,2026-03-25,2026-03-25,Confirmed positive cases of COVID-19 in Ontario,Les cas positifs confirmés du COVID-19 en Ontario,Confirmed positive cases of COVID19 in Ontario,Confirmed positive cases of COVID19 in Ontario,Government of Ontario , Gouvernement de l'Ontario
"Aug 1, 2026",1.0,f498bb69-3982-4b62-94db-4c0e0065bc17,886fc9a0-3648-4515-ab8d-786309476369,2022-04-14,2024-02-20,2024-02-20,"Temporal Series of the National Air Photo Library (NAPL) - Salish region, British Columbia (1950-1982)","Série temporelle de la photothèque nationale de l'air (PNA) - Région des Salish, Colombie-Britannique (1950-1982)","1967 - Orthophoto Mosaic of Salish region, British Columbia (50 cm)","1967 - Mosaïque d'orthophoto de la région des Salish, Colombie-Britannique (50 cm)",Natural Resources Canada , Ressources naturelles Canada
"Aug 3, 2026",1.0,f5af8f9d-09bd-4788-8e06-617167403426,No resource,2016-09-26,2016-09-26,2025-04-15,"Old Age Security (OAS) - Number of New Benefits, by Province and by Benefit Type","Sécurité de la vieillesse (SV) - Nombre de nouvelles prestations, selon la province et le type de prestation",No resources covered,Aucune ressource couverte,Employment and Social Development Canada , Emploi et Développement social Canada
"Aug 1, 2026",1.0,f5c8a5a0-354d-455a-99ab-8276aa38032e,No resource,2016-09-26,2016-09-26,2026-05-23,Standing Offers and Supply Arrangements,Offres à commandes et arrangements en matière d'approvisionnement,No resources covered,Aucune ressource couverte,Public Services and Procurement Canada , Services publics et Approvisionnement Canada
"Aug 3, 2026",2.0,f5c8a5a0-354d-455a-99ab-8276aa38032e,No resource,2016-09-26,2016-09-26,2026-05-23,Standing Offers and Supply Arrangements,Offres à commandes et arrangements en matière d'approvisionnement,No resources covered,Aucune ressource couverte,Public Services and Procurement Canada , Services publics et Approvisionnement Canada
"Aug 1, 2026",1.0,f5c8a5a0-354d-455a-99ab-8276aa38032e,e5dcaf48-87d6-4ce1-b17a-35607916b640,2016-09-26,2016-12-01,2026-05-23,Standing Offers and Supply Arrangements,Offres à commandes et arrangements en matière d'approvisionnement,Active Standing Offers and Supply Arrangements (SOSA),Offres à commandes et arrangements en matière d’approvisionnement (OCAMA) actifs,Public Services and Procurement Canada , Services publics et Approvisionnement Canada
"Aug 2, 2026",5.0,f5c8a5a0-354d-455a-99ab-8276aa38032e,e5dcaf48-87d6-4ce1-b17a-35607916b640,2016-09-26,2016-12-01,2026-05-23,Standing Offers and Supply Arrangements,Offres à commandes et arrangements en matière d'approvisionnement,Active Standing Offers and Supply Arrangements (SOSA),Offres à commandes et arrangements en matière d’approvisionnement (OCAMA) actifs,Public Services and Procurement Canada , Services publics et Approvisionnement Canada
"Aug 3, 2026",2.0,f5c8a5a0-354d-455a-99ab-8276aa38032e,e5dcaf48-87d6-4ce1-b17a-35607916b640,2016-09-26,2016-12-01,2026-05-23,Standing Offers and Supply Arrangements,Offres à commandes et arrangements en matière d'approvisionnement,Active Standing Offers and Supply Arrangements (SOSA),Offres à commandes et arrangements en matière d’approvisionnement (OCAMA) actifs,Public Services and Procurement Canada , Services publics et Approvisionnement Canada
"Aug 2, 2026",3.0,f5c8a5a0-354d-455a-99ab-8276aa38032e,f352898d-87bd-407e-873d-d9981c5c3cba,2016-09-26,2016-12-01,2025-06-24,Standing Offers and Supply Arrangements,Offres à commandes et arrangements en matière d'approvisionnement,Procurement Data Dictionary ,Dictionnaire des données sur l'approvisionnement,Public Services and Procurement Canada , Services publics et Approvisionnement Canada
"Aug 3, 2026",1.0,f5f2db55-31e4-42fb-8c73-23e1c44de9b2,2b1c54f8-e6ee-4d56-85c7-bd454d1d357b,2017-08-10,2026-04-17,2026-04-17,Major Projects Inventory,Inventaire des grands projets,ESRI Shapefile,Fichier de formes (shapefile) ESRI,Natural Resources Canada , Ressources naturelles Canada
"Aug 3, 2026",2.0,f5f2db55-31e4-42fb-8c73-23e1c44de9b2,b2071d6b-b15e-4069-a6b2-e43c78365def,2017-08-10,2026-04-17,2026-04-17,Major Projects Inventory,Inventaire des grands projets,Major Projects Planned and Under Construction – 2025 to 2035 (English Report),Grands projets prévus ou en voie de mise en œuvre – 2025 à 2035 (Rapport en anglais),Natural Resources Canada , Ressources naturelles Canada
"Aug 3, 2026",1.0,f607fc60-be9a-4a9b-8c10-723662511950,2365e126-a457-42a1-9be2-ad1cfc0573b7,2022-12-22,2022-12-22,2024-11-20,"National Capital Commission Accessibility Plan, 2023-2026",Plan sur l’accessibilité de la Commission de la capitale nationale 2023-2026,Plan sur l’accessibilité de la Commission de la capitale nationale 2023-2026,Plan sur l’accessibilité de la Commission de la capitale nationale 2023-2026,National Capital Commission , Commission de la capitale nationale
"Aug 3, 2026",1.0,f61fe3d7-f9d0-533d-8fe1-df772b07e155,No resource,2016-09-26,2016-09-26,2022-02-23,Annual runoff,Écoulement annuel,No resources covered,Aucune ressource couverte,Natural Resources Canada , Ressources naturelles Canada
"Aug 2, 2026",1.0,f6986d8e-81ac-4c3f-9eb2-867cae32b984,No resource,2020-02-11,2020-02-11,2026-02-10,Fleet Data,Données du parc automobile,No resources covered,Aucune ressource couverte,Shared Services Canada , Services partagés Canada
"Aug 3, 2026",2.0,f69dd189-37a4-4faa-b83e-c771ec826a7f,04aa04a0-0f41-42a2-ac38-6dbe11aad6b2,2025-01-15,2026-04-17,2026-04-17,College graduate outcomes survey,Sondage sur la situation des diplômés collégiaux,College key performance indicators,Indicateurs de rendement clés des collèges,Government of Ontario , Gouvernement de l'Ontario
"Aug 1, 2026",2.0,f6dacc0f-8f64-471e-8b2e-6409d42a0af3,No resource,2018-06-27,2018-06-27,2025-12-11,"Health-adjusted life expectancy, at birth and at age 65, by sex and income group, Canada and provinces, inactive","Espérance de vie en fonction de la santé, à la naissance et à 65 ans, selon le sexe et le groupe de revenu, Canada et provinces, inactif",No resources covered,Aucune ressource couverte,Statistics Canada , Statistique Canada
"Aug 3, 2026",1.0,f7130012-beca-4de8-a57d-50c03ca323d0,44df4dc4-226e-4e28-bb94-fb5893a6846c,2024-08-14,2025-08-13,2025-08-13,Precipitation data,Données sur les précipitations,Network of Networks Survey (2015),Enquête sur le Réseau de réseaux (2015),Government of Ontario , Gouvernement de l'Ontario
"Aug 3, 2026",3.0,f7130012-beca-4de8-a57d-50c03ca323d0,5b54430d-85b2-4366-8042-c1c6355424be,2024-08-14,2025-08-13,2025-08-13,Precipitation data,Données sur les précipitations,Climate Stations,Stations climatologiques,Government of Ontario , Gouvernement de l'Ontario
"Aug 2, 2026",1.0,f7130012-beca-4de8-a57d-50c03ca323d0,No resource,2024-08-14,2024-08-14,2025-08-13,Precipitation data,Données sur les précipitations,No resources covered,Aucune ressource couverte,Government of Ontario , Gouvernement de l'Ontario
"Aug 3, 2026",1.0,f7130012-beca-4de8-a57d-50c03ca323d0,No resource,2024-08-14,2024-08-14,2025-08-13,Precipitation data,Données sur les précipitations,No resources covered,Aucune ressource couverte,Government of Ontario , Gouvernement de l'Ontario
"Aug 3, 2026",1.0,f7205caf-41d7-4a33-a687-9afa1372f1f6,f21f53d9-3f6f-4abd-87ae-2e32ec37bd32,2024-12-18,2024-12-18,2024-12-18,2024—Report 12 of the Auditor General of Canada—Canada Summer Jobs—Employment and Social Development Canada,2024 — Rapport 12 de la vérificatrice générale du Canada — Emplois d’été Canada — Emploi et Développement social Canada,"Report (PDF Version, English)","Rapport (Version PDF, Anglais)",Office of the Auditor General of Canada , Bureau du vérificateur général du Canada
"Aug 2, 2026",1.0,f77dc929-5ff0-ddcc-30a0-c9773212484f,No resource,2022-05-03,2022-05-03,2026-04-17,Crime Statistics - Crime Severity Index,Translation of Crime Statistics - Crime Severity Index,No resources covered,Aucune ressource couverte,Government of Nova Scotia , Gouvernment de la Nouvelle-Écosse
"Aug 1, 2026",1.0,f7aea609-4a2c-4e20-ba1a-08e0ad2789d1,cee813e1-e177-44a8-b7ba-80980ba4dfc3,2018-08-15,2018-08-15,2018-08-15,Communications Services in Canadian Households Subscriptions and Expenditures,Services de communications dans les ménages canadiens : abonnements et dépenses,Communications Services in Canadian Households Subscriptions and Expenditures,Communications Services in Canadian Households Subscriptions and Expenditures,Canadian Radio-television and Telecommunications Commission , Conseil de la radiodiffusion et des télécommunications canadiennes
"Aug 3, 2026",1.0,f7e5498e-0ad8-4417-85c9-9b8aff9b9eda,0d2c1908-6ba5-4571-b0a3-d3652e33aa4a,2017-04-12,2019-11-05,2025-12-12,Permanent Residents – Monthly IRCC Updates,Résidents permanents – Mises à jour mensuelles d’IRCC,Canada ex-QC - Percentage of French Speaking Permanent Residents by Immigration Category,Canada ex-QC - Pourcentage de résidents permanents d'expression française selon la catégorie d'immigration,"Immigration, Refugees and Citizenship Canada "," Immigration, Réfugiés et Citoyenneté Canada"
"Aug 2, 2026",1.0,f7e5498e-0ad8-4417-85c9-9b8aff9b9eda,0f1e6cce-a2e3-4ded-92ca-47d3c7e55128,2017-04-12,2021-04-19,2024-05-18,Permanent Residents – Monthly IRCC Updates,Résidents permanents – Mises à jour mensuelles d’IRCC,Canada - Permanent Residents by Country of Citizenship and Immigration Category,Canada - Résidents permanents selon le pays de citoyenneté et catégorie d'immigration,"Immigration, Refugees and Citizenship Canada "," Immigration, Réfugiés et Citoyenneté Canada"
"Aug 3, 2026",1.0,f7e5498e-0ad8-4417-85c9-9b8aff9b9eda,0f1e6cce-a2e3-4ded-92ca-47d3c7e55128,2017-04-12,2021-04-19,2024-05-18,Permanent Residents – Monthly IRCC Updates,Résidents permanents – Mises à jour mensuelles d’IRCC,Canada - Permanent Residents by Country of Citizenship and Immigration Category,Canada - Résidents permanents selon le pays de citoyenneté et catégorie d'immigration,"Immigration, Refugees and Citizenship Canada "," Immigration, Réfugiés et Citoyenneté Canada"
"Aug 3, 2026",1.0,f7e5498e-0ad8-4417-85c9-9b8aff9b9eda,16422ce3-03ee-4541-92c0-0745796c7971,2017-04-12,2019-06-10,2024-05-18,Permanent Residents – Monthly IRCC Updates,Résidents permanents – Mises à jour mensuelles d’IRCC,"Canada - Permanent Residents by Province/Territory, Census Division and Census Subdivision","Canada - Résidents permanents selon la province / le territoire, la division et la subdivision de recensement ","Immigration, Refugees and Citizenship Canada "," Immigration, Réfugiés et Citoyenneté Canada"
"Aug 1, 2026",1.0,f7e5498e-0ad8-4417-85c9-9b8aff9b9eda,166ea45e-4919-47c9-b1a6-35c4bdf51c03,2017-04-12,2018-05-23,2024-05-18,Permanent Residents – Monthly IRCC Updates,Résidents permanents – Mises à jour mensuelles d’IRCC,[rounded - not for calculations] Canada - Permanent resident by province/territory and immigration category,[arrondis - pas pour calculs] Canada - Résidents permanents selon la province / le territoire et la catégorie d'immigration,"Immigration, Refugees and Citizenship Canada "," Immigration, Réfugiés et Citoyenneté Canada"
"Aug 2, 2026",1.0,f7e5498e-0ad8-4417-85c9-9b8aff9b9eda,166ea45e-4919-47c9-b1a6-35c4bdf51c03,2017-04-12,2018-05-23,2024-05-18,Permanent Residents – Monthly IRCC Updates,Résidents permanents – Mises à jour mensuelles d’IRCC,[rounded - not for calculations] Canada - Permanent resident by province/territory and immigration category,[arrondis - pas pour calculs] Canada - Résidents permanents selon la province / le territoire et la catégorie d'immigration,"Immigration, Refugees and Citizenship Canada "," Immigration, Réfugiés et Citoyenneté Canada"
"Aug 3, 2026",1.0,f7e5498e-0ad8-4417-85c9-9b8aff9b9eda,1a8171dc-292b-4209-a700-63cb699269ff,2017-04-12,2019-06-10,2024-05-18,Permanent Residents – Monthly IRCC Updates,Résidents permanents – Mises à jour mensuelles d’IRCC,"Canada - Permanent Residents by Province/Territory, Census Division and Census Subdivision","Canada - Résidents permanents selon la province / le territoire, la division et la subdivision de recensement ","Immigration, Refugees and Citizenship Canada "," Immigration, Réfugiés et Citoyenneté Canada"
"Aug 1, 2026",2.0,f7e5498e-0ad8-4417-85c9-9b8aff9b9eda,1b3c140b-8d3a-49a1-859e-da338bf907c6,2017-04-12,2017-04-12,2024-05-18,Permanent Residents – Monthly IRCC Updates,Résidents permanents – Mises à jour mensuelles d’IRCC,Canada – Permanent Residents by Country of Citizenship,Canada - Résidents permanents selon le pays de citoyenneté,"Immigration, Refugees and Citizenship Canada "," Immigration, Réfugiés et Citoyenneté Canada"
"Aug 2, 2026",1.0,f7e5498e-0ad8-4417-85c9-9b8aff9b9eda,1b3c140b-8d3a-49a1-859e-da338bf907c6,2017-04-12,2017-04-12,2024-05-18,Permanent Residents – Monthly IRCC Updates,Résidents permanents – Mises à jour mensuelles d’IRCC,Canada – Permanent Residents by Country of Citizenship,Canada - Résidents permanents selon le pays de citoyenneté,"Immigration, Refugees and Citizenship Canada "," Immigration, Réfugiés et Citoyenneté Canada"
"Aug 1, 2026",1.0,f7e5498e-0ad8-4417-85c9-9b8aff9b9eda,5582034d-8f89-49d5-8597-483d628078a1,2017-04-12,2017-04-12,2024-05-18,Permanent Residents – Monthly IRCC Updates,Résidents permanents – Mises à jour mensuelles d’IRCC,Canada - Permanent Residents by Province/Territory and Immigration Category,Canada - Résidents permanents selon la province / le territoire et la catégorie d'immigration,"Immigration, Refugees and Citizenship Canada "," Immigration, Réfugiés et Citoyenneté Canada"
"Aug 2, 2026",4.0,f7e5498e-0ad8-4417-85c9-9b8aff9b9eda,5582034d-8f89-49d5-8597-483d628078a1,2017-04-12,2017-04-12,2024-05-18,Permanent Residents – Monthly IRCC Updates,Résidents permanents – Mises à jour mensuelles d’IRCC,Canada - Permanent Residents by Province/Territory and Immigration Category,Canada - Résidents permanents selon la province / le territoire et la catégorie d'immigration,"Immigration, Refugees and Citizenship Canada "," Immigration, Réfugiés et Citoyenneté Canada"
"Aug 3, 2026",11.0,f7e5498e-0ad8-4417-85c9-9b8aff9b9eda,5582034d-8f89-49d5-8597-483d628078a1,2017-04-12,2017-04-12,2024-05-18,Permanent Residents – Monthly IRCC Updates,Résidents permanents – Mises à jour mensuelles d’IRCC,Canada - Permanent Residents by Province/Territory and Immigration Category,Canada - Résidents permanents selon la province / le territoire et la catégorie d'immigration,"Immigration, Refugees and Citizenship Canada "," Immigration, Réfugiés et Citoyenneté Canada"
"Aug 2, 2026",1.0,f7e5498e-0ad8-4417-85c9-9b8aff9b9eda,5a3ec9ec-bcee-4207-b00b-0d81784e6aa0,2017-04-12,2017-09-06,2024-05-18,Permanent Residents – Monthly IRCC Updates,Résidents permanents – Mises à jour mensuelles d’IRCC,Canada - Permanent Residents by Province/Territory and Intended Occupation (NOC 2011),Canada - Résidents permanents selon la province / le territoire et la profession envisagée (CNP 2011),"Immigration, Refugees and Citizenship Canada "," Immigration, Réfugiés et Citoyenneté Canada"
"Aug 3, 2026",1.0,f7e5498e-0ad8-4417-85c9-9b8aff9b9eda,5a3ec9ec-bcee-4207-b00b-0d81784e6aa0,2017-04-12,2017-09-06,2024-05-18,Permanent Residents – Monthly IRCC Updates,Résidents permanents – Mises à jour mensuelles d’IRCC,Canada - Permanent Residents by Province/Territory and Intended Occupation (NOC 2011),Canada - Résidents permanents selon la province / le territoire et la profession envisagée (CNP 2011),"Immigration, Refugees and Citizenship Canada "," Immigration, Réfugiés et Citoyenneté Canada"
"Aug 1, 2026",1.0,f7e5498e-0ad8-4417-85c9-9b8aff9b9eda,81021dfd-c110-42cf-a975-1b9be8b82980,2017-04-12,2017-04-12,2024-05-18,Permanent Residents – Monthly IRCC Updates,Résidents permanents – Mises à jour mensuelles d’IRCC,Canada - Permanent Residents by Province/Territory and Census Metropolitan Area (CMA),Canada - Résidents permanents selon la province / le territoire et la région métropolitaine de recensement,"Immigration, Refugees and Citizenship Canada "," Immigration, Réfugiés et Citoyenneté Canada"
"Aug 3, 2026",2.0,f7e5498e-0ad8-4417-85c9-9b8aff9b9eda,81021dfd-c110-42cf-a975-1b9be8b82980,2017-04-12,2017-04-12,2024-05-18,Permanent Residents – Monthly IRCC Updates,Résidents permanents – Mises à jour mensuelles d’IRCC,Canada - Permanent Residents by Province/Territory and Census Metropolitan Area (CMA),Canada - Résidents permanents selon la province / le territoire et la région métropolitaine de recensement,"Immigration, Refugees and Citizenship Canada "," Immigration, Réfugiés et Citoyenneté Canada"
"Aug 1, 2026",5.0,f7e5498e-0ad8-4417-85c9-9b8aff9b9eda,No resource,2017-04-12,2017-04-12,2026-07-21,Permanent Residents – Monthly IRCC Updates,Résidents permanents – Mises à jour mensuelles d’IRCC,No resources covered,Aucune ressource couverte,"Immigration, Refugees and Citizenship Canada "," Immigration, Réfugiés et Citoyenneté Canada"
"Aug 2, 2026",5.0,f7e5498e-0ad8-4417-85c9-9b8aff9b9eda,No resource,2017-04-12,2017-04-12,2026-07-21,Permanent Residents – Monthly IRCC Updates,Résidents permanents – Mises à jour mensuelles d’IRCC,No resources covered,Aucune ressource couverte,"Immigration, Refugees and Citizenship Canada "," Immigration, Réfugiés et Citoyenneté Canada"
"Aug 3, 2026",10.0,f7e5498e-0ad8-4417-85c9-9b8aff9b9eda,No resource,2017-04-12,2017-04-12,2026-07-21,Permanent Residents – Monthly IRCC Updates,Résidents permanents – Mises à jour mensuelles d’IRCC,No resources covered,Aucune ressource couverte,"Immigration, Refugees and Citizenship Canada "," Immigration, Réfugiés et Citoyenneté Canada"
"Aug 1, 2026",2.0,f7e5498e-0ad8-4417-85c9-9b8aff9b9eda,c5f2d5d3-e1c7-44d6-a54d-b6b2fb62fdba,2017-04-12,2017-04-12,2024-05-18,Permanent Residents – Monthly IRCC Updates,Résidents permanents – Mises à jour mensuelles d’IRCC,Canada - Permanent Residents by Province/Territory and Immigration Category,Canada - Résidents permanents selon la province / le territoire et la catégorie d'immigration,"Immigration, Refugees and Citizenship Canada "," Immigration, Réfugiés et Citoyenneté Canada"
"Aug 2, 2026",2.0,f7e5498e-0ad8-4417-85c9-9b8aff9b9eda,c5f2d5d3-e1c7-44d6-a54d-b6b2fb62fdba,2017-04-12,2017-04-12,2024-05-18,Permanent Residents – Monthly IRCC Updates,Résidents permanents – Mises à jour mensuelles d’IRCC,Canada - Permanent Residents by Province/Territory and Immigration Category,Canada - Résidents permanents selon la province / le territoire et la catégorie d'immigration,"Immigration, Refugees and Citizenship Canada "," Immigration, Réfugiés et Citoyenneté Canada"
"Aug 3, 2026",2.0,f7e5498e-0ad8-4417-85c9-9b8aff9b9eda,c5f2d5d3-e1c7-44d6-a54d-b6b2fb62fdba,2017-04-12,2017-04-12,2024-05-18,Permanent Residents – Monthly IRCC Updates,Résidents permanents – Mises à jour mensuelles d’IRCC,Canada - Permanent Residents by Province/Territory and Immigration Category,Canada - Résidents permanents selon la province / le territoire et la catégorie d'immigration,"Immigration, Refugees and Citizenship Canada "," Immigration, Réfugiés et Citoyenneté Canada"
"Aug 1, 2026",4.0,f7e5498e-0ad8-4417-85c9-9b8aff9b9eda,d1c1f4f3-2d7f-4e02-9a79-7af98209c2f3,2017-04-12,2017-04-12,2024-05-18,Permanent Residents – Monthly IRCC Updates,Résidents permanents – Mises à jour mensuelles d’IRCC,Canada – Permanent Residents by Country of Citizenship,Canada - Résidents permanents selon le pays de citoyenneté,"Immigration, Refugees and Citizenship Canada "," Immigration, Réfugiés et Citoyenneté Canada"
"Aug 2, 2026",4.0,f7e5498e-0ad8-4417-85c9-9b8aff9b9eda,d1c1f4f3-2d7f-4e02-9a79-7af98209c2f3,2017-04-12,2017-04-12,2024-05-18,Permanent Residents – Monthly IRCC Updates,Résidents permanents – Mises à jour mensuelles d’IRCC,Canada – Permanent Residents by Country of Citizenship,Canada - Résidents permanents selon le pays de citoyenneté,"Immigration, Refugees and Citizenship Canada "," Immigration, Réfugiés et Citoyenneté Canada"
"Aug 3, 2026",6.0,f7e5498e-0ad8-4417-85c9-9b8aff9b9eda,d1c1f4f3-2d7f-4e02-9a79-7af98209c2f3,2017-04-12,2017-04-12,2024-05-18,Permanent Residents – Monthly IRCC Updates,Résidents permanents – Mises à jour mensuelles d’IRCC,Canada – Permanent Residents by Country of Citizenship,Canada - Résidents permanents selon le pays de citoyenneté,"Immigration, Refugees and Citizenship Canada "," Immigration, Réfugiés et Citoyenneté Canada"
"Aug 1, 2026",1.0,f7fc1957-ec28-55d7-be83-8d61c3937f62,4465de39-a86e-4cee-85fe-bd51e93bb58d,2016-09-26,2017-01-26,2017-01-26,North America (2005),Amérique du Nord (2005),Download English JPG through HTTP,Télécharger le fichier en format Anglais JPG via HTTP,Natural Resources Canada , Ressources naturelles Canada
"Aug 1, 2026",1.0,f82f66f2-a22b-4511-bccf-e1d74db39ae5,1e854188-18c4-4cbe-b4e0-88561955fe05,2016-09-26,2026-07-22,2026-07-22,Temporary Foreign Worker Program (TFWP): Negative Labour Market Impact Assessment (LMIA) Employers List,Programme des travailleurs étrangers temporaires (PTET): Employeurs ayant obtenu une Étude d'impact sur le marché du travail (EIMT) négative ,"2026Q1-Employers Who Were Issued a Negative Labour Market Impact Assessment (LMIA) by Program Stream, National Occupational Classification (NOC) 2021 and Business Location, January to March 2026","2026T1-Employeurs ayant obtenu une étude d’impact sur le marché du travail  (EIMT) negative, par volet du programme, classification nationale des professions (CNP) 2021 et lieu de affaires, janvier à mars 2026",Employment and Social Development Canada , Emploi et Développement social Canada
"Aug 2, 2026",5.0,f82f66f2-a22b-4511-bccf-e1d74db39ae5,1e854188-18c4-4cbe-b4e0-88561955fe05,2016-09-26,2026-07-22,2026-07-22,Temporary Foreign Worker Program (TFWP): Negative Labour Market Impact Assessment (LMIA) Employers List,Programme des travailleurs étrangers temporaires (PTET): Employeurs ayant obtenu une Étude d'impact sur le marché du travail (EIMT) négative ,"2026Q1-Employers Who Were Issued a Negative Labour Market Impact Assessment (LMIA) by Program Stream, National Occupational Classification (NOC) 2021 and Business Location, January to March 2026","2026T1-Employeurs ayant obtenu une étude d’impact sur le marché du travail  (EIMT) negative, par volet du programme, classification nationale des professions (CNP) 2021 et lieu de affaires, janvier à mars 2026",Employment and Social Development Canada , Emploi et Développement social Canada
"Aug 3, 2026",5.0,f82f66f2-a22b-4511-bccf-e1d74db39ae5,1e854188-18c4-4cbe-b4e0-88561955fe05,2016-09-26,2026-07-22,2026-07-22,Temporary Foreign Worker Program (TFWP): Negative Labour Market Impact Assessment (LMIA) Employers List,Programme des travailleurs étrangers temporaires (PTET): Employeurs ayant obtenu une Étude d'impact sur le marché du travail (EIMT) négative ,"2026Q1-Employers Who Were Issued a Negative Labour Market Impact Assessment (LMIA) by Program Stream, National Occupational Classification (NOC) 2021 and Business Location, January to March 2026","2026T1-Employeurs ayant obtenu une étude d’impact sur le marché du travail  (EIMT) negative, par volet du programme, classification nationale des professions (CNP) 2021 et lieu de affaires, janvier à mars 2026",Employment and Social Development Canada , Emploi et Développement social Canada
"Aug 1, 2026",1.0,f82f66f2-a22b-4511-bccf-e1d74db39ae5,59d3b563-600c-486f-bec8-c8095ed77d8d,2016-09-26,2026-07-22,2026-07-22,Temporary Foreign Worker Program (TFWP): Negative Labour Market Impact Assessment (LMIA) Employers List,Programme des travailleurs étrangers temporaires (PTET): Employeurs ayant obtenu une Étude d'impact sur le marché du travail (EIMT) négative ,"2026Q1-Employers Who Were Issued a Negative Labour Market Impact Assessment (LMIA) by Program Stream, National Occupational Classification (NOC) 2021 and Business Location, January to March 2026","2026T1-Employeurs ayant obtenu une étude d’impact sur le marché du travail  (EIMT) negative, par volet du programme, classification nationale des professions (CNP) 2021 et lieu de affaires, janvier à mars 2026",Employment and Social Development Canada , Emploi et Développement social Canada
"Aug 2, 2026",3.0,f82f66f2-a22b-4511-bccf-e1d74db39ae5,59d3b563-600c-486f-bec8-c8095ed77d8d,2016-09-26,2026-07-22,2026-07-22,Temporary Foreign Worker Program (TFWP): Negative Labour Market Impact Assessment (LMIA) Employers List,Programme des travailleurs étrangers temporaires (PTET): Employeurs ayant obtenu une Étude d'impact sur le marché du travail (EIMT) négative ,"2026Q1-Employers Who Were Issued a Negative Labour Market Impact Assessment (LMIA) by Program Stream, National Occupational Classification (NOC) 2021 and Business Location, January to March 2026","2026T1-Employeurs ayant obtenu une étude d’impact sur le marché du travail  (EIMT) negative, par volet du programme, classification nationale des professions (CNP) 2021 et lieu de affaires, janvier à mars 2026",Employment and Social Development Canada , Emploi et Développement social Canada
"Aug 3, 2026",2.0,f82f66f2-a22b-4511-bccf-e1d74db39ae5,59d3b563-600c-486f-bec8-c8095ed77d8d,2016-09-26,2026-07-22,2026-07-22,Temporary Foreign Worker Program (TFWP): Negative Labour Market Impact Assessment (LMIA) Employers List,Programme des travailleurs étrangers temporaires (PTET): Employeurs ayant obtenu une Étude d'impact sur le marché du travail (EIMT) négative ,"2026Q1-Employers Who Were Issued a Negative Labour Market Impact Assessment (LMIA) by Program Stream, National Occupational Classification (NOC) 2021 and Business Location, January to March 2026","2026T1-Employeurs ayant obtenu une étude d’impact sur le marché du travail  (EIMT) negative, par volet du programme, classification nationale des professions (CNP) 2021 et lieu de affaires, janvier à mars 2026",Employment and Social Development Canada , Emploi et Développement social Canada
"Aug 1, 2026",1.0,f82f66f2-a22b-4511-bccf-e1d74db39ae5,6022699b-5213-4933-a58d-6bdc7cce78c3,2016-09-26,2025-10-23,2025-10-23,Temporary Foreign Worker Program (TFWP): Negative Labour Market Impact Assessment (LMIA) Employers List,Programme des travailleurs étrangers temporaires (PTET): Employeurs ayant obtenu une Étude d'impact sur le marché du travail (EIMT) négative ,"2025Q2-Employers Who Were Issued a Negative Labour Market Impact Assessment (LMIA) by Program Stream, National Occupational Classification (NOC) 2021 and Business Location, April to June 2025","2025T2-Employeurs ayant obtenu une étude d’impact sur le marché du travail  (EIMT) negative, par volet du programme, classification nationale des professions (CNP) 2021 et lieu de affaires, avril à juin 2025",Employment and Social Development Canada , Emploi et Développement social Canada
"Aug 3, 2026",2.0,f82f66f2-a22b-4511-bccf-e1d74db39ae5,6022699b-5213-4933-a58d-6bdc7cce78c3,2016-09-26,2025-10-23,2025-10-23,Temporary Foreign Worker Program (TFWP): Negative Labour Market Impact Assessment (LMIA) Employers List,Programme des travailleurs étrangers temporaires (PTET): Employeurs ayant obtenu une Étude d'impact sur le marché du travail (EIMT) négative ,"2025Q2-Employers Who Were Issued a Negative Labour Market Impact Assessment (LMIA) by Program Stream, National Occupational Classification (NOC) 2021 and Business Location, April to June 2025","2025T2-Employeurs ayant obtenu une étude d’impact sur le marché du travail  (EIMT) negative, par volet du programme, classification nationale des professions (CNP) 2021 et lieu de affaires, avril à juin 2025",Employment and Social Development Canada , Emploi et Développement social Canada
"Aug 3, 2026",1.0,f82f66f2-a22b-4511-bccf-e1d74db39ae5,813a726a-fb58-48ad-81ff-28f1b663ece2,2016-09-26,2026-01-07,2026-01-07,Temporary Foreign Worker Program (TFWP): Negative Labour Market Impact Assessment (LMIA) Employers List,Programme des travailleurs étrangers temporaires (PTET): Employeurs ayant obtenu une Étude d'impact sur le marché du travail (EIMT) négative ,"2025Q3-Employers Who Were Issued a Negative Labour Market Impact Assessment (LMIA) by Program Stream, National Occupational Classification (NOC) 2021 and Business Location, July to September 2025","2025T3-Employeurs ayant obtenu une étude d’impact sur le marché du travail  (EIMT) negative, par volet du programme, classification nationale des professions (CNP) 2021 et lieu de affaires, juillet à septembre 2025",Employment and Social Development Canada , Emploi et Développement social Canada
"Aug 1, 2026",1.0,f82f66f2-a22b-4511-bccf-e1d74db39ae5,99615d96-207b-4fb6-83b5-564dfdc54003,2016-09-26,2026-03-16,2026-03-16,Temporary Foreign Worker Program (TFWP): Negative Labour Market Impact Assessment (LMIA) Employers List,Programme des travailleurs étrangers temporaires (PTET): Employeurs ayant obtenu une Étude d'impact sur le marché du travail (EIMT) négative ,"2025Q4-Employers Who Were Issued a Negative Labour Market Impact Assessment (LMIA) by Program Stream, National Occupational Classification (NOC) 2021 and Business Location, October to December 2025","2025T4- Employeurs ayant obtenu une étude d’impact sur le marché du travail  (EIMT) negative, par volet du programme, classification nationale des professions (CNP) 2021 et lieu de affaires, octobre à décembre 2025",Employment and Social Development Canada , Emploi et Développement social Canada
"Aug 3, 2026",1.0,f82f66f2-a22b-4511-bccf-e1d74db39ae5,99615d96-207b-4fb6-83b5-564dfdc54003,2016-09-26,2026-03-16,2026-03-16,Temporary Foreign Worker Program (TFWP): Negative Labour Market Impact Assessment (LMIA) Employers List,Programme des travailleurs étrangers temporaires (PTET): Employeurs ayant obtenu une Étude d'impact sur le marché du travail (EIMT) négative ,"2025Q4-Employers Who Were Issued a Negative Labour Market Impact Assessment (LMIA) by Program Stream, National Occupational Classification (NOC) 2021 and Business Location, October to December 2025","2025T4- Employeurs ayant obtenu une étude d’impact sur le marché du travail  (EIMT) negative, par volet du programme, classification nationale des professions (CNP) 2021 et lieu de affaires, octobre à décembre 2025",Employment and Social Development Canada , Emploi et Développement social Canada
"Aug 1, 2026",2.0,f82f66f2-a22b-4511-bccf-e1d74db39ae5,No resource,2016-09-26,2016-09-26,2026-07-22,Temporary Foreign Worker Program (TFWP): Negative Labour Market Impact Assessment (LMIA) Employers List,Programme des travailleurs étrangers temporaires (PTET): Employeurs ayant obtenu une Étude d'impact sur le marché du travail (EIMT) négative ,No resources covered,Aucune ressource couverte,Employment and Social Development Canada , Emploi et Développement social Canada
"Aug 2, 2026",6.0,f82f66f2-a22b-4511-bccf-e1d74db39ae5,No resource,2016-09-26,2016-09-26,2026-07-22,Temporary Foreign Worker Program (TFWP): Negative Labour Market Impact Assessment (LMIA) Employers List,Programme des travailleurs étrangers temporaires (PTET): Employeurs ayant obtenu une Étude d'impact sur le marché du travail (EIMT) négative ,No resources covered,Aucune ressource couverte,Employment and Social Development Canada , Emploi et Développement social Canada
"Aug 3, 2026",10.0,f82f66f2-a22b-4511-bccf-e1d74db39ae5,No resource,2016-09-26,2016-09-26,2026-07-22,Temporary Foreign Worker Program (TFWP): Negative Labour Market Impact Assessment (LMIA) Employers List,Programme des travailleurs étrangers temporaires (PTET): Employeurs ayant obtenu une Étude d'impact sur le marché du travail (EIMT) négative ,No resources covered,Aucune ressource couverte,Employment and Social Development Canada , Emploi et Développement social Canada
"Aug 3, 2026",1.0,f82f66f2-a22b-4511-bccf-e1d74db39ae5,a4c40bf2-0370-4e0d-ac16-aadc00cdbadc,2016-09-26,2025-10-23,2025-10-23,Temporary Foreign Worker Program (TFWP): Negative Labour Market Impact Assessment (LMIA) Employers List,Programme des travailleurs étrangers temporaires (PTET): Employeurs ayant obtenu une Étude d'impact sur le marché du travail (EIMT) négative ,"2025Q2-Employers Who Were Issued a Negative Labour Market Impact Assessment (LMIA) by Program Stream, National Occupational Classification (NOC) 2021 and Business Location, April to June 2025","2025T2-Employeurs ayant obtenu une étude d’impact sur le marché du travail  (EIMT) negative, par volet du programme, classification nationale des professions (CNP) 2021 et lieu de affaires, avril à juin 2025",Employment and Social Development Canada , Emploi et Développement social Canada
"Aug 1, 2026",1.0,f82f66f2-a22b-4511-bccf-e1d74db39ae5,b5432d4f-403f-44a2-b952-1eb2e65faa76,2016-09-26,2026-03-16,2026-03-16,Temporary Foreign Worker Program (TFWP): Negative Labour Market Impact Assessment (LMIA) Employers List,Programme des travailleurs étrangers temporaires (PTET): Employeurs ayant obtenu une Étude d'impact sur le marché du travail (EIMT) négative ,"2025Q4-Employers Who Were Issued a Negative Labour Market Impact Assessment (LMIA) by Program Stream, National Occupational Classification (NOC) 2021 and Business Location, October to December 2025","2025T4-Employeurs ayant obtenu une étude d’impact sur le marché du travail  (EIMT) negative, par volet du programme, classification nationale des professions (CNP) 2021 et lieu de affaires, octobre à décembre 2025",Employment and Social Development Canada , Emploi et Développement social Canada
"Aug 3, 2026",2.0,f82f66f2-a22b-4511-bccf-e1d74db39ae5,b5432d4f-403f-44a2-b952-1eb2e65faa76,2016-09-26,2026-03-16,2026-03-16,Temporary Foreign Worker Program (TFWP): Negative Labour Market Impact Assessment (LMIA) Employers List,Programme des travailleurs étrangers temporaires (PTET): Employeurs ayant obtenu une Étude d'impact sur le marché du travail (EIMT) négative ,"2025Q4-Employers Who Were Issued a Negative Labour Market Impact Assessment (LMIA) by Program Stream, National Occupational Classification (NOC) 2021 and Business Location, October to December 2025","2025T4-Employeurs ayant obtenu une étude d’impact sur le marché du travail  (EIMT) negative, par volet du programme, classification nationale des professions (CNP) 2021 et lieu de affaires, octobre à décembre 2025",Employment and Social Development Canada , Emploi et Développement social Canada
"Aug 1, 2026",1.0,f82f66f2-a22b-4511-bccf-e1d74db39ae5,dce97de0-120f-4f85-bfc7-e0bd95a85433,2016-09-26,2026-01-07,2026-01-07,Temporary Foreign Worker Program (TFWP): Negative Labour Market Impact Assessment (LMIA) Employers List,Programme des travailleurs étrangers temporaires (PTET): Employeurs ayant obtenu une Étude d'impact sur le marché du travail (EIMT) négative ,"2025Q3-Employers Who Were Issued a Negative Labour Market Impact Assessment (LMIA) by Program Stream, National Occupational Classification (NOC) 2021 and Business Location, July to September 2025","2025T3-Employeurs ayant obtenu une étude d’impact sur le marché du travail  (EIMT) negative, par volet du programme, classification nationale des professions (CNP) 2021 et lieu de affaires, juillet à septembre 2025",Employment and Social Development Canada , Emploi et Développement social Canada
"Aug 3, 2026",2.0,f82f66f2-a22b-4511-bccf-e1d74db39ae5,dce97de0-120f-4f85-bfc7-e0bd95a85433,2016-09-26,2026-01-07,2026-01-07,Temporary Foreign Worker Program (TFWP): Negative Labour Market Impact Assessment (LMIA) Employers List,Programme des travailleurs étrangers temporaires (PTET): Employeurs ayant obtenu une Étude d'impact sur le marché du travail (EIMT) négative ,"2025Q3-Employers Who Were Issued a Negative Labour Market Impact Assessment (LMIA) by Program Stream, National Occupational Classification (NOC) 2021 and Business Location, July to September 2025","2025T3-Employeurs ayant obtenu une étude d’impact sur le marché du travail  (EIMT) negative, par volet du programme, classification nationale des professions (CNP) 2021 et lieu de affaires, juillet à septembre 2025",Employment and Social Development Canada , Emploi et Développement social Canada
"Aug 2, 2026",1.0,f8c7ff85-c6cb-450f-99d2-0cd907cc3593,No resource,2018-06-27,2018-06-27,2025-09-10,Canadian and international tuition fees by level of study (current dollars),Droits de scolarité des étudiants canadiens et internationaux selon le niveau d'études (dollars courants),No resources covered,Aucune ressource couverte,Statistics Canada , Statistique Canada
"Aug 2, 2026",1.0,f8d1c621-f784-4380-994c-97c4369bb17f,No resource,2022-12-14,2022-12-14,2026-05-27,Municipal regulations,Règlements municipaux,No resources covered,Aucune ressource couverte,Government and Municipalities of Québec , Gouvernement et municipalités du Québec
"Aug 1, 2026",1.0,f8d3bc9f-aebe-0bc2-bc72-27275607138d,3a27d503-0d53-41bb-96c4-71e9ce278070,2024-05-08,2026-01-28,2026-01-28,New Brunswick Buildings,Bâtiments,New Brunswick Buildings (CSV Excel),Bâtiments (CSV Excel),Government of New Brunswick , Gouvernement du Nouveau-Brunswick
"Aug 2, 2026",2.0,f8f404f3-3476-4ed5-8f66-8a7f5749aa80,No resource,2024-02-21,2024-02-21,2026-02-11,"Annual retail trade survey, sales","Enquête annuelle sur le commerce de détail, ventes",No resources covered,Aucune ressource couverte,Statistics Canada , Statistique Canada
"Aug 3, 2026",1.0,f8fe8da7-7ac9-4ed0-9354-64c2d8df4e65,No resource,2021-05-18,2021-05-18,2025-11-26,Number and proportion of full-time teaching staff at Canadian universities by academic rank and gender,Nombre et proportion du personnel enseignant à plein temps dans les universités canadiennes selon le rang professoral et le genre,No resources covered,Aucune ressource couverte,Statistics Canada , Statistique Canada
"Aug 3, 2026",1.0,f901b780-330f-4364-b995-a21b2ae611f2,No resource,2023-08-30,2023-08-30,2026-02-25,Ontario public library statistics (All population groups),Statistiques sur les bibliothèques publiques de l'Ontario (tous les groupes de population),No resources covered,Aucune ressource couverte,Government of Ontario , Gouvernement de l'Ontario
"Aug 2, 2026",1.0,f9103ed8-0920-4274-ad37-2cf5b2bfa0d1,8226554c-1da2-46e8-a552-0d01b15be677,2025-09-17,2026-05-20,2026-05-20,Ministerial Public Body Heads Toolkit,Boîte à outils pour les dirigeants d'organismes publics ministériels,Ministerial Public Body Heads Toolkit,Boîte à outils pour les dirigeants d'organismes publics ministériels,Government of Yukon , Gouvernement du Yukon
"Aug 3, 2026",1.0,f95dbd40-1236-428c-acd1-25b7559686be,No resource,2024-05-30,2024-05-30,2024-11-22,Family Class Spouses and Partners Overseas Applications,Demandes des époux et des conjoints de la catégorie du regroupement familial à l’étranger,No resources covered,Aucune ressource couverte,"Immigration, Refugees and Citizenship Canada "," Immigration, Réfugiés et Citoyenneté Canada"
"Aug 2, 2026",1.0,f9cd437b-3f29-4c6b-bbc1-288a6ddf3b09,b9f8917e-19b4-4921-af5b-37b6be57973b,2026-05-11,2026-05-11,2026-05-11,"REGDOC-2.4.2 - Probabilistic Safety Assessment (PSA) for Reactor Facilities, Version 2.0","REGDOC-2.4.2 - Études probabilistes de sûreté (EPS) pour les installations dotées de réacteurs, version 2.0","REGDOC-2.4.2 - Probabilistic Safety Assessment (PSA) for Reactor Facilities, Version 2.0","REGDOC-2.4.2 - Études probabilistes de sûreté (EPS) pour les installations dotées de réacteurs, version 2.0",Canadian Nuclear Safety Commission , Commission canadienne de sûreté nucléaire
"Aug 2, 2026",1.0,fa349b87-f7af-1b65-2aa3-f1dffa7b6e3c,2196dfe5-26d5-46a0-8079-09f1bc9584cb,2026-01-14,2026-04-17,2026-04-17,2025 - Payments to Medical Practitioners,Paiements aux médecins,2025 - Payments to Medical Practitioners (RDF),Paiements aux médecins (RDF),Government of New Brunswick , Gouvernement du Nouveau-Brunswick
"Aug 1, 2026",2.0,fa349b87-f7af-1b65-2aa3-f1dffa7b6e3c,5eb2f777-2b5a-465c-83f2-9383724e308e,2026-01-14,2026-04-17,2026-04-17,2025 - Payments to Medical Practitioners,Paiements aux médecins,Payments to Medical Practitioners-Guide to Disclosure_Paiements aux médecins-Guide de divulgation.pdf,Translation of Payments to Medical Practitioners-Guide to Disclosure_Paiements aux médecins-Guide de divulgation.pdf,Government of New Brunswick , Gouvernement du Nouveau-Brunswick
"Aug 2, 2026",1.0,fa349b87-f7af-1b65-2aa3-f1dffa7b6e3c,5eb2f777-2b5a-465c-83f2-9383724e308e,2026-01-14,2026-04-17,2026-04-17,2025 - Payments to Medical Practitioners,Paiements aux médecins,Payments to Medical Practitioners-Guide to Disclosure_Paiements aux médecins-Guide de divulgation.pdf,Translation of Payments to Medical Practitioners-Guide to Disclosure_Paiements aux médecins-Guide de divulgation.pdf,Government of New Brunswick , Gouvernement du Nouveau-Brunswick
"Aug 1, 2026",2.0,fa349b87-f7af-1b65-2aa3-f1dffa7b6e3c,7048bf0a-7064-41de-8958-c793a2737c17,2026-01-14,2026-04-17,2026-04-17,2025 - Payments to Medical Practitioners,Paiements aux médecins,2025 - Payments to Medical Practitioners (CSV Excel),Paiements aux médecins (CSV Excel),Government of New Brunswick , Gouvernement du Nouveau-Brunswick
"Aug 2, 2026",1.0,fa349b87-f7af-1b65-2aa3-f1dffa7b6e3c,746ee3b2-be7f-41ee-be05-1e0780ee6fe0,2026-01-14,2026-04-17,2026-04-17,2025 - Payments to Medical Practitioners,Paiements aux médecins,2025 - Payments to Medical Practitioners (CSV),Paiements aux médecins (CSV),Government of New Brunswick , Gouvernement du Nouveau-Brunswick
"Aug 3, 2026",2.0,fa349b87-f7af-1b65-2aa3-f1dffa7b6e3c,746ee3b2-be7f-41ee-be05-1e0780ee6fe0,2026-01-14,2026-04-17,2026-04-17,2025 - Payments to Medical Practitioners,Paiements aux médecins,2025 - Payments to Medical Practitioners (CSV),Paiements aux médecins (CSV),Government of New Brunswick , Gouvernement du Nouveau-Brunswick
"Aug 3, 2026",2.0,fa3d0e10-5a07-4ba9-8ff9-4db76713145f,No resource,2021-04-13,2021-04-13,2026-05-21,Police personnel and selected crime statistics,Personnel policier et certaines statistiques de la criminalité,No resources covered,Aucune ressource couverte,Statistics Canada , Statistique Canada
"Aug 3, 2026",1.0,fa873f16-4b9e-4318-8ca9-8d82cd9d509b,90da1e4c-c87f-44e7-80a3-44957db11043,2024-01-09,2024-01-09,2024-11-21,2023 Reports of the Auditor General of Canada—Report 5—Inclusion in the Workplace for Racialized Employees,2023 — Rapports de la vérificatrice générale du Canada — Rapport 5 — L’inclusion en milieu de travail pour le personnel racisé,2023 Reports of the Auditor General of Canada—Report 5—Inclusion in the Workplace for Racialized Employees,2023 — Rapports de la vérificatrice générale du Canada — Rapport 5 — L’inclusion en milieu de travail pour le personnel racisé,Office of the Auditor General of Canada , Bureau du vérificateur général du Canada
"Aug 3, 2026",1.0,faef7b10-6357-8918-ad93-26d64ad82c83,593cac11-976e-4b73-b44b-6d8a15fbe783,2022-04-14,2025-12-10,2025-12-10,Crown Land,Terre de la Couronne,Crown Land (CSV),Terres de la Couronne (CSV),Government of Nova Scotia , Gouvernment de la Nouvelle-Écosse
"Aug 3, 2026",1.0,fb1c834b-5a59-44f4-8ed9-6585e826f88d,No resource,2024-05-29,2024-05-29,2026-05-27,BC Parks Data API Access,Accès à l'API de données de BC Parks,No resources covered,Aucune ressource couverte,Government of British Columbia , Gouvernment de la Colombie-Britannique
"Aug 1, 2026",1.0,fb1c834b-5a59-44f4-8ed9-6585e826f88d,ae495c4b-daab-4401-84cd-3571031b81d1,2024-05-29,2026-05-27,2026-05-27,BC Parks Data API Access,Accès à l'API de données de BC Parks,BC Parks API endpoints,Points de terminaison de l'API BC Parks,Government of British Columbia , Gouvernment de la Colombie-Britannique
"Aug 2, 2026",2.0,fba1f620-b269-44f5-83f9-871dfbcef563,No resource,2023-11-08,2023-11-08,2023-11-08,Monthly average retail prices for food and other selected products,Prix de détail moyens mensuels pour les aliments et autres produits sélectionnés,No resources covered,Aucune ressource couverte,Statistics Canada , Statistique Canada
"Aug 3, 2026",2.0,fcbc0200-79ba-4fa4-94a6-00e32facea6b,369f6f34-148a-42ed-b581-8c164e941a89,2025-11-28,2025-11-28,2026-04-28,Government of Canada AI Register (Minimum Viable Product),Registre de l'IA du gouvernement du Canada (produit minimum viable),GC AI Register (MVP),Registre de l'IA du GC (PMV),Treasury Board of Canada Secretariat , Secrétariat du Conseil du Trésor du Canada
"Aug 1, 2026",1.0,fce488e7-4233-22e4-f264-997d04547551,No resource,2023-04-21,2023-04-21,2026-04-22,Manitoba Capital Plans Project Status,État du projet relatif aux plans d'investissement du Manitoba,No resources covered,Aucune ressource couverte,Government of Manitoba , Gouvernement du Manitoba
"Aug 1, 2026",2.0,fcf3e4d7-054c-4165-ac34-b8809b2ae0cd,9b174775-fe94-45fe-945a-cf5557433392,2016-09-26,2024-12-17,2025-11-07,Major Transfer Payments by Province and Territory as per the Public Accounts of Canada,Principaux paiements de transfert par province et territoire selon les Comptes publics du Canada,2024 - Major Transfer Payments by Province and Territory,2024 - Principaux paiements de transfert par province et territoire,Public Services and Procurement Canada , Services publics et Approvisionnement Canada
"Aug 3, 2026",1.0,fd17f08f-f14d-433f-91df-c90a34e1e9a6,7ef3c4fd-d8af-4720-ae37-74379c6b503e,2017-11-28,2017-11-28,2024-06-03,Incidents At CER-Regulated Pipelines And Facilities,Incidents impliquant des installations et des pipelines réglementés par la Régie,Pipeline Incidents,Incidents de pipeline,Canada Energy Regulator , La Régie de l’énergie du Canada
"Aug 2, 2026",1.0,fd1c2162-bf37-5e5b-9166-6c4e89ff30f0,No resource,2016-09-26,2016-09-26,2022-03-14,Saskatchewan with Names,Saskatchewan avec toponymes,No resources covered,Aucune ressource couverte,Natural Resources Canada , Ressources naturelles Canada
"Aug 2, 2026",1.0,fe1761bf-5e9f-c098-098e-a205519a43b3,No resource,2023-01-18,2023-01-18,2026-04-17,2022 - Supplier and Grant Payments by Department,Paiements aux fournisseurs et des subventions par ministère,No resources covered,Aucune ressource couverte,Government of New Brunswick , Gouvernement du Nouveau-Brunswick
"Aug 1, 2026",1.0,fe83a604-aa5a-4e46-903c-685f8b0cc33c,6e56162a-2025-451e-8417-81ccec2612d9,2022-08-15,2025-12-11,2025-12-11,Historical Flood Events (HFE),Événements historiques d'inondation (EHI),Historical Flood Events - Product specifications,Événements historiques d'inondation - Spécifications de produit,Natural Resources Canada , Ressources naturelles Canada
"Aug 2, 2026",1.0,fe945388-1dd9-4a4a-9a1e-5c552579a28c,b33d2a53-504e-4d64-af05-08d1ead0ac54,2018-08-22,2018-08-22,2025-11-27,Geolocated placenames in Canada,Noms de lieux géolocalisés au Canada,MAG,MAG,"Innovation, Science and Economic Development Canada "," Innovation, Sciences et Développement économique Canada"
"Aug 1, 2026",1.0,fec926ca-25ad-5c92-a9a7-6009c21d17b3,No resource,2016-09-26,2016-09-26,2022-02-23,"Atlas of Canada National Scale Data 1:1,000,000 - Boundary Polygons",Données de l'Atlas du Canada à l'échelle nationale de 1/1 000 000 - Limites (polygones),No resources covered,Aucune ressource couverte,Natural Resources Canada , Ressources naturelles Canada
"Aug 1, 2026",1.0,fefafa4a-ceb1-0109-5169-e5ac5e79979d,8f859400-19eb-4c1c-a41f-e8ee29bef66c,2024-04-24,2026-03-18,2026-03-18,Property Assessment Map,Carte d'évaluation foncière,Property Assessment Map (CSV),Carte d'évaluation foncière (CSV),Government of New Brunswick , Gouvernement du Nouveau-Brunswick
"Aug 1, 2026",1.0,ff1d7bcf-6606-4c4f-8b91-3a07dab73d67,033a0a88-c762-4455-b08e-54c62fa939f5,2016-10-27,2016-10-27,2026-01-08,Federal Child Support Tables – Ontario,Tables fédérales de pensions alimentaires pour enfants - Ontario,Federal Child Support Tables – Ontario,Tables fédérales de pensions alimentaires pour enfants - Ontario,Department of Justice Canada , Ministère de la Justice Canada
"Aug 3, 2026",2.0,ff1d7bcf-6606-4c4f-8b91-3a07dab73d67,033a0a88-c762-4455-b08e-54c62fa939f5,2016-10-27,2016-10-27,2026-01-08,Federal Child Support Tables – Ontario,Tables fédérales de pensions alimentaires pour enfants - Ontario,Federal Child Support Tables – Ontario,Tables fédérales de pensions alimentaires pour enfants - Ontario,Department of Justice Canada , Ministère de la Justice Canada
"Aug 1, 2026",1.0,ff1d7bcf-6606-4c4f-8b91-3a07dab73d67,37973f9a-036a-40ed-bc17-4208e1f1fb13,2016-10-27,2018-08-23,2026-01-08,Federal Child Support Tables – Ontario,Tables fédérales de pensions alimentaires pour enfants - Ontario,2011 Federal Child Support Tables: 1 to 4 children,2011 Pensions alimentaires pour enfants: un à quatre enfant(s),Department of Justice Canada , Ministère de la Justice Canada
"Aug 1, 2026",1.0,ff1d7bcf-6606-4c4f-8b91-3a07dab73d67,75ff54b9-eb8a-4124-98c3-7b853a2c7087,2016-10-27,2026-01-08,2026-01-08,Federal Child Support Tables – Ontario,Tables fédérales de pensions alimentaires pour enfants - Ontario,2025 Simplified Federal Child Support Tables: 1 to 4 children,Tables fédérales de pensions alimentaires pour enfants de 2025 : un à quatre enfant(s),Department of Justice Canada , Ministère de la Justice Canada
"Aug 1, 2026",1.0,ff1d7bcf-6606-4c4f-8b91-3a07dab73d67,No resource,2016-10-27,2016-10-27,2026-07-15,Federal Child Support Tables – Ontario,Tables fédérales de pensions alimentaires pour enfants - Ontario,No resources covered,Aucune ressource couverte,Department of Justice Canada , Ministère de la Justice Canada
"Aug 3, 2026",1.0,ff1d7bcf-6606-4c4f-8b91-3a07dab73d67,No resource,2016-10-27,2016-10-27,2026-07-15,Federal Child Support Tables – Ontario,Tables fédérales de pensions alimentaires pour enfants - Ontario,No resources covered,Aucune ressource couverte,Department of Justice Canada , Ministère de la Justice Canada
"Aug 1, 2026",1.0,ff1e4882-685c-4518-b741-c3cf9bb74c3e,No resource,2016-09-26,2016-09-26,2026-06-29,Old Age Security (OAS) - Maximum Monthly Amounts by Quarter and by Benefit Type,Sécurité de la vieillesse (SV) - Montants maximaux mensuels selon le type de prestations et le trimestre,No resources covered,Aucune ressource couverte,Employment and Social Development Canada , Emploi et Développement social Canada
"Aug 2, 2026",1.0,ff583e29-f8b8-456f-abea-18e94f877af5,2dcfa2dd-b047-4625-b889-0f7da54b282e,2021-01-27,2026-03-18,2026-03-18,Second Heir and Devisee Commission Case Files,Dossiers de la Seconde Commission des héritiers et légataires,Second Heir and Devisee Commission Case Files,Second Heir and Devisee Commission Case Files,Government of Ontario , Gouvernement de l'Ontario
"Aug 3, 2026",1.0,ff5840a0-6283-4f0d-819b-cda1c15ac454,0967ea0d-4c83-41ac-81f5-615d3971388c,2016-11-22,2016-11-22,2016-11-22,"Correspondence files, Dissemination Blocks - 2016 Census","Fichiers de correspondance, Îlots de diffusion - Recensement de 2016","Correspondence files, Dissemination Blocks - 2016 Census","Fichiers de correspondance, Îlots de diffusion - Recensement de 2016",Statistics Canada , Statistique Canada
"Aug 1, 2026",1.0,ff586a90-0757-48cf-afaf-a28a5883bdaf,No resource,2018-06-27,2018-06-27,2023-01-17,"Balance of international payments, flows of Canadian direct investment abroad and foreign direct investment in Canada, by industry and type of transactions, 1946 - 1993","Balance des paiements internationaux, flux d'investissements directs canadiens à l'étranger et d'investissements directs étrangers au Canada, par industrie et catégorie de transactions, 1946 - 1993",No resources covered,Aucune ressource couverte,Statistics Canada , Statistique Canada
"Aug 3, 2026",1.0,ff5c4ecf-16db-4548-8ca7-6c9905f80651,1cf7ea96-df7f-436f-9ee2-054163cb5862,2026-04-02,2026-04-02,2026-04-02,Crop diversity in Canada,Diversité des cultures au Canada,Data Product Specification (English),Spécifications du produit (anglais),Agriculture and Agri-Food Canada , Agriculture et Agroalimentaire Canada
"Aug 3, 2026",1.0,ff725b35-4fba-4be0-ab64-811866b9330a,8405ca1a-4efc-4790-90d1-92be2ac52123,2025-10-29,2026-07-29,2026-07-29,Lake Quebec Bathymetry Geobase (GBLQ),Géobase des bathymétries de lac du Québec (GBLQ),Geobase of bathymetries of lakes in Quebec - Complete,Géobase des bathymétries de lacs du Québec - Complète,Government and Municipalities of Québec , Gouvernement et municipalités du Québec
