Page_URL,Downloads,day
open.canada.ca/data/en/dataset/90fed587-1364-4f33-a9ee-208181dc0b97/resource/4ee7a4e0-ffc3-47af-94e7-30929d1eeb67,65.0,"Oct 1, 2026"
open.canada.ca/data/en/dataset/90fed587-1364-4f33-a9ee-208181dc0b97,58.0,"Oct 1, 2026"
open.canada.ca/data/en/dataset/dfa4daf1-669e-4514-82cd-982f27707ed0,40.0,"Oct 1, 2026"
open.canada.ca/data/en/dataset/90fed587-1364-4f33-a9ee-208181dc0b97/resource/8c205edb-9a82-468e-9aa4-b82266cbaad6,37.0,"Oct 1, 2026"
open.canada.ca/data/en/dataset/b27ec3ef-7338-4e76-a6fd-128339a92df5/resource/945045fa-2de0-47d4-aad2-144d69467824,29.0,"Oct 1, 2026"
open.canada.ca/data/en/dataset/dfa4daf1-669e-4514-82cd-982f27707ed0/resource/f015e958-829b-44bb-b201-641584b818dd,29.0,"Oct 1, 2026"
ouvert.canada.ca/data/fr/dataset/dfa4daf1-669e-4514-82cd-982f27707ed0,25.0,"Oct 1, 2026"
open.canada.ca/data/en/dataset/dfa4daf1-669e-4514-82cd-982f27707ed0/resource/5d87eeb6-5305-4a0e-bc1d-fdf96e691749,21.0,"Oct 1, 2026"
open.canada.ca/data/en/dataset/f7e5498e-0ad8-4417-85c9-9b8aff9b9eda,21.0,"Oct 1, 2026"
open.canada.ca/data/en/dataset/791de1ec-7fc8-48f1-a4e4-8bbaebc67080/resource/a709204d-5d3f-4f35-8414-a567b37ec872,20.0,"Oct 1, 2026"
open.canada.ca/data/en/dataset/f5c8a5a0-354d-455a-99ab-8276aa38032e/resource/e5dcaf48-87d6-4ce1-b17a-35607916b640,20.0,"Oct 1, 2026"
open.canada.ca/openmap/en.html,19.0,"Oct 1, 2026"
open.canada.ca/data/en/dataset/80c00cdb-1358-415c-bb8b-0de7f12675b8,16.0,"Oct 1, 2026"
ouvert.canada.ca/data/fr/dataset/1b6139bd-ed7e-4043-bc28-ff00e10f3109,15.0,"Oct 1, 2026"
open.canada.ca/data/en/dataset/dfa4daf1-669e-4514-82cd-982f27707ed0/resource/a2f5faf4-07fe-4a3c-9bd3-62bbf11a426f,15.0,"Oct 1, 2026"
open.canada.ca/data/en/dataset/d1001849-1f9f-4d1f-af2e-9ac8ff3ca5ba/resource/5d491ba0-6e3d-41cc-991e-1d7df2809e08,15.0,"Oct 1, 2026"
open.canada.ca/data/en/dataset/c21d6f1d-14e5-46f6-9885-8c7baabcdaa1/resource/b064af59-9b81-4099-a2ea-000fcf326b1e,15.0,"Oct 1, 2026"
open.canada.ca/data/en/dataset/791de1ec-7fc8-48f1-a4e4-8bbaebc67080,14.0,"Oct 1, 2026"
open.canada.ca/data/en/dataset/24969dcc-6618-4aa0-94d9-083e6400072a,13.0,"Oct 1, 2026"
ouvert.canada.ca/data/fr/dataset/dfa4daf1-669e-4514-82cd-982f27707ed0/resource/f015e958-829b-44bb-b201-641584b818dd,12.0,"Oct 1, 2026"
open.canada.ca/data/en/dataset/360024f2-17e9-4558-bfc1-3616485d65b9,12.0,"Oct 1, 2026"
open.canada.ca/data/en/dataset/91ed76b4-a1a2-4f87-9c4c-59cd64f7a9de/resource/d0f6040e-671c-4301-a235-e9e7ba164604,12.0,"Oct 1, 2026"
open.canada.ca/data/en/dataset/7f5b2c8f-f3e8-47b2-a5b6-0f736f3613eb/resource/3f3a9648-35ed-4275-8b16-225bc7b15dc7,11.0,"Oct 1, 2026"
open.canada.ca/data/en/dataset/b27ec3ef-7338-4e76-a6fd-128339a92df5,11.0,"Oct 1, 2026"
open.canada.ca/data/en/dataset/e8a3fc19-6016-4c90-a5c0-eb35233d708e/resource/692bb00b-a3f5-4c12-bd06-810d1425c518,11.0,"Oct 1, 2026"
open.canada.ca/data/en/dataset/1b6139bd-ed7e-4043-bc28-ff00e10f3109,10.0,"Oct 1, 2026"
open.canada.ca/data/en/dataset/f7e5498e-0ad8-4417-85c9-9b8aff9b9eda/resource/5582034d-8f89-49d5-8597-483d628078a1,10.0,"Oct 1, 2026"
open.canada.ca/data/en/dataset/957782bf-847c-4644-a757-e383c0057995,10.0,"Oct 1, 2026"
open.canada.ca/data/en/dataset/90115b00-f9b8-49e8-afa3-b4cff8facaee,10.0,"Oct 1, 2026"
open.canada.ca/data/en/dataset/ceb1ab5a-7d7c-4491-a2f7-560c47c4e22f/resource/648f0b3b-8d21-4373-94b4-72847dbf79a1,10.0,"Oct 1, 2026"
open.canada.ca/data/en/dataset/90115b00-f9b8-49e8-afa3-b4cff8facaee/resource/b505b9bc-d375-4525-af39-afdf25639acf,10.0,"Oct 1, 2026"
open.canada.ca/data/en/dataset/1c3d15f9-9cfa-4010-8462-0d67e493d9b9/resource/c701e05e-4554-4c96-b7c9-0ec4a845fe91,8.0,"Oct 1, 2026"
open.canada.ca/data/en/dataset/7ecfee4c-b6f5-45f8-9fd4-16976f55f8d9,8.0,"Oct 1, 2026"
open.canada.ca/data/en/dataset/3b070a33-c13e-4a1f-a5ce-63e3a4d616bc,8.0,"Oct 1, 2026"
open.canada.ca/data/en/dataset/e80851b8-de68-43bd-a85c-c72e1b3a3890,8.0,"Oct 1, 2026"
open.canada.ca/data/en/dataset/3956094c-0443-46aa-a676-e9398d8fcf0b/resource/52da4690-6eab-40a5-9bca-f981f5b44c68,8.0,"Oct 1, 2026"
open.canada.ca/data/en/dataset/e8a3fc19-6016-4c90-a5c0-eb35233d708e,8.0,"Oct 1, 2026"
open.canada.ca/data/en/dataset/2c3672b6-4c17-4ff5-9861-29e2dd6d03b3,8.0,"Oct 1, 2026"
open.canada.ca/data/en/dataset/c7413d9f-112e-4a26-bbd1-ae2711856629/resource/7e5679e0-bd93-4fe2-871f-86a7bc2479b5,8.0,"Oct 1, 2026"
open.canada.ca/data/en/dataset/6abd20d4-7a1c-4b38-baa2-9525d0bb2fd2,7.0,"Oct 1, 2026"
ouvert.canada.ca/data/fr/dataset/dfa4daf1-669e-4514-82cd-982f27707ed0/resource/a2f5faf4-07fe-4a3c-9bd3-62bbf11a426f,7.0,"Oct 1, 2026"
open.canada.ca/data/en/dataset/3b070a33-c13e-4a1f-a5ce-63e3a4d616bc/resource/6b888ac4-7120-46e2-9365-68ff1d3ed8d9,7.0,"Oct 1, 2026"
open.canada.ca/data/en/dataset/809e4442-983a-4943-a2a0-382ba39c227a/resource/fec3e36b-2353-4ab9-bf24-f0d1a828a77d,7.0,"Oct 1, 2026"
open.canada.ca/data/en/dataset/360024f2-17e9-4558-bfc1-3616485d65b9/resource/d5779439-e0fb-4e6f-82d0-c6070f654bec,7.0,"Oct 1, 2026"
open.canada.ca/data/en/dataset/c21d6f1d-14e5-46f6-9885-8c7baabcdaa1,7.0,"Oct 1, 2026"
open.canada.ca/data/en/dataset/90fed587-1364-4f33-a9ee-208181dc0b97/resource/06512c1b-d4a7-413f-bc1e-fc38de9f9aca,6.0,"Oct 1, 2026"
open.canada.ca/data/en/dataset/dc343c43-a592-4a27-8ee7-c77df56afb34,6.0,"Oct 1, 2026"
open.canada.ca/data/en/dataset/d3881c4c-650d-4070-bf9b-1e00aabf0a1d,6.0,"Oct 1, 2026"
ouvert.canada.ca/data/fr/dataset/6abd20d4-7a1c-4b38-baa2-9525d0bb2fd2/resource/05b804dd-11ec-4271-8d69-d6044e1a5481,6.0,"Oct 1, 2026"
open.canada.ca/data/en/dataset/ededff77-a021-48d6-89a5-cdbcd75fb4ff/resource/1e46d2e5-ebc6-474f-ac0d-235890b4ba6a,6.0,"Oct 1, 2026"
open.canada.ca/data/en/dataset/ceb1ab5a-7d7c-4491-a2f7-560c47c4e22f,6.0,"Oct 1, 2026"
open.canada.ca/data/en/dataset/d1001849-1f9f-4d1f-af2e-9ac8ff3ca5ba,6.0,"Oct 1, 2026"
open.canada.ca/data/en/dataset/80c00cdb-1358-415c-bb8b-0de7f12675b8/resource/694fdc72-eae4-4ee0-83eb-832ab7b230e3,6.0,"Oct 1, 2026"
open.canada.ca/data/en/dataset/f82f66f2-a22b-4511-bccf-e1d74db39ae5,6.0,"Oct 1, 2026"
open.canada.ca/data/en/dataset/dfa4daf1-669e-4514-82cd-982f27707ed0/resource/0a7918f0-6e8a-433b-9ea2-60e2b8674cb5,6.0,"Oct 1, 2026"
open.canada.ca/data/en/dataset/13564ca4-e330-40a5-9521-bfb1be767147/resource/193b8a5c-8083-42f4-b369-6cb97a42afe4,6.0,"Oct 1, 2026"
open.canada.ca/data/en/dataset/80c00cdb-1358-415c-bb8b-0de7f12675b8/resource/b5c8bd25-fd2d-4aec-a220-a233f88157aa,6.0,"Oct 1, 2026"
open.canada.ca/data/en/dataset/4cf233c2-f020-4f7a-9b87-1923252fbc24,6.0,"Oct 1, 2026"
open.canada.ca/data/en/dataset/f7e5498e-0ad8-4417-85c9-9b8aff9b9eda/resource/d1c1f4f3-2d7f-4e02-9a79-7af98209c2f3,6.0,"Oct 1, 2026"
open.canada.ca/data/en/dataset/adad580f-76b0-4502-bd05-20c125de9116,5.0,"Oct 1, 2026"
open.canada.ca/data/en/dataset/203bb08d-fdff-46f6-93ec-00e5d1d76a81,5.0,"Oct 1, 2026"
open.canada.ca/data/en/dataset/6abd20d4-7a1c-4b38-baa2-9525d0bb2fd2/resource/5870de7c-86fe-4d05-8d73-cd412e12fdeb,5.0,"Oct 1, 2026"
open.canada.ca/data/en/dataset/79fdad93-9025-49ad-ba16-c26d718cc070/resource/8e6f9c8b-7b8b-4692-a69f-a90d83b6a5ea,5.0,"Oct 1, 2026"
open.canada.ca/data/en/dataset/d0cdef71-9343-46c3-b2e7-c1ded5907686,5.0,"Oct 1, 2026"
open.canada.ca/data/en/dataset/5554165d-e365-422f-bf85-4f6e4c9167dc/resource/e8ccce1c-7a83-45f4-ac37-be28b7a7f032,5.0,"Oct 1, 2026"
open.canada.ca/data/en/dataset/8c387c19-9411-c58c-89d3-9e222ea3f50a,5.0,"Oct 1, 2026"
open.canada.ca/data/en/dataset/8ec4a9df-b76b-4a67-8f93-cdbc2e040098/resource/a1de6faa-cb68-4f47-aa57-efd46bd8f82b,5.0,"Oct 1, 2026"
open.canada.ca/data/en/dataset/791de1ec-7fc8-48f1-a4e4-8bbaebc67080/resource/8fde8d47-0a9d-47bd-befb-77ad23f375e4,5.0,"Oct 1, 2026"
open.canada.ca/data/en/dataset/742b4dcb-b834-46c9-93b7-6878bb0ae295/resource/a56fc93a-c40c-458f-8e30-f4156cb6fc33,5.0,"Oct 1, 2026"
open.canada.ca/data/en/dataset/dfa4daf1-669e-4514-82cd-982f27707ed0/resource/a5fec3bd-e1e4-4a98-bf0d-1b0e8735ec7a,5.0,"Oct 1, 2026"
open.canada.ca/data/en/dataset/957782bf-847c-4644-a757-e383c0057995/resource/e5b98031-1952-49c9-b224-b88a97d48228,5.0,"Oct 1, 2026"
open.canada.ca/data/en/dataset/a5f2336b-924a-48af-b43a-b813a5ed2722/resource/0181c6d5-0290-4f5a-9456-33015e183764,5.0,"Oct 1, 2026"
open.canada.ca/data/en/dataset/061c8cb7-ca4e-45be-a990-61fce7e7d2dc/resource/49ef2691-822f-4a46-b600-3dd285d0d578,5.0,"Oct 1, 2026"
open.canada.ca/data/en/dataset/29892c85-2ff5-484c-873c-f494ffba6e1b/resource/11dd43d4-0c5c-4a2e-b066-e875ebc319b4,5.0,"Oct 1, 2026"
open.canada.ca/data/en/dataset/91ed76b4-a1a2-4f87-9c4c-59cd64f7a9de,5.0,"Oct 1, 2026"
open.canada.ca/data/en/dataset/62d63169-7739-4515-9178-8f628c32a9d4,5.0,"Oct 1, 2026"
open.canada.ca/data/en/dataset/07c42deb-9435-43b9-a416-7ce316f3893d,5.0,"Oct 1, 2026"
open.canada.ca/data/en/dataset/094c9b54-a1ca-4aad-935e-2541e5a23b3f/resource/96afd472-924d-4af2-971c-bb7aade8989e,5.0,"Oct 1, 2026"
open.canada.ca/data/en/dataset/1358284b-26e7-4c69-abd8-398d3da2c270/resource/f3ddcfbc-a852-4dee-be3c-5b08864c9afe,5.0,"Oct 1, 2026"
open.canada.ca/data/en/dataset/fcbc0200-79ba-4fa4-94a6-00e32facea6b/resource/369f6f34-148a-42ed-b581-8c164e941a89,5.0,"Oct 1, 2026"
open.canada.ca/data/en/dataset/1358284b-26e7-4c69-abd8-398d3da2c270,5.0,"Oct 1, 2026"
open.canada.ca/data/en/dataset/2916fad5-ebcc-4c86-b0f3-4f619b29f412/resource/15eeafa2-c331-44e7-b37f-d0d54a51d2eb,4.0,"Oct 1, 2026"
ouvert.canada.ca/data/fr/dataset/ff1e4882-685c-4518-b741-c3cf9bb74c3e/resource/51adb987-fecd-4890-9ac9-a184a9462b6e,4.0,"Oct 1, 2026"
open.canada.ca/data/en/dataset/90fed587-1364-4f33-a9ee-208181dc0b97/resource/aed9328a-1b42-48bd-a096-75ef06eba025,4.0,"Oct 1, 2026"
open.canada.ca/data/en/dataset/f5c8a5a0-354d-455a-99ab-8276aa38032e/resource/f352898d-87bd-407e-873d-d9981c5c3cba,4.0,"Oct 1, 2026"
open.canada.ca/data/en/dataset/a1bcd4ee-8e57-499b-9c6f-94f6902fdf32/resource/a65aac21-7646-4e92-a619-356628efd669,4.0,"Oct 1, 2026"
open.canada.ca/data/en/dataset/13564ca4-e330-40a5-9521-bfb1be767147,4.0,"Oct 1, 2026"
open.canada.ca/data/en/dataset/7e33098a-b721-56b6-9210-7fb564c80890,4.0,"Oct 1, 2026"
open.canada.ca/data/en/dataset/957782bf-847c-4644-a757-e383c0057995/resource/e47dfedf-4d65-4526-aa23-87e40d8583ae,4.0,"Oct 1, 2026"
open.canada.ca/data/en/dataset/d8f85d91-7dec-4fd1-8055-483b77225d8b/resource/fac950c0-00d5-4ec1-a4d3-9cbebf98a305,4.0,"Oct 1, 2026"
open.canada.ca/data/en/dataset/65f1cde1-95e0-4a1d-9a1a-c45b2f83a351,4.0,"Oct 1, 2026"
ouvert.canada.ca/data/fr/dataset/90fed587-1364-4f33-a9ee-208181dc0b97,4.0,"Oct 1, 2026"
open.canada.ca/data/en/dataset/1feee3b5-8068-4dbb-b361-180875837593,4.0,"Oct 1, 2026"
open.canada.ca/data/en/dataset/3763e0f9-37ca-40c4-a455-9dffe67e4b85/resource/52967e55-b2ab-4b22-aa14-0526fd59546a,4.0,"Oct 1, 2026"
open.canada.ca/data/en/dataset/1b026aab-edb3-4d5d-8231-270a09ed4e82,4.0,"Oct 1, 2026"
open.canada.ca/data/en/dataset/ee1580ab-a23d-4f86-a09b-79763677eb47/resource/f1ba2faa-ff10-4526-815a-c57b99eef1bb,4.0,"Oct 1, 2026"
open.canada.ca/data/en/dataset/8e1bd03f-fc14-4b09-b884-7cfeb59cd3a7/resource/5f507537-cb85-4054-b73a-5b4b6800aafa,4.0,"Oct 1, 2026"
open.canada.ca/data/en/dataset/6abd20d4-7a1c-4b38-baa2-9525d0bb2fd2/resource/fa0e6965-4339-4694-9f91-7b84e7216c72,4.0,"Oct 1, 2026"
open.canada.ca/data/en/dataset/a1bcd4ee-8e57-499b-9c6f-94f6902fdf32,4.0,"Oct 1, 2026"
open.canada.ca/data/en/dataset/b0488a2e-e784-4b2d-aa88-3a4829b1d708/resource/062e1ac9-62a6-40fb-90e6-2ab684a90295,4.0,"Oct 1, 2026"
ouvert.canada.ca/data/fr/dataset/36e34a64-52dc-4fa1-9fb8-15cde1f2448f/resource/e5901b20-66b3-47b5-85c6-422790d6bbdc,4.0,"Oct 1, 2026"
ouvert.canada.ca/carteouverte/fr.html,4.0,"Oct 1, 2026"
open.canada.ca/data/en/dataset/90fed587-1364-4f33-a9ee-208181dc0b97/resource/bd5dab03-02dc-4542-8e01-c04dca9a0337,4.0,"Oct 1, 2026"
open.canada.ca/data/en/dataset/ee1580ab-a23d-4f86-a09b-79763677eb47/resource/642b0aaa-0eb9-4b11-a5eb-224c08860fb3,4.0,"Oct 1, 2026"
open.canada.ca/data/en/dataset/90115b00-f9b8-49e8-afa3-b4cff8facaee/resource/d3702eb4-5ef4-412f-86fd-219e6b8f5fdc,4.0,"Oct 1, 2026"
open.canada.ca/data/en/dataset/adad580f-76b0-4502-bd05-20c125de9116/resource/9da94d63-b178-4a64-aeb3-b6a3bd721ad2,4.0,"Oct 1, 2026"
open.canada.ca/data/en/dataset/d4551ff4-be93-4d16-ad84-812e5ba0b1d5,4.0,"Oct 1, 2026"
open.canada.ca/data/en/dataset/98f1a129-f628-4ce4-b24d-6f16bf24dd64/resource/026e45b4-eb63-451f-b34f-d9308ea3a3d9,4.0,"Oct 1, 2026"
open.canada.ca/data/en/dataset/80c00cdb-1358-415c-bb8b-0de7f12675b8/resource/e9f81074-9fc7-456f-8ce1-6fd101b77963,4.0,"Oct 1, 2026"
open.canada.ca/data/en/dataset/80c00cdb-1358-415c-bb8b-0de7f12675b8/resource/e545170c-3689-4833-b2a8-e9e83100ab59,4.0,"Oct 1, 2026"
open.canada.ca/data/en/dataset/dc343c43-a592-4a27-8ee7-c77df56afb34/resource/404fa9e0-73b1-4a8c-9f43-8045d7edb426,4.0,"Oct 1, 2026"
open.canada.ca/data/en/dataset/a883eb14-0c0e-45c4-b8c4-b54c4a819edb,4.0,"Oct 1, 2026"
open.canada.ca/data/en/dataset/7ca30e18-619a-457a-8ee2-b9cc78938cad/resource/1fa3e4e7-3497-45f6-9a04-27e6632c516a,4.0,"Oct 1, 2026"
open.canada.ca/data/en/dataset/98e56d84-011b-484c-8cb4-23c8c3db6ba1,4.0,"Oct 1, 2026"
open.canada.ca/data/en/dataset/a9c18c37-b7b9-48ce-ac1d-b40a65bafa9e,4.0,"Oct 1, 2026"
open.canada.ca/data/en/dataset/d6ab23ad-149f-40de-9b1f-640abd4debde/resource/b3a15cee-db83-453e-a65a-ba22f77df2b4,4.0,"Oct 1, 2026"
ouvert.canada.ca/data/fr/dataset/dfa4daf1-669e-4514-82cd-982f27707ed0/resource/a5fec3bd-e1e4-4a98-bf0d-1b0e8735ec7a,4.0,"Oct 1, 2026"
open.canada.ca/data/en/dataset/d8f85d91-7dec-4fd1-8055-483b77225d8b,4.0,"Oct 1, 2026"
open.canada.ca/data/en/dataset/9b34e712-513f-44e9-babf-9df4f7256550/resource/fdc69618-dd90-4f38-b040-3046ee6657db,4.0,"Oct 1, 2026"
open.canada.ca/data/en/dataset/30aeb5c1-4285-46c8-b60b-15b1a6f4258b/resource/4c0465f2-433a-4ae0-8e6b-b21607ff841d,3.0,"Oct 1, 2026"
open.canada.ca/data/en/dataset/4c6c515f-7c44-4bb6-ab56-c5f79f75f705,3.0,"Oct 1, 2026"
open.canada.ca/data/en/dataset/e641f7cc-c9bd-46a0-a039-c0a87848ab7a/resource/c70df39f-8c63-4859-a697-735465d11517,3.0,"Oct 1, 2026"
open.canada.ca/data/en/dataset/13564ca4-e330-40a5-9521-bfb1be767147/resource/ce5e63d1-57e1-4f30-a26c-742e4bcd86aa,3.0,"Oct 1, 2026"
open.canada.ca/data/en/dataset/2ce347e5-02fd-4487-975d-67a435efdf9b,3.0,"Oct 1, 2026"
open.canada.ca/data/en/dataset/4444b25a-cd38-46b8-bfb8-15e5d28ba4e7/resource/0c2244d9-287e-49f4-a006-82d3de25df6c,3.0,"Oct 1, 2026"
open.canada.ca/data/en/dataset/dbc3fc05-ba53-43af-8170-496f22941fc5/resource/30d7f18e-75bb-4c15-80e4-76f384c1a98a,3.0,"Oct 1, 2026"
open.canada.ca/data/en/dataset/40fbe40c-01cd-49d3-8add-0d20ed64c90d/resource/31bd38ff-72d9-4b9a-adfd-2676e5eeb580,3.0,"Oct 1, 2026"
open.canada.ca/data/en/dataset/f009b23e-1333-4594-88ad-38a890f3f819,3.0,"Oct 1, 2026"
open.canada.ca/data/en/dataset/34b3aa67-dd04-455b-996f-9d9b5032ed39/resource/e2359e4c-ac72-4935-8fe1-70285c14c0ea,3.0,"Oct 1, 2026"
open.canada.ca/data/en/dataset/522d1b67-30d8-4a34-9b62-5da99b1035e6/resource/64622d22-5638-32aa-b3f0-09e25098e632,3.0,"Oct 1, 2026"
open.canada.ca/data/en/dataset/288b6dc4-16dc-43cc-80a4-2a45b1f93383/resource/e656dfe0-45c3-3ba4-a8bc-44d377f354a3,3.0,"Oct 1, 2026"
open.canada.ca/data/en/dataset/d9391250-c2fa-47ed-9216-aa38eb449aaf/resource/308499a4-24a4-427d-9253-59adb7f2d188,3.0,"Oct 1, 2026"
open.canada.ca/data/en/dataset/dc343c43-a592-4a27-8ee7-c77df56afb34/resource/a3877960-65f2-47d0-9886-688ba1cabddc,3.0,"Oct 1, 2026"
open.canada.ca/data/en/dataset/a1acb126-9ce8-40a9-b889-5da2b1dd20cb/resource/643c2420-0944-4a76-a455-e20da6493b4c,3.0,"Oct 1, 2026"
open.canada.ca/data/en/dataset/90fed587-1364-4f33-a9ee-208181dc0b97/resource/3b7a821b-becc-4d96-9e39-0c2849f90c50,3.0,"Oct 1, 2026"
open.canada.ca/data/en/dataset/80c00cdb-1358-415c-bb8b-0de7f12675b8/resource/8195b2cb-ce2d-4cd2-b829-6d07f4959f49,3.0,"Oct 1, 2026"
open.canada.ca/data/en/dataset/18752265-bda3-498c-a4ba-9dfe68cb98da/resource/c52f40a5-54b8-4a14-8e3e-3def544b2acf,3.0,"Oct 1, 2026"
open.canada.ca/data/en/dataset/a4b190fe-e090-4e6d-881e-b87956c07977,3.0,"Oct 1, 2026"
open.canada.ca/data/en/dataset/06d31e10-a2a8-4d53-9ff3-567714a0a9f3,3.0,"Oct 1, 2026"
open.canada.ca/data/en/dataset/a1e18963-25dd-4219-a33f-1a38c4971250,3.0,"Oct 1, 2026"
open.canada.ca/data/en/dataset/06d31e10-a2a8-4d53-9ff3-567714a0a9f3/resource/8834faf9-066b-4944-ba71-dba94a1406cd,3.0,"Oct 1, 2026"
open.canada.ca/data/en/dataset/2ce347e5-02fd-4487-975d-67a435efdf9b/resource/6c422e92-261d-4bfa-ac76-207c3ee959e6,3.0,"Oct 1, 2026"
open.canada.ca/data/en/dataset/90115b00-f9b8-49e8-afa3-b4cff8facaee/resource/3897ef92-a491-4bab-b9c0-eb94c8b173ad,3.0,"Oct 1, 2026"
open.canada.ca/data/en/dataset/273e0c22-21b6-4065-9223-40167c56a5aa,3.0,"Oct 1, 2026"
open.canada.ca/data/en/dataset/bcc15e72-fe46-4215-8de0-33951662465e,3.0,"Oct 1, 2026"
open.canada.ca/data/en/dataset/3b070a33-c13e-4a1f-a5ce-63e3a4d616bc/resource/bf4f1c58-1d99-4296-aa72-605d582ffb50,3.0,"Oct 1, 2026"
ouvert.canada.ca/data/fr/dataset/42bb6def-af94-5a54-9497-85df7ce55a19/resource/916e671e-b233-4373-8bc0-8fe96c16aff8,3.0,"Oct 1, 2026"
open.canada.ca/data/en/dataset/cb4b563d-23f7-4fe9-8dc1-eac45612a934/resource/69144cc2-e822-49d8-b4df-4cd1bd46b065,3.0,"Oct 1, 2026"
open.canada.ca/data/en/dataset/897e92f5-8b08-42bd-9766-0852be02e4ff/resource/162be2f7-d332-426e-871c-d9562c0de43d,3.0,"Oct 1, 2026"
open.canada.ca/data/en/dataset/e80851b8-de68-43bd-a85c-c72e1b3a3890/resource/7c4767a5-f807-441d-9776-a0074b5870a0,3.0,"Oct 1, 2026"
open.canada.ca/data/en/dataset/0b8c1d10-0a30-4997-9c3f-16ddb0167a19/resource/32ab3ddd-f03a-4083-8d23-4f867248eb76,3.0,"Oct 1, 2026"
open.canada.ca/data/en/dataset/a6ca7336-656c-4ca5-98d1-ceb9c9b6bfc9/resource/386cd291-3442-47b0-885c-9ba73c745241,3.0,"Oct 1, 2026"
open.canada.ca/data/en/dataset/6e16f703-9c57-46c9-9194-6573398c17e6/resource/900f78e1-93e5-3a73-93de-e153962bab6b,3.0,"Oct 1, 2026"
open.canada.ca/data/en/dataset/c4c5c7f1-bfa6-4ff6-b4a0-c164cb2060f7/resource/09c51a72-e803-4050-8b8f-165809bccf05,3.0,"Oct 1, 2026"
open.canada.ca/data/en/dataset/809e4442-983a-4943-a2a0-382ba39c227a,3.0,"Oct 1, 2026"
ouvert.canada.ca/data/fr/dataset/10ce43bd-fb58-4969-806b-4bffebc87bec,3.0,"Oct 1, 2026"
open.canada.ca/data/en/dataset/288b6dc4-16dc-43cc-80a4-2a45b1f93383/resource/dc30cf26-7698-3f82-96cc-2918fb919907,3.0,"Oct 1, 2026"
open.canada.ca/data/en/dataset/0032ce54-c5dd-4b66-99a0-320a7b5e99f2/resource/7b6dd154-aa04-46ce-8880-ce4a5fa0a680,3.0,"Oct 1, 2026"
open.canada.ca/data/en/dataset/296de17c-001c-4435-8f9a-f5acab632e85/resource/7ca50968-2619-4d8a-99b3-339184d51270,3.0,"Oct 1, 2026"
open.canada.ca/data/en/dataset/c1d860a2-e451-4df9-86d0-70c8699600e0,3.0,"Oct 1, 2026"
open.canada.ca/data/en/dataset/cb2400fb-aee0-4b58-a88e-e6de32c43c16/resource/ad37b2bd-b201-47f5-a23f-3b1e51cd4dd8,3.0,"Oct 1, 2026"
open.canada.ca/data/en/dataset/9b34e712-513f-44e9-babf-9df4f7256550,3.0,"Oct 1, 2026"
open.canada.ca/data/en/dataset/29892c85-2ff5-484c-873c-f494ffba6e1b/resource/316155b2-ba5e-467a-845a-6e8ca26d5a87,3.0,"Oct 1, 2026"
open.canada.ca/data/en/dataset/08a528e3-5bff-4bd8-b28d-85e584d5cc1d,3.0,"Oct 1, 2026"
open.canada.ca/data/en/dataset/273e0c22-21b6-4065-9223-40167c56a5aa/resource/25f2b14f-6548-47fa-bd93-e68e3848ea4c,3.0,"Oct 1, 2026"
open.canada.ca/data/en/dataset/70ef2117-1095-4d77-80eb-b87f2bada2a4,3.0,"Oct 1, 2026"
ouvert.canada.ca/data/fr/dataset/f7e5498e-0ad8-4417-85c9-9b8aff9b9eda/resource/c5f2d5d3-e1c7-44d6-a54d-b6b2fb62fdba,3.0,"Oct 1, 2026"
open.canada.ca/data/en/dataset/f82f66f2-a22b-4511-bccf-e1d74db39ae5/resource/59d3b563-600c-486f-bec8-c8095ed77d8d,3.0,"Oct 1, 2026"
open.canada.ca/data/en/dataset/fb6718d2-8a9f-4101-8df4-7f9f4490a078,3.0,"Oct 1, 2026"
open.canada.ca/data/en/dataset/7f5b2c8f-f3e8-47b2-a5b6-0f736f3613eb,3.0,"Oct 1, 2026"
ouvert.canada.ca/data/fr/dataset/fcbc0200-79ba-4fa4-94a6-00e32facea6b/resource/369f6f34-148a-42ed-b581-8c164e941a89,3.0,"Oct 1, 2026"
open.canada.ca/data/en/dataset/98abeb62-7c76-4dfb-a134-1551f55ede55/resource/1495406e-338c-43ec-9995-ec8d8c90d17e,3.0,"Oct 1, 2026"
open.canada.ca/data/en/dataset/c4c5c7f1-bfa6-4ff6-b4a0-c164cb2060f7/resource/312a65c5-d0bc-4445-8a24-95b2690cc62b,3.0,"Oct 1, 2026"
open.canada.ca/data/en/dataset/53c5f37d-394a-4671-aeb4-729f3bbc59da,3.0,"Oct 1, 2026"
open.canada.ca/data/en/dataset/094c9b54-a1ca-4aad-935e-2541e5a23b3f,3.0,"Oct 1, 2026"
open.canada.ca/data/en/dataset/2c408900-c540-4a98-994e-06465b15c27a/resource/e3a3dbaf-2c5b-4525-8ec1-77219147a2d5,3.0,"Oct 1, 2026"
open.canada.ca/data/en/dataset/0797e893-751e-4695-8229-a5066e4fe43c/resource/19383ca2-b01a-487d-88f7-e1ffbc7d39c2,3.0,"Oct 1, 2026"
open.canada.ca/data/en/dataset/98f1a129-f628-4ce4-b24d-6f16bf24dd64/resource/ec44c747-a640-4481-bcf0-a2ea7ca8f249,3.0,"Oct 1, 2026"
rechercher.ouvert.canada.ca/grants/telecharger/3cfd06e6-d78e-4e3d-a2ef-1710367c13d0,3.0,"Oct 1, 2026"
open.canada.ca/data/en/dataset/5ad5e20c-f2bb-497d-a2a2-440eec6e10cd,3.0,"Oct 1, 2026"
open.canada.ca/data/en/dataset/98f1a129-f628-4ce4-b24d-6f16bf24dd64/resource/9df1b18d-d036-4783-a61c-99f1f75b3ac5,3.0,"Oct 1, 2026"
open.canada.ca/data/en/dataset/66c24181-b6d5-445c-8d92-fda6a8294a5a/resource/17dba197-8938-48e2-bac8-d04b6aee90bc,3.0,"Oct 1, 2026"
open.canada.ca/data/en/dataset/f5c8a5a0-354d-455a-99ab-8276aa38032e,3.0,"Oct 1, 2026"
open.canada.ca/data/en/dataset/432527ab-7aac-45b5-81d6-7597107a7013/resource/1d15a62f-5656-49ad-8c88-f40ce689d831,3.0,"Oct 1, 2026"
open.canada.ca/data/en/dataset/dc343c43-a592-4a27-8ee7-c77df56afb34/resource/b7597d90-0d9a-44d8-8d31-3434d693d6d9,3.0,"Oct 1, 2026"
open.canada.ca/data/en/dataset/e8745429-21e7-4a73-b3f5-90a779b78d1e,3.0,"Oct 1, 2026"
open.canada.ca/data/en/dataset/ce864400-7577-5c81-86bb-4e0fb42bac24/resource/9cc61a32-2e33-4a88-89fb-dab89c80216f,3.0,"Oct 1, 2026"
open.canada.ca/data/en/dataset/98f1a129-f628-4ce4-b24d-6f16bf24dd64,3.0,"Oct 1, 2026"
ouvert.canada.ca/data/fr/dataset/2909a648-5753-4924-878a-b069392d9cde,3.0,"Oct 1, 2026"
open.canada.ca/data/en/dataset/65dfa39f-e699-4698-b8c7-29e1b99d7b23/resource/03cb0d81-fe7a-45bf-b933-f7a78bdf2ef2,3.0,"Oct 1, 2026"
open.canada.ca/data/en/dataset/4d7f5e32-fa0b-452a-9baa-cbe85c235e34/resource/aa14d8ca-d66f-4849-876e-0d87ade290d5,3.0,"Oct 1, 2026"
rechercher.ouvert.canada.ca/grants/telecharger/8271be23-1c21-4a15-be57-e627a8f51524,3.0,"Oct 1, 2026"
open.canada.ca/data/dataset/ccbcf0fb-615e-44a0-b7ec-681e2ea4e1e7,3.0,"Oct 1, 2026"
open.canada.ca/data/en/dataset/e80851b8-de68-43bd-a85c-c72e1b3a3890/resource/da1135c5-a1df-4a07-a81e-de308ae6cce6,3.0,"Oct 1, 2026"
open.canada.ca/data/en/dataset/98f1a129-f628-4ce4-b24d-6f16bf24dd64/resource/d589f2bc-9a85-4f65-be2f-20f17debfcb1,3.0,"Oct 1, 2026"
open.canada.ca/data/en/dataset/69c68f22-8a2a-43d1-8f4e-4017e3ffebba/resource/1ffc4a5e-e41b-48c7-929e-633d023ef8dc,3.0,"Oct 1, 2026"
open.canada.ca/data/en/dataset/288b6dc4-16dc-43cc-80a4-2a45b1f93383/resource/04b4d59d-1ede-357a-8140-533eab8e194d,3.0,"Oct 1, 2026"
open.canada.ca/data/en/dataset/f064a144-b4e0-4e9b-9970-e0fc2f84d1a8/resource/86e441ab-38c3-466a-a0ad-9bafd797f074,3.0,"Oct 1, 2026"
open.canada.ca/data/en/dataset/8ec4a9df-b76b-4a67-8f93-cdbc2e040098,3.0,"Oct 1, 2026"
open.canada.ca/data/en/dataset/288b6dc4-16dc-43cc-80a4-2a45b1f93383/resource/a49d982e-b404-3774-82da-9adfb8f5e6e9,3.0,"Oct 1, 2026"
open.canada.ca/data/en/dataset/f77faef4-27d8-4929-929e-bfb1371affde/resource/57ae1808-9f2a-4e93-906c-38c6408351f6,3.0,"Oct 1, 2026"
open.canada.ca/data/en/dataset/a376864b-18f2-49d8-9b98-1b7268ffb3c0,2.0,"Oct 1, 2026"
open.canada.ca/data/en/dataset/2b8b9e26-aede-4ea2-ade9-b76376feedc9,2.0,"Oct 1, 2026"
open.canada.ca/data/en/dataset/0968ddc5-710e-4388-b379-184764df6f4c/resource/5fd15766-9415-4caf-b99b-f080519a9ac8,2.0,"Oct 1, 2026"
open.canada.ca/data/en/dataset/0b7bf4b3-423a-45d0-a92b-e69be0b81ce4/resource/6087cbea-36a2-42d8-9690-a3db6d92e087,2.0,"Oct 1, 2026"
open.canada.ca/data/en/dataset/4c6c515f-7c44-4bb6-ab56-c5f79f75f705/resource/d4c1d98d-c19e-4730-ab2d-6e64160351a7,2.0,"Oct 1, 2026"
open.canada.ca/data/en/dataset/064d9f22-74a2-4d1c-99da-8c5d7bca789c,2.0,"Oct 1, 2026"
open.canada.ca/data/en/dataset/8ec4a9df-b76b-4a67-8f93-cdbc2e040098/resource/139c1476-355f-4052-bde9-e15fc7948909,2.0,"Oct 1, 2026"
open.canada.ca/data/en/dataset/f212a64f-92f0-430c-a04f-06436b1239d2,2.0,"Oct 1, 2026"
open.canada.ca/data/en/dataset/2cc50279-633c-4b60-8037-a642fe5ab963/resource/f63890ab-e8d5-4936-af7c-2be86fc852d2,2.0,"Oct 1, 2026"
open.canada.ca/data/en/dataset/9b34e712-513f-44e9-babf-9df4f7256550/resource/c294b584-bee1-4fc2-b02e-cef8601816ab,2.0,"Oct 1, 2026"
open.canada.ca/data/en/dataset/e2da4aaf-4f86-4074-b17f-7724fb7eb7c8/resource/c9799598-f9e5-4a1d-8c9e-d35bf433b803,2.0,"Oct 1, 2026"
ouvert.canada.ca/data/fr/dataset/1b6139bd-ed7e-4043-bc28-ff00e10f3109/resource/ef889187-1012-45f9-8d37-55481bc61890,2.0,"Oct 1, 2026"
open.canada.ca/data/en/dataset/b61755fd-824b-469d-b75c-3448e31deb89,2.0,"Oct 1, 2026"
open.canada.ca/data/en/dataset/ee1580ab-a23d-4f86-a09b-79763677eb47/resource/baddbc7e-4381-4af1-935f-454b53c32483,2.0,"Oct 1, 2026"
open.canada.ca/data/en/dataset/e80851b8-de68-43bd-a85c-c72e1b3a3890/resource/59c7f390-3239-44c7-95b7-692c305a2b93,2.0,"Oct 1, 2026"
open.canada.ca/data/en/dataset/c731575d-b86d-427a-8368-94708a9aae6a/resource/606347d6-1b07-4383-a5b8-a2a7aef9d900,2.0,"Oct 1, 2026"
open.canada.ca/data/en/dataset/d00389e0-66da-4895-bd56-39a0dd64aa78/resource/ab64a453-bb06-4599-9847-f8de864f0385,2.0,"Oct 1, 2026"
open.canada.ca/data/en/dataset/c00bfd49-6023-4b15-ab39-3913ed5bdde0/resource/18880b4c-3b23-446f-a80c-c6ae6229fecf,2.0,"Oct 1, 2026"
open.canada.ca/data/en/dataset/d712930d-66f4-4377-a2bf-5d55d09c1186,2.0,"Oct 1, 2026"
open.canada.ca/data/en/dataset/a2b1fc9b-aac4-4718-8645-b0466ca5ec57,2.0,"Oct 1, 2026"
open.canada.ca/data/en/dataset/5822951a-aee0-46a4-a0b5-d0ca57f722e8/resource/f254cc81-1561-4867-a09e-18d70b4e0cb4,2.0,"Oct 1, 2026"
open.canada.ca/data/en/dataset/f5f2db55-31e4-42fb-8c73-23e1c44de9b2/resource/b2071d6b-b15e-4069-a6b2-e43c78365def,2.0,"Oct 1, 2026"
open.canada.ca/data/en/dataset/45ccffe6-4ef7-4e21-8206-ef430faf6092/resource/48f85f04-ab08-4141-9c93-e96983a92bb5,2.0,"Oct 1, 2026"
open.canada.ca/data/en/dataset/4b2b3e81-4740-42de-923f-963f551b2d64/resource/8ae36619-428f-4c7f-a68b-cd0ac7301d3d,2.0,"Oct 1, 2026"
open.canada.ca/data/en/dataset/beee0771-dab9-4be8-9b80-f8e8b3fdfd9d/resource/58de6f86-6b29-4e55-8bad-4ce96a0ef055,2.0,"Oct 1, 2026"
open.canada.ca/data/en/dataset/e0fabad5-9379-4077-87b9-5705f28c490b,2.0,"Oct 1, 2026"
open.canada.ca/data/en/dataset/976bb4f8-2b63-4150-910c-1f8e094cc83a/resource/8620a7fd-2891-43b3-bd8d-2b5324702cfc,2.0,"Oct 1, 2026"
open.canada.ca/data/en/dataset/980d598c-73c9-4003-b6e1-78a9a3081b6c,2.0,"Oct 1, 2026"
open.canada.ca/data/en/dataset/d38de914-c94c-429b-8ab1-8776c31643e3,2.0,"Oct 1, 2026"
open.canada.ca/data/en/dataset/7ca30e18-619a-457a-8ee2-b9cc78938cad/resource/0e6b3ead-984c-4363-af1e-c75a9838afbd,2.0,"Oct 1, 2026"
open.canada.ca/data/en/dataset/c43b5632-599b-43d1-86b5-2439f3d68c93,2.0,"Oct 1, 2026"
open.canada.ca/data/en/dataset/13564ca4-e330-40a5-9521-bfb1be767147/resource/b83ae83d-79ac-4ab7-b65a-a6a042d838c7,2.0,"Oct 1, 2026"
open.canada.ca/data/en/dataset/80c00cdb-1358-415c-bb8b-0de7f12675b8/resource/f4eb196a-d0c1-45b0-bc48-e9b48c06cbce,2.0,"Oct 1, 2026"
open.canada.ca/data/en/dataset/360024f2-17e9-4558-bfc1-3616485d65b9/resource/2e910f7d-100b-49d4-bab4-a32922af8459,2.0,"Oct 1, 2026"
open.canada.ca/data/en/dataset/1c3d15f9-9cfa-4010-8462-0d67e493d9b9,2.0,"Oct 1, 2026"
open.canada.ca/data/en/dataset/f6bad1d5-d1dc-4fdd-a076-650f55cc3fbc/resource/ec4524be-24de-44f6-8184-3cc96f381706,2.0,"Oct 1, 2026"
open.canada.ca/data/dataset/86fbb2d6-d7ba-56ff-aae5-9e4a7034cfe5/resource/e080145b-d264-478a-9ae2-21c55bf1038c,2.0,"Oct 1, 2026"
open.canada.ca/data/en/dataset/384d551b-dee1-4df8-8148-b3fcf865096a/resource/b36943ee-ced6-41b3-91dd-fae76614d857,2.0,"Oct 1, 2026"
open.canada.ca/data/en/dataset/a6b1c845-e21d-5a9b-9710-8d8a4e695351,2.0,"Oct 1, 2026"
open.canada.ca/data/en/dataset/c1d860a2-e451-4df9-86d0-70c8699600e0/resource/79700f7a-1cd6-49e9-816b-1138894b5b8e,2.0,"Oct 1, 2026"
open.canada.ca/data/en/dataset/4fe645a1-ffcd-40c1-9385-2c771be956a4,2.0,"Oct 1, 2026"
open.canada.ca/data/en/dataset/4a92ffeb-d922-50ae-823b-81bb10331035/resource/c8cc28b3-1431-4f5e-a09b-42e6730f2c7b,2.0,"Oct 1, 2026"
open.canada.ca/data/en/dataset/897e92f5-8b08-42bd-9766-0852be02e4ff,2.0,"Oct 1, 2026"
open.canada.ca/data/en/dataset/559db412-a618-4e1b-a66d-58b6700514f5/resource/066a000f-054c-4320-8059-7a140c9f0fcd,2.0,"Oct 1, 2026"
open.canada.ca/data/en/dataset/dcd6f7f8-7427-4ad7-9f13-616819e807ae,2.0,"Oct 1, 2026"
open.canada.ca/data/en/dataset/066731d4-99c4-47c6-b918-856f5ba9047c/resource/c68d97de-5e79-440e-af39-d6ef3b9e9d3d,2.0,"Oct 1, 2026"
open.canada.ca/data/en/dataset/754e11cc-3e75-4148-816d-2509470a0f4f,2.0,"Oct 1, 2026"
ouvert.canada.ca/data/fr/dataset/f5b58938-8153-4091-baae-08ccf01fc8e2/resource/33a7919e-6b38-4681-838c-882cfcc3bb8f,2.0,"Oct 1, 2026"
open.canada.ca/data/en/dataset/219daf65-7336-4dc8-8fd4-360bcad9ffeb,2.0,"Oct 1, 2026"
open.canada.ca/data/en/dataset/e2a6cfd7-64a3-4588-beb2-aa9c63adc9f4,2.0,"Oct 1, 2026"
open.canada.ca/data/en/dataset/c9b7aab2-f5fb-4d64-aa68-afd2396ae584/resource/35094705-55e2-4a62-9861-c731b2714bdb,2.0,"Oct 1, 2026"
open.canada.ca/data/en/dataset/d17b806e-c01f-4dad-b40f-ae5c3dcb7d4c/resource/8b0e801a-79b2-4bf0-abe6-fe100b728a74,2.0,"Oct 1, 2026"
open.canada.ca/data/en/dataset/679ef203-134d-466c-9ae0-10f03b5d66a3/resource/e67c62b4-d248-440d-a1e1-d85e5d7c4cba,2.0,"Oct 1, 2026"
open.canada.ca/data/en/dataset/2cc50279-633c-4b60-8037-a642fe5ab963/resource/b6c2f7ad-9f6e-4246-b8f1-c9560b30fa7f,2.0,"Oct 1, 2026"
open.canada.ca/data/en/dataset/4cf233c2-f020-4f7a-9b87-1923252fbc24/resource/f2f784c2-454b-48c3-83aa-5260ea293014,2.0,"Oct 1, 2026"
open.canada.ca/data/en/dataset/06d31e10-a2a8-4d53-9ff3-567714a0a9f3/resource/a42d8d12-aab3-479f-938f-22ba99cec314,2.0,"Oct 1, 2026"
open.canada.ca/data/en/dataset/fe9e08bd-453f-4e81-8a42-379b66233e65/resource/b972291b-2986-4880-8322-0e898e4f514a,2.0,"Oct 1, 2026"
open.canada.ca/data/en/dataset/5abd4282-d5b0-4ac5-ac78-7210a61befdf/resource/2e38cd73-8dd2-4837-b7ae-6fec87b21318,2.0,"Oct 1, 2026"
open.canada.ca/data/en/dataset/d1e2048b-ccff-5852-aaa5-b861bd55c367/resource/807af3ed-bc20-4c6b-8537-883d9d0129db,2.0,"Oct 1, 2026"
open.canada.ca/data/en/dataset/a4b190fe-e090-4e6d-881e-b87956c07977/resource/fb54535c-1e2c-4972-a610-86e07c10ab9f,2.0,"Oct 1, 2026"
open.canada.ca/data/en/dataset/06d31e10-a2a8-4d53-9ff3-567714a0a9f3/resource/dfc8c0b8-671a-4b41-8fe7-6bc8ea59e0be,2.0,"Oct 1, 2026"
open.canada.ca/data/en/dataset/fcbc0200-79ba-4fa4-94a6-00e32facea6b,2.0,"Oct 1, 2026"
ouvert.canada.ca/data/fr/dataset/e1f949c8-4bd5-454f-bb33-b6fe10a433de,2.0,"Oct 1, 2026"
open.canada.ca/data/en/dataset/89073037-d2fc-4a6d-9ce9-f0b1bcb48745/resource/c68cd4cf-e06b-4ce7-9f53-f9ca1a7d976a,2.0,"Oct 1, 2026"
open.canada.ca/data/en/dataset/1b1c2b92-b388-47d9-87d4-01aee8d3c3e4,2.0,"Oct 1, 2026"
open.canada.ca/data/en/dataset/203bb08d-fdff-46f6-93ec-00e5d1d76a81/resource/6c9cfdc2-b3ea-4eb9-b564-fd28e7aba16b,2.0,"Oct 1, 2026"
open.canada.ca/data/en/dataset/557ccb8d-d035-420d-bfd7-47dfbe0cd18b/resource/a6f120ef-c8f0-4a9e-817e-17b3a51880d1,2.0,"Oct 1, 2026"
open.canada.ca/data/en/dataset/980d598c-73c9-4003-b6e1-78a9a3081b6c/resource/bfd485d6-2d1e-4167-9835-7ed62494daf9,2.0,"Oct 1, 2026"
open.canada.ca/data/en/dataset/6ca819ed-dfde-4c4e-ac6b-831310825b03/resource/8c95fa04-b284-4e78-9dcd-5d832ac366cb,2.0,"Oct 1, 2026"
ouvert.canada.ca/data/fr/dataset/14248413-5a73-4ddc-8a58-c5518aefff4b,2.0,"Oct 1, 2026"
open.canada.ca/data/en/dataset/791de1ec-7fc8-48f1-a4e4-8bbaebc67080/resource/b9c04c85-4395-4d14-adf4-a20991a18298,2.0,"Oct 1, 2026"
open.canada.ca/data/en/dataset/2c3672b6-4c17-4ff5-9861-29e2dd6d03b3/resource/f9fefce6-f183-4e7c-9917-2e210ad09fd4,2.0,"Oct 1, 2026"
open.canada.ca/data/en/dataset/90fed587-1364-4f33-a9ee-208181dc0b97/resource/f995383c-800e-46dd-92fa-a06ec7a9a706,2.0,"Oct 1, 2026"
open.canada.ca/data/en/dataset/360024f2-17e9-4558-bfc1-3616485d65b9/resource/9b20b866-de27-436c-bc1b-c5d470a25507,2.0,"Oct 1, 2026"
open.canada.ca/data/en/dataset/cd6fb7c3-c854-4675-a595-3000863ae956,2.0,"Oct 1, 2026"
open.canada.ca/data/en/dataset/83b89b03-114a-47af-9476-374d3396861c/resource/40562823-00a4-4750-9ba3-ae068848afeb,2.0,"Oct 1, 2026"
open.canada.ca/data/en/dataset/ff1e4882-685c-4518-b741-c3cf9bb74c3e/resource/51adb987-fecd-4890-9ac9-a184a9462b6e,2.0,"Oct 1, 2026"
open.canada.ca/data/en/dataset/ce864400-7577-5c81-86bb-4e0fb42bac24,2.0,"Oct 1, 2026"
open.canada.ca/data/en/dataset/09f0e153-4573-4e5d-9ba3-fd0238b4bb7a,2.0,"Oct 1, 2026"
open.canada.ca/data/en/dataset/0a7619fd-2ffe-44b5-9027-3dfcec0866fd/resource/4b738fc9-80a6-47c9-a442-0f1ae2b57d9c,2.0,"Oct 1, 2026"
open.canada.ca/data/en/dataset/07fc6d4f-d197-4caa-86e5-6da30f7c1d5c/resource/a8ae899d-ba34-479c-bfa4-c25aa745700a,2.0,"Oct 1, 2026"
open.canada.ca/data/en/dataset/29122e72-5762-25f0-732f-c6377f11763f/resource/3a06b694-9deb-49e4-9aaa-6083ddc97633,2.0,"Oct 1, 2026"
open.canada.ca/data/en/dataset/c4c5c7f1-bfa6-4ff6-b4a0-c164cb2060f7/resource/b8931c16-0710-4c31-bbda-f60841e98cb4,2.0,"Oct 1, 2026"
open.canada.ca/data/en/dataset/f316c469-c068-46f9-a650-95a75f461106/resource/ddca8ee4-d39f-4343-8759-5f87eafa31b8,2.0,"Oct 1, 2026"
open.canada.ca/data/en/dataset/3539c3c3-41b7-434f-9ccd-c30b96040d64/resource/f74946c3-69f9-46f1-8786-75170ff37a03,2.0,"Oct 1, 2026"
open.canada.ca/data/en/dataset/f0d12b41-54dc-4784-ad2b-83dffed2ab84/resource/6f972371-8204-4824-a5c5-29b7ee866040,2.0,"Oct 1, 2026"
open.canada.ca/data/en/dataset/dfa4daf1-669e-4514-82cd-982f27707ed0/resource/5efa3920-83f6-4108-bb51-db2456e7b37c,2.0,"Oct 1, 2026"
open.canada.ca/data/en/dataset/00a14022-c611-420e-94d4-54eed8e0fe41,2.0,"Oct 1, 2026"
ouvert.canada.ca/data/fr/dataset/9113b271-a86b-42ea-85e7-74d685108c81/resource/6baaedbc-f9a0-47fc-95e9-07f294f57065,2.0,"Oct 1, 2026"
open.canada.ca/data/en/dataset/38ddc983-1bf0-4bee-ad18-07dac8cfe884/resource/b42e21c2-c13a-4f93-8762-16990804ff1a,2.0,"Oct 1, 2026"
ouvert.canada.ca/data/fr/dataset/742b4dcb-b834-46c9-93b7-6878bb0ae295/resource/a56fc93a-c40c-458f-8e30-f4156cb6fc33,2.0,"Oct 1, 2026"
open.canada.ca/data/en/dataset/4eee1558-45b7-4484-9336-e692897d393f,2.0,"Oct 1, 2026"
open.canada.ca/data/en/dataset/904d1050-b7ff-4f41-a1bb-50b450e962a8/resource/15a5e1f9-6a05-4f8b-ad41-b34a0b3daf86,2.0,"Oct 1, 2026"
open.canada.ca/data/en/dataset/787e3643-ea0b-4062-bcee-01c048735ec0/resource/a3651aff-300e-4c51-95bc-2cc93bcf5f1f,2.0,"Oct 1, 2026"
open.canada.ca/data/en/dataset/18752265-bda3-498c-a4ba-9dfe68cb98da,2.0,"Oct 1, 2026"
open.canada.ca/data/en/dataset/f3e63186-8401-4c9e-a490-1f9e7d7eb00b,2.0,"Oct 1, 2026"
open.canada.ca/data/en/dataset/c688b87f-e85f-4842-b0e1-a8f79ebf1133/resource/fe23b9a8-2c75-4945-93e8-e68ca0e2af6c,2.0,"Oct 1, 2026"
open.canada.ca/data/en/dataset/5278c6d3-f024-4e6b-87d9-60e4f1848a0b/resource/2962ce1c-338d-4c25-baef-a9e89acd0a29,2.0,"Oct 1, 2026"
open.canada.ca/data/en/dataset/3d282116-e556-400c-9306-ca1a3cada77f,2.0,"Oct 1, 2026"
open.canada.ca/data/en/dataset/957782bf-847c-4644-a757-e383c0057995/resource/68178b60-beb5-45de-a6cf-7154c6057279,2.0,"Oct 1, 2026"
ouvert.canada.ca/data/dataset/41fcc790-e328-44be-bcbf-73556fa0bc32,2.0,"Oct 1, 2026"
open.canada.ca/data/en/dataset/1b6139bd-ed7e-4043-bc28-ff00e10f3109/resource/e1ffee62-58cb-4e3e-b359-115c658388ad,2.0,"Oct 1, 2026"
open.canada.ca/data/en/dataset/bf00b7f4-e370-46b7-94e4-0bdedc98531b/resource/0b5a739d-b01e-43df-8757-7fc1453baec5,2.0,"Oct 1, 2026"
open.canada.ca/data/en/dataset/ac988c2a-ce33-4e8e-bf64-2c052c50892f/resource/caabbfe6-468a-45a7-aa5f-e98d8e6ce711,2.0,"Oct 1, 2026"
open.canada.ca/data/en/dataset/d7ea1810-69d6-4934-a5ad-1cfdce27d45b/resource/2b19c2c2-73a8-4ac0-b60f-cff0ca640a99,2.0,"Oct 1, 2026"
open.canada.ca/data/en/dataset/6abd20d4-7a1c-4b38-baa2-9525d0bb2fd2/resource/1dcbbbca-b8f4-43f1-8301-b14c9c27dcea,2.0,"Oct 1, 2026"
open.canada.ca/data/en/dataset/36ffce4a-0f94-5675-9da8-2fe05a274860,2.0,"Oct 1, 2026"
open.canada.ca/data/dataset/2e1b4a35-ac31-4159-b932-90929ef42510/resource/3c540a24-a806-4a46-8a71-824db73863f7,2.0,"Oct 1, 2026"
open.canada.ca/data/en/dataset/fd7d46da-056a-48de-b9b0-fd06dec392d4/resource/373d8742-56b6-4a6f-beda-27c401152b7d,2.0,"Oct 1, 2026"
open.canada.ca/data/en/dataset/71bfc122-cd4c-4526-92e7-b5bd8572c3ab/resource/55d9bcf8-7964-42c4-ad82-8b3205dbae53,2.0,"Oct 1, 2026"
open.canada.ca/data/en/dataset/c870a7ac-3e95-4751-5bb2-4690c9f52bab,2.0,"Oct 1, 2026"
open.canada.ca/data/en/dataset/b0e112e9-cf53-4e79-8838-23cd98debe5b/resource/cb52e1d0-ab62-4357-91cc-d8f5a2114e02,2.0,"Oct 1, 2026"
open.canada.ca/data/en/dataset/de2bf291-1ccd-4f27-9dcd-8616b95bec6f/resource/a1b61b4f-808e-4911-be59-fe41b7f7f6cb,2.0,"Oct 1, 2026"
ouvert.canada.ca/data/fr/dataset/f7e5498e-0ad8-4417-85c9-9b8aff9b9eda/resource/1b3c140b-8d3a-49a1-859e-da338bf907c6,2.0,"Oct 1, 2026"
open.canada.ca/data/en/dataset/d90eaf1b-2de8-43f0-923a-27a620ecdf41,2.0,"Oct 1, 2026"
open.canada.ca/data/en/dataset/d9afebf0-8893-11e0-b577-6cf049291510/resource/2478bbcc-f797-40cb-b0fd-e8b4f760e0b7,2.0,"Oct 1, 2026"
open.canada.ca/data/en/dataset/4e615eae-b90c-420b-adee-2ca35896caf6/resource/3dad2d6c-30bd-463f-8a36-c61070433c97,2.0,"Oct 1, 2026"
open.canada.ca/data/en/dataset/fce97390-8ab5-41f9-91e9-0d8226577ff3,2.0,"Oct 1, 2026"
open.canada.ca/data/en/dataset/7d607c74-e84f-4eff-8595-6dd1833675bf,2.0,"Oct 1, 2026"
open.canada.ca/data/en/dataset/bcc15e72-fe46-4215-8de0-33951662465e/resource/c5c98fc6-8de5-4ce5-98c0-2c11716bf6b7,2.0,"Oct 1, 2026"
open.canada.ca/data/en/dataset/0032ce54-c5dd-4b66-99a0-320a7b5e99f2,2.0,"Oct 1, 2026"
open.canada.ca/data/en/dataset/ed4d48f3-750f-4eeb-93f9-cb62be138264/resource/179a7ca2-c922-4ca0-8f3c-1489cae8a2cb,2.0,"Oct 1, 2026"
open.canada.ca/data/en/dataset/d3881c4c-650d-4070-bf9b-1e00aabf0a1d/resource/3bea3e4a-cd4a-4e71-99a3-2f0eefa5888e,2.0,"Oct 1, 2026"
open.canada.ca/data/en/dataset/9c38e7b9-c3b5-a394-e60a-b145b9ee31eb/resource/2ebda99c-0fa1-4360-ba01-fd04bc867abf,2.0,"Oct 1, 2026"
open.canada.ca/data/en/dataset/d6858863-65a7-aba7-7c12-01f54f6095ca/resource/daa5fdf2-2c60-455f-afcd-0d64cc5dd6b6,2.0,"Oct 1, 2026"
open.canada.ca/data/en/dataset/f0d12b41-54dc-4784-ad2b-83dffed2ab84/resource/f03d7f32-6d7c-467f-8dd7-3c0246808b7a,2.0,"Oct 1, 2026"
open.canada.ca/data/en/dataset/ccd699c3-14c8-4f81-8c1f-0713ed2a4f70/resource/fccae4dc-bb51-4874-b63c-430e991f2854,2.0,"Oct 1, 2026"
open.canada.ca/data/en/dataset/052642bb-3fd9-4828-b608-c81dff7e539c,2.0,"Oct 1, 2026"
open.canada.ca/data/en/info/791de1ec-7fc8-48f1-a4e4-8bbaebc67080/resource/8fde8d47-0a9d-47bd-befb-77ad23f375e4,2.0,"Oct 1, 2026"
open.canada.ca/data/en/dataset/301bf91d-6db7-4004-8cc9-40ac7e7b42f7,2.0,"Oct 1, 2026"
open.canada.ca/data/en/dataset/203bb08d-fdff-46f6-93ec-00e5d1d76a81/resource/029d1645-03f1-49ef-81f4-082197f9cc9a,2.0,"Oct 1, 2026"
open.canada.ca/data/en/dataset/10ce43bd-fb58-4969-806b-4bffebc87bec/resource/bd9cf3f2-4cd5-47b1-ba74-ab68cd0a941b,2.0,"Oct 1, 2026"
open.canada.ca/data/en/dataset/f7130012-beca-4de8-a57d-50c03ca323d0/resource/5b54430d-85b2-4366-8042-c1c6355424be,2.0,"Oct 1, 2026"
open.canada.ca/data/en/dataset/da95489c-2938-4075-b467-81415680af7a,2.0,"Oct 1, 2026"
ouvert.canada.ca/data/fr/dataset/1b6139bd-ed7e-4043-bc28-ff00e10f3109/resource/86483321-6c76-4a5f-9061-04b9a0a48a8d,2.0,"Oct 1, 2026"
open.canada.ca/data/en/dataset/8c387c19-9411-c58c-89d3-9e222ea3f50a/resource/fb18822e-19ba-4140-b7a1-0deb5583a607,2.0,"Oct 1, 2026"
open.canada.ca/data/en/dataset/87127901-bd6d-46de-9142-e1362d980174,2.0,"Oct 1, 2026"
open.canada.ca/data/en/dataset/d6858863-65a7-aba7-7c12-01f54f6095ca,2.0,"Oct 1, 2026"
open.canada.ca/data/en/dataset/5d27d152-09d8-4303-adc4-0c46b4a9733b,2.0,"Oct 1, 2026"
open.canada.ca/data/en/dataset/1e1ad733-43b8-4d21-944f-0520d16e3cb8/resource/ab73e7a2-e97e-45b6-8b33-a329614f05ff,2.0,"Oct 1, 2026"
open.canada.ca/data/en/dataset/4d339626-98f9-49fe-aede-d64f03fa914f/resource/37149be5-bf27-46e9-ade0-0d81c39c2c07,2.0,"Oct 1, 2026"
open.canada.ca/data/en/dataset/490db619-ab58-4a2a-a245-2376ce1840de,2.0,"Oct 1, 2026"
open.canada.ca/data/en/dataset/cb2400fb-aee0-4b58-a88e-e6de32c43c16/resource/690d8a8e-5d8e-40fb-9a33-f1c4fe0b049e,2.0,"Oct 1, 2026"
open.canada.ca/data/en/dataset/07653869-f303-46c2-a04e-9ab479b73cbf,2.0,"Oct 1, 2026"
open.canada.ca/data/en/dataset/96e248e8-f422-5d69-a085-cce12b04e11a,2.0,"Oct 1, 2026"
ouvert.canada.ca/data/fr/dataset/90fed587-1364-4f33-a9ee-208181dc0b97/resource/8c205edb-9a82-468e-9aa4-b82266cbaad6,2.0,"Oct 1, 2026"
open.canada.ca/data/en/info/791de1ec-7fc8-48f1-a4e4-8bbaebc67080,2.0,"Oct 1, 2026"
open.canada.ca/data/en/dataset/90a9edf0-06db-4355-91ce-c0123c86f23b/resource/5c2c028a-7c3e-40c5-84c4-1b15fef13e15,2.0,"Oct 1, 2026"
ouvert.canada.ca/data/dataset/2c3aef05-1e40-6c64-66ad-3ea0a342f344/resource/e48cde25-bacc-411f-bd6a-38796da87c9e,2.0,"Oct 1, 2026"
open.canada.ca/data/dataset/b6693900-2eba-4f0f-6f0e-5981d3d53c7c,2.0,"Oct 1, 2026"
open.canada.ca/data/en/dataset/dc343c43-a592-4a27-8ee7-c77df56afb34/resource/4db7bc7c-d9cc-468b-8130-e799b13c69e8,2.0,"Oct 1, 2026"
open.canada.ca/data/en/dataset/a4b190fe-e090-4e6d-881e-b87956c07977/resource/73cdfa25-1a43-4897-a628-636b4ae6edba,2.0,"Oct 1, 2026"
open.canada.ca/data/en/dataset/40e01423-7728-429c-ac9d-2954385ccdfb/resource/7cd6f2c4-8db5-4b96-9d3a-b3c5bec44ca1,2.0,"Oct 1, 2026"
ouvert.canada.ca/data/fr/dataset/90115b00-f9b8-49e8-afa3-b4cff8facaee/resource/3039046e-2905-406f-a9aa-dd49c92cf604,2.0,"Oct 1, 2026"
open.canada.ca/data/en/dataset/757bb61a-a5c5-4f38-947b-0130355a7917,2.0,"Oct 1, 2026"
open.canada.ca/data/en/dataset/904d1050-b7ff-4f41-a1bb-50b450e962a8/resource/5355cf44-dad0-448e-a209-d4948d4cf821,2.0,"Oct 1, 2026"
open.canada.ca/data/en/dataset/f7e5498e-0ad8-4417-85c9-9b8aff9b9eda/resource/81021dfd-c110-42cf-a975-1b9be8b82980,2.0,"Oct 1, 2026"
open.canada.ca/data/en/dataset/2bee144c-4c52-4ce3-bd9a-e7c1166f2402,2.0,"Oct 1, 2026"
open.canada.ca/data/en/dataset/19189197-2261-4d14-8443-848d5a681e4d,2.0,"Oct 1, 2026"
open.canada.ca/data/en/dataset/98f1a129-f628-4ce4-b24d-6f16bf24dd64/resource/c98b9dc8-b23f-4cd8-8b19-e892da1e4688,2.0,"Oct 1, 2026"
open.canada.ca/data/en/dataset/c7413d9f-112e-4a26-bbd1-ae2711856629,2.0,"Oct 1, 2026"
open.canada.ca/data/en/dataset/d7ea1810-69d6-4934-a5ad-1cfdce27d45b/resource/e946977b-c1c5-4b41-8191-b45b1a9b87d7,2.0,"Oct 1, 2026"
search.open.canada.ca/contracts/download/b31a7090-4cc3-4f3d-9694-436b8418aa1f,2.0,"Oct 1, 2026"
open.canada.ca/data/en/dataset/38ddc983-1bf0-4bee-ad18-07dac8cfe884,2.0,"Oct 1, 2026"
ouvert.canada.ca/data/fr/dataset/1b6139bd-ed7e-4043-bc28-ff00e10f3109/resource/019f2a90-e3a9-489d-b6e1-f74f4ba1d006,2.0,"Oct 1, 2026"
open.canada.ca/data/en/dataset/98f1a129-f628-4ce4-b24d-6f16bf24dd64/resource/8812228b-a6aa-4303-b3d0-66489225120d,2.0,"Oct 1, 2026"
open.canada.ca/data/en/dataset/a8173f7f-496e-44c1-8802-3212edf2c5bd/resource/29529e4e-547a-4da7-bf26-f4f5cf99b345,2.0,"Oct 1, 2026"
open.canada.ca/data/en/dataset/90fed587-1364-4f33-a9ee-208181dc0b97/resource/b0f8c373-9141-49b9-bba7-54afcd9835fc,2.0,"Oct 1, 2026"
open.canada.ca/data/en/dataset/11245675-b047-49fc-8bd1-cc2ce8314a6d/resource/13d3f37c-cccc-49eb-820a-dfdc777e9263,2.0,"Oct 1, 2026"
open.canada.ca/data/en/dataset/ccd699c3-14c8-4f81-8c1f-0713ed2a4f70,2.0,"Oct 1, 2026"
open.canada.ca/data/en/dataset/15e06264-5e85-4ab8-8da1-0d26a8f226e7,2.0,"Oct 1, 2026"
ouvert.canada.ca/data/fr/dataset/80c00cdb-1358-415c-bb8b-0de7f12675b8/resource/e545170c-3689-4833-b2a8-e9e83100ab59,2.0,"Oct 1, 2026"
open.canada.ca/data/en/dataset/8f1749a5-ac67-467a-9c01-752b375127c3/resource/2453a129-3dc0-4378-a3eb-a35bef0226e9,2.0,"Oct 1, 2026"
open.canada.ca/data/en/dataset/fe9fd41c-1f67-4bc5-809d-05b62986b26b/resource/ebd2e8e9-94a5-41aa-8b6c-41246b2851c1,2.0,"Oct 1, 2026"
open.canada.ca/data/en/dataset/d4a716f5-a2fc-4c3c-88ed-451fe05900e4/resource/bf130ece-9f96-48fe-aa50-285fac1240e2,2.0,"Oct 1, 2026"
open.canada.ca/data/en/dataset/59af1c96-fc8f-4fa0-b398-d65e953eadaa,2.0,"Oct 1, 2026"
open.canada.ca/data/en/dataset/d832ac69-b953-4246-84bc-38cb9dccaff2/resource/cd760d12-181b-459d-ad16-6e650cafc338,2.0,"Oct 1, 2026"
open.canada.ca/data/en/dataset/76a8e18a-0507-4fed-b393-e633cb3b4a09/resource/04464ed0-5e3d-46aa-98bc-6d286eb29f24,2.0,"Oct 1, 2026"
open.canada.ca/data/en/dataset/cb2400fb-aee0-4b58-a88e-e6de32c43c16/resource/10894ece-4c04-4557-a077-48ab463061c6,2.0,"Oct 1, 2026"
open.canada.ca/data/en/dataset/d2b08a30-8893-11e0-9050-6cf049291510,2.0,"Oct 1, 2026"
open.canada.ca/data/en/dataset/81ada0a6-1c3a-4baf-adc8-f4f7577d33ad/resource/0612ab1c-edc0-47c4-a8e5-248cb77a3d11,2.0,"Oct 1, 2026"
ouvert.canada.ca/data/fr/dataset/adad580f-76b0-4502-bd05-20c125de9116/resource/9da94d63-b178-4a64-aeb3-b6a3bd721ad2,2.0,"Oct 1, 2026"
open.canada.ca/data/en/dataset/1c795c9f-ab00-4234-8bf2-0b7d447d8dd6/resource/e81ace9f-cd51-4ac2-87e9-72f7c99c3839,2.0,"Oct 1, 2026"
open.canada.ca/data/en/dataset/d22354e8-cb01-5262-aed5-1de48d1ffb0a/resource/748cedf8-b0bc-4424-9afc-94dc86571f7f,2.0,"Oct 1, 2026"
open.canada.ca/data/en/dataset/6dc97b50-5bbb-482d-8dd5-c9b23cd770dc,2.0,"Oct 1, 2026"
ouvert.canada.ca/data/fr/dataset/ac3515d6-2753-47a5-8575-35be7d127f43,2.0,"Oct 1, 2026"
open.canada.ca/data/en/dataset/610cd0b8-4791-5374-8245-a12a053bcd4a/resource/c547d0f7-ff45-441e-aa34-8951766c23d9,2.0,"Oct 1, 2026"
open.canada.ca/data/en/dataset/8a692ad6-2ee7-4767-8838-8cad4b199803/resource/16e28738-1b09-4960-ac7a-c483e777ca16,2.0,"Oct 1, 2026"
open.canada.ca/data/en/dataset/360024f2-17e9-4558-bfc1-3616485d65b9/resource/f2696d77-a292-454c-a3aa-89bb4e95dd75,2.0,"Oct 1, 2026"
open.canada.ca/data/en/dataset/6ed50cd9-0d8c-471b-a5f6-26088298870e/resource/e560cf41-afe6-47bd-ab7e-5e6f9006573a,2.0,"Oct 1, 2026"
open.canada.ca/data/en/dataset/3f273148-3aaf-4194-b846-04fbf524e476/resource/348ffdaf-278d-489c-92d7-c25e09ae9d15,2.0,"Oct 1, 2026"
open.canada.ca/data/en/dataset/4a0e6887-9526-450c-8a1e-d088e07f5eec/resource/3d4e5c99-a7ef-4686-9d92-7366b879c2d7,2.0,"Oct 1, 2026"
open.canada.ca/data/en/dataset/d0f54727-6c0b-4e5a-aa04-ea1463cf9f4c/resource/a53fda5b-134f-449d-a639-9b896065fc21,2.0,"Oct 1, 2026"
open.canada.ca/data/en/dataset/98f1a129-f628-4ce4-b24d-6f16bf24dd64/resource/42495676-28b7-40f3-b0e0-3d7fe005ca56,2.0,"Oct 1, 2026"
open.canada.ca/data/en/dataset/a9c18c37-b7b9-48ce-ac1d-b40a65bafa9e/resource/8998ef4b-7d54-41fd-9adf-620753ab22c6,2.0,"Oct 1, 2026"
open.canada.ca/data/dataset/18752265-bda3-498c-a4ba-9dfe68cb98da/resource/c52f40a5-54b8-4a14-8e3e-3def544b2acf,2.0,"Oct 1, 2026"
open.canada.ca/data/en/dataset/ff1e4882-685c-4518-b741-c3cf9bb74c3e,2.0,"Oct 1, 2026"
open.canada.ca/data/en/dataset/71bfc122-cd4c-4526-92e7-b5bd8572c3ab/resource/6f961cfb-bea6-428d-915a-9815311ff932,2.0,"Oct 1, 2026"
open.canada.ca/data/en/dataset/2909a648-5753-4924-878a-b069392d9cde,2.0,"Oct 1, 2026"
open.canada.ca/data/en/dataset/e04d55cd-74dd-4167-a9ea-c6eb9e9ab287,2.0,"Oct 1, 2026"
ouvert.canada.ca/data/fr/dataset/90fed587-1364-4f33-a9ee-208181dc0b97/resource/4ee7a4e0-ffc3-47af-94e7-30929d1eeb67,2.0,"Oct 1, 2026"
open.canada.ca/data/en/dataset/897e92f5-8b08-42bd-9766-0852be02e4ff/resource/52a3359f-f47c-48d2-9c7c-96bc48f373a5,2.0,"Oct 1, 2026"
open.canada.ca/data/en/dataset/7fe162cd-fecd-4aa2-9940-b27baa363c19/resource/e7e0eb7c-b947-4e4e-ace4-c7607a46ecbb,2.0,"Oct 1, 2026"
ouvert.canada.ca/data/fr/dataset/11325935-3af3-543e-80d4-8cf6cb4900e2,2.0,"Oct 1, 2026"
open.canada.ca/data/en/dataset/6ed50cd9-0d8c-471b-a5f6-26088298870e/resource/d9c8821d-9254-46fe-a3e4-0166b3104f77,2.0,"Oct 1, 2026"
open.canada.ca/data/en/dataset/a4a5575d-e8e8-4410-bfc6-18e9361ffd3f/resource/6f0ef67b-8dec-4845-a0f0-e8b894e6a862,2.0,"Oct 1, 2026"
open.canada.ca/data/en/dataset/7069387e-9986-4297-9f55-0288e9676947,2.0,"Oct 1, 2026"
ouvert.canada.ca/data/fr/dataset/52e4b14b-597a-4ecf-a184-23a6e69b0d57/resource/f79930be-86e4-4b1b-9dd1-8cffe69c4909,2.0,"Oct 1, 2026"
open.canada.ca/data/en/dataset/e5eae1d4-687c-4db2-9273-a8d2d711144c,2.0,"Oct 1, 2026"
open.canada.ca/data/en/dataset/d4551ff4-be93-4d16-ad84-812e5ba0b1d5/resource/23d1b995-6456-4540-a9de-66f3fe6536ed,2.0,"Oct 1, 2026"
open.canada.ca/data/en/dataset/4cc207cc-ff03-44f8-8c5f-415af5224646/resource/4a3fb621-d335-4892-abe5-845391d7798e,2.0,"Oct 1, 2026"
ouvert.canada.ca/data/dataset/90fed587-1364-4f33-a9ee-208181dc0b97,2.0,"Oct 1, 2026"
open.canada.ca/data/en/dataset/800106c1-0b08-401e-8be2-ac45d62e662e,2.0,"Oct 1, 2026"
open.canada.ca/data/en/dataset/7dffedc4-23fa-440c-a36d-adf5a6cc09f1/resource/cce956c1-556d-4fbb-bb24-20f46e1b39d0,2.0,"Oct 1, 2026"
open.canada.ca/data/en/dataset/29ba2628-b6c5-4dda-8cfb-fca9852925a9,2.0,"Oct 1, 2026"
open.canada.ca/data/en/dataset/f064a144-b4e0-4e9b-9970-e0fc2f84d1a8/resource/ac61a229-e43d-483e-bb77-0b0ab42269a9,2.0,"Oct 1, 2026"
open.canada.ca/data/en/dataset/beee0771-dab9-4be8-9b80-f8e8b3fdfd9d,2.0,"Oct 1, 2026"
open.canada.ca/data/en/dataset/07c42deb-9435-43b9-a416-7ce316f3893d/resource/b67e0e60-3200-4330-b2b2-afb7debca8bf,2.0,"Oct 1, 2026"
open.canada.ca/data/en/dataset/e8a3fc19-6016-4c90-a5c0-eb35233d708e/resource/54193691-5fbb-4827-b927-8a41da8b2228,2.0,"Oct 1, 2026"
open.canada.ca/data/en/dataset/e05fedf1-4b55-42dc-9b84-4b5d00caa407/resource/c4a556b4-642d-4139-a04b-9c7f37fa9cff,2.0,"Oct 1, 2026"
open.canada.ca/data/en/dataset/262451e7-6416-47b5-8453-f31d212ea657/resource/64e5fbe9-050f-4103-b09f-e1a2c12b548b,2.0,"Oct 1, 2026"
open.canada.ca/data/en/dataset/4c6c515f-7c44-4bb6-ab56-c5f79f75f705/resource/5c362990-9f55-4240-a6e6-ab9fa5f53d5d,2.0,"Oct 1, 2026"
open.canada.ca/data/en/dataset/2cdf43fc-d4aa-4604-9f21-29777d955810,2.0,"Oct 1, 2026"
open.canada.ca/data/en/dataset/9b34e712-513f-44e9-babf-9df4f7256550/resource/f551de3d-d8f8-453c-bce8-0ca36c4ee9bb,2.0,"Oct 1, 2026"
ouvert.canada.ca/data/fr/dataset/dfa4daf1-669e-4514-82cd-982f27707ed0/resource/5d87eeb6-5305-4a0e-bc1d-fdf96e691749,2.0,"Oct 1, 2026"
ouvert.canada.ca/data/fr/dataset/96f35825-78b1-447d-85ad-82d492221325,2.0,"Oct 1, 2026"
open.canada.ca/data/en/dataset/754e11cc-3e75-4148-816d-2509470a0f4f/resource/09898775-fa81-4048-a6cd-13b8eacc78ee,2.0,"Oct 1, 2026"
open.canada.ca/data/en/dataset/3ec59fff-21ab-4feb-a087-ae5e75994ff8,2.0,"Oct 1, 2026"
open.canada.ca/data/en/dataset/fe9fd41c-1f67-4bc5-809d-05b62986b26b/resource/22f4a4b1-cfab-4cbd-8953-2f4fa432731f,2.0,"Oct 1, 2026"
open.canada.ca/data/en/dataset/57180b36-3428-4a7f-afe3-2161a6b44ec5/resource/3faaafb4-00e2-4303-947d-ac786b62559f,2.0,"Oct 1, 2026"
open.canada.ca/data/en/dataset/f358a53b-ffde-4830-a325-a5a03ff672c3/resource/0e605c64-3ad1-4a8e-902a-203158db20b6,2.0,"Oct 1, 2026"
open.canada.ca/data/en/dataset/625c0d81-2eee-40cf-b402-17a26f3fb2e1/resource/308621af-0ac0-4c88-acbd-674560c6845b,2.0,"Oct 1, 2026"
open.canada.ca/data/en/dataset/07c42deb-9435-43b9-a416-7ce316f3893d/resource/b270cc7a-8b28-4c2e-9de4-76bd98e7e815,1.0,"Oct 1, 2026"
open.canada.ca/data/en/dataset/d3881c4c-650d-4070-bf9b-1e00aabf0a1d/resource/323af940-c666-4d2f-afa6-13d92a087f44,1.0,"Oct 1, 2026"
search.open.canada.ca/grants/download/1c02c4be-8661-4fed-83a3-92b14fdbdbca,1.0,"Oct 1, 2026"
open.canada.ca/data/en/dataset/9e929ab7-2a56-494b-8eef-bd75ee9c0341/resource/f043b32f-1f2c-44f9-aa90-b862c63173bc,1.0,"Oct 1, 2026"
ouvert.canada.ca/data/fr/dataset/2ce347e5-02fd-4487-975d-67a435efdf9b,1.0,"Oct 1, 2026"
open.canada.ca/data/en/dataset/7a5cda52-c7df-427f-9ced-26f19a8a64d6/resource/952120bd-4f93-4ee1-a958-4acb7e845e4a,1.0,"Oct 1, 2026"
open.canada.ca/data/en/dataset/90fed587-1364-4f33-a9ee-208181dc0b97/resource/78fc6fae-db4f-46c5-b3de-0a9cd7795c6b,1.0,"Oct 1, 2026"
open.canada.ca/data/en/dataset/d22354e8-cb01-5262-aed5-1de48d1ffb0a/resource/070b1ff3-9b5d-4f3e-98e2-0038e82304b5,1.0,"Oct 1, 2026"
open.canada.ca/data/en/dataset/7f245e4d-76c2-4caa-951a-45d1d2051333/resource/9f07b66c-bf1d-4a20-b41a-d20074818acd,1.0,"Oct 1, 2026"
open.canada.ca/data/en/dataset/de2bf291-1ccd-4f27-9dcd-8616b95bec6f/resource/a3205ac9-0408-4be3-a7b1-9d311396fe54,1.0,"Oct 1, 2026"
open.canada.ca/data/en/dataset/dd548674-d011-4f81-b745-351cd930eb87/resource/a531a583-aa1d-4403-9231-b159b62f1cc2,1.0,"Oct 1, 2026"
open.canada.ca/data/en/dataset/aeb3c201-a21d-44ee-b1ba-a148d4318516/resource/08b77468-d2aa-43ca-89ce-de1332b1d00d,1.0,"Oct 1, 2026"
open.canada.ca/data/en/dataset/79c99c29-deff-4093-9c55-fde484d20028,1.0,"Oct 1, 2026"
open.canada.ca/data/en/info/40b50513-1356-4211-ae08-53580dbd32fa/resource/5ccfbb4d-5b57-4f71-9cd9-71f7b44a4404,1.0,"Oct 1, 2026"
open.canada.ca/data/en/dataset/00a331db-121b-445d-b119-35dbbe3eedd9/resource/0b297c3b-fe05-4681-8b3c-18c41e13cf2e,1.0,"Oct 1, 2026"
open.canada.ca/data/en/dataset/c6879faf-2bc7-4c84-999c-0626ae33ec84/resource/cfc1e5fc-624f-42a0-ad82-406332a87c45,1.0,"Oct 1, 2026"
open.canada.ca/data/en/dataset/b8996a40-fe7d-4bf7-9ddd-7c7389bdde13,1.0,"Oct 1, 2026"
open.canada.ca/data/en/dataset/c48669a3-045b-400d-b730-48aafe8c5ee6/resource/56533b00-8b2e-37a0-9de0-f29f7ee06a55,1.0,"Oct 1, 2026"
open.canada.ca/data/en/dataset/5d725484-a008-4c53-a0be-33798b69518d/resource/14121980-6a1d-42ec-a7cc-1e6a686d1563,1.0,"Oct 1, 2026"
open.canada.ca/data/en/dataset/0d39fcc6-8dff-4c5b-902f-1752fa44db70/resource/dcb8cc69-3982-452e-96b2-a09fdc013d2c,1.0,"Oct 1, 2026"
open.canada.ca/data/en/dataset/4fe645a1-ffcd-40c1-9385-2c771be956a4/resource/b515f3ce-59a9-4ff8-91be-74799da7126c,1.0,"Oct 1, 2026"
search.open.canada.ca/contracts/download/f37f831e-2592-4460-b81f-6105f2b5ac60,1.0,"Oct 1, 2026"
open.canada.ca/data/en/dataset/d9613096-b2fe-43b4-9be1-d82a3b805082/resource/383b6b45-4a5f-4f23-b5de-5b9cb1b2e6e6,1.0,"Oct 1, 2026"
open.canada.ca/data/en/dataset/cb4911f1-89d8-47f0-92e1-2cbfac3d300b/resource/ea6ac1ad-e40c-486c-885a-e20d4e0bd582,1.0,"Oct 1, 2026"
open.canada.ca/data/en/dataset/ce080147-db9d-4b42-8ca2-2e64b970a433/resource/917e5fbd-fd80-4fbd-94e1-9d9df596f42b,1.0,"Oct 1, 2026"
open.canada.ca/data/en/dataset/5a0c9cbb-e0d3-47db-b5bc-dd57430ef200/resource/f4c9421e-8b85-407d-8cd7-4b66ae5ff969,1.0,"Oct 1, 2026"
open.canada.ca/data/en/dataset/77381606-95c0-411a-a7cd-eba5d038c1c4/resource/1564dd36-c934-4393-b9b6-db3356da3ea0,1.0,"Oct 1, 2026"
ouvert.canada.ca/data/fr/dataset/a56dfef1-ad07-4b21-9ef7-24a0c553a085,1.0,"Oct 1, 2026"
ouvert.canada.ca/data/fr/dataset/90115b00-f9b8-49e8-afa3-b4cff8facaee/resource/b663a97c-61d4-4e17-af51-0cba01ef3a44,1.0,"Oct 1, 2026"
open.canada.ca/data/en/dataset/c48669a3-045b-400d-b730-48aafe8c5ee6/resource/0b7be44d-4a33-3372-87b5-d823e01b6fc1,1.0,"Oct 1, 2026"
open.canada.ca/data/en/dataset/10ce43bd-fb58-4969-806b-4bffebc87bec/resource/594cabeb-ebb8-4bfd-80a3-fa1c0bdb64f3,1.0,"Oct 1, 2026"
open.canada.ca/data/en/dataset/49063a4b-549a-40e3-8349-412283f2a5e7/resource/0f1cc536-4670-4d1f-8a97-6a56940b8348,1.0,"Oct 1, 2026"
open.canada.ca/data/en/dataset/b1e7c9a9-a34a-457c-8671-bae4529749fb/resource/7c284041-4379-4a82-8f37-3b9078c03102,1.0,"Oct 1, 2026"
open.canada.ca/data/en/dataset/76defa14-473e-41e2-abfa-60021c4d934b,1.0,"Oct 1, 2026"
open.canada.ca/data/en/dataset/522d1b67-30d8-4a34-9b62-5da99b1035e6/resource/892aa864-9e19-3a7c-ae44-8e485157f1a9,1.0,"Oct 1, 2026"
open.canada.ca/data/en/dataset/eaeb269c-6ac5-4429-a5aa-1fcc07c77933/resource/15b71b6c-26f9-4f7b-99b7-90adeb495479,1.0,"Oct 1, 2026"
open.canada.ca/data/en/dataset/1a8b5498-cb94-49c6-851f-d8f78e701910/resource/6269d1bc-f4be-45b1-a8b9-7bbced189854,1.0,"Oct 1, 2026"
open.canada.ca/data/en/dataset/be3bcf7c-64f5-9c6f-84d4-18bdad897ea7/resource/b90c05be-b6a4-4339-9449-1ff7c3f0d9b8,1.0,"Oct 1, 2026"
open.canada.ca/data/en/dataset/6e47f705-71ed-41f0-8fd5-d1a8508a3b63/resource/ac04e37f-54b4-4c27-874f-0eda1bf87ff4,1.0,"Oct 1, 2026"
open.canada.ca/data/en/dataset/c9336648-098a-4984-b0cb-be65b951cadd/resource/535b568b-740d-4550-bc87-ad9123c68c13,1.0,"Oct 1, 2026"
open.canada.ca/data/en/dataset/d5614095-e77a-4cb4-a5e6-9f8bff067c9f,1.0,"Oct 1, 2026"
open.canada.ca/data/en/dataset/ecc29fa2-e235-4974-a86d-38da36e6238b,1.0,"Oct 1, 2026"
open.canada.ca/data/en/dataset/861f4388-feb8-4a9f-8b99-5701a0867e72/resource/bd118955-bdc1-42ac-9a83-a5141c0cbaa8,1.0,"Oct 1, 2026"
open.canada.ca/data/en/dataset/e20b9ad7-f4e0-4c8c-9792-960f6a1e7e51,1.0,"Oct 1, 2026"
search.open.canada.ca/grants/download/3acc3bb9-30a4-4c4a-9b30-0141602cf0af,1.0,"Oct 1, 2026"
open.canada.ca/data/en/dataset/4f1c44a6-1ecf-4da7-a1da-058b1ff9ce06/resource/6439cc6a-3e2d-4eca-8246-c5ca2dd35a69,1.0,"Oct 1, 2026"
open.canada.ca/data/en/dataset/a1acb126-9ce8-40a9-b889-5da2b1dd20cb,1.0,"Oct 1, 2026"
open.canada.ca/data/en/dataset/d97222a5-8eae-4b5b-9175-0fa649ccabef,1.0,"Oct 1, 2026"
open.canada.ca/data/en/dataset/e338ea7c-33b9-4fa1-bb30-f11afccff3ad/resource/b2d79362-6165-4e0b-bc29-fccec4f2b354,1.0,"Oct 1, 2026"
open.canada.ca/data/en/dataset/c09bf36c-de88-4ba3-8691-8eab4852c253/resource/a73e3e04-5508-4acd-976b-c24819394da8,1.0,"Oct 1, 2026"
ouvert.canada.ca/data/fr/dataset/11345e77-f6ab-4a10-9c53-06a874135b07,1.0,"Oct 1, 2026"
open.canada.ca/data/en/dataset/9a4914a5-43bb-521d-9a4d-0f3a2e025a20,1.0,"Oct 1, 2026"
open.canada.ca/data/en/dataset/3cc03bbf-d59f-4812-996e-ddc52e0ba99e,1.0,"Oct 1, 2026"
ouvert.canada.ca/data/dataset/aeb68042-2d0a-4c55-8c09-2c700b74a812,1.0,"Oct 1, 2026"
open.canada.ca/data/en/dataset/c4c5c7f1-bfa6-4ff6-b4a0-c164cb2060f7/resource/3c911562-c541-463f-8cd4-490182cd57f9,1.0,"Oct 1, 2026"
open.canada.ca/data/en/dataset/aa96b78c-7503-ea37-f39c-ce8a7642f287/resource/54a9d7c0-ccad-430b-a69d-a5c06d432a61,1.0,"Oct 1, 2026"
open.canada.ca/data/en/dataset/70361e7b-2452-abcb-56f7-52120a0c95c0/resource/dcf18d84-4e2e-47ae-a1aa-6ebbd4617d3f,1.0,"Oct 1, 2026"
open.canada.ca/data/en/dataset/82060f8c-c0d5-4db5-ac41-85b0a12c7cf1/resource/9b955c06-84a0-4147-852f-bef4fe1f4109,1.0,"Oct 1, 2026"
open.canada.ca/data/en/info/791de1ec-7fc8-48f1-a4e4-8bbaebc67080/resource/a709204d-5d3f-4f35-8414-a567b37ec872,1.0,"Oct 1, 2026"
open.canada.ca/data/en/dataset/7ef53626-3425-5fc8-9828-fcd5314bf1dd,1.0,"Oct 1, 2026"
open.canada.ca/data/en/dataset/dc343c43-a592-4a27-8ee7-c77df56afb34/resource/c03f84b6-3667-4147-ac18-e4dd0f6fa254,1.0,"Oct 1, 2026"
open.canada.ca/data/en/dataset/6a679258-5a4f-4c99-bd39-d507f9567790/resource/e6b0e6a9-7e94-474d-8b5a-1f224c2837d6,1.0,"Oct 1, 2026"
open.canada.ca/data/en/dataset/90fed587-1364-4f33-a9ee-208181dc0b97/resource/dd627095-614a-45df-a7ef-df0a4a46a812,1.0,"Oct 1, 2026"
open.canada.ca/data/en/dataset/348504f1-43a6-4e0c-aee5-fc470b1dc888/resource/f97774f2-434a-4dfd-ac8a-235a596af43b,1.0,"Oct 1, 2026"
open.canada.ca/data/en/dataset/cb1e3aba-d3fe-4de1-a2d4-b8b6650fb1f6,1.0,"Oct 1, 2026"
open.canada.ca/data/en/dataset/aeb3c201-a21d-44ee-b1ba-a148d4318516/resource/354fc956-46d7-4294-803b-4302876dd603,1.0,"Oct 1, 2026"
open.canada.ca/data/en/dataset/1efcd118-a3df-4cd0-86ae-e4233386b0c6/resource/703b521b-6558-46cf-a9d6-09a81f72a2af,1.0,"Oct 1, 2026"
open.canada.ca/data/en/dataset/c21d6f1d-14e5-46f6-9885-8c7baabcdaa1/resource/a61f7084-4a12-4737-8a5c-1849c6b9d59a,1.0,"Oct 1, 2026"
open.canada.ca/data/en/info/791de1ec-7fc8-48f1-a4e4-8bbaebc67080/resource/1dd712ce-8e1f-482f-8b50-d585ca8438ea,1.0,"Oct 1, 2026"
open.canada.ca/data/en/dataset/1a8b5498-cb94-49c6-851f-d8f78e701910/resource/1e98659b-166d-414f-9a75-e1ed8259c360,1.0,"Oct 1, 2026"
open.canada.ca/data/en/dataset/746709f1-c729-44a1-ba84-7be5eadd3664/resource/cc792c91-6d97-49cd-ac9f-005aad997637,1.0,"Oct 1, 2026"
open.canada.ca/data/en/dataset/342954dc-cacd-4ee9-9cc2-96d389050ad9,1.0,"Oct 1, 2026"
open.canada.ca/data/en/dataset/91ed76b4-a1a2-4f87-9c4c-59cd64f7a9de/resource/1f86e088-7d29-49c2-94de-ddbfe6559725,1.0,"Oct 1, 2026"
open.canada.ca/data/en/dataset/8d753a30-8ddd-4f09-a70f-b8118ee74a8a/resource/8e8be4f8-d908-48ad-8093-d9cea190baba,1.0,"Oct 1, 2026"
open.canada.ca/data/en/dataset/7cb284d7-27a4-456d-8bde-a64f4014082d,1.0,"Oct 1, 2026"
open.canada.ca/data/en/dataset/f242b881-75e3-40bb-a148-63410b4ce2af/resource/46291d30-a533-42d1-b66a-35c44c4c48d1,1.0,"Oct 1, 2026"
open.canada.ca/data/en/dataset/273e0c22-21b6-4065-9223-40167c56a5aa/resource/3ffd9eab-5c2d-4ca4-ade0-57dbf3300e3c,1.0,"Oct 1, 2026"
open.canada.ca/data/en/dataset/1bef4453-1dab-4f2a-bc63-2b3df318d47c,1.0,"Oct 1, 2026"
open.canada.ca/data/en/dataset/fbad665e-8ac9-4635-9f84-e4fd53a6253c/resource/b864fb4c-e8d7-4f2d-8733-5a680a5b3ef9,1.0,"Oct 1, 2026"
ouvert.canada.ca/data/fr/dataset/52cfa00c-0398-46a1-84a6-a208487cde5f,1.0,"Oct 1, 2026"
search.open.canada.ca/grants/download/207d03b7-d74c-4977-b7dd-91343b891924,1.0,"Oct 1, 2026"
open.canada.ca/data/en/dataset/9d3f2393-edce-4110-9624-df29a173df28/resource/f4426e17-8a27-43c1-9673-af173ff39dbc,1.0,"Oct 1, 2026"
open.canada.ca/data/en/dataset/d5fa627d-4238-4277-94cd-05acceec1944/resource/b37920d7-72b1-4a10-8212-02eb924e5ecb,1.0,"Oct 1, 2026"
open.canada.ca/data/en/dataset/90fed587-1364-4f33-a9ee-208181dc0b97/resource/8da7aa91-8df9-469e-9120-87ddf12c9944,1.0,"Oct 1, 2026"
open.canada.ca/data/en/dataset/3ac0d080-6149-499a-8b06-7ce5f00ec56c/resource/8736cd7e-9bf9-4a45-9eee-a6cb3c43c07e,1.0,"Oct 1, 2026"
open.canada.ca/data/en/dataset/712723bb-daa5-4ded-a21e-26f3b4005330/resource/bb45a1eb-4295-453e-b71e-4095537a9a97,1.0,"Oct 1, 2026"
open.canada.ca/data/en/dataset/5f46f0c0-277f-479c-b34d-a1385f0fe88b,1.0,"Oct 1, 2026"
open.canada.ca/data/en/dataset/fa806ccd-6735-42e0-ad81-1f19cbfde560,1.0,"Oct 1, 2026"
open.canada.ca/data/en/dataset/032c3eeb-a6c0-4fc5-93ea-d67fcb2037a7/resource/1ae7ec27-c4bd-487e-972e-f698eb8797a4,1.0,"Oct 1, 2026"
open.canada.ca/data/en/dataset/13564ca4-e330-40a5-9521-bfb1be767147/resource/9c86eae1-8ef4-4d2e-aa9c-ef058741257a,1.0,"Oct 1, 2026"
open.canada.ca/data/en/dataset/3f273148-3aaf-4194-b846-04fbf524e476,1.0,"Oct 1, 2026"
open.canada.ca/data/en/dataset/b7d5f4db-6e1e-49e4-8712-d16db93f56a1/resource/2d7d4c7a-6ef4-483c-a5f9-c37704b969fa,1.0,"Oct 1, 2026"
open.canada.ca/data/en/dataset/a60d7b6e-88b2-4105-95e2-aaf6cc3468cf/resource/417d5110-e159-4186-9fb7-9d674c699893,1.0,"Oct 1, 2026"
open.canada.ca/data/en/dataset/c6879faf-2bc7-4c84-999c-0626ae33ec84/resource/b54894dc-44fe-483b-9625-ccd0e630cb4d,1.0,"Oct 1, 2026"
open.canada.ca/data/en/dataset/262451e7-6416-47b5-8453-f31d212ea657/resource/b647e7d0-3f43-48b3-b5ef-6120263e4b4d,1.0,"Oct 1, 2026"
open.canada.ca/data/en/dataset/ab36a4ab-9b69-49b1-8be6-6faa3f0d0c67/resource/c5e45e15-95f9-47ba-a99a-8329555da1e5,1.0,"Oct 1, 2026"
open.canada.ca/data/en/dataset/261c32ab-4cfd-4f81-9dea-7b64065690dc/resource/39434379-45a1-43d5-aea7-a7a50113c291,1.0,"Oct 1, 2026"
open.canada.ca/data/en/dataset/7336362a-6693-44e8-a305-9fa79173eea7/resource/c34e74d3-991f-48f4-babe-faf0891ff245,1.0,"Oct 1, 2026"
open.canada.ca/data/en/dataset/cbb9182b-df94-4ae6-8a85-b75a34b2f990/resource/8cfd6ba9-ffa2-45f3-bb24-73e65e116c4b,1.0,"Oct 1, 2026"
open.canada.ca/data/en/dataset/360024f2-17e9-4558-bfc1-3616485d65b9/resource/cd45aa67-6d0d-46e9-948b-46c36cb1d2b4,1.0,"Oct 1, 2026"
open.canada.ca/data/en/dataset/d194c6fc-ddf0-4913-a4e4-eb7144914e52,1.0,"Oct 1, 2026"
open.canada.ca/data/en/dataset/3e0a7b9e-a5e9-4131-bde4-ac685a1f1a38/resource/4011c9fc-9d71-4d84-8d76-2cb651c7814c,1.0,"Oct 1, 2026"
open.canada.ca/data/en/dataset/f7e5498e-0ad8-4417-85c9-9b8aff9b9eda/resource/d3821cd3-4dcf-4fe3-acc1-ebaef490a8b3,1.0,"Oct 1, 2026"
open.canada.ca/data/dataset/9107a8ca-dfe1-46b2-98b4-d9a62da24e59/resource/db31f969-bc9f-4fbe-a001-1b5c3056a1fd,1.0,"Oct 1, 2026"
open.canada.ca/en/rss-feeds,1.0,"Oct 1, 2026"
open.canada.ca/data/en/dataset/13564ca4-e330-40a5-9521-bfb1be767147/resource/b38acdbe-6c1d-4350-81db-99ba19cb53d9,1.0,"Oct 1, 2026"
open.canada.ca/data/en/dataset/6373464c-86c4-46eb-96f7-a58965fe61d2,1.0,"Oct 1, 2026"
open.canada.ca/data/en/dataset/14d93d62-16bf-48da-ae4f-4be21a32e2ad/resource/0c722b4b-8148-4d88-a749-9bf2a620bbf6,1.0,"Oct 1, 2026"
ouvert.canada.ca/data/fr/dataset/80c00cdb-1358-415c-bb8b-0de7f12675b8/resource/694fdc72-eae4-4ee0-83eb-832ab7b230e3,1.0,"Oct 1, 2026"
open.canada.ca/data/en/dataset/d37f8531-7b99-44e0-bfd2-92ad92e0d7cc,1.0,"Oct 1, 2026"
open.canada.ca/data/en/dataset/f824a22b-78c1-4107-ae70-e38209e3f821/resource/401fcabf-761e-4802-ac76-3280f8080128,1.0,"Oct 1, 2026"
ouvert.canada.ca/data/fr/dataset/d0f54727-6c0b-4e5a-aa04-ea1463cf9f4c/resource/594a421b-e1d2-4cf2-b71c-ac7689338f25,1.0,"Oct 1, 2026"
open.canada.ca/data/en/dataset/7a5cda52-c7df-427f-9ced-26f19a8a64d6,1.0,"Oct 1, 2026"
open.canada.ca/data/en/dataset/90fed587-1364-4f33-a9ee-208181dc0b97/resource/56aba012-5b4a-4628-8398-b0d433a6d08f,1.0,"Oct 1, 2026"
open.canada.ca/data/en/dataset/29892c85-2ff5-484c-873c-f494ffba6e1b/resource/192fa2e2-7401-4b20-8b94-be9c21c6a7ee,1.0,"Oct 1, 2026"
open.canada.ca/data/dataset/2c941f86-146b-4c99-9241-97ef466fff5e/resource/ff8956c4-070d-40cc-96ec-2324831eba30,1.0,"Oct 1, 2026"
open.canada.ca/data/en/dataset/c088f841-2d79-4c7e-9281-cc65cbae1b06/resource/895872b9-390d-42d9-a795-f9f4f79ff52a,1.0,"Oct 1, 2026"
open.canada.ca/data/en/dataset/e7e53246-fe7e-4219-9c7c-b022a035da8f,1.0,"Oct 1, 2026"
open.canada.ca/data/en/dataset/d35d85c1-ae76-4f83-96f4-1b6d1c7dee60/resource/3e36344b-7e29-4012-9d38-8214b4af3f56,1.0,"Oct 1, 2026"
open.canada.ca/data/en/dataset/1d247489-ebc3-457e-87aa-362bee1ae84e,1.0,"Oct 1, 2026"
open.canada.ca/data/dataset/b48e67b9-e195-488b-b404-354fc11148f8/resource/d28b8d2d-8cb8-43a2-9143-cd5ebd273d74,1.0,"Oct 1, 2026"
open.canada.ca/data/en/dataset/26499305-b80b-46e7-a5ed-7f1740fde41e/resource/c4b6712b-4c1f-4038-8ab8-15538b9953eb,1.0,"Oct 1, 2026"
search.open.canada.ca/contracts/download/0a756268-b82e-4e93-938a-4c331aacedb2,1.0,"Oct 1, 2026"
open.canada.ca/data/en/dataset/c1404703-56d5-68b4-255f-d1f3252fa325/resource/b42e108b-a764-4138-9842-9a0cde335415,1.0,"Oct 1, 2026"
open.canada.ca/data/en/dataset/3a060b8f-e662-4a60-b297-3bed859ffc8a/resource/9b975842-ceb0-4f4c-9f23-f0add7f9af77,1.0,"Oct 1, 2026"
open.canada.ca/data/en/dataset/dcd6f7f8-7427-4ad7-9f13-616819e807ae/resource/c4db7473-e530-4dc4-9357-6cc85d948487,1.0,"Oct 1, 2026"
open.canada.ca/data/en/dataset/dc343c43-a592-4a27-8ee7-c77df56afb34/resource/f9a5644f-3766-4ec4-9cc2-64e627d993a7,1.0,"Oct 1, 2026"
open.canada.ca/data/en/dataset/d17b806e-c01f-4dad-b40f-ae5c3dcb7d4c/resource/50258af2-a7bf-4758-b374-710953769f81,1.0,"Oct 1, 2026"
ouvert.canada.ca/data/fr/dataset/5f28e8ba-a1c0-417f-94d2-2344e938f4f4/resource/0728a2ea-0b2b-4e11-bb93-b6381ac22063,1.0,"Oct 1, 2026"
open.canada.ca/data/en/dataset/5a0c9cbb-e0d3-47db-b5bc-dd57430ef200,1.0,"Oct 1, 2026"
open.canada.ca/data/en/dataset/80c75c39-80fe-4fff-8290-49e2b66e07e6,1.0,"Oct 1, 2026"
open.canada.ca/data/dataset/70df12d8-d2e0-4523-b1f7-806fa021facc/resource/6067c555-77eb-42ae-9712-26fa85150081,1.0,"Oct 1, 2026"
open.canada.ca/data/en/dataset/791de1ec-7fc8-48f1-a4e4-8bbaebc67080/resource/5df5c450-561e-4cd3-9f6c-e2bf3fb83fd2,1.0,"Oct 1, 2026"
open.canada.ca/data/en/dataset/4fe645a1-ffcd-40c1-9385-2c771be956a4/resource/27a6e551-6127-4740-990e-04f7b597d327,1.0,"Oct 1, 2026"
open.canada.ca/data/en/dataset/2c02040c-d7c5-4960-8d04-dea01d6d3e9f/resource/511e76d0-4df6-457e-9eba-4f254f7a8b09,1.0,"Oct 1, 2026"
open.canada.ca/data/en/dataset/708992ad-bc24-4d0d-a087-17b7b5fd4d4d/resource/e99d4565-2185-4af7-8cd7-73c681a1aaa4,1.0,"Oct 1, 2026"
open.canada.ca/data/en/dataset/1d28d308-0422-46b7-9676-4cfbdb69757e/resource/1a26b72b-9f94-4a2b-be2c-a352599c1138,1.0,"Oct 1, 2026"
ouvert.canada.ca/data/fr/dataset/ceb1ab5a-7d7c-4491-a2f7-560c47c4e22f,1.0,"Oct 1, 2026"
open.canada.ca/data/en/dataset/98e56d84-011b-484c-8cb4-23c8c3db6ba1/resource/436a3785-c8b8-4a20-b6a2-bcbe68f45bcf,1.0,"Oct 1, 2026"
open.canada.ca/data/en/dataset/36e34a64-52dc-4fa1-9fb8-15cde1f2448f/resource/e5901b20-66b3-47b5-85c6-422790d6bbdc,1.0,"Oct 1, 2026"
open.canada.ca/data/en/dataset/2c30e366-ef2b-400e-8363-0b13e4a7b6f4/resource/90c6d5d7-b95b-4cc0-bc2e-5985e5fef7ce,1.0,"Oct 1, 2026"
open.canada.ca/data/en/dataset/b6cbcf4d-f763-4924-a2fb-8cc4a06e3de4,1.0,"Oct 1, 2026"
open.canada.ca/data/en/dataset/ad32210b-e18b-4a4f-9305-7cea2002b737,1.0,"Oct 1, 2026"
open.canada.ca/data/en/dataset/dee6d758-0297-da7b-8557-15930b67aa9e,1.0,"Oct 1, 2026"
ouvert.canada.ca/data/fr/dataset/d0f54727-6c0b-4e5a-aa04-ea1463cf9f4c/resource/6c6d0d30-4a78-4217-9f24-5846414345a8,1.0,"Oct 1, 2026"
open.canada.ca/data/en/dataset/1a09c5c1-3554-4b70-9e53-6322a72ec7d4/resource/b5e1082e-73ec-4cc4-a585-0d877aff005e,1.0,"Oct 1, 2026"
open.canada.ca/data/en/dataset/3ff1e1de-d665-4398-a12a-e8ce55f887ac/resource/6619e979-6db6-4e02-9674-dc05bf97834c,1.0,"Oct 1, 2026"
ouvert.canada.ca/data/fr/dataset/57b2f16d-364e-4111-bdb8-ad607059b469/resource/73ce22c4-21b4-448e-9090-d22364952365,1.0,"Oct 1, 2026"
open.canada.ca/data/en/dataset/23eb8b56-dac8-4efc-be7c-b8fa11ba62e9,1.0,"Oct 1, 2026"
ouvert.canada.ca/data/fr/dataset/2372e3ba-915f-4dbd-8671-ac0c4a0ec155/resource/135c800e-ca1c-4534-b188-9399f6286a2b,1.0,"Oct 1, 2026"
open.canada.ca/data/en/dataset/d799c202-603d-4e5c-b1eb-d058803f80f9,1.0,"Oct 1, 2026"
open.canada.ca/data/en/dataset/f0d12b41-54dc-4784-ad2b-83dffed2ab84/resource/f11fa61f-9a5b-4b8a-b9ab-280ca332443f,1.0,"Oct 1, 2026"
open.canada.ca/data/en/dataset/ededff77-a021-48d6-89a5-cdbcd75fb4ff,1.0,"Oct 1, 2026"
open.canada.ca/data/en/dataset/c75843c3-1ca7-42cd-b95d-0bee301a981e/resource/c4a02c06-3ef8-4f48-b48a-700aa57b7452,1.0,"Oct 1, 2026"
open.canada.ca/data/dataset/76c6ef9f-1869-4f1d-9cbc-9c26e4d1d4bf,1.0,"Oct 1, 2026"
open.canada.ca/data/info/ac988c2a-ce33-4e8e-bf64-2c052c50892f/resource/caabbfe6-468a-45a7-aa5f-e98d8e6ce711,1.0,"Oct 1, 2026"
ouvert.canada.ca/data/dataset/1c6256d0-c120-4de1-817b-fb291732f8a4/resource/4584e8cc-5357-40c2-b20a-087ac5427e2d,1.0,"Oct 1, 2026"
open.canada.ca/data/en/dataset/c1924513-6bbc-4352-a754-72b084bf7145/resource/54771ace-3dda-4505-90bf-b670acb21591,1.0,"Oct 1, 2026"
open.canada.ca/data/en/dataset/9b34e712-513f-44e9-babf-9df4f7256550/resource/c318fdbd-0463-454c-b4d9-3155dbdc69a5,1.0,"Oct 1, 2026"
open.canada.ca/data/en/dataset/bfbdeb1d-8398-444b-ad78-ab81f9d14e60/resource/a5e1e5db-c471-4300-9bda-e354c6c19fac,1.0,"Oct 1, 2026"
open.canada.ca/data/en/dataset/0bb1fb56-74d0-47f4-b4b3-2b574229416d/resource/c0df89da-0467-4a9c-9c34-64d1c1f1950c,1.0,"Oct 1, 2026"
open.canada.ca/data/en/dataset/f5f2db55-31e4-42fb-8c73-23e1c44de9b2/resource/a9ffc0a8-9714-410f-9b51-3a3da42d8cfe,1.0,"Oct 1, 2026"
open.canada.ca/data/en/dataset/ac259ced-56cb-413b-a51e-61b0eb23f8e5,1.0,"Oct 1, 2026"
open.canada.ca/data/en/dataset/2937a3a0-9282-44ec-9559-df63637015e7,1.0,"Oct 1, 2026"
open.canada.ca/data/en/dataset/c8835c55-47ad-46b7-ab82-2e64e05679ed/resource/2fe9ca77-7922-4805-be63-38cf8c834002,1.0,"Oct 1, 2026"
open.canada.ca/data/dataset/f81ac9fc-fea8-4890-94ff-a9b68426b039,1.0,"Oct 1, 2026"
open.canada.ca/data/en/dataset/d8e4400d-ed77-47c4-bea5-6cd8f23daf34/resource/ec2f917b-d0c4-46c2-9b25-1300351f4ed1,1.0,"Oct 1, 2026"
open.canada.ca/data/en/dataset/0ad6d642-26f5-49ef-8bc7-1928d1bcc1b4/resource/516c9199-d71a-4121-9bd0-f5a994f95d3d,1.0,"Oct 1, 2026"
open.canada.ca/data/en/dataset/fbad665e-8ac9-4635-9f84-e4fd53a6253c/resource/15cb39a0-b591-4947-9e6c-e4d2e12b3346,1.0,"Oct 1, 2026"
open.canada.ca/data/en/dataset/284161c8-911e-4fe4-9da1-1b0e981f00bc/resource/b41ca4ed-65d4-4c17-ba3e-4e249d7ad95e,1.0,"Oct 1, 2026"
open.canada.ca/data/en/dataset/05b3abd0-e70f-4b3b-a9c5-acc436bd15b6/resource/2a7e1d1f-83e8-4ad9-b57b-7506837fcbe5,1.0,"Oct 1, 2026"
open.canada.ca/data/en/dataset/1289e492-d8a0-59d9-ab10-9d7e4ac74e89/resource/77afabb0-797c-4a6c-9ef6-84d3d05d8771,1.0,"Oct 1, 2026"
open.canada.ca/data/en/dataset/db177a8c-5d7d-49eb-8290-31e6a45d786c/resource/c77e1689-e4f7-4d38-8222-db7da1998f8c,1.0,"Oct 1, 2026"
open.canada.ca/data/en/dataset/73111c78-298b-4be9-97f1-7aaa73cab477,1.0,"Oct 1, 2026"
open.canada.ca/data/en/dataset/5b7e41cd-6be6-423f-aed1-0a26a82d75c5/resource/0ca0d125-9a32-4e4a-91d9-75febd5973da,1.0,"Oct 1, 2026"
open.canada.ca/data/en/dataset/3eec3d05-61c1-4bcb-bf22-2d4bd71e2c0d,1.0,"Oct 1, 2026"
ouvert.canada.ca/data/fr/dataset/1211010d-9ba0-422a-9910-a8dab0aef0f0/resource/b0de0a16-6b0a-4a37-a5ee-9de9faab222f,1.0,"Oct 1, 2026"
open.canada.ca/data/en/dataset/b0e112e9-cf53-4e79-8838-23cd98debe5b/resource/2a32dbcb-574c-4731-9a2a-cd01f5449802,1.0,"Oct 1, 2026"
open.canada.ca/data/en/dataset/80c00cdb-1358-415c-bb8b-0de7f12675b8/resource/d3c4db23-284f-49d7-9c86-6d8532f417bd,1.0,"Oct 1, 2026"
open.canada.ca/data/en/dataset/39cdf9b2-6c8b-4a2e-b72d-e7a67786555e,1.0,"Oct 1, 2026"
open.canada.ca/data/en/dataset/f7dac054-efbf-402f-ab62-6fc4b32a619e/resource/ebb292ef-5822-49d7-a84f-28ae8be8ac52,1.0,"Oct 1, 2026"
open.canada.ca/data/en/dataset/1ac00a39-4770-443d-8a6b-9656c06df6a3/resource/7e56d090-25f3-4fdf-8038-2b0d2eebe131,1.0,"Oct 1, 2026"
open.canada.ca/data/en/dataset/9b34e712-513f-44e9-babf-9df4f7256550/resource/07139405-03f0-40f8-8dbc-bc6025fce2ab,1.0,"Oct 1, 2026"
open.canada.ca/data/en/dataset/5278c6d3-f024-4e6b-87d9-60e4f1848a0b,1.0,"Oct 1, 2026"
open.canada.ca/data/en/dataset/07deee9b-4275-40ab-a0d3-9cd913feed47,1.0,"Oct 1, 2026"
open.canada.ca/data/en/dataset/3f718801-099d-4037-bb0a-1d41ba8aca8b/resource/be8fb51a-5aa1-4fc5-9bb3-40aee274bd33,1.0,"Oct 1, 2026"
open.canada.ca/data/en/dataset/da380caa-ad7f-4bf9-bdc7-9a3d5de1ede7/resource/5252d8b2-9d5b-4ba9-b74e-b8e674b5f9f0,1.0,"Oct 1, 2026"
open.canada.ca/data/en/dataset/86e2e0c7-150b-4a2b-b90c-ebc62f26f8a2/resource/814222a6-371b-46b5-8aba-264094d20cca,1.0,"Oct 1, 2026"
open.canada.ca/data/en/dataset/8226da92-efa5-4142-b5e4-2d055b0bd7ce/resource/c64ce3d8-5217-4227-9362-391f22c4531f,1.0,"Oct 1, 2026"
ouvert.canada.ca/data/fr/dataset/ade8ab19-4929-45ec-8729-b5b8cce7d0b0/resource/ff1a2a5a-c765-42f8-bda4-c1258c284a36,1.0,"Oct 1, 2026"
open.canada.ca/data/en/dataset/e320bfd4-b9f7-4d1b-9f0f-85b49e64eca7/resource/5af342d0-ef8c-4c79-90ac-014290f71a28,1.0,"Oct 1, 2026"
open.canada.ca/data/dataset/2e1b4a35-ac31-4159-b932-90929ef42510/resource/511c1c06-da58-47ef-991d-25cf4b2edce4,1.0,"Oct 1, 2026"
open.canada.ca/data/en/dataset/9797a946-9da8-41ec-8815-f6b276dec7e9/resource/b21d9913-a921-4ec4-8279-79df57fbb6cc,1.0,"Oct 1, 2026"
open.canada.ca/data/en/dataset/23344072-7118-4715-84a9-daf630ec76c8/resource/e05b011e-f782-44ad-913a-971de5730923,1.0,"Oct 1, 2026"
open.canada.ca/data/en/dataset/36f33d8b-8527-48c5-adff-343639ec4b50/resource/b1d65186-1381-4600-a796-a2ef9a857872,1.0,"Oct 1, 2026"
open.canada.ca/data/en/dataset/d320749e-093a-41ea-97ec-0b01c916a5e5/resource/9b636150-295a-41b6-addc-0b1267da44e1,1.0,"Oct 1, 2026"
open.canada.ca/data/en/dataset/4188dacc-07c5-f72c-cfb1-cd505fcd4eb4/resource/36f1efde-12a5-4980-bc53-3e1e4db4cfe8,1.0,"Oct 1, 2026"
open.canada.ca/data/en/dataset/51490d9d-e071-4644-8b86-a351d1a48399,1.0,"Oct 1, 2026"
open.canada.ca/data/en/dataset/432527ab-7aac-45b5-81d6-7597107a7013/resource/d9fee653-1090-444d-9854-b0b44d90a7c7,1.0,"Oct 1, 2026"
open.canada.ca/data/en/dataset/7ca30e18-619a-457a-8ee2-b9cc78938cad/resource/17049e44-3674-4ebb-8205-0af5c9d8df8a,1.0,"Oct 1, 2026"
open.canada.ca/data/en/dataset/56578f58-a775-44ea-9cc5-9bf7c78410e6,1.0,"Oct 1, 2026"
open.canada.ca/data/en/dataset/7803563a-d2e5-47dc-8ad6-984be99609fb/resource/20210a46-5a61-4ade-9d3c-1712ff0de9c7,1.0,"Oct 1, 2026"
open.canada.ca/data/en/dataset/dc86d503-b8c6-4b76-bd4e-e35a24e056db,1.0,"Oct 1, 2026"
open.canada.ca/data/en/dataset/b90d077d-5df7-47b1-90c7-00c323ac25a4/resource/9456a8fc-2d74-49f7-a933-97417462d4a1,1.0,"Oct 1, 2026"
open.canada.ca/data/en/dataset/3d282116-e556-400c-9306-ca1a3cada77f/resource/42c246a7-7ab7-4738-8e05-f3655a131e36,1.0,"Oct 1, 2026"
open.canada.ca/data/en/dataset/b6cbcf4d-f763-4924-a2fb-8cc4a06e3de4/resource/63f3ba24-cb8d-4c27-9c3d-3b53b9a9dfcc,1.0,"Oct 1, 2026"
open.canada.ca/data/en/dataset/ec17a923-e760-49e2-a62e-928e19bb1e33/resource/d73c9b13-fe75-4396-a0d6-182e58bf843e,1.0,"Oct 1, 2026"
open.canada.ca/data/en/dataset/62db20af-4e95-46bd-85c0-7a6460f594a6,1.0,"Oct 1, 2026"
open.canada.ca/data/en/dataset/f869cd9e-c9dd-474c-b967-8363d3ca6062/resource/9ed37d61-e768-4a02-90b6-58418aaa0c4d,1.0,"Oct 1, 2026"
open.canada.ca/data/en/dataset/5ab871c2-d811-4b33-93cc-6bb1683c26d2/resource/59418abd-6474-454f-87fa-1d5df2794660,1.0,"Oct 1, 2026"
ouvert.canada.ca/data/fr/dataset/273b624a-9ed1-46de-9b98-3c49d4b10d24,1.0,"Oct 1, 2026"
open.canada.ca/data/en/dataset/8698de17-dcad-6741-8a18-c9de0b358c69/resource/a51c6848-ee15-4972-b8dd-e1a78caf25f1,1.0,"Oct 1, 2026"
open.canada.ca/data/en/dataset/c1b0f627-8c29-427c-ab73-33968ad9176e/resource/f4c9d4f1-e552-482d-8259-181dad6a3c3f,1.0,"Oct 1, 2026"
open.canada.ca/data/en/dataset/d3881c4c-650d-4070-bf9b-1e00aabf0a1d/resource/d959417e-cbaf-4a91-a6d0-22a1ae03bd71,1.0,"Oct 1, 2026"
ouvert.canada.ca/data/fr/dataset/5f28e8ba-a1c0-417f-94d2-2344e938f4f4,1.0,"Oct 1, 2026"
open.canada.ca/data/en/dataset/23344072-7118-4715-84a9-daf630ec76c8,1.0,"Oct 1, 2026"
open.canada.ca/data/en/dataset/0333e9d8-1c47-43f7-9933-9214cdecb7b4/resource/2f6cdb21-e050-4b0e-a8e7-cc9f4dab2341,1.0,"Oct 1, 2026"
open.canada.ca/data/en/dataset/c4c5c7f1-bfa6-4ff6-b4a0-c164cb2060f7/resource/a79f7297-9b20-427a-be79-d286daa92412,1.0,"Oct 1, 2026"
open.canada.ca/data/en/dataset/5489d54a-9925-44e3-a1a8-b26c1f64e811,1.0,"Oct 1, 2026"
open.canada.ca/data/en/dataset/ba496d14-1c52-4c97-9721-30524d51d623/resource/84902347-e352-4474-a374-2324631f1ff7,1.0,"Oct 1, 2026"
ouvert.canada.ca/data/dataset/a0d45733-d9c2-430c-99b0-4d8b85f5c39d/resource/411ddd35-f7ab-4bd7-a556-8c87be9c3500,1.0,"Oct 1, 2026"
open.canada.ca/data/en/dataset/ef8476ed-b02d-4f5c-b778-0d44c9126144/resource/62e56a18-8097-4d53-a116-59e56e2bdf4d,1.0,"Oct 1, 2026"
open.canada.ca/data/en/dataset/88bd5306-e0a1-46dd-8e02-909931ade592/resource/c66787f7-67fe-4ac6-a5b5-091e95ef893c,1.0,"Oct 1, 2026"
open.canada.ca/data/en/dataset/13564ca4-e330-40a5-9521-bfb1be767147/resource/41f9de36-cf7a-4839-9f7f-970a716b429a,1.0,"Oct 1, 2026"
search.open.canada.ca/grants/download/4a381ea5-551d-4121-b1b2-490f77849aa5,1.0,"Oct 1, 2026"
open.canada.ca/data/en/dataset/7fe162cd-fecd-4aa2-9940-b27baa363c19,1.0,"Oct 1, 2026"
open.canada.ca/data/en/dataset/5b99672b-69ff-5d08-b26b-10da06f8e30c,1.0,"Oct 1, 2026"
open.canada.ca/data/en/dataset/13564ca4-e330-40a5-9521-bfb1be767147/resource/df2850d6-5d89-4299-9fa1-a7459485410b,1.0,"Oct 1, 2026"
open.canada.ca/data/en/dataset/e3c3c580-996a-4668-8bc5-6aa7c7dc4932,1.0,"Oct 1, 2026"
open.canada.ca/data/en/dataset/7ca30e18-619a-457a-8ee2-b9cc78938cad/resource/848322cd-0bb7-4a3a-8a76-09188475e8d1,1.0,"Oct 1, 2026"
open.canada.ca/data/en/dataset/71bfc122-cd4c-4526-92e7-b5bd8572c3ab,1.0,"Oct 1, 2026"
open.canada.ca/data/en/dataset/0866dc7d-e53b-447e-86bd-0b3805e68fcb/resource/3c3ab210-8db4-46df-9356-081861cfab1f,1.0,"Oct 1, 2026"
open.canada.ca/data/en/dataset/14d93d62-16bf-48da-ae4f-4be21a32e2ad/resource/7c70dfaf-c9be-4a57-aac6-b57600596d65,1.0,"Oct 1, 2026"
open.canada.ca/data/en/dataset/73602f89-08fc-435b-880b-691bfbe96123/resource/3a9c8481-b3f9-42b8-8f68-79d995308031,1.0,"Oct 1, 2026"
open.canada.ca/data/en/dataset/ea12fd7f-c27b-4730-8d12-2f3970fd98ee/resource/192358de-fde6-4d36-a49a-234edf18d782,1.0,"Oct 1, 2026"
open.canada.ca/data/en/dataset/53e61c06-cf86-40d5-90b6-86b62d48c281/resource/ffe70772-1894-4d17-aa81-6906e50093c4,1.0,"Oct 1, 2026"
open.canada.ca/data/en/dataset/1eb9eba7-71d1-4b30-9fb1-30cbdab7e63a/resource/1e2a6aa0-c35f-4736-984a-71f2eac1c1dc,1.0,"Oct 1, 2026"
open.canada.ca/data/en/dataset/4f34c561-890f-5468-8682-83f6977edac7/resource/6a22714b-31cc-4f96-90c7-18a8389310e2,1.0,"Oct 1, 2026"
open.canada.ca/data/en/dataset/0e5aeca2-9fc9-4eec-978e-dc30130d35d6,1.0,"Oct 1, 2026"
open.canada.ca/data/en/dataset/dc343c43-a592-4a27-8ee7-c77df56afb34/resource/f80fcb9e-c068-4653-9e92-05355ad5a549,1.0,"Oct 1, 2026"
open.canada.ca/data/en/dataset/16e4fe50-25e6-4e6d-87ba-d14ecba1aae1,1.0,"Oct 1, 2026"
open.canada.ca/data/dataset/8ec4a9df-b76b-4a67-8f93-cdbc2e040098/resource/a1de6faa-cb68-4f47-aa57-efd46bd8f82b,1.0,"Oct 1, 2026"
open.canada.ca/data/en/dataset/522b07b9-78e2-4819-b736-ad9208eb1067/resource/b5a24013-5df8-4a3e-8e7a-f826d24dc274,1.0,"Oct 1, 2026"
open.canada.ca/data/en/dataset/30e31f61-97a8-4e87-a339-87bf6f138428/resource/872cfe42-689a-43b6-ba9d-c1f864aa1b4b,1.0,"Oct 1, 2026"
search.open.canada.ca/grants/download/e34f63ce-0fd1-4a11-8649-bc68bf9a6f8a,1.0,"Oct 1, 2026"
open.canada.ca/data/en/info/d17b806e-c01f-4dad-b40f-ae5c3dcb7d4c/resource/50258af2-a7bf-4758-b374-710953769f81,1.0,"Oct 1, 2026"
ouvert.canada.ca/data/fr/dataset/f7e5498e-0ad8-4417-85c9-9b8aff9b9eda/resource/5582034d-8f89-49d5-8597-483d628078a1,1.0,"Oct 1, 2026"
open.canada.ca/data/en/dataset/e667992c-5f2e-425a-8a44-a880930d82d8,1.0,"Oct 1, 2026"
open.canada.ca/data/en/dataset/adb12ba6-4e55-4e4a-8a63-235c48be7865/resource/f0cf146d-dd3f-4600-b6ff-8e672b9fd812,1.0,"Oct 1, 2026"
open.canada.ca/data/en/dataset/dae13a6b-4646-4d67-9c29-e9bf354d59be/resource/ffded89a-f56c-4b25-91c9-3ac63c963afc,1.0,"Oct 1, 2026"
open.canada.ca/data/en/dataset/d4f80bd3-17e3-a7e8-4bfe-d22a430678d5,1.0,"Oct 1, 2026"
open.canada.ca/data/en/dataset/0e2c73a2-f1d8-4ecb-8606-933207d78dcc/resource/65dd0ea5-5554-428b-9c48-6ca29ec764e8,1.0,"Oct 1, 2026"
open.canada.ca/data/en/dataset/9ca4bf2f-38ff-b81a-0b22-790ea1bb13af/resource/1bb21abd-ff31-4670-a48f-af8672bf9807,1.0,"Oct 1, 2026"
open.canada.ca/data/en/dataset/13564ca4-e330-40a5-9521-bfb1be767147/resource/9de0a2ed-b2df-4a11-8833-c26dcb684c3c,1.0,"Oct 1, 2026"
ouvert.canada.ca/data/fr/dataset/5e5d2750-d129-4952-b9fc-f824c5e480b4/resource/c8a65f7a-4c40-45b3-95c6-5e3ef3296f66,1.0,"Oct 1, 2026"
open.canada.ca/data/en/dataset/50d4dad2-6c8a-5b29-9e27-8baa3ee19a48/resource/c61bf278-2b11-49f9-aae0-70657cd789b9,1.0,"Oct 1, 2026"
open.canada.ca/data/en/dataset/f8f711fa-6b75-4178-a60c-23093c071fc8/resource/170cd732-3c3b-4d83-840b-aa86ae6658d4,1.0,"Oct 1, 2026"
open.canada.ca/data/en/dataset/34e547e9-8e2f-472c-829b-c3c9d2396555/resource/784d7eb2-3c9d-4468-85c3-70fe3c8ba95d,1.0,"Oct 1, 2026"
open.canada.ca/data/en/dataset/b61755fd-824b-469d-b75c-3448e31deb89/resource/ebcda2f7-cd3e-4d79-8911-30f3f365db0f,1.0,"Oct 1, 2026"
open.canada.ca/data/en/dataset/1d946396-cf9a-4fa1-8942-4541063bfba4/resource/0de26c1d-a0b6-4a72-a9ef-3e29c6b8a9cd,1.0,"Oct 1, 2026"
open.canada.ca/data/en/dataset/957782bf-847c-4644-a757-e383c0057995/resource/1468aa2c-b71c-4930-addc-bd80e4554fd6,1.0,"Oct 1, 2026"
ouvert.canada.ca/data/fr/dataset/97c9fa51-fdf4-4485-bf3d-21d40b4fd788,1.0,"Oct 1, 2026"
open.canada.ca/data/dataset/cedb59e4-6f8a-44df-8822-9a134e8bdd5f/resource/c713e3b9-c026-44ab-ac9a-c0b777fe4f10,1.0,"Oct 1, 2026"
open.canada.ca/data/en/dataset/11fd7647-b174-4abe-b81f-fa6d9e6e9546,1.0,"Oct 1, 2026"
open.canada.ca/data/en/dataset/c446f15c-d37b-457c-96c8-380a94b47bda,1.0,"Oct 1, 2026"
open.canada.ca/data/en/dataset/9b34e712-513f-44e9-babf-9df4f7256550/resource/5c8f8ab6-4e1b-4346-a2e2-e55b5e1abbad,1.0,"Oct 1, 2026"
open.canada.ca/data/en/dataset/1e804424-3de3-4ece-ab1b-522115de5449,1.0,"Oct 1, 2026"
search.open.canada.ca/grants/download/eb265afe-3ca4-4aaa-8e4c-6fa8743a6625,1.0,"Oct 1, 2026"
open.canada.ca/data/en/dataset/481d6d4d-a536-4df9-9e9c-7473cd2ed89e/resource/84f6cb7b-e0c8-4618-be17-c3385d60bf72,1.0,"Oct 1, 2026"
ouvert.canada.ca/data/dataset/e42d4c32-3dec-4d73-855f-0fa335006d3d,1.0,"Oct 1, 2026"
open.canada.ca/data/en/dataset/13564ca4-e330-40a5-9521-bfb1be767147/resource/e8e13130-8033-44ae-ae10-6c50521fbb75,1.0,"Oct 1, 2026"
open.canada.ca/data/en/dataset/288b6dc4-16dc-43cc-80a4-2a45b1f93383/resource/3990713d-59df-35bf-97b9-ea4e798207c3,1.0,"Oct 1, 2026"
open.canada.ca/data/en/dataset/c1b0f627-8c29-427c-ab73-33968ad9176e,1.0,"Oct 1, 2026"
open.canada.ca/data/en/dataset/30a513f6-855c-40ea-8e06-ab7b85c7a61a/resource/bc4f50f3-efeb-4154-a64c-6b3a855bc644,1.0,"Oct 1, 2026"
ouvert.canada.ca/data/fr/dataset/a8120804-6655-4904-baf2-c45b977f9db9/resource/1956fe7a-dcc8-4959-9d91-456afbf124dc,1.0,"Oct 1, 2026"
open.canada.ca/data/en/dataset/be36f85e-e419-4978-9c34-cb5795622595/resource/3e8e8b7b-7a5a-4abb-891f-74c5ed87dab0,1.0,"Oct 1, 2026"
open.canada.ca/data/en/dataset/dfa4daf1-669e-4514-82cd-982f27707ed0/resource/807c638f-10e7-4c79-b756-677d3af7265c,1.0,"Oct 1, 2026"
open.canada.ca/data/en/dataset/8e4fbdda-f73e-4c49-b0f3-79b86d4a81fb,1.0,"Oct 1, 2026"
ouvert.canada.ca/data/fr/dataset/1c3d15f9-9cfa-4010-8462-0d67e493d9b9/resource/25a85034-72db-4878-8086-6c3b510b603a,1.0,"Oct 1, 2026"
open.canada.ca/data/en/dataset/e547539b-7fc6-4879-be54-3d1f80ac9e9e,1.0,"Oct 1, 2026"
open.canada.ca/data/en/dataset/1ac00a39-4770-443d-8a6b-9656c06df6a3/resource/821d6d10-d03b-43f3-8c49-5cb2a103ff1b,1.0,"Oct 1, 2026"
open.canada.ca/data/en/dataset/6609320b-ac9e-4737-8e9c-304e6e843c17/resource/6aadeaf0-a942-4989-aaa3-f75ef4e6b88a,1.0,"Oct 1, 2026"
open.canada.ca/data/en/dataset/a68c6586-8ab0-4e76-b54e-cbdbd6183c2a/resource/4f2bae80-7f02-4f3b-9f1c-02a0ac4b9554,1.0,"Oct 1, 2026"
open.canada.ca/data/en/dataset/d412e6d0-879d-4632-baed-9b8cb25a94b7,1.0,"Oct 1, 2026"
ouvert.canada.ca/data/fr/dataset/b545fe25-5cf5-4488-9923-b5c2ebeeb8cc/resource/0d92184e-a41d-4060-8270-691b13793f8c,1.0,"Oct 1, 2026"
open.canada.ca/data/en/dataset/88bd5306-e0a1-46dd-8e02-909931ade592/resource/2c4492e4-d555-4ba4-9222-575aec94011e,1.0,"Oct 1, 2026"
open.canada.ca/data/en/dataset/089885f9-ed53-44e6-854a-14d21a1ec2e0/resource/6d398055-97e1-4b42-8014-f6eb749d59fc,1.0,"Oct 1, 2026"
open.canada.ca/data/en/dataset/ce864400-7577-5c81-86bb-4e0fb42bac24/resource/095701c9-128a-4fee-b7b8-d437a573b1a7,1.0,"Oct 1, 2026"
open.canada.ca/data/en/dataset/0d856434-39e2-45ff-a974-cbcf94e45e91,1.0,"Oct 1, 2026"
open.canada.ca/data/en/dataset/d2d6057f-d7c4-45d9-9fd9-0a58370577e0/resource/d9d7a59e-d291-478c-8cdc-4b83926b739c,1.0,"Oct 1, 2026"
open.canada.ca/data/en/dataset/d9391250-c2fa-47ed-9216-aa38eb449aaf/resource/a823d651-0d66-4711-9828-e5060c15043e,1.0,"Oct 1, 2026"
open.canada.ca/data/en/dataset/85eb895e-6c61-48e4-ad8e-40b9570f8377/resource/9c51897b-7ff0-43b9-a0b3-546be3479900,1.0,"Oct 1, 2026"
open.canada.ca/data/en/dataset/06e57002-0e06-53d0-be90-639df73a0d39,1.0,"Oct 1, 2026"
open.canada.ca/data/en/dataset/b6567c5c-8339-4055-99fa-63f92114d9e4/resource/05e3ef75-6710-4e5b-bb36-506904265b74,1.0,"Oct 1, 2026"
open.canada.ca/data/en/dataset/432527ab-7aac-45b5-81d6-7597107a7013,1.0,"Oct 1, 2026"
ouvert.canada.ca/data/fr/dataset/e1f949c8-4bd5-454f-bb33-b6fe10a433de/resource/0737bde7-4e6d-43d3-9981-baf40f696239,1.0,"Oct 1, 2026"
open.canada.ca/data/en/dataset/8dd4fd2c-fcf7-5494-b05b-de2f668aca7d/resource/a15448c3-35c5-458c-966a-8902f8f4a7ca,1.0,"Oct 1, 2026"
open.canada.ca/data/en/dataset/ed4d48f3-750f-4eeb-93f9-cb62be138264,1.0,"Oct 1, 2026"
open.canada.ca/data/en/dataset/e30dc044-5f75-4f33-b63e-6326f8769bea/resource/ea9ece4f-95d0-4a6f-baaa-9b1c71d873c2,1.0,"Oct 1, 2026"
open.canada.ca/data/en/dataset/0e2a7d83-237c-4dab-a8a1-6a6923762bb3,1.0,"Oct 1, 2026"
open.canada.ca/data/en/dataset/e21f150d-73cd-4a89-a47c-f320aae19793/resource/f1c2d02b-561b-4bcc-8a8c-0c1bd0f214bd,1.0,"Oct 1, 2026"
open.canada.ca/data/en/dataset/1bef4453-1dab-4f2a-bc63-2b3df318d47c/resource/d4135c00-d72b-457a-a822-88eb03277e93,1.0,"Oct 1, 2026"
open.canada.ca/data/en/dataset/de3dfe1d-cf7f-4cb4-8cb6-8c8d9540347e/resource/3a5d175f-b598-4f3a-8379-004dd7b08f7b,1.0,"Oct 1, 2026"
open.canada.ca/data/en/dataset/58ad2e9b-bf2b-4b81-b874-27accd1e47a9/resource/c24c13a9-7288-4dbc-9373-102369df17bf,1.0,"Oct 1, 2026"
open.canada.ca/data/en/dataset/1c949987-310c-4bd8-adaa-a9268332e4c0,1.0,"Oct 1, 2026"
open.canada.ca/data/en/dataset/9e11e114-ef0d-4814-8d93-24af23716489,1.0,"Oct 1, 2026"
open.canada.ca/data/en/dataset/71c930b9-563a-46da-a10f-ead49ccbc390/resource/0514ab21-73d6-47cf-873f-b209be798bae,1.0,"Oct 1, 2026"
open.canada.ca/data/en/dataset/8766bf91-d14c-423b-a5d1-ac47f5b4dd22/resource/2c7fd358-5262-446e-9ddf-980252552e76,1.0,"Oct 1, 2026"
open.canada.ca/data/en/dataset/0e5aeca2-9fc9-4eec-978e-dc30130d35d6/resource/4b3b1383-3cf3-4779-95d4-8d24d6b0c8b1,1.0,"Oct 1, 2026"
ouvert.canada.ca/data/fr/dataset/1feee3b5-8068-4dbb-b361-180875837593/resource/8646b3c4-ba95-47c1-a615-fd44467e838c,1.0,"Oct 1, 2026"
search.open.canada.ca/grants/download/88877605-313d-4d41-82c9-c41fb59f20bf,1.0,"Oct 1, 2026"
open.canada.ca/data/en/dataset/f824a22b-78c1-4107-ae70-e38209e3f821/resource/55097912-3325-4e05-b052-e8f09aae4d5a,1.0,"Oct 1, 2026"
open.canada.ca/data/en/info/4d7f5e32-fa0b-452a-9baa-cbe85c235e34/resource/aa14d8ca-d66f-4849-876e-0d87ade290d5,1.0,"Oct 1, 2026"
open.canada.ca/data/en/dataset/9c3fe17c-91af-4284-bcdc-5e9841abc4d7/resource/be8a8196-1b20-4cdb-abc6-ffdc6d44b671,1.0,"Oct 1, 2026"
ouvert.canada.ca/data/fr/dataset/8be6dc73-2d2a-4736-a0dd-ee24dbbab0f6/resource/e8f6ead1-06cb-4341-888e-39e7fcaa3c21,1.0,"Oct 1, 2026"
open.canada.ca/data/en/dataset/f7e5498e-0ad8-4417-85c9-9b8aff9b9eda/resource/0f1e6cce-a2e3-4ded-92ca-47d3c7e55128,1.0,"Oct 1, 2026"
open.canada.ca/data/en/dataset/139f99f9-560e-4edc-9807-8bb6934978e2/resource/bbf20e2f-7e1a-4bb7-9ec5-094131db24cd,1.0,"Oct 1, 2026"
open.canada.ca/data/en/dataset/588a270e-843e-4558-8c81-d9029948d970,1.0,"Oct 1, 2026"
open.canada.ca/data/en/dataset/4fe645a1-ffcd-40c1-9385-2c771be956a4/resource/a8c45848-0e2d-42ae-9913-b619dd85cef3,1.0,"Oct 1, 2026"
open.canada.ca/data/en/dataset/0b8c1d10-0a30-4997-9c3f-16ddb0167a19/resource/deba12c7-8f06-42ff-bbe6-1a7537890ac5,1.0,"Oct 1, 2026"
open.canada.ca/data/en/dataset/faba93b8-b9d4-4181-94cd-44c33a0388e2/resource/a05d59ad-5412-4d28-a9b0-ac1900f42686,1.0,"Oct 1, 2026"
open.canada.ca/data/en/dataset/06d31e10-a2a8-4d53-9ff3-567714a0a9f3/resource/9bebd486-d169-4065-bd63-f8a7d499d26a,1.0,"Oct 1, 2026"
ouvert.canada.ca/data/fr/dataset/5fc62685-07ac-5c6f-96d2-b3611eb391d2,1.0,"Oct 1, 2026"
open.canada.ca/data/en/dataset/000fe5aa-1d77-42d1-bfe7-458c51dacfef/resource/2b5853e4-41b4-4858-86dd-38012e30d5b8,1.0,"Oct 1, 2026"
search.open.canada.ca/contracts/download/bb67131b-e779-4c2c-98a8-e288c48eefef,1.0,"Oct 1, 2026"
open.canada.ca/data/en/dataset/75a954ee-8fb8-a70b-0d70-0a2e788e5c66,1.0,"Oct 1, 2026"
open.canada.ca/data/en/dataset/f83f252c-bb16-439d-8441-5a4157b924fd,1.0,"Oct 1, 2026"
open.canada.ca/data/en/dataset/b6f72139-693b-4a83-b0e2-761546e63ea3,1.0,"Oct 1, 2026"
ouvert.canada.ca/data/fr/dataset/96f35825-78b1-447d-85ad-82d492221325/resource/36c387fc-17ff-4c17-b2f7-107561d5bfc6,1.0,"Oct 1, 2026"
ouvert.canada.ca/data/fr/dataset/d9564fe0-6d50-4f89-b12e-47a461e1f68e/resource/b2667976-f8b1-4365-adca-bbac60e9adc2,1.0,"Oct 1, 2026"
open.canada.ca/data/en/dataset/eac8e835-e7c8-450d-96b0-ff42d416c815/resource/1b7977c8-ed84-4e5f-8e35-42aadcee773c,1.0,"Oct 1, 2026"
open.canada.ca/data/en/dataset/4ad6baea-4d2c-460f-a8bf-5d000db498f7/resource/ea8069aa-4a70-464a-8944-3be91315140d,1.0,"Oct 1, 2026"
open.canada.ca/data/en/dataset/85875487-b669-4c4d-849c-ef76cfa27392,1.0,"Oct 1, 2026"
search.open.canada.ca/data/download/d0494532-07cb-4e35-bb74-2092da9707cb,1.0,"Oct 1, 2026"
open.canada.ca/data/en/dataset/905c9b91-a769-4e64-abff-2e6d20c7c83f,1.0,"Oct 1, 2026"
ouvert.canada.ca/data/fr/dataset/1b6139bd-ed7e-4043-bc28-ff00e10f3109/resource/e1ffee62-58cb-4e3e-b359-115c658388ad,1.0,"Oct 1, 2026"
search.open.canada.ca/data/download/29f8ebd6-fe62-4088-9841-36c7441d0b15,1.0,"Oct 1, 2026"
open.canada.ca/data/en/dataset/f0d8b4ba-0616-4ad2-baa3-6a3e9b7cd711/resource/87070057-455c-4a1c-aff5-5a5f26f2b715,1.0,"Oct 1, 2026"
ouvert.canada.ca/data/fr/dataset/061c8cb7-ca4e-45be-a990-61fce7e7d2dc/resource/bc193c6c-7ac3-4923-b088-120cb78c2eff,1.0,"Oct 1, 2026"
open.canada.ca/data/dataset/ee58d42b-38ab-9cdb-06ef-39248853bfd3/resource/d270380b-857c-4e95-90f4-0508dd6b6577,1.0,"Oct 1, 2026"
open.canada.ca/data/en/dataset/29892c85-2ff5-484c-873c-f494ffba6e1b/resource/b044b16f-f371-4631-87fc-0568d0a502d1,1.0,"Oct 1, 2026"
open.canada.ca/data/en/dataset/91f66001-b461-4f63-aff4-cddc0fe30ffe/resource/90fa0ef9-23e3-42fe-8192-3a8b90690bd8,1.0,"Oct 1, 2026"
open.canada.ca/data/en/dataset/67b44816-9764-4609-ace1-68dc1764e9ea/resource/f0764a02-ac13-43be-b0d7-d54b0cc6f104,1.0,"Oct 1, 2026"
open.canada.ca/data/en/dataset/2909a648-5753-4924-878a-b069392d9cde/resource/7ebf7669-e717-4391-a072-6037f1ecff9a,1.0,"Oct 1, 2026"
open.canada.ca/data/en/dataset/d873f354-1d68-4d2d-aec0-b06f0948edc1/resource/286cb3c8-e0f5-4d08-b9b0-9377b331f1ca,1.0,"Oct 1, 2026"
open.canada.ca/data/en/dataset/ec690886-687d-4d59-9b1b-51311435d344/resource/a28f6a51-e7e2-4fa0-80c5-f2c87529ac24,1.0,"Oct 1, 2026"
open.canada.ca/data/en/dataset/4233281b-2060-477b-a2ba-90f6435a6e05,1.0,"Oct 1, 2026"
open.canada.ca/data/en/dataset/dcfd4a3e-22bd-1e6d-9b1c-7e5979a4646e,1.0,"Oct 1, 2026"
open.canada.ca/data/dataset/2909a648-5753-4924-878a-b069392d9cde/resource/a7143637-0f1e-484e-abe5-9f9dd955f88c,1.0,"Oct 1, 2026"
open.canada.ca/data/en/dataset/80298f8d-b23e-4f29-9f03-661a95949d0f,1.0,"Oct 1, 2026"
open.canada.ca/data/en/dataset/f0d12b41-54dc-4784-ad2b-83dffed2ab84/resource/33a658fe-3d05-4344-af2b-f462d5c1e6b7,1.0,"Oct 1, 2026"
open.canada.ca/data/en/dataset/59cb688a-7c99-4c6a-81d3-560b49b67786,1.0,"Oct 1, 2026"
open.canada.ca/data/en/dataset/cbc8f4a5-b3a2-4c0f-8a8d-318200108ac2,1.0,"Oct 1, 2026"
open.canada.ca/data/en/dataset/f2d9985b-7195-4a12-8f6c-4efc9adca8d1/resource/b39fe6a2-f762-465a-b6ae-a095f0d81aef,1.0,"Oct 1, 2026"
open.canada.ca/data/en/dataset/9cbaef00-b52c-4a70-9fed-d9aa8263ab74,1.0,"Oct 1, 2026"
open.canada.ca/data/en/dataset/d34d43f3-9dd0-421c-bb0f-5671bde39612/resource/08cef950-6964-4f10-93cb-b0d344b64439,1.0,"Oct 1, 2026"
open.canada.ca/data/en/dataset/dcf913bb-d11a-3a04-6111-ccfcbdecc8d3/resource/89b006f9-3298-4017-b1e0-59ded641a0a9,1.0,"Oct 1, 2026"
open.canada.ca/data/en/dataset/5abd4282-d5b0-4ac5-ac78-7210a61befdf/resource/8bbf1918-a893-4178-9366-5ab11974ae4f,1.0,"Oct 1, 2026"
search.open.canada.ca/contracts/download/5679f814-d1db-454a-a095-1545499546b3,1.0,"Oct 1, 2026"
open.canada.ca/data/en/info/ef362825-83ec-4517-9488-9ad1b879795e/resource/ea96404d-872d-4783-a015-4803eb98f1e5,1.0,"Oct 1, 2026"
open.canada.ca/data/dataset/dcfd4a3e-22bd-1e6d-9b1c-7e5979a4646e/resource/06590652-f481-405d-9ba8-80eba1de3ee3,1.0,"Oct 1, 2026"
ouvert.canada.ca/data/fr/dataset/4444b25a-cd38-46b8-bfb8-15e5d28ba4e7,1.0,"Oct 1, 2026"
open.canada.ca/data/en/dataset/d96ed93f-b9cf-463b-a541-df083086d8f6/resource/5b46e0a1-fb82-46bb-9d98-25a421253ae9,1.0,"Oct 1, 2026"
open.canada.ca/data/en/dataset/6c78fb2f-d23b-45b4-b3af-cc6f6cc4fff8,1.0,"Oct 1, 2026"
ouvert.canada.ca/data/fr/dataset/adad580f-76b0-4502-bd05-20c125de9116,1.0,"Oct 1, 2026"
open.canada.ca/data/en/dataset/6a4c198a-b227-4e96-9cfd-16d92912cc74,1.0,"Oct 1, 2026"
open.canada.ca/data/en/dataset/46bd8c84-ed61-47c9-b2ac-e689629a4f52,1.0,"Oct 1, 2026"
open.canada.ca/data/en/dataset/d6ab5696-933d-4bff-b97e-6cd0d1b948ae/resource/1cac93fb-e682-4a95-9042-05cd3b2c54b1,1.0,"Oct 1, 2026"
open.canada.ca/data/en/dataset/dfa4daf1-669e-4514-82cd-982f27707ed0/resource/89b0fa2c-af49-4fb5-a74c-1cf2268fb521,1.0,"Oct 1, 2026"
open.canada.ca/data/en/dataset/c4c5c7f1-bfa6-4ff6-b4a0-c164cb2060f7,1.0,"Oct 1, 2026"
open.canada.ca/data/en/dataset/522d1b67-30d8-4a34-9b62-5da99b1035e6/resource/a54e6cdf-0a7e-31a7-a3ff-b0b214e35bde,1.0,"Oct 1, 2026"
ouvert.canada.ca/data/fr/dataset/36e34a64-52dc-4fa1-9fb8-15cde1f2448f,1.0,"Oct 1, 2026"
open.canada.ca/data/en/dataset/522d1b67-30d8-4a34-9b62-5da99b1035e6/resource/b9a066d4-99ef-3640-8dd3-5ff1d24edd8e,1.0,"Oct 1, 2026"
open.canada.ca/data/en/dataset/62937d0d-0d08-4247-aa9d-4439cb1f3382,1.0,"Oct 1, 2026"
ouvert.canada.ca/data/fr/dataset/c5e05e1b-f99b-4746-9b9a-360583c0533e/resource/a15853b1-2aac-4233-9de5-1fb9754df8a7,1.0,"Oct 1, 2026"
open.canada.ca/data/en/dataset/47466568-c38d-8bb9-26d9-331079dad727,1.0,"Oct 1, 2026"
open.canada.ca/data/en/dataset/6a09c998-cddb-4a22-beff-4dca67ab892f,1.0,"Oct 1, 2026"
open.canada.ca/data/en/dataset/ac573724-2f77-4f75-a2f4-c416d79cf130/resource/e5b9eced-3528-4f31-a9a5-a5b0bbd12195,1.0,"Oct 1, 2026"
open.canada.ca/data/en/dataset/a99cec2f-472b-4c56-bfe3-e7fcdd1f2ad4/resource/3c1c3b0b-4109-48aa-b51d-8d630e419775,1.0,"Oct 1, 2026"
open.canada.ca/data/en/dataset/9f72df06-1b29-4647-831a-d10faa45a6aa/resource/91776831-7494-42c2-ba78-d82b8825b7ff,1.0,"Oct 1, 2026"
open.canada.ca/data/en/dataset/ba7f0f71-b478-42ce-8445-91bcb9222389/resource/efd91f6e-1ac6-4ade-960a-9430ee81ebcf,1.0,"Oct 1, 2026"
open.canada.ca/data/en/dataset/80383951-4b60-412c-9180-4d536b3703a8/resource/1a2c0adf-9c29-4c73-970b-8b321de71c0d,1.0,"Oct 1, 2026"
open.canada.ca/data/en/dataset/b6cbcf4d-f763-4924-a2fb-8cc4a06e3de4/resource/a18fc8e4-8b76-4a08-83a5-81bdbb7680f4,1.0,"Oct 1, 2026"
open.canada.ca/data/en/dataset/91098684-1b82-4b85-99cc-f126e4223fce/resource/e8ced4c3-3d4b-4f87-bb1f-35459abf62c9,1.0,"Oct 1, 2026"
open.canada.ca/data/en/dataset/4b630c42-b753-4304-b452-d45141c4c26b,1.0,"Oct 1, 2026"
open.canada.ca/data/en/dataset/7612202f-1530-41ce-80c7-6e121f5fcadc/resource/f98eae5a-e3f2-472a-a20c-129fc060ccc9,1.0,"Oct 1, 2026"
open.canada.ca/data/en/dataset/490db619-ab58-4a2a-a245-2376ce1840de/resource/d50cb060-8513-4bd2-8402-f4d7cbbd1450,1.0,"Oct 1, 2026"
open.canada.ca/data/en/dataset/e957d2d5-2624-52de-a7e6-6e0120e31d32/resource/08c2975d-2a76-4dcc-9b94-d8c59d30b1a9,1.0,"Oct 1, 2026"
open.canada.ca/data/en/info/0866dc7d-e53b-447e-86bd-0b3805e68fcb/resource/a3412f71-b6d4-474e-b0d3-8e1814503569,1.0,"Oct 1, 2026"
open.canada.ca/data/en/dataset/2bee144c-4c52-4ce3-bd9a-e7c1166f2402/resource/ba377a96-5bce-40c5-a75b-7af9a897c8c9,1.0,"Oct 1, 2026"
open.canada.ca/data/en/dataset/96e248e8-f422-5d69-a085-cce12b04e11a/resource/062cc05b-9784-4711-8ba9-e11495a98969,1.0,"Oct 1, 2026"
open.canada.ca/data/en/dataset/4446f7b8-9f1e-4b2a-a3ee-31f3fabe6e3d/resource/d9100b0c-03aa-4b90-9f6c-9151376acabb,1.0,"Oct 1, 2026"
open.canada.ca/data/en/dataset/5e5e45e2-1650-472c-9785-d946f10c2d03/resource/d860ccbe-ddd9-4d9f-8343-709398cb7f79,1.0,"Oct 1, 2026"
ouvert.canada.ca/data/fr/dataset/92697343-d36d-4427-a1a8-ebac6b2725cc,1.0,"Oct 1, 2026"
open.canada.ca/data/en/dataset/65f1cde1-95e0-4a1d-9a1a-c45b2f83a351/resource/b3d78fa5-8036-499d-8632-ee5f8145407a,1.0,"Oct 1, 2026"
open.canada.ca/data/en/dataset/ff463bc2-5354-4060-8582-d2c214369228/resource/3a3ceeef-4588-41b7-a1ad-5e58bbeea3aa,1.0,"Oct 1, 2026"
open.canada.ca/data/en/dataset/29bba560-f798-49fe-8419-33d32ef29a5d/resource/1a9bcf6c-3b2c-49b5-ab7f-7ba0d711a6f2,1.0,"Oct 1, 2026"
ouvert.canada.ca/data/fr/dataset/18e6a919-53fd-41ce-b4e2-44a9707c52dc/resource/d73c4669-2a73-4c5e-a237-906fb7e5b0bb,1.0,"Oct 1, 2026"
open.canada.ca/data/en/dataset/7ef53626-3425-5fc8-9828-fcd5314bf1dd/resource/54878111-342b-4708-8798-8dc3716dfde0,1.0,"Oct 1, 2026"
open.canada.ca/data/en/dataset/3768cd9a-f490-02f4-4bee-9127845d9592/resource/e7bb8b78-8896-4bd8-af85-c13573d8dbe0,1.0,"Oct 1, 2026"
open.canada.ca/data/en/dataset/ad2ae4f3-52b3-4bef-ab8c-6128e17eb362/resource/78a10b0c-8c79-4e41-8584-b42d134e1374,1.0,"Oct 1, 2026"
open.canada.ca/data/en/dataset/2cbc889d-f943-420e-98bc-4559a506f499/resource/4322c10a-8713-4dfd-bb2a-a5c20987f581,1.0,"Oct 1, 2026"
open.canada.ca/data/en/dataset/7d607c74-e84f-4eff-8595-6dd1833675bf/resource/9d5c24a9-8124-47e5-917b-ec45868ac9f4,1.0,"Oct 1, 2026"
open.canada.ca/data/en/dataset/2e1b4a35-ac31-4159-b932-90929ef42510/resource/511c1c06-da58-47ef-991d-25cf4b2edce4,1.0,"Oct 1, 2026"
open.canada.ca/data/en/dataset/86ce4595-6711-41a3-9754-9e771b0ca5e5,1.0,"Oct 1, 2026"
open.canada.ca/data/dataset/dfa4daf1-669e-4514-82cd-982f27707ed0/resource/a2f5faf4-07fe-4a3c-9bd3-62bbf11a426f,1.0,"Oct 1, 2026"
open.canada.ca/data/en/dataset/288b6dc4-16dc-43cc-80a4-2a45b1f93383/resource/0416976f-299a-3e64-8349-9768fc691ca1,1.0,"Oct 1, 2026"
open.canada.ca/data/en/dataset/b8e42fb0-98fe-4c99-935c-4c36221b1ee6/resource/ab6d3e2a-3353-4662-8986-6d2e5046a7ad,1.0,"Oct 1, 2026"
open.canada.ca/data/en/dataset/dc343c43-a592-4a27-8ee7-c77df56afb34/resource/999ce2ea-60da-410c-ada0-aebf14d43793,1.0,"Oct 1, 2026"
open.canada.ca/data/en/dataset/0e2add4d-04d0-2138-35aa-118d2665ce68/resource/668dfe22-31a9-4b11-81e4-3639d87c5af5,1.0,"Oct 1, 2026"
open.canada.ca/data/en/dataset/60236652-5aa7-4452-b2e1-7f96197e927a/resource/7c89b1b4-cba9-451f-82d6-a86ca3fecd1b,1.0,"Oct 1, 2026"
search.open.canada.ca/data/download/af52e1b9-8fea-40fb-bc0f-73f41add664f,1.0,"Oct 1, 2026"
open.canada.ca/data/en/dataset/330ec960-cc52-47d9-840b-d93470347ab4/resource/8a772ad6-338b-4614-a8df-f1a533aa60ac,1.0,"Oct 1, 2026"
open.canada.ca/data/en/dataset/8a047dd2-00c2-4eea-b77e-82ea8ab5c42f/resource/2a8904d1-4a2c-49c9-a54f-7800545989f3,1.0,"Oct 1, 2026"
open.canada.ca/data/en/dataset/4a92ffeb-d922-50ae-823b-81bb10331035,1.0,"Oct 1, 2026"
open.canada.ca/data/en/dataset/b6cbcf4d-f763-4924-a2fb-8cc4a06e3de4/resource/bdac348b-7ea8-46a6-9cd8-47a449200728,1.0,"Oct 1, 2026"
open.canada.ca/data/en/dataset/98f1a129-f628-4ce4-b24d-6f16bf24dd64/resource/581ab81d-fe7f-4beb-9f31-e1b8e7552cb6,1.0,"Oct 1, 2026"
open.canada.ca/data/en/dataset/9263723c-a31a-4034-9dae-7235f4840206,1.0,"Oct 1, 2026"
open.canada.ca/data/en/dataset/7c1bf2a8-96bb-4ad5-888d-a90672eb306e,1.0,"Oct 1, 2026"
open.canada.ca/data/en/dataset/2d90548d-50ef-4802-91f8-c59c5cf68251/resource/36830ed0-cd83-4fea-b2ae-15890116c68e,1.0,"Oct 1, 2026"
open.canada.ca/data/en/dataset/7320b4ee-39d1-4bc2-a7fe-74259ec162d1/resource/0e9d7be8-9d77-484a-a923-4a3a60daac44,1.0,"Oct 1, 2026"
open.canada.ca/data/en/dataset/4c6c515f-7c44-4bb6-ab56-c5f79f75f705/resource/f152eb8b-9701-421f-9ee5-819254b1b8ae,1.0,"Oct 1, 2026"
open.canada.ca/data/en/dataset/980d598c-73c9-4003-b6e1-78a9a3081b6c/resource/857f8d71-d066-424d-9239-27390d904353,1.0,"Oct 1, 2026"
ouvert.canada.ca/data/fr/dataset/96f35825-78b1-447d-85ad-82d492221325/resource/f88f5e4c-c782-4324-8e4b-34aa8e82d12c,1.0,"Oct 1, 2026"
search.open.canada.ca/grants/download/45d82dab-8b5f-425e-951e-ae0d463eccf5,1.0,"Oct 1, 2026"
open.canada.ca/data/en/dataset/d0cdef71-9343-46c3-b2e7-c1ded5907686/resource/707ddceb-ec05-4736-9c7d-ee046f2da39f,1.0,"Oct 1, 2026"
open.canada.ca/data/en/dataset/ecd245f4-6d4d-4660-b478-7301fbbbfcb8/resource/db58469d-a369-4357-a315-e27efe7bcc5a,1.0,"Oct 1, 2026"
open.canada.ca/data/en/dataset/3539c3c3-41b7-434f-9ccd-c30b96040d64/resource/5b2f9217-4d88-4865-9423-88274617abc1,1.0,"Oct 1, 2026"
open.canada.ca/data/en/dataset/5fce986a-e699-4449-893a-3360bb3aaf3f,1.0,"Oct 1, 2026"
open.canada.ca/data/en/dataset/7f5b2c8f-f3e8-47b2-a5b6-0f736f3613eb/resource/aa4a392d-12b5-47fc-bb54-954bc83ad2d3,1.0,"Oct 1, 2026"
open.canada.ca/data/en/dataset/77381606-95c0-411a-a7cd-eba5d038c1c4,1.0,"Oct 1, 2026"
ouvert.canada.ca/data/fr/dataset/4e7bad54-07ba-5a95-8d6e-06dda1ae0644/resource/ba4dfe0f-2446-4b3e-8ea6-3e062f07ee03,1.0,"Oct 1, 2026"
open.canada.ca/data/dataset/1eb9eba7-71d1-4b30-9fb1-30cbdab7e63a,1.0,"Oct 1, 2026"
open.canada.ca/data/en/dataset/56578f58-a775-44ea-9cc5-9bf7c78410e6/resource/5a2ef704-f245-49be-9634-d54b80020749,1.0,"Oct 1, 2026"
open.canada.ca/data/en/dataset/56578f58-a775-44ea-9cc5-9bf7c78410e6/resource/1d509472-3a30-4a18-bb97-317f81a867cc,1.0,"Oct 1, 2026"
open.canada.ca/data/en/dataset/9284b0f8-c8e8-4477-aaf7-20188c3d6654/resource/c3b9fd9c-2004-479e-a65e-60804c47ee90,1.0,"Oct 1, 2026"
ouvert.canada.ca/data/fr/dataset/f426088b-dde4-4502-9600-6bfa37556f8e/resource/01e72b07-f59c-4091-8bcc-2b305b890573,1.0,"Oct 1, 2026"
ouvert.canada.ca/data/fr/dataset/8b434ac7-aedb-4698-90df-ba77424a551f,1.0,"Oct 1, 2026"
open.canada.ca/data/en/dataset/6552ac2a-ee77-4f10-9582-b795baecef4a/resource/093a357e-7612-4a41-ae0f-2bd0f9746f74,1.0,"Oct 1, 2026"
open.canada.ca/data/en/dataset/262451e7-6416-47b5-8453-f31d212ea657/resource/4076469c-d61e-4c82-9e3e-b49873a4152e,1.0,"Oct 1, 2026"
open.canada.ca/data/en/dataset/47caa405-be2b-4e9e-8f53-c478ade2ca74/resource/23b32c3f-f07f-421e-8ab0-a7016e5ebc31,1.0,"Oct 1, 2026"
open.canada.ca/data/en/dataset/29892c85-2ff5-484c-873c-f494ffba6e1b/resource/3692f6a2-fead-44e9-9d2b-9364612a49f0,1.0,"Oct 1, 2026"
open.canada.ca/data/en/dataset/4a0e6887-9526-450c-8a1e-d088e07f5eec/resource/3f324c69-3d69-43c3-b4ee-7404b50bd1ae,1.0,"Oct 1, 2026"
open.canada.ca/data/en/dataset/e5ecbdbf-9fde-498d-b3da-6db96f684c14,1.0,"Oct 1, 2026"
open.canada.ca/data/en/dataset/fccf7e83-4a64-4113-bc67-837ef55b4ba8/resource/7d7693be-65a4-4fe7-8613-4751fe725b97,1.0,"Oct 1, 2026"
open.canada.ca/data/en/dataset/a9863f45-6a1a-4277-ae0f-2d9cb61d413a/resource/2caa55d4-370c-41bc-a662-5ee67da3c074,1.0,"Oct 1, 2026"
open.canada.ca/data/en/dataset/86e2e0c7-150b-4a2b-b90c-ebc62f26f8a2/resource/347e7727-4335-43b6-be8d-38a27a18b11d,1.0,"Oct 1, 2026"
open.canada.ca/data/en/dataset/4c9f59d6-667f-8285-a75d-25ac73d61e9b/resource/b92bcc14-13ee-47ca-998f-9e4c2368f22d,1.0,"Oct 1, 2026"
open.canada.ca/data/en/dataset/0ac05194-c053-430a-8ffd-0e9bbc28e8f4,1.0,"Oct 1, 2026"
open.canada.ca/data/en/dataset/7ecfee4c-b6f5-45f8-9fd4-16976f55f8d9/resource/61d62cc8-e413-4626-aa66-884cdfc64b11,1.0,"Oct 1, 2026"
open.canada.ca/data/dataset/dcfd4a3e-22bd-1e6d-9b1c-7e5979a4646e/resource/e8b62fc0-2e64-4189-afb7-d2c77107bf55,1.0,"Oct 1, 2026"
ouvert.canada.ca/data/dataset/cab8d3ea-487e-4a61-f56b-60edcdab3c66/resource/cf315096-eb6c-4c5e-8679-51652933aa93,1.0,"Oct 1, 2026"
open.canada.ca/data/en/dataset/90fed587-1364-4f33-a9ee-208181dc0b97/resource/fbfda891-5327-4e01-927e-0e0dd580d304,1.0,"Oct 1, 2026"
open.canada.ca/data/en/dataset/76a16627-90a2-4d94-a8d0-dfe2b7d0a87f/resource/1a0b5d2d-79dd-42aa-874f-9a53fd6118f7,1.0,"Oct 1, 2026"
open.canada.ca/data/en/dataset/fd1cb05f-8dd7-411c-a5a0-7821b873ed6d,1.0,"Oct 1, 2026"
open.canada.ca/data/en/dataset/90115b00-f9b8-49e8-afa3-b4cff8facaee/resource/ee878797-a2da-4e2d-b545-ab4940ebebb3,1.0,"Oct 1, 2026"
open.canada.ca/data/en/dataset/13564ca4-e330-40a5-9521-bfb1be767147/resource/68ef0e17-b6fb-4f09-9979-51b8748d638a,1.0,"Oct 1, 2026"
open.canada.ca/data/en/dataset/5ea0ffb4-acfd-4374-b283-e48ef1e85dce/resource/89c3b2dd-096b-499f-9af7-032632294a17,1.0,"Oct 1, 2026"
open.canada.ca/data/en/dataset/b6567c5c-8339-4055-99fa-63f92114d9e4/resource/f0234d45-77df-4ffa-8838-668426b45f0e,1.0,"Oct 1, 2026"
open.canada.ca/data/en/dataset/eea3bcd8-4b75-413f-b659-bb054569429f,1.0,"Oct 1, 2026"
open.canada.ca/data/en/dataset/a954bd4e-fd3c-407e-8ee0-493586941a2a,1.0,"Oct 1, 2026"
open.canada.ca/data/en/dataset/66d2b814-dfa6-4abc-a347-c69bf6317afb/resource/4e215a46-4405-4245-8c7b-90606c96582f,1.0,"Oct 1, 2026"
open.canada.ca/data/en/dataset/490db619-ab58-4a2a-a245-2376ce1840de/resource/67f2de37-7cf2-4c46-9c13-3f6ec63837a2,1.0,"Oct 1, 2026"
open.canada.ca/data/en/dataset/236680e0-0014-4edc-904b-2e1b9f4061ff,1.0,"Oct 1, 2026"
open.canada.ca/data/en/dataset/1ad613ab-2f11-4eda-bc6f-6f5532931d22,1.0,"Oct 1, 2026"
open.canada.ca/data/en/dataset/3a1eb6ef-6054-4f9d-b1f6-c30322cd7abf/resource/9f50e475-8758-4e5f-97dd-fe216b31df6b,1.0,"Oct 1, 2026"
open.canada.ca/data/en/dataset/34f40e01-88c0-4258-9ce6-f3e51f9c4fbc/resource/4e199266-3a25-45fa-9bfb-388e526e8b6a,1.0,"Oct 1, 2026"
ouvert.canada.ca/data/fr/dataset/c540d295-30f0-4e96-baf5-a631bc681271/resource/6c0360ca-7468-4234-ba8e-b43a9fab1f5b,1.0,"Oct 1, 2026"
open.canada.ca/data/en/dataset/90fed587-1364-4f33-a9ee-208181dc0b97/resource/d48a4d9a-fffa-4c02-81c9-93332c52f2df,1.0,"Oct 1, 2026"
open.canada.ca/data/en/dataset/1358284b-26e7-4c69-abd8-398d3da2c270/resource/83161e84-f59d-4703-8ca9-fcc3fd2a84ac,1.0,"Oct 1, 2026"
open.canada.ca/data/en/dataset/ff463bc2-5354-4060-8582-d2c214369228/resource/7cb4387b-a313-409e-af63-82be312beec2,1.0,"Oct 1, 2026"
open.canada.ca/data/en/dataset/800106c1-0b08-401e-8be2-ac45d62e662e/resource/669a8b32-5b8a-417f-92d0-7af26ec275d8,1.0,"Oct 1, 2026"
open.canada.ca/data/en/dataset/29a55543-3e27-4d7a-8ce5-7b669305b2d8/resource/5df45f6a-c5ec-4199-9488-ba4e147bebe3,1.0,"Oct 1, 2026"
open.canada.ca/data/en/dataset/3af59491-744b-4c84-80bd-06ba25ee4212/resource/e44e0ca2-690a-49c9-a63a-a9bf7df79bc3,1.0,"Oct 1, 2026"
open.canada.ca/data/en/dataset/b6cbcf4d-f763-4924-a2fb-8cc4a06e3de4/resource/4741980b-3b18-47f9-bbe1-ac4fd6022644,1.0,"Oct 1, 2026"
open.canada.ca/data/en/dataset/2c75c627-3eb6-41ee-bb54-7b089eade484/resource/f5f3ae84-e29a-490a-886f-a02dfd11731f,1.0,"Oct 1, 2026"
ouvert.canada.ca/data/fr/dataset/dfa4daf1-669e-4514-82cd-982f27707ed0/resource/bdc68e9a-9e15-40eb-b1f2-05afc48a828a,1.0,"Oct 1, 2026"
open.canada.ca/data/en/info/b4a64aef-9126-45b6-98da-5b850348e988/resource/ef9fd4de-6152-4b4f-bfe5-25c96c358109,1.0,"Oct 1, 2026"
ouvert.canada.ca/data/fr/dataset/57e5248f-bd91-4381-af6e-57747158895e,1.0,"Oct 1, 2026"
open.canada.ca/data/en/dataset/cb2400fb-aee0-4b58-a88e-e6de32c43c16/resource/d322bb7b-c44d-4154-ac3a-c97774b252cb,1.0,"Oct 1, 2026"
open.canada.ca/data/en/dataset/a9c18c37-b7b9-48ce-ac1d-b40a65bafa9e/resource/e5834186-0e98-4dc0-9830-a94cb5006ed9,1.0,"Oct 1, 2026"
open.canada.ca/data/en/dataset/380f8da2-a18e-4747-a29f-7775450b7283/resource/7b319e7b-9e9f-40d7-aeaf-489bfcd6435b,1.0,"Oct 1, 2026"
search.open.canada.ca/contracts/download/4efe4f55-71f5-4492-b22b-fe342fff432a,1.0,"Oct 1, 2026"
open.canada.ca/data/en/dataset/4fe645a1-ffcd-40c1-9385-2c771be956a4/resource/c2b7c21c-f643-4ad7-a9eb-f8b8372b5d78,1.0,"Oct 1, 2026"
ouvert.canada.ca/data/fr/dataset/3f9e1080-4a08-4c0f-ace7-1b94a1afd61d/resource/5db57aa9-cc69-46da-a21a-2938343166a0,1.0,"Oct 1, 2026"
open.canada.ca/data/en/dataset/800106c1-0b08-401e-8be2-ac45d62e662e/resource/352e1130-edbe-45e7-8bf1-d5abdb2662ae,1.0,"Oct 1, 2026"
open.canada.ca/data/en/dataset/a2a2130b-e853-49e8-9b30-1d0c735aa3d9,1.0,"Oct 1, 2026"
open.canada.ca/data/en/dataset/0797e893-751e-4695-8229-a5066e4fe43c,1.0,"Oct 1, 2026"
open.canada.ca/data/en/dataset/288b6dc4-16dc-43cc-80a4-2a45b1f93383/resource/97024034-f181-306b-b4ae-b9e2a673a71a,1.0,"Oct 1, 2026"
open.canada.ca/data/en/dataset/13564ca4-e330-40a5-9521-bfb1be767147/resource/13f03724-6d41-43b3-8d22-1121419310e6,1.0,"Oct 1, 2026"
open.canada.ca/data/en/dataset/fce97390-8ab5-41f9-91e9-0d8226577ff3/resource/843ce81f-ea06-4336-8ba9-760a9d552b5b,1.0,"Oct 1, 2026"
open.canada.ca/data/en/dataset/360024f2-17e9-4558-bfc1-3616485d65b9/resource/66f66dec-7c90-40e9-917e-b036e930ee10,1.0,"Oct 1, 2026"
open.canada.ca/data/en/dataset/3ac0d080-6149-499a-8b06-7ce5f00ec56c,1.0,"Oct 1, 2026"
ouvert.canada.ca/data/fr/dataset/d25b348f-a8da-41fc-8141-bd29df155e9c/resource/4f7c494c-0088-47e5-93cf-b368c9a4fa85,1.0,"Oct 1, 2026"
open.canada.ca/data/en/dataset/14d93d62-16bf-48da-ae4f-4be21a32e2ad,1.0,"Oct 1, 2026"
open.canada.ca/data/en/dataset/54b9f1bd-634e-439a-b85b-878a4affc81d/resource/e2730693-15c1-466c-b746-ab2df71ff41b,1.0,"Oct 1, 2026"
open.canada.ca/data/en/dataset/d151af6e-045a-48ec-9ab0-7e3fcbab97ab,1.0,"Oct 1, 2026"
open.canada.ca/data/en/dataset/96e248e8-f422-5d69-a085-cce12b04e11a/resource/7aff5349-2e62-4191-87b8-a0dab0504901,1.0,"Oct 1, 2026"
search.open.canada.ca/grants/download/3a48c846-825b-49c2-84f0-260caf878f7a,1.0,"Oct 1, 2026"
open.canada.ca/data/en/dataset/8afb4857-6be3-41c8-8079-8179f3501095/resource/3fd221e0-81df-4db7-9dbf-fab9b58e16ad,1.0,"Oct 1, 2026"
open.canada.ca/data/en/dataset/324ff147-816c-4143-a414-d1e973dca140/resource/8b882b53-a419-4da1-b335-63436e611608,1.0,"Oct 1, 2026"
open.canada.ca/data/en/dataset/5d27d152-09d8-4303-adc4-0c46b4a9733b/resource/01f8aa2f-55ed-4caf-b97b-510b9b59021d,1.0,"Oct 1, 2026"
ouvert.canada.ca/data/fr/dataset/b545fe25-5cf5-4488-9923-b5c2ebeeb8cc,1.0,"Oct 1, 2026"
open.canada.ca/data/en/dataset/39aec434-74a6-5ea4-8b9b-707966e1aa3e/resource/0c689c0e-dbf5-4bce-9c37-c03140004f35,1.0,"Oct 1, 2026"
ouvert.canada.ca/data/fr/dataset/2b1d3ac6-79e4-409d-8765-fd2b4ecc0609/resource/695e90df-f147-442c-b11c-83c93e716e54,1.0,"Oct 1, 2026"
open.canada.ca/data/en/dataset/359ecbec-2ab5-49ec-bb9c-5919e8c7048f,1.0,"Oct 1, 2026"
open.canada.ca/data/en/dataset/45d6df85-0547-4613-966d-ca1312dea3a4,1.0,"Oct 1, 2026"
open.canada.ca/data/en/dataset/7efd8b4b-cc63-4337-a551-c940a346605b/resource/89a9f7ae-c14f-4a78-ab74-7b795ea13c66,1.0,"Oct 1, 2026"
open.canada.ca/data/en/dataset/637075cb-e3f9-4d05-af19-ea2dc532eed3/resource/f929a1d6-b5ba-48f2-baa8-597f32b02230,1.0,"Oct 1, 2026"
open.canada.ca/data/en/dataset/d151af6e-045a-48ec-9ab0-7e3fcbab97ab/resource/4ce3e55d-c71d-4de5-830f-65a23baf0a0c,1.0,"Oct 1, 2026"
open.canada.ca/data/en/dataset/55438acb-aa67-407a-9fdb-1cb21eb24e28/resource/a540442a-57e3-44b6-bce5-1952db2e1d36,1.0,"Oct 1, 2026"
ouvert.canada.ca/data/dataset/3af1a189-5dca-4c6d-ab08-5ff26cd3a399/resource/3fecd06c-5036-433f-a93a-d6459f50e5ff,1.0,"Oct 1, 2026"
ouvert.canada.ca/data/fr/dataset/f0452f00-d705-5472-ac30-1e10800eb11d/resource/5bdad481-1d5b-45ca-b112-d55a0fe1c127,1.0,"Oct 1, 2026"
open.canada.ca/data/en/dataset/6aa18934-5fec-4f12-8dd7-8356555d0576,1.0,"Oct 1, 2026"
open.canada.ca/data/en/dataset/594ac924-967f-4a4d-8af2-91513ad8b903,1.0,"Oct 1, 2026"
ouvert.canada.ca/data/fr/dataset/0f15d797-fb45-493c-8bb3-aa866f7b33fd,1.0,"Oct 1, 2026"
open.canada.ca/data/en/dataset/b0e112e9-cf53-4e79-8838-23cd98debe5b,1.0,"Oct 1, 2026"
open.canada.ca/data/en/dataset/80c00cdb-1358-415c-bb8b-0de7f12675b8/resource/3eb35dcd-9b0c-4ae9-a45c-e5e481567c23,1.0,"Oct 1, 2026"
open.canada.ca/data/en/dataset/626f2aaa-1574-409c-b327-1315c18fb0f0/resource/995f050d-661d-48a7-ab77-d43b35c365ef,1.0,"Oct 1, 2026"
open.canada.ca/data/en/dataset/8e56f67a-4d16-4b53-8e0b-e020f6931f65/resource/6fc19235-6207-43e1-a9d4-29d3d4356b15,1.0,"Oct 1, 2026"
ouvert.canada.ca/data/dataset/b0488a2e-e784-4b2d-aa88-3a4829b1d708/resource/062e1ac9-62a6-40fb-90e6-2ab684a90295,1.0,"Oct 1, 2026"
ouvert.canada.ca/data/fr/dataset/f242b881-75e3-40bb-a148-63410b4ce2af/resource/46291d30-a533-42d1-b66a-35c44c4c48d1,1.0,"Oct 1, 2026"
open.canada.ca/data/en/dataset/09cec904-850b-4c24-9555-5529de948a1a,1.0,"Oct 1, 2026"
open.canada.ca/data/en/dataset/39aec434-74a6-5ea4-8b9b-707966e1aa3e/resource/637c711d-c914-4a25-a56e-8c2791de3cdb,1.0,"Oct 1, 2026"
open.canada.ca/data/en/dataset/90fed587-1364-4f33-a9ee-208181dc0b97/resource/df234bc8-2dcc-42da-8484-69f9a1b15eae,1.0,"Oct 1, 2026"
open.canada.ca/data/dataset/cedb59e4-6f8a-44df-8822-9a134e8bdd5f/resource/2f41fd8a-b836-434b-bd1b-695752cdb457,1.0,"Oct 1, 2026"
open.canada.ca/data/en/dataset/e547539b-7fc6-4879-be54-3d1f80ac9e9e/resource/9d79e08c-748b-43e9-965c-f45fd0e9b1a5,1.0,"Oct 1, 2026"
open.canada.ca/data/en/dataset/aff6b442-1b27-4f24-8546-6b38f96bba1d,1.0,"Oct 1, 2026"
open.canada.ca/data/en/dataset/a34eb330-7136-4f5e-9f5f-3ba41df58b06,1.0,"Oct 1, 2026"
open.canada.ca/data/en/dataset/74144824-206e-4cea-9fb9-72925a128189,1.0,"Oct 1, 2026"
open.canada.ca/data/en/dataset/a1acb126-9ce8-40a9-b889-5da2b1dd20cb/resource/ff4414ba-7d0b-40a4-8bd0-d102e83d9f32,1.0,"Oct 1, 2026"
open.canada.ca/data/en/dataset/9f2d519e-4b2c-4fa7-af79-032142b43760,1.0,"Oct 1, 2026"
open.canada.ca/data/en/dataset/7ba7108e-ee87-41eb-8777-221d74159c0e/resource/95afa6a2-a147-4488-9454-b9728a23fedd,1.0,"Oct 1, 2026"
open.canada.ca/data/en/dataset/7f245e4d-76c2-4caa-951a-45d1d2051333/resource/fe4bbbe2-143a-4d48-87fd-4d85c4665fce,1.0,"Oct 1, 2026"
open.canada.ca/data/en/dataset/461f7cea-9994-4095-873f-bb74e842a5f6/resource/c34d1549-4700-44f2-90af-29e04f6836d0,1.0,"Oct 1, 2026"
open.canada.ca/data/en/dataset/4eee1558-45b7-4484-9336-e692897d393f/resource/5455750e-a079-4bf8-828b-09e2337eb29b,1.0,"Oct 1, 2026"
open.canada.ca/data/en/dataset/2cdf43fc-d4aa-4604-9f21-29777d955810/resource/2971c342-94e7-416b-8e61-02c64c532708,1.0,"Oct 1, 2026"
ouvert.canada.ca/data/fr/dataset/28a61519-f092-4dd9-8bc7-edea91b47e1f,1.0,"Oct 1, 2026"
open.canada.ca/data/en/dataset/b27ec3ef-7338-4e76-a6fd-128339a92df5/resource/6dbb49a7-5a7c-48a0-8d57-90e962c1c4c7,1.0,"Oct 1, 2026"
open.canada.ca/data/en/dataset/a6825dfd-93f3-40c9-ad44-ee1ca7f5d96b,1.0,"Oct 1, 2026"
open.canada.ca/data/dataset/478a3159-bdcc-4228-b0f4-c0bc4fc735b5/resource/be26f0cb-b66c-4dcf-9142-6a2547ca94a9,1.0,"Oct 1, 2026"
open.canada.ca/data/en/dataset/80c00cdb-1358-415c-bb8b-0de7f12675b8/resource/600fa0f0-6410-493e-a891-1ac25ddf8004,1.0,"Oct 1, 2026"
ouvert.canada.ca/data/fr/dataset/06d31e10-a2a8-4d53-9ff3-567714a0a9f3/resource/dfc8c0b8-671a-4b41-8fe7-6bc8ea59e0be,1.0,"Oct 1, 2026"
open.canada.ca/data/en/dataset/60420fc5-f32c-4b92-8ac5-b4acb539b370/resource/4ed9574a-7adb-4101-b0e7-c995dc25171f,1.0,"Oct 1, 2026"
open.canada.ca/data/en/info/791de1ec-7fc8-48f1-a4e4-8bbaebc67080/resource/b5cee78b-8962-41ba-aa2e-e09cd5319404,1.0,"Oct 1, 2026"
open.canada.ca/data/en/info/06d31e10-a2a8-4d53-9ff3-567714a0a9f3/resource/dfc8c0b8-671a-4b41-8fe7-6bc8ea59e0be,1.0,"Oct 1, 2026"
open.canada.ca/data/en/dataset/66d2b814-dfa6-4abc-a347-c69bf6317afb/resource/6e4a75d0-f4aa-4634-9117-85b1ff6f9109,1.0,"Oct 1, 2026"
open.canada.ca/data/dataset/7a5cda52-c7df-427f-9ced-26f19a8a64d6,1.0,"Oct 1, 2026"
open.canada.ca/data/en/dataset/13564ca4-e330-40a5-9521-bfb1be767147/resource/8e9dd128-d52e-49c3-9a3e-6783797c8216,1.0,"Oct 1, 2026"
open.canada.ca/data/en/dataset/9b34e712-513f-44e9-babf-9df4f7256550/resource/3c3e4213-81e2-4515-971d-eae1f8985617,1.0,"Oct 1, 2026"
open.canada.ca/data/en/dataset/766a71ce-d798-49e2-bee2-7ec65c7c5d56/resource/a4f76425-6de4-42bc-b6a5-2a3e5d729ab5,1.0,"Oct 1, 2026"
ouvert.canada.ca/data/fr/dataset/b3e3a399-c80c-410e-af67-7c708565801b/resource/28f802f6-7580-4f70-a289-dfaf866919df,1.0,"Oct 1, 2026"
open.canada.ca/data/en/dataset/b3a1d603-19ca-466c-ae95-b5185e56addf/resource/1e086102-8676-4393-9de2-2a5a70cee53b,1.0,"Oct 1, 2026"
open.canada.ca/data/en/dataset/1ac00a39-4770-443d-8a6b-9656c06df6a3/resource/d05d77de-7aee-4967-9569-05f1b62abfb9,1.0,"Oct 1, 2026"
open.canada.ca/data/en/dataset/2b36c804-25a9-578c-bf25-ee9ff41aa237/resource/e188847e-02de-4f63-a4b6-bd58f68f376c,1.0,"Oct 1, 2026"
open.canada.ca/data/en/dataset/d9391250-c2fa-47ed-9216-aa38eb449aaf,1.0,"Oct 1, 2026"
open.canada.ca/data/en/dataset/ba2645d5-4458-414d-b196-6303ac06c1c9/resource/ef947cd9-d744-4f19-8030-16610af1270f,1.0,"Oct 1, 2026"
open.canada.ca/data/en/dataset/29892c85-2ff5-484c-873c-f494ffba6e1b/resource/83786764-6666-4dd2-80f9-fe859ed162fd,1.0,"Oct 1, 2026"
open.canada.ca/data/en/dataset/29892c85-2ff5-484c-873c-f494ffba6e1b/resource/5a91fd01-db89-4d18-a2e9-fb22de809e30,1.0,"Oct 1, 2026"
open.canada.ca/data/en/dataset/07875f11-c342-4450-bdaa-0cdeaf43c0c9,1.0,"Oct 1, 2026"
ouvert.canada.ca/data/fr/dataset/65dfa39f-e699-4698-b8c7-29e1b99d7b23,1.0,"Oct 1, 2026"
open.canada.ca/data/en/dataset/eea3bcd8-4b75-413f-b659-bb054569429f/resource/527beb27-f7ed-40fe-bc9e-8d30c64b16fe,1.0,"Oct 1, 2026"
open.canada.ca/data/en/dataset/7f245e4d-76c2-4caa-951a-45d1d2051333,1.0,"Oct 1, 2026"
open.canada.ca/data/en/dataset/d0cdef71-9343-46c3-b2e7-c1ded5907686/resource/51e0db22-b5ef-40b8-b260-eca19d6564fe,1.0,"Oct 1, 2026"
open.canada.ca/data/en/dataset/4b49ac3d-8b49-4352-8799-62eaa4ccd2d5/resource/8ae2f2ca-a30a-4084-83b4-7202209a093c,1.0,"Oct 1, 2026"
search.open.canada.ca/grants/download/8147b6cf-70ac-44e3-baf7-c9c3b4cc724c,1.0,"Oct 1, 2026"
open.canada.ca/data/en/dataset/dc343c43-a592-4a27-8ee7-c77df56afb34/resource/ff5113ae-04bd-4ee6-aee7-69221ef0934b,1.0,"Oct 1, 2026"
open.canada.ca/data/en/dataset/757d48de-b4cb-4855-9116-0b35704eb5de/resource/1cc22812-e4e2-42df-9f65-9babc9509cfe,1.0,"Oct 1, 2026"
open.canada.ca/data/dataset/6495ea57-3824-48f0-a2b2-88477122a286/resource/b3c502e2-7bc0-4886-9f2c-9130bfee0f01,1.0,"Oct 1, 2026"
open.canada.ca/data/en/dataset/a4a5575d-e8e8-4410-bfc6-18e9361ffd3f,1.0,"Oct 1, 2026"
open.canada.ca/data/en/dataset/1e1ad733-43b8-4d21-944f-0520d16e3cb8/resource/9044878e-4120-4601-abbf-6121fa9c8b3a,1.0,"Oct 1, 2026"
open.canada.ca/data/en/dataset/2909a648-5753-4924-878a-b069392d9cde/resource/2e2283c2-b113-4dd5-8a44-d579539529d6,1.0,"Oct 1, 2026"
open.canada.ca/data/en/dataset/b6cbcf4d-f763-4924-a2fb-8cc4a06e3de4/resource/e4697ed2-287a-4ffb-8934-c21a0ce388f0,1.0,"Oct 1, 2026"
open.canada.ca/data/en/dataset/8c1cc37f-b89c-45c9-aca0-a8c6947f8030/resource/dcda99e9-7940-414f-a5f3-d3c47b8ddfcd,1.0,"Oct 1, 2026"
open.canada.ca/data/en/dataset/36a6d0aa-6718-4f04-a145-582951aefb7a/resource/b7621434-188b-4c85-91c6-21de4de4404f,1.0,"Oct 1, 2026"
ouvert.canada.ca/data/fr/dataset/94fc74d6-9b9a-4c2e-9c6c-45a5092453aa/resource/5279797b-932c-4b22-979d-68a212f53144,1.0,"Oct 1, 2026"
ouvert.canada.ca/data/dataset/3df80756-f5d8-494b-b12e-1aff019de1fe,1.0,"Oct 1, 2026"
open.canada.ca/data/en/dataset/4cefd7f2-be6f-5b31-8a35-b3e74ff29a33,1.0,"Oct 1, 2026"
open.canada.ca/data/en/info/caa8b3a9-96db-42c3-b826-38aebe2875a0/resource/554fcf1b-8b72-4b75-97d6-70db267ee765,1.0,"Oct 1, 2026"
open.canada.ca/data/en/dataset/ab36a4ab-9b69-49b1-8be6-6faa3f0d0c67/resource/70d366a8-5b87-49c3-bfc2-08f77880987c,1.0,"Oct 1, 2026"
open.canada.ca/data/en/dataset/25bb310e-310c-45b2-b615-ec9081e98008/resource/dffcffef-079b-4ae6-97c5-c13bdec26e30,1.0,"Oct 1, 2026"
open.canada.ca/data/en/dataset/1358284b-26e7-4c69-abd8-398d3da2c270/resource/563aa4bf-dc3d-4ece-8669-dd68dd6c2fbf,1.0,"Oct 1, 2026"
open.canada.ca/data/en/info/7dceba07-3098-4ff1-9f61-fc1156131202/resource/48e8f9be-b933-4de5-b6dd-c46047aaf64b,1.0,"Oct 1, 2026"
search.open.canada.ca/data/download/3ddfa1f3-cad4-4514-92be-7f451bed6c75,1.0,"Oct 1, 2026"
open.canada.ca/data/en/dataset/98f1a129-f628-4ce4-b24d-6f16bf24dd64/resource/29bcf157-9297-4d6a-9695-dfd816bc32ca,1.0,"Oct 1, 2026"
open.canada.ca/data/en/dataset/3d2e1a84-20f5-4a61-90e4-94760c80ebb9,1.0,"Oct 1, 2026"
open.canada.ca/data/en/dataset/f089a3f3-45e9-47de-b1c4-170e9950d8e7,1.0,"Oct 1, 2026"
open.canada.ca/data/en/dataset/d9550f6a-3753-4406-9bff-a58f68a68ddc/resource/84542d06-0fd2-4e24-bb96-62eb47646568,1.0,"Oct 1, 2026"
ouvert.canada.ca/data/fr/dataset/157bdb1a-5580-46d4-8980-5e1d5f6f9082/resource/ae19ec2c-d0ee-4905-a924-e3af5ec69a9e,1.0,"Oct 1, 2026"
open.canada.ca/data/en/dataset/7932d6c3-9c5f-461e-9bc8-124bf7ca4de7/resource/bb54db87-b494-45bc-aa6e-3a220cedaa8a,1.0,"Oct 1, 2026"
open.canada.ca/data/en/dataset/92755d87-4c97-4d4f-af0c-ec819ba5bda7/resource/f68aa7c3-90a1-4013-9e75-30154fe23f18,1.0,"Oct 1, 2026"
open.canada.ca/data/en/dataset/d6ab23ad-149f-40de-9b1f-640abd4debde/resource/987ac822-2975-45bd-9aa2-61f02d79e674,1.0,"Oct 1, 2026"
open.canada.ca/data/en/dataset/66217614-917b-4df9-a5c0-19760f318e23,1.0,"Oct 1, 2026"
open.canada.ca/data/en/dataset/5a0c9cbb-e0d3-47db-b5bc-dd57430ef200/resource/18949832-0fac-43a5-bc1f-4d04a543a7c2,1.0,"Oct 1, 2026"
open.canada.ca/data/en/dataset/06d31e10-a2a8-4d53-9ff3-567714a0a9f3/resource/49e30145-0b3f-4676-a782-4e191d760605,1.0,"Oct 1, 2026"
open.canada.ca/data/en/dataset/c99eef73-44dd-5841-d9ef-8cd8eac98000,1.0,"Oct 1, 2026"
open.canada.ca/data/en/dataset/4947d10c-31a8-442a-8b90-cd0ff74b5398/resource/c1d39e9c-fdb6-4be0-8b6c-5833b3aa7ad2,1.0,"Oct 1, 2026"
open.canada.ca/data/en/dataset/1e1ad733-43b8-4d21-944f-0520d16e3cb8/resource/1b5e9f59-8bc8-49c1-aed6-a2362616aef8,1.0,"Oct 1, 2026"
open.canada.ca/data/en/dataset/4ad6baea-4d2c-460f-a8bf-5d000db498f7,1.0,"Oct 1, 2026"
open.canada.ca/data/en/dataset/cbd27e67-d35a-4b41-9095-971d24d940f8/resource/a1f86d57-9d4e-4bf3-8f6b-77109344247b,1.0,"Oct 1, 2026"
open.canada.ca/data/en/dataset/055919c2-101e-4329-bfd7-1d0c333c0e62/resource/de8a365d-6326-4013-a661-7647e5996c55,1.0,"Oct 1, 2026"
open.canada.ca/data/en/dataset/9797a946-9da8-41ec-8815-f6b276dec7e9,1.0,"Oct 1, 2026"
open.canada.ca/data/en/dataset/eb07b3f2-55b4-4bf8-9d23-483ae872ca2c,1.0,"Oct 1, 2026"
open.canada.ca/data/en/dataset/cf9ba695-59dc-4cc0-8a52-94ff6d9db665/resource/648bf16e-e3bf-440e-a1ce-2d0eb173fc4a,1.0,"Oct 1, 2026"
open.canada.ca/data/en/dataset/687a0e14-f660-4b50-b82e-baed3f3ab6f5/resource/3681702e-4732-49dd-a58f-8f0456b74552,1.0,"Oct 1, 2026"
open.canada.ca/data/en/dataset/d712930d-66f4-4377-a2bf-5d55d09c1186/resource/5a5e76ee-f555-4252-b83e-b116eb35696c,1.0,"Oct 1, 2026"
open.canada.ca/data/en/dataset/f6e7e871-79b7-49e1-90a2-e3c913f1951d,1.0,"Oct 1, 2026"
open.canada.ca/data/en/dataset/6abd20d4-7a1c-4b38-baa2-9525d0bb2fd2/resource/05b804dd-11ec-4271-8d69-d6044e1a5481,1.0,"Oct 1, 2026"
open.canada.ca/data/en/dataset/eaeb269c-6ac5-4429-a5aa-1fcc07c77933,1.0,"Oct 1, 2026"
open.canada.ca/data/en/dataset/c48669a3-045b-400d-b730-48aafe8c5ee6,1.0,"Oct 1, 2026"
open.canada.ca/data/en/dataset/588eab5b-7b16-4a26-b996-23b955965ffa/resource/fbecf7fb-9d31-429a-b201-4c1663f7215b,1.0,"Oct 1, 2026"
open.canada.ca/data/en/dataset/7069387e-9986-4297-9f55-0288e9676947/resource/5fb03973-3594-4c51-9d09-ee83b0636e29,1.0,"Oct 1, 2026"
open.canada.ca/data/en/dataset/a35cf382-690c-4221-a971-cf0fd189a46f/resource/64774bc1-c90a-4ae2-a3ac-d9b50673a895,1.0,"Oct 1, 2026"
open.canada.ca/data/en/dataset/5df88e70-ee5c-48d7-89ba-87cb77fc20b1,1.0,"Oct 1, 2026"
ouvert.canada.ca/data/fr/dataset/b6cbcf4d-f763-4924-a2fb-8cc4a06e3de4/resource/63f3ba24-cb8d-4c27-9c3d-3b53b9a9dfcc,1.0,"Oct 1, 2026"
open.canada.ca/data/en/dataset/d00389e0-66da-4895-bd56-39a0dd64aa78,1.0,"Oct 1, 2026"
open.canada.ca/data/dataset/cedb59e4-6f8a-44df-8822-9a134e8bdd5f,1.0,"Oct 1, 2026"
open.canada.ca/data/en/dataset/c4c5c7f1-bfa6-4ff6-b4a0-c164cb2060f7/resource/21ad0300-b9f5-444e-b43b-8bd164901b55,1.0,"Oct 1, 2026"
open.canada.ca/data/dataset/b72f248c-2e08-4b37-9882-9360c8398bec,1.0,"Oct 1, 2026"
open.canada.ca/data/en/dataset/79c99c29-deff-4093-9c55-fde484d20028/resource/250078ea-5e81-4897-a366-d7e120ee2f23,1.0,"Oct 1, 2026"
search.open.canada.ca/grants/download/4ee9c36c-4604-4fdc-90c3-e7f4a9903092,1.0,"Oct 1, 2026"
open.canada.ca/data/en/dataset/9038f560-1bcd-4809-a3a0-0507f02d247c,1.0,"Oct 1, 2026"
open.canada.ca/data/en/dataset/dd2c8e97-30b2-4dc9-b144-3386eb81ce6c,1.0,"Oct 1, 2026"
search.open.canada.ca/contracts/download/a60e6840-d43b-40e1-805b-61f61eb854cd,1.0,"Oct 1, 2026"
search.open.canada.ca/briefingt/download/08bc72de-79e4-40c8-b438-5e01f04d1d46,1.0,"Oct 1, 2026"
open.canada.ca/data/en/dataset/5d27d152-09d8-4303-adc4-0c46b4a9733b/resource/daad2053-bbfa-4ada-9a0a-9e50c8f8e677,1.0,"Oct 1, 2026"
ouvert.canada.ca/data/fr/dataset/9671bee4-4f73-48a0-a4c1-5d23dd0e901a/resource/f34fd0db-c55b-47cc-b959-32f0ef8a9437,1.0,"Oct 1, 2026"
open.canada.ca/data/en/dataset/cbc8f4a5-b3a2-4c0f-8a8d-318200108ac2/resource/bddda936-61c6-4775-b81c-8be4e3a6deef,1.0,"Oct 1, 2026"
open.canada.ca/data/en/dataset/dc343c43-a592-4a27-8ee7-c77df56afb34/resource/bac39612-ae28-436e-acdc-ae8b2145103b,1.0,"Oct 1, 2026"
search.open.canada.ca/grants/download/2160d217-f344-40bd-9fa9-9621f75087e3,1.0,"Oct 1, 2026"
open.canada.ca/data/en/dataset/4fb35343-704a-4b56-b7c6-d97bc75690c2,1.0,"Oct 1, 2026"
open.canada.ca/data/en/dataset/a1e5fa53-2a93-4c5e-89a3-6cbfd9bec199,1.0,"Oct 1, 2026"
search.open.canada.ca/grants/download/d4fa7363-1e47-48b9-be17-1d9c605452a4,1.0,"Oct 1, 2026"
open.canada.ca/data/en/dataset/159fbf6a-fb79-4282-9762-cc5b0512d06e/resource/e3e313dd-c010-4593-93c3-5aee52fc82ad,1.0,"Oct 1, 2026"
open.canada.ca/data/en/dataset/d8be571e-0491-4472-946f-7040ec8d5bfd/resource/d6a7c679-9710-4e4a-8da9-92a1788962a6,1.0,"Oct 1, 2026"
open.canada.ca/data/en/dataset/44769543-7a23-4991-a53f-c2cf7c7a946f/resource/41eee65d-5522-4578-9af0-10fa3f8ed26e,1.0,"Oct 1, 2026"
ouvert.canada.ca/data/fr/dataset/089885f9-ed53-44e6-854a-14d21a1ec2e0/resource/b3dbfc4d-ee5a-4378-807f-ec3cab121a53,1.0,"Oct 1, 2026"
ouvert.canada.ca/data/fr/dataset/79552a7f-8688-4b3c-9dbc-6efdd7a3831e/resource/cabf9f6e-610e-481c-b9e1-38e1b9551095,1.0,"Oct 1, 2026"
open.canada.ca/data/en/dataset/787e3643-ea0b-4062-bcee-01c048735ec0/resource/cfb86cb1-95d5-4811-9792-8e3f5540b4e7,1.0,"Oct 1, 2026"
open.canada.ca/data/en/dataset/b813dcb6-cc08-4e06-97d4-85b7e4daa822/resource/e86e8769-16c0-4e4c-88fe-504e21a71e43,1.0,"Oct 1, 2026"
open.canada.ca/data/en/dataset/29122e72-5762-25f0-732f-c6377f11763f/resource/4a88d965-57cd-4b19-a67e-020db2a601aa,1.0,"Oct 1, 2026"
search.open.canada.ca/travelq/download/22145475-b6bd-47df-95b7-e8b9b326f7c5,1.0,"Oct 1, 2026"
open.canada.ca/data/en/dataset/67fd1fae-4950-4018-a491-62e60cbd6974/resource/980c16a1-8e18-4719-b4aa-8b915ebd495d,1.0,"Oct 1, 2026"
open.canada.ca/data/en/dataset/957782bf-847c-4644-a757-e383c0057995/resource/d3b28333-676f-407f-88d4-14f49f667400,1.0,"Oct 1, 2026"
open.canada.ca/data/en/dataset/3aa9a2d0-6d80-fad9-b0e8-1ec836754d4a/resource/4217022e-53b8-4f1c-a48c-90f4a175a991,1.0,"Oct 1, 2026"
open.canada.ca/data/en/dataset/7cb1e497-736b-44dc-9a99-99f6f3ad0476/resource/df0de6b7-d67c-4e4e-b8e0-028333bf5d27,1.0,"Oct 1, 2026"
open.canada.ca/data/en/dataset/43a63c4f-b08e-4c53-99bb-20b90b83c6c0,1.0,"Oct 1, 2026"
open.canada.ca/data/en/dataset/1e2bd6b2-d6c7-415b-8c95-f5f6b2459759/resource/73609a87-77f6-4a69-bd96-b8e3f3451aa7,1.0,"Oct 1, 2026"
open.canada.ca/data/en/dataset/fa349b87-f7af-1b65-2aa3-f1dffa7b6e3c,1.0,"Oct 1, 2026"
open.canada.ca/data/dataset/e0b30537-5498-437b-b668-9fafe44bf903/resource/01a2f09d-a52c-40ea-b5c1-8641af28306c,1.0,"Oct 1, 2026"
open.canada.ca/data/en/dataset/fff12cc9-5069-300f-49c2-889f42477d04,1.0,"Oct 1, 2026"
open.canada.ca/data/en/dataset/3956094c-0443-46aa-a676-e9398d8fcf0b,1.0,"Oct 1, 2026"
open.canada.ca/data/en/dataset/dfa4daf1-669e-4514-82cd-982f27707ed0/resource/b4e1258c-2a72-4c64-b202-d0ab6aa2d21a,1.0,"Oct 1, 2026"
open.canada.ca/data/en/dataset/90fed587-1364-4f33-a9ee-208181dc0b97/resource/36d1f9d3-9906-4079-8741-c55bf539de3b,1.0,"Oct 1, 2026"
ouvert.canada.ca/data/fr/dataset/5e5d2750-d129-4952-b9fc-f824c5e480b4/resource/9906586c-4204-4af1-b130-13a6864be029,1.0,"Oct 1, 2026"
open.canada.ca/data/en/dataset/913f8940-036a-45f2-a5f2-19bde76c1252/resource/d96bb679-2e2e-4d91-b620-c319a7d4fe25,1.0,"Oct 1, 2026"
open.canada.ca/data/en/dataset/b94f3a8a-7af1-4414-87fe-9e9c226e134a,1.0,"Oct 1, 2026"
open.canada.ca/data/en/dataset/b2606c69-087d-4330-ad1d-122639b0cad0,1.0,"Oct 1, 2026"
open.canada.ca/data/en/dataset/391a3e7c-b47f-4dbe-a39a-a61e010c9dbd/resource/6f419d22-dce4-4d73-be62-4b3b20588e6a,1.0,"Oct 1, 2026"
open.canada.ca/data/en/dataset/49edb1d7-5cb4-4fa7-897c-515d1aad5da3,1.0,"Oct 1, 2026"
open.canada.ca/data/en/info/ac988c2a-ce33-4e8e-bf64-2c052c50892f,1.0,"Oct 1, 2026"
open.canada.ca/data/en/dataset/0839efd2-03bb-4d02-a472-96f25f9419f0/resource/a6e8b319-505f-4f47-97f3-b61c2d072a4d,1.0,"Oct 1, 2026"
open.canada.ca/data/en/dataset/23c03b79-477c-4cc3-baab-012d664a7d92/resource/a800923f-6633-4b09-8cd1-f2db29042a7d,1.0,"Oct 1, 2026"
open.canada.ca/data/en/dataset/61044e1a-cd80-4ed6-9f95-907262b9910f/resource/8c6323d4-653f-47ff-9949-be76452a4a94,1.0,"Oct 1, 2026"
open.canada.ca/data/en/dataset/17e9938c-c744-4171-b7bc-53abd7a6d8bc/resource/18106139-dadd-4711-a448-e0071ec64f49,1.0,"Oct 1, 2026"
open.canada.ca/data/en/dataset/746709f1-c729-44a1-ba84-7be5eadd3664,1.0,"Oct 1, 2026"
open.canada.ca/data/en/dataset/64a5b1de-caf4-40fc-8033-fe03da54edb1,1.0,"Oct 1, 2026"
open.canada.ca/data/en/dataset/79fdad93-9025-49ad-ba16-c26d718cc070/resource/23c323a9-2f6d-40bb-80e0-ee5211346fb1,1.0,"Oct 1, 2026"
open.canada.ca/data/en/dataset/07c42deb-9435-43b9-a416-7ce316f3893d/resource/46ff8ada-30a0-4fae-a350-44096fdcf2a3,1.0,"Oct 1, 2026"
open.canada.ca/data/en/dataset/b0cb5be4-63dd-cc4c-420d-99c6a74b207a,1.0,"Oct 1, 2026"
open.canada.ca/data/en/dataset/67de4f04-855d-5d23-bb4a-2a270d1488d0/resource/93885ab3-dff4-4723-b46b-d6e8e05a5c10,1.0,"Oct 1, 2026"
search.open.canada.ca/grants/download/80c221b7-2a0e-48c2-8563-d10bd67d9ce5,1.0,"Oct 1, 2026"
ouvert.canada.ca/data/fr/dataset/a9e40f30-3229-4fb7-8105-83e751c848d4,1.0,"Oct 1, 2026"
open.canada.ca/data/en/dataset/8bc99777-7049-415f-b554-cc015da2cbf9/resource/496af31f-70bc-4279-98e1-a5e65bb5460c,1.0,"Oct 1, 2026"
open.canada.ca/data/dataset/2fa2b472-4b96-421c-9982-e238adcce758,1.0,"Oct 1, 2026"
open.canada.ca/data/en/dataset/cb4b563d-23f7-4fe9-8dc1-eac45612a934/resource/c3e04498-2e40-4593-8f8f-ffeb25bdeb82,1.0,"Oct 1, 2026"
search.open.canada.ca/travelq/download/4c8add07-73f8-482e-8f9d-5f7bb2a1f0d6,1.0,"Oct 1, 2026"
open.canada.ca/data/en/dataset/f7e5498e-0ad8-4417-85c9-9b8aff9b9eda/resource/c5f2d5d3-e1c7-44d6-a54d-b6b2fb62fdba,1.0,"Oct 1, 2026"
open.canada.ca/data/en/dataset/79fdad93-9025-49ad-ba16-c26d718cc070/resource/1bc6cd42-a5cd-4810-9d46-91a83ffd7fad,1.0,"Oct 1, 2026"
open.canada.ca/data/en/dataset/fe9fd41c-1f67-4bc5-809d-05b62986b26b/resource/afb7e185-ec9b-48ca-9b6e-116a6957f48d,1.0,"Oct 1, 2026"
open.canada.ca/data/en/dataset/9a256188-062e-44b2-ae6f-5b1bd0b05e31/resource/6d58ed88-fc07-4606-a68f-7ffd44fbeff1,1.0,"Oct 1, 2026"
ouvert.canada.ca/data/fr/dataset/d9564fe0-6d50-4f89-b12e-47a461e1f68e/resource/b1e6910d-278c-4936-993e-32a320a5c17e,1.0,"Oct 1, 2026"
open.canada.ca/data/en/dataset/f82f66f2-a22b-4511-bccf-e1d74db39ae5/resource/1e854188-18c4-4cbe-b4e0-88561955fe05,1.0,"Oct 1, 2026"
open.canada.ca/data/en/dataset/588eab5b-7b16-4a26-b996-23b955965ffa/resource/9ecfb0f4-7fa6-42b7-8dee-ad239f798cf0,1.0,"Oct 1, 2026"
open.canada.ca/data/dataset/6a09c998-cddb-4a22-beff-4dca67ab892f/resource/43c67af5-e598-4a9b-a484-fe1cb5d775b5,1.0,"Oct 1, 2026"
open.canada.ca/data/en/dataset/13564ca4-e330-40a5-9521-bfb1be767147/resource/fbc43e3f-47a7-4bda-98ad-525c946e5163,1.0,"Oct 1, 2026"
open.canada.ca/data/dataset/dba6c78a-1bc1-4d4f-b75c-96b5b0e7fd30,1.0,"Oct 1, 2026"
rechercher.ouvert.canada.ca/contracts/telecharger/709af6e0-3ed5-42ed-8b21-ec6d97733d47,1.0,"Oct 1, 2026"
open.canada.ca/data/en/dataset/21f39629-88f1-4cc4-bbef-cb34276d0685/resource/c73327a1-e098-4245-967a-6031504ed57d,1.0,"Oct 1, 2026"
open.canada.ca/data/en/dataset/7069387e-9986-4297-9f55-0288e9676947/resource/bbc6c7e1-63d6-4f75-a52d-e9f9ede355b8,1.0,"Oct 1, 2026"
open.canada.ca/data/en/dataset/a1e18963-25dd-4219-a33f-1a38c4971250/resource/0de50925-9644-469d-a743-eaba2d79b90b,1.0,"Oct 1, 2026"
open.canada.ca/data/en/dataset/12d55393-2c84-4681-8c04-dc43775dbdfd,1.0,"Oct 1, 2026"
open.canada.ca/data/en/dataset/11345e77-f6ab-4a10-9c53-06a874135b07,1.0,"Oct 1, 2026"
open.canada.ca/data/en/dataset/13c5b5c5-5bbb-48b1-907a-dc7c5975345d/resource/1d32da34-6b2f-409d-ad93-2fe336530adf,1.0,"Oct 1, 2026"
open.canada.ca/data/en/info/a045bf69-0583-46f7-beed-2ef149a716aa/resource/3f8570f3-aa4f-4722-a5ea-bc8f136757ce,1.0,"Oct 1, 2026"
open.canada.ca/data/en/dataset/05b3abd0-e70f-4b3b-a9c5-acc436bd15b6/resource/59d30bee-bfd1-4dc2-814e-9d4fc6833f58,1.0,"Oct 1, 2026"
open.canada.ca/data/en/dataset/32d40310-457d-41e9-862b-8e83d6c7a99d,1.0,"Oct 1, 2026"
open.canada.ca/data/en/dataset/10ce43bd-fb58-4969-806b-4bffebc87bec/resource/df48e5fa-38d9-4bbb-ad78-43b140d0361b,1.0,"Oct 1, 2026"
open.canada.ca/data/en/dataset/81ada0a6-1c3a-4baf-adc8-f4f7577d33ad/resource/fac5aae8-21d7-44cf-96d3-5d37497c38f0,1.0,"Oct 1, 2026"
open.canada.ca/data/en/dataset/64f32e32-8995-4a6f-a885-edd85806f56e/resource/f37ed9c5-f6ca-4a08-a0b4-bc89ca2ade83,1.0,"Oct 1, 2026"
open.canada.ca/data/en/dataset/15166b54-1fdb-49ac-a794-d12e6ddec6aa/resource/90bdbba8-2441-416b-975c-6941f0a621c4,1.0,"Oct 1, 2026"
open.canada.ca/data/en/dataset/d7ea1810-69d6-4934-a5ad-1cfdce27d45b,1.0,"Oct 1, 2026"
open.canada.ca/data/en/dataset/a348c1d1-2392-4595-b5e2-c6a244a7e87f,1.0,"Oct 1, 2026"
open.canada.ca/data/en/dataset/00a331db-121b-445d-b119-35dbbe3eedd9,1.0,"Oct 1, 2026"
open.canada.ca/data/en/dataset/e5eae1d4-687c-4db2-9273-a8d2d711144c/resource/4f0b5dd6-473f-497c-9a33-677d57239479,1.0,"Oct 1, 2026"
open.canada.ca/data/en/dataset/851e6a27-a250-41e6-9cd0-d7ff96455dd6/resource/d1b9a98e-29bd-46c1-b7e1-ec2dade419ae,1.0,"Oct 1, 2026"
open.canada.ca/data/en/dataset/aa4fea5c-220b-42c6-86ed-dfbe914294a2,1.0,"Oct 1, 2026"
open.canada.ca/data/en/dataset/1c795c9f-ab00-4234-8bf2-0b7d447d8dd6,1.0,"Oct 1, 2026"
open.canada.ca/data/en/dataset/d5af4ac5-ebdb-4645-bb0a-8ec5cac5e29f,1.0,"Oct 1, 2026"
open.canada.ca/data/en/dataset/c41ca40b-ff3a-4d95-9613-b2571dcdeaba/resource/6985b111-84d9-4c1e-83e7-65771955280d,1.0,"Oct 1, 2026"
open.canada.ca/data/en/dataset/3cd8dd9a-9527-5208-9cd8-43e0d434c583,1.0,"Oct 1, 2026"
open.canada.ca/data/en/dataset/490db619-ab58-4a2a-a245-2376ce1840de/resource/b7328785-1f71-4864-8548-71d4a378ae9d,1.0,"Oct 1, 2026"
ouvert.canada.ca/data/fr/dataset/065439a9-c194-4259-9c95-245a852be4a1/resource/8199abbe-e318-4869-8b11-fbfc4389129e,1.0,"Oct 1, 2026"
open.canada.ca/data/en/dataset/2909a648-5753-4924-878a-b069392d9cde/resource/109aa106-1463-4593-885d-5ab0c6de3405,1.0,"Oct 1, 2026"
open.canada.ca/data/en/dataset/cdf6ab31-fa03-479a-b6e0-f9a0c71edf91/resource/1606aca9-f21a-4a38-9128-4ffaab0bb108,1.0,"Oct 1, 2026"
open.canada.ca/data/en/dataset/f358a53b-ffde-4830-a325-a5a03ff672c3/resource/e8c0ceb4-dd53-4e2e-a04e-8ade1b5048ec,1.0,"Oct 1, 2026"
open.canada.ca/data/en/dataset/5e5d2750-d129-4952-b9fc-f824c5e480b4,1.0,"Oct 1, 2026"
open.canada.ca/data/en/dataset/766a71ce-d798-49e2-bee2-7ec65c7c5d56/resource/7c5a19e8-a5bc-49bf-bd3e-e8042de0d7d5,1.0,"Oct 1, 2026"
open.canada.ca/data/en/dataset/966dbf2f-f3a1-c8d9-8d40-7957cfe347b8/resource/2d0e77d0-8e60-4646-ada0-af9b6a2eb634,1.0,"Oct 1, 2026"
open.canada.ca/data/en/dataset/0fcdfd90-4787-47cd-8b80-81e15b9f6295,1.0,"Oct 1, 2026"
open.canada.ca/data/en/dataset/d38de914-c94c-429b-8ab1-8776c31643e3/resource/7143f1c9-e270-4ae0-9466-7f7485250a8e,1.0,"Oct 1, 2026"
open.canada.ca/data/en/dataset/80c00cdb-1358-415c-bb8b-0de7f12675b8/resource/86267ae2-8b38-4221-aca8-9592bacca398,1.0,"Oct 1, 2026"
ouvert.canada.ca/data/fr/dataset/5690277b-cef2-45bc-a50f-b07efc521fe6,1.0,"Oct 1, 2026"
open.canada.ca/data/en/dataset/236294e1-bc74-486f-ab97-422227bc8832,1.0,"Oct 1, 2026"
open.canada.ca/data/en/dataset/6bac5dab-8c85-4c24-9216-9ae6b98956cc/resource/25db8b9e-3287-4bd6-968a-896f88134a5d,1.0,"Oct 1, 2026"
open.canada.ca/data/en/dataset/76defa14-473e-41e2-abfa-60021c4d934b/resource/e3db2ebf-3281-40ba-b293-1927f9362ded,1.0,"Oct 1, 2026"
open.canada.ca/data/en/dataset/1b6139bd-ed7e-4043-bc28-ff00e10f3109/resource/86483321-6c76-4a5f-9061-04b9a0a48a8d,1.0,"Oct 1, 2026"
open.canada.ca/data/en/dataset/f2d6263a-8b65-4350-9515-345875c6bebf,1.0,"Oct 1, 2026"
search.open.canada.ca/contracts/download/4bd97ab4-84a4-4757-b667-ef7b93cdc625,1.0,"Oct 1, 2026"
open.canada.ca/data/en/dataset/1a09c5c1-3554-4b70-9e53-6322a72ec7d4/resource/1934c003-5aa3-42bc-9daf-c32fa007c896,1.0,"Oct 1, 2026"
open.canada.ca/data/en/dataset/a883eb14-0c0e-45c4-b8c4-b54c4a819edb/resource/12c03de6-c3f7-4f5f-bb5c-d479f2332842,1.0,"Oct 1, 2026"
ouvert.canada.ca/data/fr/dataset/06d31e10-a2a8-4d53-9ff3-567714a0a9f3/resource/51503b3d-74e3-4570-85ae-c2371c174478,1.0,"Oct 1, 2026"
open.canada.ca/data/en/dataset/6ab2803a-aace-4e60-83ed-44a7e0ccd1d8,1.0,"Oct 1, 2026"
open.canada.ca/data/en/dataset/f3a3c7e2-8b85-4d02-97d9-1ba65fc07b8b/resource/f615490c-54b5-45f7-afe3-c292d667595c,1.0,"Oct 1, 2026"
open.canada.ca/data/dataset/90115b00-f9b8-49e8-afa3-b4cff8facaee,1.0,"Oct 1, 2026"
open.canada.ca/data/en/dataset/40e01423-7728-429c-ac9d-2954385ccdfb,1.0,"Oct 1, 2026"
open.canada.ca/data/en/dataset/9e11e114-ef0d-4814-8d93-24af23716489/resource/b099fa39-57e7-408a-aec7-3f274508adb3,1.0,"Oct 1, 2026"
ouvert.canada.ca/data/fr/dataset/260844d8-be60-44bf-8ce4-1f98b522ec27/resource/c3e5021e-14cd-44f0-b5c6-8f42991f50d0,1.0,"Oct 1, 2026"
open.canada.ca/data/dataset/b48e67b9-e195-488b-b404-354fc11148f8/resource/4843a4cb-778a-494b-9f7d-d46667f2edd7,1.0,"Oct 1, 2026"
open.canada.ca/data/en/dataset/49cb599c-03f6-4191-b8d3-fb5b8e35b218,1.0,"Oct 1, 2026"
open.canada.ca/data/en/dataset/db4b8d8c-dee2-451b-9ef2-559a8ed702c2/resource/5857be7d-947e-47a6-98f0-5e0f0be37dec,1.0,"Oct 1, 2026"
open.canada.ca/data/en/info/284161c8-911e-4fe4-9da1-1b0e981f00bc/resource/46f5b98d-fd61-4f93-bcf2-311033f3d333,1.0,"Oct 1, 2026"
open.canada.ca/data/en/dataset/ffa27e47-bfce-4c55-98c0-5f3769316042,1.0,"Oct 1, 2026"
open.canada.ca/data/en/dataset/4fe645a1-ffcd-40c1-9385-2c771be956a4/resource/78424f23-0f04-4a44-ab1d-043fb810dbb5,1.0,"Oct 1, 2026"
open.canada.ca/data/en/dataset/1358284b-26e7-4c69-abd8-398d3da2c270/resource/c793a709-f547-463f-aa13-7f529e30c617,1.0,"Oct 1, 2026"
open.canada.ca/data/en/dataset/f212a64f-92f0-430c-a04f-06436b1239d2/resource/57a0ec25-61f0-4ad9-9c9f-cc730f0980a8,1.0,"Oct 1, 2026"
ouvert.canada.ca/data/fr/dataset/50d4dad2-6c8a-5b29-9e27-8baa3ee19a48/resource/85a557b8-8503-4a2e-8c97-9266ed7db486,1.0,"Oct 1, 2026"
open.canada.ca/data/en/dataset/90fed587-1364-4f33-a9ee-208181dc0b97/resource/049928ce-0e7f-480b-9983-f5fa46f612ae,1.0,"Oct 1, 2026"
open.canada.ca/data/en/dataset/4485925b-8a88-57f5-95b8-b8d1ebb5f75d/resource/2c4c5b68-d886-4d74-af8f-9c12a9056eb7,1.0,"Oct 1, 2026"
open.canada.ca/data/dataset/9d4d922e-0c92-4410-8411-7dea058a2288,1.0,"Oct 1, 2026"
open.canada.ca/data/en/dataset/55438acb-aa67-407a-9fdb-1cb21eb24e28,1.0,"Oct 1, 2026"
open.canada.ca/data/en/dataset/9df0f5ac-f66d-4d05-a247-027608e6fd78/resource/9f34260c-bccf-49cc-b9ca-0205e41e43be,1.0,"Oct 1, 2026"
open.canada.ca/data/en/dataset/4c6c515f-7c44-4bb6-ab56-c5f79f75f705/resource/7b45c3f4-0853-4b53-a63a-0981eaa0aeba,1.0,"Oct 1, 2026"
open.canada.ca/data/en/dataset/582a6147-4e24-468c-a048-762302139afc/resource/f8ad96c5-966d-4363-b309-f8c4e5ec0e7e,1.0,"Oct 1, 2026"
open.canada.ca/data/en/dataset/13c5b5c5-5bbb-48b1-907a-dc7c5975345d/resource/8be3837c-cad4-4e18-a66f-362491776c95,1.0,"Oct 1, 2026"
open.canada.ca/data/en/dataset/df5afc1b-75cd-475b-891b-e85517f3a5b8/resource/541e7618-6f58-4c8e-9a1d-d4821652494f,1.0,"Oct 1, 2026"
open.canada.ca/data/en/dataset/15e06264-5e85-4ab8-8da1-0d26a8f226e7/resource/48a1ad6d-2279-4150-b954-d0d3aa20f65d,1.0,"Oct 1, 2026"
open.canada.ca/data/en/dataset/22c7cb44-1463-48f7-8e47-88857f207702/resource/4d6d5025-6b94-47b5-9620-8130e2014bb4,1.0,"Oct 1, 2026"
open.canada.ca/data/en/dataset/a045bf69-0583-46f7-beed-2ef149a716aa/resource/3f8570f3-aa4f-4722-a5ea-bc8f136757ce,1.0,"Oct 1, 2026"
open.canada.ca/data/en/dataset/2ce347e5-02fd-4487-975d-67a435efdf9b/resource/18294a26-0def-4ec2-bb87-dc0a93174b43,1.0,"Oct 1, 2026"
open.canada.ca/data/dataset/9b34e712-513f-44e9-babf-9df4f7256550,1.0,"Oct 1, 2026"
open.canada.ca/data/en/dataset/4397143c-86d2-4007-8b01-9d200fb122b4,1.0,"Oct 1, 2026"
open.canada.ca/data/en/dataset/2abe0796-c3e6-443b-a5c5-74e770e9fbe0/resource/0629eaec-7ba7-492d-9322-d20dc80e55d8,1.0,"Oct 1, 2026"
open.canada.ca/data/en/dataset/05b3abd0-e70f-4b3b-a9c5-acc436bd15b6/resource/19375510-2919-480c-8f8c-e8721d285b72,1.0,"Oct 1, 2026"
search.open.canada.ca/contracts/download/60d9f9ba-a896-4496-89c0-5d0a4af7697f,1.0,"Oct 1, 2026"
open.canada.ca/data/en/dataset/13564ca4-e330-40a5-9521-bfb1be767147/resource/bb806b56-f786-44f2-8ffd-111b84bcc5ce,1.0,"Oct 1, 2026"
open.canada.ca/data/en/dataset/78e7d63b-6f83-bbc5-64ac-249b34b0ea95/resource/6f2f28ec-0a58-4021-9463-4b4d46c20562,1.0,"Oct 1, 2026"
open.canada.ca/data/en/dataset/b4a417f7-5040-4328-9863-bb8bbb8568c3/resource/93efa24b-3af9-49d3-b645-aad3700c8e42,1.0,"Oct 1, 2026"
open.canada.ca/data/en/dataset/40b50513-1356-4211-ae08-53580dbd32fa/resource/5ccfbb4d-5b57-4f71-9cd9-71f7b44a4404,1.0,"Oct 1, 2026"
open.canada.ca/data/en/dataset/52e4b14b-597a-4ecf-a184-23a6e69b0d57,1.0,"Oct 1, 2026"
open.canada.ca/data/en/dataset/29892c85-2ff5-484c-873c-f494ffba6e1b,1.0,"Oct 1, 2026"
open.canada.ca/data/en/dataset/736fa9b2-62e4-4e31-aea4-51869605b363/resource/a078e4c3-a910-4349-b00e-6ea0d31d391d,1.0,"Oct 1, 2026"
open.canada.ca/data/en/dataset/79c99c29-deff-4093-9c55-fde484d20028/resource/d3c6153a-0288-448e-94fa-28fb2d383086,1.0,"Oct 1, 2026"
open.canada.ca/data/en/dataset/622a7f72-4a00-4f9e-b04f-af6551c77db3,1.0,"Oct 1, 2026"
open.canada.ca/data/en/dataset/288b6dc4-16dc-43cc-80a4-2a45b1f93383/resource/c1606b62-2c6c-3ccd-952e-1347b6ffff03,1.0,"Oct 1, 2026"
ouvert.canada.ca/data/dataset/c7c19fd6-d004-46d1-83cf-cdd687c3588e/resource/bffd80c4-f39b-4d2e-ba19-098844aedb43,1.0,"Oct 1, 2026"
open.canada.ca/data/en/dataset/1ec92326-47ef-4110-b7ca-959fab03f96d/resource/651cd076-d18c-49af-bd35-bfc89377e5cf,1.0,"Oct 1, 2026"
open.canada.ca/data/dataset/7ca30e18-619a-457a-8ee2-b9cc78938cad/resource/848322cd-0bb7-4a3a-8a76-09188475e8d1,1.0,"Oct 1, 2026"
open.canada.ca/data/en/dataset/d46a91b9-727d-45d6-9e8c-e2b3b265ea5d,1.0,"Oct 1, 2026"
open.canada.ca/data/en/dataset/13564ca4-e330-40a5-9521-bfb1be767147/resource/4c34e147-fabe-48b4-943f-2d80813f1b5d,1.0,"Oct 1, 2026"
open.canada.ca/data/en/dataset/800106c1-0b08-401e-8be2-ac45d62e662e/resource/c713d36b-20a8-4b80-9680-9977396e8c0f,1.0,"Oct 1, 2026"
open.canada.ca/data/en/dataset/f028d40f-3c0e-4a36-8a38-fe18d7aaaa32/resource/c5b4aadc-a9d3-459e-9194-53cf01ce7265,1.0,"Oct 1, 2026"
open.canada.ca/data/en/dataset/cf9ba695-59dc-4cc0-8a52-94ff6d9db665/resource/56bfaf2a-27ca-4dbc-afa4-587f0190188f,1.0,"Oct 1, 2026"
open.canada.ca/data/en/dataset/0512c61d-10bd-45bb-baad-ad1b75ea9f42/resource/b40c09d3-62a2-420c-8a4c-137c1b8a0bd5,1.0,"Oct 1, 2026"
open.canada.ca/data/en/dataset/90fed587-1364-4f33-a9ee-208181dc0b97/resource/b369ae20-0c7e-4d10-93ca-07c86c91e6fe,1.0,"Oct 1, 2026"
open.canada.ca/data/en/dataset/86ac014b-a058-53fd-a33d-d1b91a04c3ab/resource/41bd7306-f505-4e2c-a695-167133efff04,1.0,"Oct 1, 2026"
open.canada.ca/data/en/dataset/b6fb8be7-f3eb-4995-8526-82ec53ec860e/resource/94fca998-d28a-44c8-a1e6-d7f64f981a75,1.0,"Oct 1, 2026"
open.canada.ca/data/en/dataset/a954bd4e-fd3c-407e-8ee0-493586941a2a/resource/3ef3e46c-8119-445f-a8b2-9cd007942459,1.0,"Oct 1, 2026"
open.canada.ca/data/en/dataset/29122e72-5762-25f0-732f-c6377f11763f,1.0,"Oct 1, 2026"
open.canada.ca/data/en/dataset/c1b0f627-8c29-427c-ab73-33968ad9176e/resource/4188ce85-d83d-4855-8b49-3544b45e76ba,1.0,"Oct 1, 2026"
open.canada.ca/data/en/dataset/3f273148-3aaf-4194-b846-04fbf524e476/resource/a2c17733-e355-444b-9bc3-61c5d2bba505,1.0,"Oct 1, 2026"
open.canada.ca/data/en/dataset/49cb599c-03f6-4191-b8d3-fb5b8e35b218/resource/c0da1742-0c6b-4729-99de-2c7629c71d61,1.0,"Oct 1, 2026"
open.canada.ca/data/en/dataset/42986a95-be23-436e-af15-7c6bf292a2e1,1.0,"Oct 1, 2026"
open.canada.ca/data/en/dataset/aca81811-4b08-4382-9af7-204e0b9d2448/resource/6383a756-9205-4ab7-b7c7-bbf9a284d218,1.0,"Oct 1, 2026"
open.canada.ca/data/en/dataset/80c00cdb-1358-415c-bb8b-0de7f12675b8/resource/fd7c8679-8032-4613-b2b7-44fb8bc9c7c9,1.0,"Oct 1, 2026"
open.canada.ca/data/en/dataset/7ecfee4c-b6f5-45f8-9fd4-16976f55f8d9/resource/b793e2b2-e0fb-4a23-85c8-34421983709c,1.0,"Oct 1, 2026"
open.canada.ca/data/en/dataset/ef28db3d-4e89-43ef-8f81-9af39fd405b5/resource/80a3c34b-81f7-4ef0-8117-4bc5b8ab5248,1.0,"Oct 1, 2026"
ouvert.canada.ca/data/fr/dataset/80c00cdb-1358-415c-bb8b-0de7f12675b8/resource/8195b2cb-ce2d-4cd2-b829-6d07f4959f49,1.0,"Oct 1, 2026"
open.canada.ca/data/en/dataset/45d6df85-0547-4613-966d-ca1312dea3a4/resource/c4187ebd-c738-4a2e-b0d2-c708c9ab298f,1.0,"Oct 1, 2026"
open.canada.ca/data/en/dataset/1f375032-fd1b-48a9-8989-6c961a28a1a4,1.0,"Oct 1, 2026"
open.canada.ca/data/en/dataset/90fed587-1364-4f33-a9ee-208181dc0b97/resource/cff0477d-8ab1-4252-b56a-2cd96b057049,1.0,"Oct 1, 2026"
open.canada.ca/data/en/dataset/e0a53c97-4352-42ca-b5ae-2eef15ebd165/resource/e00e7beb-20a3-4a68-a6dc-bd9c9a95fe49,1.0,"Oct 1, 2026"
open.canada.ca/data/en/dataset/5d27d152-09d8-4303-adc4-0c46b4a9733b/resource/39104ab6-b2f0-4e83-bb23-9ea4a767af88,1.0,"Oct 1, 2026"
open.canada.ca/data/en/dataset/897e92f5-8b08-42bd-9766-0852be02e4ff/resource/76bb9de6-6790-4a68-9776-8ad80679b8f7,1.0,"Oct 1, 2026"
open.canada.ca/data/en/dataset/7f625e97-9d02-4c12-a756-1ddebb50e69f,1.0,"Oct 1, 2026"
open.canada.ca/data/en/dataset/52b2ff06-82ad-44fd-9dd3-7fabc8581521/resource/563b505d-2184-4d9a-b3d1-5e2d8e8b2a54,1.0,"Oct 1, 2026"
open.canada.ca/data/en/dataset/80c00cdb-1358-415c-bb8b-0de7f12675b8/resource/9a0a7b94-634b-4092-9a3b-e6001cf74f5b,1.0,"Oct 1, 2026"
open.canada.ca/data/en/dataset/ceb1ab5a-7d7c-4491-a2f7-560c47c4e22f/resource/d02053b1-0f36-4561-9984-477297b1ef10,1.0,"Oct 1, 2026"
open.canada.ca/data/en/dataset/522d1b67-30d8-4a34-9b62-5da99b1035e6/resource/c8bec140-c0cd-376e-9468-79576ad8234d,1.0,"Oct 1, 2026"
ouvert.canada.ca/data/fr/dataset/58fe2507-e1bd-48e6-8ae8-f4b993e5c870/resource/684c0a7e-8c06-46d7-8cf3-d556609119a7,1.0,"Oct 1, 2026"
open.canada.ca/data/en/dataset/80298f8d-b23e-4f29-9f03-661a95949d0f/resource/6e8f5285-ae58-4335-b99f-36b9e526b0e3,1.0,"Oct 1, 2026"
open.canada.ca/data/en/dataset/dfa4daf1-669e-4514-82cd-982f27707ed0/resource/bdc68e9a-9e15-40eb-b1f2-05afc48a828a,1.0,"Oct 1, 2026"
open.canada.ca/data/en/dataset/3f9e1080-4a08-4c0f-ace7-1b94a1afd61d,1.0,"Oct 1, 2026"
search.open.canada.ca/grants/download/570f9943-bf21-42e0-98b0-bdc668e581fb,1.0,"Oct 1, 2026"
open.canada.ca/data/en/dataset/2aac4e4a-b59e-446c-8b13-f6b8ba9384b5/resource/eff88f20-6526-4d8c-ac64-141baf2a2ebd,1.0,"Oct 1, 2026"
open.canada.ca/data/en/dataset/ccbcf0fb-615e-44a0-b7ec-681e2ea4e1e7/resource/c44bf949-40fd-4f9e-b9c6-edb459280dde,1.0,"Oct 1, 2026"
ouvert.canada.ca/data/fr/dataset/16b7eeb0-9a97-46c0-af3d-7f2114dedf5e,1.0,"Oct 1, 2026"
open.canada.ca/data/en/dataset/10ce43bd-fb58-4969-806b-4bffebc87bec,1.0,"Oct 1, 2026"
open.canada.ca/data/en/dataset/2cc50279-633c-4b60-8037-a642fe5ab963,1.0,"Oct 1, 2026"
open.canada.ca/data/en/dataset/3a060b8f-e662-4a60-b297-3bed859ffc8a,1.0,"Oct 1, 2026"
open.canada.ca/data/en/dataset/787e3643-ea0b-4062-bcee-01c048735ec0/resource/e6ce87de-f857-4c2c-86fb-afc8a7755f2e,1.0,"Oct 1, 2026"
ouvert.canada.ca/data/fr/dataset/a6b1c845-e21d-5a9b-9710-8d8a4e695351/resource/d6f3da9c-5d61-4ec6-857f-23b8ecb359c7,1.0,"Oct 1, 2026"
open.canada.ca/data/en/dataset/db48db70-8893-11e0-a1b3-6cf049291510,1.0,"Oct 1, 2026"
open.canada.ca/data/en/dataset/0fe65119-e96e-4a57-8bfe-9d9245fba06b/resource/295b734e-8ba5-4085-8035-288486598e0f,1.0,"Oct 1, 2026"
open.canada.ca/data/en/dataset/5e0f6180-0f29-496b-a1c5-b4f438295916/resource/b2c1872c-d719-41f6-9f43-1ec1d785a1ab,1.0,"Oct 1, 2026"
open.canada.ca/data/en/dataset/aebd0f9d-853b-4445-ab71-8d849d361cea,1.0,"Oct 1, 2026"
open.canada.ca/data/en/dataset/ffa27e47-bfce-4c55-98c0-5f3769316042/resource/9212fef7-cff3-4804-86b2-a0826251e797,1.0,"Oct 1, 2026"
ouvert.canada.ca/data/fr/dataset/d9564fe0-6d50-4f89-b12e-47a461e1f68e/resource/578be4c1-e471-486b-b1d7-29d27af9eb29,1.0,"Oct 1, 2026"
ouvert.canada.ca/data/dataset/94123115-97c6-4049-a500-6800d4de1ad7,1.0,"Oct 1, 2026"
open.canada.ca/data/en/dataset/dc639a40-8893-11e0-96ca-6cf049291510,1.0,"Oct 1, 2026"
open.canada.ca/data/en/dataset/e80851b8-de68-43bd-a85c-c72e1b3a3890/resource/cad9faae-b8a8-4a07-b601-eda3bacfae95,1.0,"Oct 1, 2026"
ouvert.canada.ca/data/fr/dataset/62155d6f-9167-4972-b77c-b90734b628dc/resource/ced1d83e-45d6-4474-a620-5de2accf727b,1.0,"Oct 1, 2026"
open.canada.ca/data/en/dataset/b28a3861-bf9e-4d67-9164-fdeb64ec3b02/resource/53e65e1c-9f7b-4d8c-9437-ac49e0759115,1.0,"Oct 1, 2026"
open.canada.ca/data/en/dataset/742b4dcb-b834-46c9-93b7-6878bb0ae295,1.0,"Oct 1, 2026"
open.canada.ca/data/en/dataset/b8e42fb0-98fe-4c99-935c-4c36221b1ee6,1.0,"Oct 1, 2026"
open.canada.ca/data/en/dataset/07deee9b-4275-40ab-a0d3-9cd913feed47/resource/76ca148b-27c4-49c8-9194-38b1fed8822c,1.0,"Oct 1, 2026"
open.canada.ca/data/en/dataset/8c387c19-9411-c58c-89d3-9e222ea3f50a/resource/6674d8c1-e5f0-43cb-aa52-e6c06f54fccb,1.0,"Oct 1, 2026"
open.canada.ca/data/en/dataset/a5def0e9-bb02-468f-b9e5-14bc6b5c4920,1.0,"Oct 1, 2026"
open.canada.ca/data/en/dataset/17e9938c-c744-4171-b7bc-53abd7a6d8bc,1.0,"Oct 1, 2026"
open.canada.ca/data/en/dataset/4c6c515f-7c44-4bb6-ab56-c5f79f75f705/resource/2658af9f-0676-4d61-8e49-fc8fa612bc69,1.0,"Oct 1, 2026"
open.canada.ca/data/en/dataset/d18f0f6f-15c7-4d36-aa14-32ef63781f3c,1.0,"Oct 1, 2026"
open.canada.ca/data/en/dataset/2f4117d9-41fc-44db-87d4-dbdb77f14086,1.0,"Oct 1, 2026"
open.canada.ca/data/en/dataset/90115b00-f9b8-49e8-afa3-b4cff8facaee/resource/a26ab6fd-c51a-4cd2-8da5-77d0ac41fb81,1.0,"Oct 1, 2026"
search.open.canada.ca/grants/download/0f5b8a20-972c-4194-9a07-814791558aab,1.0,"Oct 1, 2026"
open.canada.ca/data/en/dataset/637075cb-e3f9-4d05-af19-ea2dc532eed3/resource/39c1ef4e-6a76-42a8-bf02-a82bc4b5c673,1.0,"Oct 1, 2026"
ouvert.canada.ca/data/fr/dataset/8a21881f-178a-4160-8789-990a0f2a838c/resource/a29e62f4-f7a9-4163-9ebe-93a193137f9f,1.0,"Oct 1, 2026"
open.canada.ca/data/en/dataset/87906970-eae3-4b4a-8726-d688ee6dcaba/resource/2c27a6d0-0ca3-424e-8cd4-62070cc4f981,1.0,"Oct 1, 2026"
open.canada.ca/data/en/dataset/56e0d8d6-086f-4a80-8b43-61e50e39ad58/resource/f6c2ffd8-9c8f-4c64-b1a3-2a56d6c3e19d,1.0,"Oct 1, 2026"
open.canada.ca/data/en/dataset/1a11d2c1-bcad-47c7-87d1-f16f38aee4d9/resource/b358f69a-cbd7-4a29-b0ab-82cc23af1643,1.0,"Oct 1, 2026"
search.open.canada.ca/grants/download/2304db2c-dd32-4b3c-98c3-0cf1c5e71cd1,1.0,"Oct 1, 2026"
open.canada.ca/data/en/dataset/5d27d152-09d8-4303-adc4-0c46b4a9733b/resource/a0dec98d-de1e-49b9-ad7f-ef61461b56e5,1.0,"Oct 1, 2026"
open.canada.ca/data/dataset/1092497d-6c72-4e66-930b-9d6337e64af5,1.0,"Oct 1, 2026"
open.canada.ca/data/en/dataset/3c8ed3c3-4832-51b9-b228-ea41f9d43a98/resource/34feb6b5-0858-4a43-809d-e62657a67d34,1.0,"Oct 1, 2026"
open.canada.ca/data/en/dataset/14887826-0d2f-4766-b760-3a17af0e1e9b,1.0,"Oct 1, 2026"
open.canada.ca/data/en/dataset/2cc50279-633c-4b60-8037-a642fe5ab963/resource/208f64b0-9e66-4a77-bc2d-2292efc4fd76,1.0,"Oct 1, 2026"
open.canada.ca/data/en/dataset/45ccffe6-4ef7-4e21-8206-ef430faf6092/resource/9752d730-8746-4546-ae29-1b8e95696c44,1.0,"Oct 1, 2026"
open.canada.ca/data/en/dataset/7f245e4d-76c2-4caa-951a-45d1d2051333/resource/6e86d7e9-8037-4f42-bf90-175535174d29,1.0,"Oct 1, 2026"
open.canada.ca/data/en/dataset/f750f22f-131f-573b-af4e-3ac7cd5645e2,1.0,"Oct 1, 2026"
open.canada.ca/data/en/dataset/cace513c-9506-4f20-8dd1-7a072034f5fe/resource/1a3d16f3-e3fa-4189-9be0-eb6890b67be8,1.0,"Oct 1, 2026"
open.canada.ca/data/en/dataset/c43b5632-599b-43d1-86b5-2439f3d68c93/resource/8e3cddb6-827d-4b8c-a1f4-2672eeb1b770,1.0,"Oct 1, 2026"
open.canada.ca/data/en/dataset/80c00cdb-1358-415c-bb8b-0de7f12675b8/resource/88df3bd5-7ae1-41c1-a17e-0cef1f32914c,1.0,"Oct 1, 2026"
open.canada.ca/data/en/dataset/d78d46b4-ff3f-4156-b07c-2efd5d5e1607/resource/8d63a97a-4b66-489a-bd9f-155f5075f568,1.0,"Oct 1, 2026"
open.canada.ca/data/en/dataset/288b6dc4-16dc-43cc-80a4-2a45b1f93383/resource/d7e5a026-ad99-37d2-9be0-99eb6997473a,1.0,"Oct 1, 2026"
open.canada.ca/data/en/dataset/12f07737-3508-4962-aebd-5bcfc73214b1/resource/48538a20-8aed-402c-b5f3-1b01f2489630,1.0,"Oct 1, 2026"
open.canada.ca/data/en/dataset/bb66787c-9509-456d-bd72-5016abdf39c5,1.0,"Oct 1, 2026"
open.canada.ca/data/en/dataset/02e85d01-ee78-4c4b-9d8f-56b61b8142ce/resource/a7fcf455-9a98-404a-92b9-c2a93196a826,1.0,"Oct 1, 2026"
open.canada.ca/data/en/dataset/80c00cdb-1358-415c-bb8b-0de7f12675b8/resource/1229e5a8-a507-4f80-8926-6e931ff9ad47,1.0,"Oct 1, 2026"
open.canada.ca/data/en/dataset/8f1749a5-ac67-467a-9c01-752b375127c3/resource/384cd0c5-9d00-41e9-bcdc-7e480e09f823,1.0,"Oct 1, 2026"
search.open.canada.ca/data/download/a135fd40-008a-49a4-a501-27c701a3cc25,1.0,"Oct 1, 2026"
open.canada.ca/data/en/dataset/f8f711fa-6b75-4178-a60c-23093c071fc8/resource/308b331b-3e1a-4378-bbce-ce18f7e177a5,1.0,"Oct 1, 2026"
open.canada.ca/data/en/dataset/4015898a-2042-4568-9fc0-335642da5cb9,1.0,"Oct 1, 2026"
open.canada.ca/data/en/dataset/b64650d4-19c5-58ab-bb0b-0988feb01982/resource/15376328-986d-4ee0-8b60-bb9949dd6411,1.0,"Oct 1, 2026"
open.canada.ca/data/en/dataset/08185a75-bbec-462a-8eea-67e4bb0eab5e/resource/53a5b8fa-d68b-4fe8-a4fc-a7b5071e3f33,1.0,"Oct 1, 2026"
open.canada.ca/data/en/dataset/f242b881-75e3-40bb-a148-63410b4ce2af,1.0,"Oct 1, 2026"
open.canada.ca/data/en/dataset/e4731a85-ffca-4112-8caf-cb0a96905778,1.0,"Oct 1, 2026"
open.canada.ca/data/en/dataset/324ff147-816c-4143-a414-d1e973dca140,1.0,"Oct 1, 2026"
open.canada.ca/data/en/dataset/061c8cb7-ca4e-45be-a990-61fce7e7d2dc/resource/5fe5ac6a-afe9-4bf8-8c55-27a2ca7cc0e5,1.0,"Oct 1, 2026"
open.canada.ca/data/en/dataset/b06716c0-eea7-4267-87b6-4faaa2679f22/resource/4545c884-d4cf-4164-9937-7c2108fdcef7,1.0,"Oct 1, 2026"
open.canada.ca/data/en/dataset/92fd75b3-cd3d-4e2d-add0-c8c71a3a375d/resource/5b98acc3-4c7c-4cd7-9517-eae56b3c81fd,1.0,"Oct 1, 2026"
open.canada.ca/data/en/dataset/0126c7e2-2a49-52de-9090-69e644f6cec7/resource/555ea6ac-79f3-4087-bf46-9b4ffce02425,1.0,"Oct 1, 2026"
open.canada.ca/data/en/dataset/ba2645d5-4458-414d-b196-6303ac06c1c9/resource/48cb33f0-c117-4dc7-82de-c7cd892c2787,1.0,"Oct 1, 2026"
open.canada.ca/data/en/dataset/dbe5809c-2e9f-4105-8c20-9e4a41c328c3/resource/4a83e943-5b7f-492c-8df6-b76575474415,1.0,"Oct 1, 2026"
open.canada.ca/data/en/dataset/2617ad25-ecab-461f-a01b-d0933dd61f6d/resource/ef6622cf-a2ed-41fc-a579-e4a0543f01d7,1.0,"Oct 1, 2026"
open.canada.ca/data/en/dataset/4bdefc6d-aca8-42e0-91f4-8e53ebd36a98/resource/00a89244-9cde-4c1d-a686-60357b82af55,1.0,"Oct 1, 2026"
open.canada.ca/data/en/dataset/e667992c-5f2e-425a-8a44-a880930d82d8/resource/73b90a7e-3925-4919-be27-4f2c49614bf2,1.0,"Oct 1, 2026"
open.canada.ca/data/en/dataset/0839efd2-03bb-4d02-a472-96f25f9419f0/resource/cdf00935-9cc7-4d87-838a-c2f0f0fdce12,1.0,"Oct 1, 2026"
open.canada.ca/data/en/dataset/f878ebde-cbee-4bf2-bd5d-4e70c930a143,1.0,"Oct 1, 2026"
open.canada.ca/data/en/dataset/66c24181-b6d5-445c-8d92-fda6a8294a5a/resource/1b1401a3-07ea-4ae4-8ce7-173747323305,1.0,"Oct 1, 2026"
open.canada.ca/data/en/dataset/ad32210b-e18b-4a4f-9305-7cea2002b737/resource/9c486d42-6009-4019-9c4c-91ad1929ac80,1.0,"Oct 1, 2026"
search.open.canada.ca/contracts/download/61a83109-36c6-4819-9808-c22c8e6cc882,1.0,"Oct 1, 2026"
open.canada.ca/data/en/dataset/1c47ebcc-17fd-4954-811f-3cdd0c30bf86/resource/cc44ea69-236f-4dc7-9025-3744c3e3e692,1.0,"Oct 1, 2026"
open.canada.ca/data/en/dataset/236680e0-0014-4edc-904b-2e1b9f4061ff/resource/95789c3b-4d0f-476b-a2e2-9de79ddf6857,1.0,"Oct 1, 2026"
open.canada.ca/data/en/dataset/b0488a2e-e784-4b2d-aa88-3a4829b1d708,1.0,"Oct 1, 2026"
open.canada.ca/data/en/dataset/232c9e2c-636b-40db-b377-6bc91d2bf6a7,1.0,"Oct 1, 2026"
open.canada.ca/data/en/dataset/089885f9-ed53-44e6-854a-14d21a1ec2e0,1.0,"Oct 1, 2026"
ouvert.canada.ca/data/fr/dataset/ac5d0559-d47c-432b-905a-d69d9d71b2a5/resource/295e9ab2-717d-44d3-8575-7e20e4243d0b,1.0,"Oct 1, 2026"
open.canada.ca/data/en/dataset/ef416525-abb9-4805-a596-98681d34f153/resource/48e88fa8-421b-43f2-b40c-c02e82729525,1.0,"Oct 1, 2026"
open.canada.ca/data/en/dataset/2573458d-becb-5f6b-9562-a206d592e663/resource/3cf3b17e-c6bf-4839-b20c-79db97d4b6dc,1.0,"Oct 1, 2026"
ouvert.canada.ca/data/fr/dataset/11245675-b047-49fc-8bd1-cc2ce8314a6d,1.0,"Oct 1, 2026"
open.canada.ca/data/en/dataset/d7ea1810-69d6-4934-a5ad-1cfdce27d45b/resource/d50350dd-6a48-4f41-814f-62d28cd65b3f,1.0,"Oct 1, 2026"
open.canada.ca/data/en/dataset/26224d73-4ac7-4c9c-96c3-aabf5ab674b5,1.0,"Oct 1, 2026"
open.canada.ca/data/en/dataset/8f8d6bc1-c362-4e75-8a00-c65889bba868,1.0,"Oct 1, 2026"
open.canada.ca/data/en/info/58667412-c707-47db-a113-be0f11d8cf83/resource/fbce3dfd-f7ec-4e84-a892-610b7ca1d124,1.0,"Oct 1, 2026"
open.canada.ca/data/en/dataset/324ff147-816c-4143-a414-d1e973dca140/resource/e327b302-256c-43e5-8715-c37df07dd161,1.0,"Oct 1, 2026"
open.canada.ca/data/en/dataset/cb7d23f7-d448-458e-b4e3-6a0dc6f44da6,1.0,"Oct 1, 2026"
open.canada.ca/data/en/info/58667412-c707-47db-a113-be0f11d8cf83/resource/6b2a7f78-d951-4cd7-98ad-41cc402b4485,1.0,"Oct 1, 2026"
open.canada.ca/data/en/dataset/e6a3d8b4-8836-7a26-9ddb-a20ac1e2b327,1.0,"Oct 1, 2026"
ouvert.canada.ca/data/dataset/4e66dd2f-5cd0-42fd-b82c-a430044b31de/resource/6c295795-9997-4d20-808c-c7675e603f67,1.0,"Oct 1, 2026"
open.canada.ca/data/en/dataset/1674baf5-6822-4788-afb3-f8659531d7c0/resource/1e5a4fc3-d891-4b96-96c2-284778cd8cd7,1.0,"Oct 1, 2026"
open.canada.ca/data/en/dataset/1585bcff-2598-4250-be01-1ba6f715cb18,1.0,"Oct 1, 2026"
open.canada.ca/data/en/dataset/588eab5b-7b16-4a26-b996-23b955965ffa,1.0,"Oct 1, 2026"
open.canada.ca/data/dataset/5ba2da6f-5636-4e59-b65a-799904ba4a47/resource/d8915fe9-3296-476c-987b-f26501ac7113,1.0,"Oct 1, 2026"
open.canada.ca/data/en/dataset/cf149850-4dcd-4ee3-8197-7132291b7962/resource/55d4a4e2-43fd-4511-9840-7feb4c2d8c07,1.0,"Oct 1, 2026"
open.canada.ca/data/en/dataset/90115b00-f9b8-49e8-afa3-b4cff8facaee/resource/5d3a238a-3f06-4e55-b04b-d98acf1820da,1.0,"Oct 1, 2026"
open.canada.ca/data/en/dataset/712e7355-91d7-7b4f-9d46-1e7b5561cd95/resource/90276820-c02b-45fb-9e5e-8c0fad968a20,1.0,"Oct 1, 2026"
open.canada.ca/data/en/dataset/904d1050-b7ff-4f41-a1bb-50b450e962a8,1.0,"Oct 1, 2026"
open.canada.ca/data/dataset/90115b00-f9b8-49e8-afa3-b4cff8facaee/resource/b505b9bc-d375-4525-af39-afdf25639acf,1.0,"Oct 1, 2026"
ouvert.canada.ca/data/fr/dataset/62155d6f-9167-4972-b77c-b90734b628dc/resource/40b34f11-1208-433a-9814-a507811a3c6a,1.0,"Oct 1, 2026"
open.canada.ca/data/en/dataset/90fed587-1364-4f33-a9ee-208181dc0b97/resource/651a5203-0ede-4d35-862e-e9f75ab35c4a,1.0,"Oct 1, 2026"
open.canada.ca/data/en/dataset/88bd5306-e0a1-46dd-8e02-909931ade592/resource/ff1220e6-517b-4011-b97a-59f9c7be0c11,1.0,"Oct 1, 2026"
search.open.canada.ca/grants/download/c4e79fc1-6815-47c0-b5f4-7c5d2918f02f,1.0,"Oct 1, 2026"
open.canada.ca/data/en/dataset/e84cf709-e789-49b9-b856-7f1b079afa79,1.0,"Oct 1, 2026"
open.canada.ca/data/en/dataset/fefafa4a-ceb1-0109-5169-e5ac5e79979d,1.0,"Oct 1, 2026"
open.canada.ca/data/dataset/b1b5aa7b-9c00-4388-8aef-2808822a0d20/resource/36dd54f6-d318-4833-9237-2b324e2c953e,1.0,"Oct 1, 2026"
open.canada.ca/data/en/dataset/2d628396-13e0-4f79-8d19-b7867724f101,1.0,"Oct 1, 2026"
open.canada.ca/data/en/dataset/8bc99777-7049-415f-b554-cc015da2cbf9,1.0,"Oct 1, 2026"
open.canada.ca/data/en/dataset/92dbea79-f644-4a62-b25e-8eb993ca0264,1.0,"Oct 1, 2026"
open.canada.ca/data/en/dataset/2573458d-becb-5f6b-9562-a206d592e663/resource/1bf7a543-55e1-4974-b14f-c91634a3baee,1.0,"Oct 1, 2026"
open.canada.ca/data/en/dataset/46fc3f0a-1b34-4585-b993-dfb600805d24/resource/ee04636e-293f-4740-b9fb-25fa4b3cedd4,1.0,"Oct 1, 2026"
open.canada.ca/data/en/dataset/ac3515d6-2753-47a5-8575-35be7d127f43,1.0,"Oct 1, 2026"
open.canada.ca/data/en/dataset/f83f252c-bb16-439d-8441-5a4157b924fd/resource/9b141d44-4a7c-4994-bd03-60985d83ec29,1.0,"Oct 1, 2026"
open.canada.ca/data/en/dataset/ab22d0d0-b454-4f4a-adae-46e58511a82f/resource/74834493-c1ea-408a-bc13-79928a676c33,1.0,"Oct 1, 2026"
open.canada.ca/data/en/dataset/8f496e3f-1e54-4dbb-a501-a91eccf616b8/resource/3be9ec5f-25dd-4887-be11-9d2c9147cf40,1.0,"Oct 1, 2026"
open.canada.ca/data/en/dataset/4c6c515f-7c44-4bb6-ab56-c5f79f75f705/resource/c046ea03-a121-470d-bd23-20a4d7fd7b20,1.0,"Oct 1, 2026"
open.canada.ca/data/en/dataset/a0bd9999-600e-48ad-a186-310dfe135b28/resource/371681b4-1835-4e1e-8dd4-11c97d465835,1.0,"Oct 1, 2026"
open.canada.ca/data/en/dataset/c50803db-7645-4da8-bce5-1bc5b501a7b3,1.0,"Oct 1, 2026"
open.canada.ca/data/en/dataset/042f4628-94b2-40ac-9bc1-ca3ac2a27d82/resource/7d7e8549-b818-4e6c-bbb0-c107f93a7ca2,1.0,"Oct 1, 2026"
open.canada.ca/data/en/dataset/6c78fb2f-d23b-45b4-b3af-cc6f6cc4fff8/resource/5cb3099d-1494-4b5f-ab29-76f591df04e8,1.0,"Oct 1, 2026"
open.canada.ca/data/en/dataset/4cab8556-9501-4b2c-96d8-884157ddf9ee/resource/7e42de5c-01da-4fa9-a80d-e48d96ec2c91,1.0,"Oct 1, 2026"
open.canada.ca/data/en/dataset/dc343c43-a592-4a27-8ee7-c77df56afb34/resource/7235e7db-76a7-4693-800a-0a98be08d6dd,1.0,"Oct 1, 2026"
open.canada.ca/data/en/dataset/dd17d211-5038-479a-8f23-dafcb26c829b/resource/511e02da-bbd2-4cab-8804-5d52cabd27d8,1.0,"Oct 1, 2026"
open.canada.ca/data/en/dataset/30a513f6-855c-40ea-8e06-ab7b85c7a61a,1.0,"Oct 1, 2026"
open.canada.ca/data/en/dataset/36dd59c5-de89-4d93-a998-b981e9118e0d/resource/9171dbc8-13ae-4040-aa15-c6b4a2452670,1.0,"Oct 1, 2026"
open.canada.ca/data/en/dataset/288b6dc4-16dc-43cc-80a4-2a45b1f93383/resource/dbd41131-54e9-33ec-9592-550b64a38e66,1.0,"Oct 1, 2026"
open.canada.ca/data/en/dataset/90fed587-1364-4f33-a9ee-208181dc0b97/resource/3a28dd68-e061-46f4-824f-053ad292ad89,1.0,"Oct 1, 2026"
open.canada.ca/data/en/dataset/1a759d95-3008-4078-87af-5bb1bdf657b3/resource/c6a8ddca-7d3e-4019-8472-5cd07bab8c2c,1.0,"Oct 1, 2026"
search.open.canada.ca/data/download/f7279921-b4c8-4480-b8c3-c13fe61b2ee6,1.0,"Oct 1, 2026"
open.canada.ca/data/en/dataset/9e1507cd-f25c-4c64-995b-6563bf9d65bd/resource/2c021916-9aaf-46ac-9066-da690be5f6af,1.0,"Oct 1, 2026"
ouvert.canada.ca/data/dataset/5c8f0d7f-36d6-477f-be66-7ebe57c425dd/resource/1403ba38-5b45-4f9f-9b02-8c40ed80ffa1,1.0,"Oct 1, 2026"
open.canada.ca/data/en/dataset/aeb3c201-a21d-44ee-b1ba-a148d4318516/resource/33658827-eced-4950-a663-5a9178f241e6,1.0,"Oct 1, 2026"
open.canada.ca/data/en/dataset/441b6bbd-999e-44d1-913c-00d55f8408af/resource/a25ec2ac-657f-4dc5-84b1-a64bcf611dcd,1.0,"Oct 1, 2026"
open.canada.ca/data/en/dataset/b5602479-8a65-475f-9755-a1bd130140e3/resource/ea72f314-33e4-4742-914d-c51e978ec2fa,1.0,"Oct 1, 2026"
open.canada.ca/data/en/dataset/fe0e4579-f966-42d8-834a-0a893399f240,1.0,"Oct 1, 2026"
open.canada.ca/data/en/dataset/b6cbcf4d-f763-4924-a2fb-8cc4a06e3de4/resource/450f7e37-73e6-4ec4-a5dc-7cc28411f828,1.0,"Oct 1, 2026"
open.canada.ca/data/en/dataset/ee1580ab-a23d-4f86-a09b-79763677eb47,1.0,"Oct 1, 2026"
ouvert.canada.ca/data/fr/dataset/e7e90f77-6a1b-4b9e-bc3f-650f8fd30ab8,1.0,"Oct 1, 2026"
open.canada.ca/data/en/dataset/29122e72-5762-25f0-732f-c6377f11763f/resource/bdab5c93-0dac-4fb2-94c8-615d4181e7ea,1.0,"Oct 1, 2026"
open.canada.ca/data/en/dataset/f9db6396-01e1-4f3b-b2bc-beff40054eef/resource/c7f7d622-b367-4c48-ad18-f06186ee1a86,1.0,"Oct 1, 2026"
open.canada.ca/data/en/dataset/360024f2-17e9-4558-bfc1-3616485d65b9/resource/520ac8e1-5205-4b67-b550-d2ff322cd8bc,1.0,"Oct 1, 2026"
open.canada.ca/data/en/dataset/eb4c585c-6ada-4de7-8ff1-e876fb1a6b0b,1.0,"Oct 1, 2026"
search.open.canada.ca/grants/download/00c45d52-61e5-40d6-b309-02c6e494295f,1.0,"Oct 1, 2026"
open.canada.ca/data/en/dataset/edc6f2cf-3d1a-c69f-08fa-e9e1fed88957/resource/dd9e8a4e-2a42-4c55-b698-cbe470e7d314,1.0,"Oct 1, 2026"
open.canada.ca/data/en/dataset/00a331db-121b-445d-b119-35dbbe3eedd9/resource/5ce36b64-f31c-4d7e-a0f9-89b4ca926a02,1.0,"Oct 1, 2026"
search.open.canada.ca/travelq/download/6cc69cfb-8ab8-47f8-b5ab-90271ebcb79f,1.0,"Oct 1, 2026"
ouvert.canada.ca/data/fr/dataset/6abd20d4-7a1c-4b38-baa2-9525d0bb2fd2/resource/fa0e6965-4339-4694-9f91-7b84e7216c72,1.0,"Oct 1, 2026"
open.canada.ca/data/en/dataset/6ac5555e-7df4-6201-8462-3a2d5c4f1721/resource/6fa16f91-676e-4c49-a429-d1613c3c8702,1.0,"Oct 1, 2026"
open.canada.ca/data/en/dataset/5489d54a-9925-44e3-a1a8-b26c1f64e811/resource/98d75494-d33b-4572-930b-49ef80b22eba,1.0,"Oct 1, 2026"
open.canada.ca/data/en/dataset/06d31e10-a2a8-4d53-9ff3-567714a0a9f3/resource/86a81632-41b7-4615-8a5b-ca6089e58c93,1.0,"Oct 1, 2026"
open.canada.ca/data/en/dataset/be3bcf7c-64f5-9c6f-84d4-18bdad897ea7/resource/d18ba260-8aa2-4342-8b30-5d95ab9b5ebe,1.0,"Oct 1, 2026"
open.canada.ca/data/en/dataset/1eb9eba7-71d1-4b30-9fb1-30cbdab7e63a,1.0,"Oct 1, 2026"
open.canada.ca/data/en/dataset/4e15c878-ab47-4291-af00-b299de52928c/resource/6fe98f81-1eb2-4104-a0eb-709d4461985a,1.0,"Oct 1, 2026"
open.canada.ca/data/en/dataset/9a4914a5-43bb-521d-9a4d-0f3a2e025a20/resource/61bee018-fadc-4e3e-a4ea-ffb3b414432a,1.0,"Oct 1, 2026"
open.canada.ca/data/dataset/6495ea57-3824-48f0-a2b2-88477122a286,1.0,"Oct 1, 2026"
open.canada.ca/data/en/dataset/8fd0f79b-2165-4206-aeda-d1477a97bfbe/resource/93f66367-222a-48dd-befd-4f378e3db6ff,1.0,"Oct 1, 2026"
open.canada.ca/data/en/dataset/324ff147-816c-4143-a414-d1e973dca140/resource/6351f421-0a32-40ed-b91a-3b17848b91bb,1.0,"Oct 1, 2026"
open.canada.ca/data/dataset/a221e7a0-4f46-4be7-9c5a-e29de9a3447e/resource/f084b62e-859c-4bb7-9a58-2b63fae6da73,1.0,"Oct 1, 2026"
open.canada.ca/data/en/dataset/b27ec3ef-7338-4e76-a6fd-128339a92df5/resource/2282e8c7-f949-454d-9c34-b6a78d94b162,1.0,"Oct 1, 2026"
ouvert.canada.ca/data/fr/dataset/ff1e4882-685c-4518-b741-c3cf9bb74c3e,1.0,"Oct 1, 2026"
open.canada.ca/data/en/dataset/2b0c5ebe-c4a6-4a1d-9b4b-c850f9b5c3c4/resource/89e96fe3-c3cd-461c-9b70-438c2a9d74c0,1.0,"Oct 1, 2026"
ouvert.canada.ca/data/fr/dataset/2b0c5ebe-c4a6-4a1d-9b4b-c850f9b5c3c4/resource/72fab7d4-29d6-4c0e-a6ec-c8618889a214,1.0,"Oct 1, 2026"
open.canada.ca/data/en/dataset/a8a678b0-875f-4607-b347-009a5096ff45/resource/62fda851-82f4-46ab-9438-e9e96653cf9f,1.0,"Oct 1, 2026"
open.canada.ca/data/en/dataset/1d815243-28ce-45e6-ad6b-58643327a253/resource/fbf10fed-7148-4710-aa40-e466ed39397d,1.0,"Oct 1, 2026"
open.canada.ca/data/en/dataset/06b6ab61-4e7f-516c-91ec-bfa21fd4fc11/resource/4a98df5e-9462-4d54-bd27-cb759039bfbb,1.0,"Oct 1, 2026"
open.canada.ca/data/en/dataset/760a4e24-011d-44a4-8063-e6780ac3f691,1.0,"Oct 1, 2026"
open.canada.ca/data/en/dataset/1b026aab-edb3-4d5d-8231-270a09ed4e82/resource/ed0a3a5b-f320-44fe-94d9-cc73b7cb0248,1.0,"Oct 1, 2026"
open.canada.ca/data/en/info/791de1ec-7fc8-48f1-a4e4-8bbaebc67080/resource/d4edbb98-a434-446e-b5a8-cc5f2b2b8a13,1.0,"Oct 1, 2026"
open.canada.ca/data/en/dataset/ef416525-abb9-4805-a596-98681d34f153,1.0,"Oct 1, 2026"
open.canada.ca/data/en/dataset/c9a97191-8893-11e0-bb3f-6cf049291510/resource/76508f1e-952b-4213-8bd5-c2c2288a56dd,1.0,"Oct 1, 2026"
open.canada.ca/data/dataset/dcfd4a3e-22bd-1e6d-9b1c-7e5979a4646e/resource/6b5e8268-cde8-4e2a-a38e-85db41cb80e1,1.0,"Oct 1, 2026"
open.canada.ca/data/en/dataset/5f1493da-273b-05b9-5c79-07e6a1b698c3/resource/86ff242a-6870-4082-9187-7e882baf59e2,1.0,"Oct 1, 2026"
open.canada.ca/data/en/dataset/e133360f-ae6c-4a7a-8715-850a7a3d7932/resource/07c853e7-6cf9-4a83-b59e-6b21b9d0dd89,1.0,"Oct 1, 2026"
ouvert.canada.ca/data/fr/dataset/9b34e712-513f-44e9-babf-9df4f7256550/resource/966285a7-88f7-43f1-9fe5-030fcb92397b,1.0,"Oct 1, 2026"
open.canada.ca/data/en/dataset/593e9165-c6ce-4f9b-b519-03d315f92cd4/resource/c31d6d64-a244-4a83-ba5e-9123a8170f6f,1.0,"Oct 1, 2026"
open.canada.ca/data/en/dataset/2894b1fa-d71e-4793-959f-48329bd38132/resource/516a3bf7-a5ca-4ead-a334-f777eac434e1,1.0,"Oct 1, 2026"
open.canada.ca/data/en/dataset/35b2089d-4212-46a7-8876-746a169dd9a3,1.0,"Oct 1, 2026"
search.open.canada.ca/grants/download/21cca577-f803-4f49-80d3-ef07c144a4ca,1.0,"Oct 1, 2026"
open.canada.ca/data/en/dataset/6e80c795-2d9f-4d93-b7d6-1cd8e90d5662/resource/dfda9e3e-5f04-48b4-a3e6-e0ec17ac2378,1.0,"Oct 1, 2026"
open.canada.ca/data/en/dataset/2e7c5a58-986f-402c-9dec-a45e0dadf8dd/resource/227f18b7-a68e-4896-9043-94f62a3498a0,1.0,"Oct 1, 2026"
search.open.canada.ca/contracts/download/7232ae43-9c69-4011-868a-4fda41d41c24,1.0,"Oct 1, 2026"
open.canada.ca/data/en/dataset/58aed95e-e094-422f-a8de-a28e81a9d744/resource/4f6bf14d-b5ca-493c-bf30-83f7b9ae98db,1.0,"Oct 1, 2026"
open.canada.ca/data/en/dataset/fcb465c4-04e7-4416-9bbe-052c02f6d1e2,1.0,"Oct 1, 2026"
open.canada.ca/data/en/dataset/980d598c-73c9-4003-b6e1-78a9a3081b6c/resource/77a2553d-7438-489f-bec9-b46021226945,1.0,"Oct 1, 2026"
open.canada.ca/data/en/dataset/b8e42fb0-98fe-4c99-935c-4c36221b1ee6/resource/919e7384-420d-4bd0-ad31-fba639a81963,1.0,"Oct 1, 2026"
open.canada.ca/data/en/dataset/c8e5ffa8-6e1e-469b-8d18-c31d5dc85bf6/resource/926a2188-fd87-4b76-9ea7-0129b0e5bf75,1.0,"Oct 1, 2026"
open.canada.ca/data/en/dataset/8f75f060-8884-4918-8ebf-dab254326748/resource/c80f383b-11fb-47e6-a387-eebfd9446f61,1.0,"Oct 1, 2026"
search.open.canada.ca/grants/download/59782d59-c033-4d94-8661-7512a75f3fb0,1.0,"Oct 1, 2026"
open.canada.ca/data/en/dataset/d0cdef71-9343-46c3-b2e7-c1ded5907686/resource/3b9be8b0-f908-479f-a6f0-d4de5b7c1446,1.0,"Oct 1, 2026"
open.canada.ca/data/en/dataset/dbf2fe21-8893-11e0-a455-6cf049291510/resource/a5d2918e-ad55-4996-a6ab-48bae1516cdc,1.0,"Oct 1, 2026"
open.canada.ca/data/en/dataset/cdb60601-85a8-4e47-979c-66758c0a47c0,1.0,"Oct 1, 2026"
open.canada.ca/data/en/dataset/2c75c627-3eb6-41ee-bb54-7b089eade484/resource/64b5424e-3b69-4ed3-bc3c-bf3130b986f6,1.0,"Oct 1, 2026"
open.canada.ca/data/en/dataset/65658050-7a80-4da3-9a09-da137c203a34,1.0,"Oct 1, 2026"
open.canada.ca/data/en/dataset/508edfe7-0cba-4d76-afe8-d19e42e9df8a,1.0,"Oct 1, 2026"
open.canada.ca/data/en/dataset/66c24181-b6d5-445c-8d92-fda6a8294a5a/resource/4a0a7d78-e95a-4ef6-9d5e-7428ff3e0514,1.0,"Oct 1, 2026"
open.canada.ca/data/en/dataset/17bfc1bb-4849-4615-83a4-f7bd1dd21fd2,1.0,"Oct 1, 2026"
open.canada.ca/data/en/dataset/144f24d9-b00a-429c-b074-c076a991a44e/resource/8e6de357-4fae-409d-b069-e5938a218ed4,1.0,"Oct 1, 2026"
open.canada.ca/data/en/dataset/e3c3c580-996a-4668-8bc5-6aa7c7dc4932/resource/f4ec94f8-0c4f-4454-93d2-6c602483b0c5,1.0,"Oct 1, 2026"
search.open.canada.ca/contracts/download/35189929-757b-4a91-b301-3a2b38e11d2c,1.0,"Oct 1, 2026"
ouvert.canada.ca/data/fr/dataset/6a09c998-cddb-4a22-beff-4dca67ab892f/resource/43c67af5-e598-4a9b-a484-fe1cb5d775b5,1.0,"Oct 1, 2026"
open.canada.ca/data/en/dataset/dc343c43-a592-4a27-8ee7-c77df56afb34/resource/4c1ad1fd-5507-451c-b487-e6bf8725e67d,1.0,"Oct 1, 2026"
open.canada.ca/data/en/dataset/47caa405-be2b-4e9e-8f53-c478ade2ca74/resource/6a5e71c0-2fea-4108-b04d-79e7fe54c5c3,1.0,"Oct 1, 2026"
open.canada.ca/data/en/dataset/1e702c06-9711-451e-acc2-e79c18d205d7,1.0,"Oct 1, 2026"
open.canada.ca/data/en/dataset/d0f54727-6c0b-4e5a-aa04-ea1463cf9f4c,1.0,"Oct 1, 2026"
open.canada.ca/data/en/dataset/4444b25a-cd38-46b8-bfb8-15e5d28ba4e7/resource/001f8a55-5b9b-44c3-a4ff-e9600f1f047b,1.0,"Oct 1, 2026"
search.open.canada.ca/grants/download/119d9d90-ab46-4da0-9591-ae51cbbe8581,1.0,"Oct 1, 2026"
open.canada.ca/data/en/dataset/eb0dee21-9123-4d0d-b11d-0763fa1fb403,1.0,"Oct 1, 2026"
open.canada.ca/data/en/dataset/90fed587-1364-4f33-a9ee-208181dc0b97/resource/28b9a549-2b64-4c40-8abe-e2ef3d29daa1,1.0,"Oct 1, 2026"
open.canada.ca/data/en/dataset/1358284b-26e7-4c69-abd8-398d3da2c270/resource/69b6fcd5-50c9-43bd-bd18-3f4e031854d0,1.0,"Oct 1, 2026"
open.canada.ca/data/en/dataset/6abd20d4-7a1c-4b38-baa2-9525d0bb2fd2/resource/f034c950-a514-4dde-95c6-f9b8e6811c57,1.0,"Oct 1, 2026"
open.canada.ca/data/en/dataset/8dd34657-f9f7-4945-b9d3-97932692d2fa/resource/c5717ed0-48d0-45d0-b74b-777813f6164d,1.0,"Oct 1, 2026"
open.canada.ca/data/en/dataset/0ccc7c21-c9ef-499f-8713-91b55357472a,1.0,"Oct 1, 2026"
open.canada.ca/data/en/dataset/adad580f-76b0-4502-bd05-20c125de9116/resource/d16e10ea-77bf-4db8-bdb5-adc709e6cada,1.0,"Oct 1, 2026"
open.canada.ca/data/en/dataset/8cb1d0d0-6ea7-4f6d-b01d-a38fafdcce77,1.0,"Oct 1, 2026"
ouvert.canada.ca/data/fr/dataset/6ec9e3a5-e83b-4938-9a8f-30691297d2a3/resource/3215f8c4-bb4c-4a71-8278-249350059d65,1.0,"Oct 1, 2026"
open.canada.ca/data/en/dataset/bf55e42a-63cb-4556-bfd8-44f26e5a36fe/resource/b05ae610-0366-478f-993f-b4afbdaadbc6,1.0,"Oct 1, 2026"
open.canada.ca/data/en/dataset/a084c80e-a858-42fe-b5e5-6dacf3f3c0c8/resource/3d7642e3-1dff-4d08-9e64-a9ab12214856,1.0,"Oct 1, 2026"
open.canada.ca/data/en/dataset/ff1d7bcf-6606-4c4f-8b91-3a07dab73d67/resource/75ff54b9-eb8a-4124-98c3-7b853a2c7087,1.0,"Oct 1, 2026"
open.canada.ca/data/en/dataset/18e6a919-53fd-41ce-b4e2-44a9707c52dc/resource/51c753da-581e-4709-9825-bc21b1cb2ea6,1.0,"Oct 1, 2026"
open.canada.ca/data/en/dataset/dfa4daf1-669e-4514-82cd-982f27707ed0/resource/fc52e37f-1520-47d1-bff6-5925deb6974f,1.0,"Oct 1, 2026"
open.canada.ca/data/en/dataset/6e47f705-71ed-41f0-8fd5-d1a8508a3b63/resource/24e71ba5-a774-4ec0-8766-05f129fcf539,1.0,"Oct 1, 2026"
ouvert.canada.ca/data/dataset/f42eb2ee-d532-4a73-b6d8-6cf465a459b2,1.0,"Oct 1, 2026"
open.canada.ca/data/en/dataset/dc2bac5e-a070-48da-9949-3ad346d694cd,1.0,"Oct 1, 2026"
open.canada.ca/data/en/dataset/54a335e7-13d1-4ccd-babf-f83f7248a4ca/resource/e22d2e4d-6599-4878-be41-db06572c4483,1.0,"Oct 1, 2026"
ouvert.canada.ca/data/fr/dataset/c128aff5-325c-4599-ab66-1c9d0b3abc94/resource/f452e82b-2855-41a2-8604-23b6a345ec58,1.0,"Oct 1, 2026"
open.canada.ca/data/dataset/45a00be0-d572-4e42-be18-1bbaaf6c85ee/resource/15707d41-225d-4383-9584-a27a3fa74c14,1.0,"Oct 1, 2026"
open.canada.ca/data/en/dataset/a828eab4-5449-4ae5-a92f-e33b09da6934/resource/fce1fa99-a912-47b8-87ef-01b938752cb1,1.0,"Oct 1, 2026"
open.canada.ca/data/en/dataset/7ee6192e-715d-405b-a7a6-a8a42187cf26/resource/8f7db075-702a-4449-83d3-5bbfba4da7ae,1.0,"Oct 1, 2026"
ouvert.canada.ca/data/fr/dataset/c21d6f1d-14e5-46f6-9885-8c7baabcdaa1/resource/a61f7084-4a12-4737-8a5c-1849c6b9d59a,1.0,"Oct 1, 2026"
open.canada.ca/data/en/dataset/8940f53e-74e5-486c-b5ed-458a935d98aa/resource/a0265da3-0146-48c0-a0f5-50920e1b3d2a,1.0,"Oct 1, 2026"
open.canada.ca/data/dataset/e8c7210a-b331-42db-9d0f-af109b822551,1.0,"Oct 1, 2026"
open.canada.ca/data/en/dataset/e547539b-7fc6-4879-be54-3d1f80ac9e9e/resource/b47a541b-2e8a-46e1-9586-4e4b0496eaa7,1.0,"Oct 1, 2026"
open.canada.ca/data/en/dataset/49f25051-3946-426e-a589-b7063f75bbd5/resource/9a23ded4-f5ea-3648-b9cf-3e595b318014,1.0,"Oct 1, 2026"
open.canada.ca/data/en/dataset/296de17c-001c-4435-8f9a-f5acab632e85,1.0,"Oct 1, 2026"
open.canada.ca/data/dataset/76c6ef9f-1869-4f1d-9cbc-9c26e4d1d4bf/resource/5af976e5-a470-40a0-8546-54f19a74903b,1.0,"Oct 1, 2026"
ouvert.canada.ca/data/dataset/96b9e0dd-7ae8-4d68-87c3-be3a5bc7a2c0/resource/7a33d311-833d-4e71-8999-eba66c4333ba,1.0,"Oct 1, 2026"
ouvert.canada.ca/data/fr/dataset/3f9e1080-4a08-4c0f-ace7-1b94a1afd61d/resource/ff9126a5-8507-4504-8f09-7a7a9037dbb4,1.0,"Oct 1, 2026"
open.canada.ca/data/en/dataset/000a51f1-3781-a262-35f2-ff83df4898d9/resource/3fccbd0f-822c-40e1-84f7-8bef2d0433b5,1.0,"Oct 1, 2026"
open.canada.ca/data/en/dataset/113a3ac4-ec66-475e-95ae-111c39c2efe9/resource/8f76936a-d2b3-4d5b-a674-46bdbf166023,1.0,"Oct 1, 2026"
open.canada.ca/data/en/dataset/b064f21b-bfa8-ae9c-bc52-971b8d5e0fce/resource/5ca2a2ca-b9a3-447f-93bb-82d8f978d6b6,1.0,"Oct 1, 2026"
open.canada.ca/data/en/dataset/78bd27a9-a83d-425a-b909-b9f44a6b1b10/resource/dfce1301-4152-4c9b-912f-4a22be32e66f,1.0,"Oct 1, 2026"
ouvert.canada.ca/data/fr/dataset/dfa4daf1-669e-4514-82cd-982f27707ed0/resource/b4e1258c-2a72-4c64-b202-d0ab6aa2d21a,1.0,"Oct 1, 2026"
open.canada.ca/data/en/dataset/79fdad93-9025-49ad-ba16-c26d718cc070/resource/38049b30-86ce-4097-ab28-8ac0b5acd4fe,1.0,"Oct 1, 2026"
ouvert.canada.ca/data/fr/dataset/94fc74d6-9b9a-4c2e-9c6c-45a5092453aa,1.0,"Oct 1, 2026"
ouvert.canada.ca/data/fr/dataset/9d96e8c9-22fe-4ad2-b5e8-94a6991b744b/resource/02cd5f2c-46fd-4b9a-9983-f0546c536a94,1.0,"Oct 1, 2026"
ouvert.canada.ca/data/fr/dataset/6a09c998-cddb-4a22-beff-4dca67ab892f,1.0,"Oct 1, 2026"
ouvert.canada.ca/data/fr/dataset/6e16f703-9c57-46c9-9194-6573398c17e6,1.0,"Oct 1, 2026"
open.canada.ca/data/en/dataset/49d5ba7d-d860-40d9-9183-892979e4acbe/resource/682d1e12-26dd-4d30-bb40-f04658502bcd,1.0,"Oct 1, 2026"
open.canada.ca/data/en/dataset/91ed76b4-a1a2-4f87-9c4c-59cd64f7a9de/resource/027ee7f8-4b87-45cd-a10f-f95d3a5d4e09,1.0,"Oct 1, 2026"
open.canada.ca/data/en/dataset/1d42f7b9-1549-40aa-8ac6-0e0302ff2902/resource/e1b7912c-f71a-4b80-aeb0-8dde1a7084f0,1.0,"Oct 1, 2026"
ouvert.canada.ca/data/fr/dataset/f0452f00-d705-5472-ac30-1e10800eb11d/resource/8d3cfead-7bc7-4bf8-acc1-cbf9f72fc0c4,1.0,"Oct 1, 2026"
open.canada.ca/data/en/dataset/f747d884-bee8-466f-be95-16766253786c,1.0,"Oct 1, 2026"
open.canada.ca/data/en/dataset/787e3643-ea0b-4062-bcee-01c048735ec0/resource/7135fdb0-6d3d-41a6-bced-e492f5757d22,1.0,"Oct 1, 2026"
open.canada.ca/data/en/dataset/0d39fcc6-8dff-4c5b-902f-1752fa44db70/resource/1cc774de-c2d7-4344-9b40-641ccd009af4,1.0,"Oct 1, 2026"
open.canada.ca/data/en/dataset/a378c7b6-cffa-420c-9a23-c57a292fb1cb,1.0,"Oct 1, 2026"
open.canada.ca/data/en/dataset/9fbed581-4dd3-42c9-8244-59ee0b50bde8/resource/b24da5c7-beb8-4514-ac2a-8350b9f3a023,1.0,"Oct 1, 2026"
search.open.canada.ca/travelq/download/b5f64b74-9d47-4f89-b74a-b2c835436758,1.0,"Oct 1, 2026"
open.canada.ca/data/en/dataset/faba93b8-b9d4-4181-94cd-44c33a0388e2/resource/e71de816-1aa1-4e49-9901-456f722e67c0,1.0,"Oct 1, 2026"
open.canada.ca/data/en/dataset/43ea3719-f2ea-4c30-91d2-c8cf9b9b1cef,1.0,"Oct 1, 2026"
open.canada.ca/data/en/dataset/1d1a4e19-6ef8-494d-b686-92ac9afd71bd/resource/e2259ade-4577-47cf-87fe-996da65f47ba,1.0,"Oct 1, 2026"
search.open.canada.ca/contracts/download/5ac3d73a-67f3-478a-b6a3-390f85904f8d,1.0,"Oct 1, 2026"
open.canada.ca/data/en/dataset/5b905ab8-44dc-42b4-ad5b-3b1dde8423ab,1.0,"Oct 1, 2026"
open.canada.ca/data/en/dataset/f064a144-b4e0-4e9b-9970-e0fc2f84d1a8/resource/08e2c125-5d84-4a3c-8b10-34dc02e4314d,1.0,"Oct 1, 2026"
open.canada.ca/data/en/info/791de1ec-7fc8-48f1-a4e4-8bbaebc67080/resource/8726f371-eb34-4fee-984a-8e97b5115e56,1.0,"Oct 1, 2026"
open.canada.ca/data/en/dataset/06d31e10-a2a8-4d53-9ff3-567714a0a9f3/resource/e0df7567-225a-45c1-bae3-fff75b7d5c91,1.0,"Oct 1, 2026"
open.canada.ca/data/dataset/1ca9756d-eec1-4779-8e53-f0b44b7afc55/resource/74fe0b62-a8fd-471d-9c3b-9671e9c0ba27,1.0,"Oct 1, 2026"
open.canada.ca/data/en/dataset/1feee3b5-8068-4dbb-b361-180875837593/resource/38a40ddd-4543-44c5-a9cb-efbb334dfe0d,1.0,"Oct 1, 2026"
open.canada.ca/data/en/dataset/4382d531-04ed-46b7-a10b-35df6fe36d56,1.0,"Oct 1, 2026"
open.canada.ca/data/en/dataset/d9d3a8c5-b9a8-f90b-9a3c-a8f4d4027b95,1.0,"Oct 1, 2026"
open.canada.ca/data/en/dataset/8b434ac7-aedb-4698-90df-ba77424a551f/resource/f0857e9f-af4b-407a-8365-f00c1738c9c4,1.0,"Oct 1, 2026"
open.canada.ca/data/en/dataset/80c00cdb-1358-415c-bb8b-0de7f12675b8/resource/5d174c72-9dca-4961-88f2-fc8e6257941b,1.0,"Oct 1, 2026"
open.canada.ca/data/en/dataset/63858380-265e-4948-8e96-ca50fceca2d7/resource/ca3a8a6f-2721-4a54-b91e-73e82fb8e50b,1.0,"Oct 1, 2026"
open.canada.ca/data/en/dataset/11bb83d2-a717-4f0a-880b-a050c99116c3,1.0,"Oct 1, 2026"
open.canada.ca/data/en/dataset/1b6139bd-ed7e-4043-bc28-ff00e10f3109/resource/e0cafc22-f564-4524-b82a-9ad7554f57ef,1.0,"Oct 1, 2026"
open.canada.ca/data/en/dataset/f7130012-beca-4de8-a57d-50c03ca323d0,1.0,"Oct 1, 2026"
open.canada.ca/data/en/dataset/51e22198-146b-464f-8c13-5435c9ad9e40/resource/261d98e2-8611-469d-950b-d589ad7aaca5,1.0,"Oct 1, 2026"
open.canada.ca/data/en/dataset/832eddd0-6ef6-4afb-ad62-43beaf3a8c31/resource/e00002a4-a80a-4660-af71-cef5a3379b4f,1.0,"Oct 1, 2026"
open.canada.ca/data/en/dataset/0ad6d642-26f5-49ef-8bc7-1928d1bcc1b4,1.0,"Oct 1, 2026"
ouvert.canada.ca/data/fr/dataset/f5c8a5a0-354d-455a-99ab-8276aa38032e/resource/f352898d-87bd-407e-873d-d9981c5c3cba,1.0,"Oct 1, 2026"
open.canada.ca/data/en/dataset/36a6d0aa-6718-4f04-a145-582951aefb7a,1.0,"Oct 1, 2026"
open.canada.ca/data/en/dataset/de2bf291-1ccd-4f27-9dcd-8616b95bec6f,1.0,"Oct 1, 2026"
open.canada.ca/data/en/dataset/4188dacc-07c5-f72c-cfb1-cd505fcd4eb4/resource/ee15dbf5-25ac-4ed4-9923-d037af435a13,1.0,"Oct 1, 2026"
open.canada.ca/data/en/dataset/2abe0796-c3e6-443b-a5c5-74e770e9fbe0/resource/420925be-399a-473b-8be3-26875a1c132a,1.0,"Oct 1, 2026"
open.canada.ca/data/en/dataset/dbdfbdba-0725-470d-a23e-da69dbedc4e6/resource/59c87624-6fb7-4d22-954a-8445120843ee,1.0,"Oct 1, 2026"
open.canada.ca/data/en/dataset/f0d415a7-5126-4f7d-bac2-648422e60d0b/resource/1acffb5f-8ee1-49c4-ab7e-18e1304e87e8,1.0,"Oct 1, 2026"
open.canada.ca/data/en/dataset/e1fa0090-4b06-e476-5c71-e2326666a4d0,1.0,"Oct 1, 2026"
open.canada.ca/data/en/dataset/897a64fd-619d-48cc-b056-c9f6484b63b1/resource/324d9801-8beb-48ba-90bd-a0021a81a1bd,1.0,"Oct 1, 2026"
ouvert.canada.ca/data/dataset/aa233f60-348c-49e0-857d-ea4e86a7660d/resource/d60ee64a-7afa-4e0d-9f49-17747c5109b2,1.0,"Oct 1, 2026"
search.open.canada.ca/contracts/download/5fe064fc-6f36-4d8b-a14a-f69208285e50,1.0,"Oct 1, 2026"
open.canada.ca/data/en/dataset/3d2e1a84-20f5-4a61-90e4-94760c80ebb9/resource/862e7e5a-5c98-449d-adb4-0f4582fae2ab,1.0,"Oct 1, 2026"
open.canada.ca/data/en/dataset/0d218ab1-b72b-4c56-914e-c97bb197b150/resource/195054a0-5424-4bf2-ab58-f527eb78a26f,1.0,"Oct 1, 2026"
open.canada.ca/data/en/dataset/c3893f29-43c7-4f34-ac7e-3ee8aefc2af1/resource/85f64d5f-a37e-4ad9-9108-f9b693e69f96,1.0,"Oct 1, 2026"
open.canada.ca/data/en/dataset/8f96e706-025f-4cb8-82e1-1775c1e0ac96/resource/765cad0f-3337-4ab1-aabc-b490a85a447a,1.0,"Oct 1, 2026"
ouvert.canada.ca/data/fr/dataset/4282bd50-518f-490d-80f3-4f4d75af52ee,1.0,"Oct 1, 2026"
open.canada.ca/data/en/dataset/3f718801-099d-4037-bb0a-1d41ba8aca8b/resource/02fb3fe4-1d8c-405a-8beb-1b1510cff9c7,1.0,"Oct 1, 2026"
open.canada.ca/data/en/dataset/4a92ffeb-d922-50ae-823b-81bb10331035/resource/4010beb6-cbd3-4d8c-8a5c-a47f24ba6923,1.0,"Oct 1, 2026"
open.canada.ca/data/en/info/a045bf69-0583-46f7-beed-2ef149a716aa/resource/64fba29b-ec56-439f-9196-4cab69f852ab,1.0,"Oct 1, 2026"
open.canada.ca/data/en/dataset/0e190d28-5114-4da1-b452-e6228e8f7b50,1.0,"Oct 1, 2026"
open.canada.ca/data/en/dataset/4501c9d5-0888-4060-8f44-76c3aa61cc2d/resource/87ee5b68-2c53-4612-95ce-389834dfee9a,1.0,"Oct 1, 2026"
open.canada.ca/data/en/dataset/24969dcc-6618-4aa0-94d9-083e6400072a/resource/a7c242f5-0f4d-407c-874f-9a747d5c48ff,1.0,"Oct 1, 2026"
open.canada.ca/data/en/dataset/6766bc68-d087-42fc-87f8-5ab4ad6925cf/resource/9c505809-3dad-476e-83aa-5b34649aa0ee,1.0,"Oct 1, 2026"
open.canada.ca/data/en/dataset/45ec51c1-384a-4a9c-967b-2c573f7a3a01,1.0,"Oct 1, 2026"
open.canada.ca/data/en/dataset/1358284b-26e7-4c69-abd8-398d3da2c270/resource/cc2cae60-cdc4-4428-b64c-cdaa2eb0b700,1.0,"Oct 1, 2026"
open.canada.ca/data/en/dataset/99476cd1-ab18-44aa-98c3-5402712d66ff/resource/f38580a0-c797-4bbb-8205-ab50d05eacbe,1.0,"Oct 1, 2026"
open.canada.ca/data/en/dataset/ef362825-83ec-4517-9488-9ad1b879795e/resource/1f3e3f6d-ec21-40db-9556-c134116d75f7,1.0,"Oct 1, 2026"
open.canada.ca/data/en/dataset/a560273e-cd12-4eb4-b732-19a8994c8b3f/resource/4c48287f-16c2-4a9d-92e1-ca669e987aba,1.0,"Oct 1, 2026"
open.canada.ca/data/en/dataset/b6567c5c-8339-4055-99fa-63f92114d9e4,1.0,"Oct 1, 2026"
open.canada.ca/data/en/dataset/b6567c5c-8339-4055-99fa-63f92114d9e4/resource/bfce470e-9ef4-4629-bd48-223f8bc86fa3,1.0,"Oct 1, 2026"
open.canada.ca/data/en/dataset/b27ec3ef-7338-4e76-a6fd-128339a92df5/resource/9553d9c8-35c1-475e-bc4a-b53b98a1f551,1.0,"Oct 1, 2026"
open.canada.ca/data/dataset/2909a648-5753-4924-878a-b069392d9cde/resource/7ebf7669-e717-4391-a072-6037f1ecff9a,1.0,"Oct 1, 2026"
open.canada.ca/data/en/dataset/29892c85-2ff5-484c-873c-f494ffba6e1b/resource/220843f4-1c70-4dab-8efd-139bfd58819a,1.0,"Oct 1, 2026"
open.canada.ca/data/en/dataset/4382d531-04ed-46b7-a10b-35df6fe36d56/resource/80caf821-9f7e-4796-b738-d803f9a0c23c,1.0,"Oct 1, 2026"
open.canada.ca/data/en/dataset/4a922ec0-11e8-4ec8-be91-ae3dcda08d86,1.0,"Oct 1, 2026"
open.canada.ca/data/en/dataset/57180b36-3428-4a7f-afe3-2161a6b44ec5/resource/cb5b5566-f599-4d12-abae-8279a0230928,1.0,"Oct 1, 2026"
open.canada.ca/data/en/dataset/979cd4c1-592c-3b70-31d3-87822283b174,1.0,"Oct 1, 2026"
search.open.canada.ca/contracts/download/e2f73325-a4e0-4729-9e6f-383c7dfa38cf,1.0,"Oct 1, 2026"
open.canada.ca/data/en/dataset/43ea3719-f2ea-4c30-91d2-c8cf9b9b1cef/resource/552ee4fb-1d51-47c9-b255-916d0737ed2e,1.0,"Oct 1, 2026"
open.canada.ca/data/en/dataset/2bf9838c-31a7-4120-8572-d01bd793de45/resource/5ff16455-1ec1-4e89-9167-dd41062faf07,1.0,"Oct 1, 2026"
open.canada.ca/data/en/dataset/85f27248-ecac-497a-a1e3-e49eb526b481,1.0,"Oct 1, 2026"
open.canada.ca/data/en/dataset/e5eae1d4-687c-4db2-9273-a8d2d711144c/resource/32f3a665-71d7-44a5-b1e0-aa6911147a96,1.0,"Oct 1, 2026"
open.canada.ca/data/en/dataset/4c47aadf-94c5-467b-aa29-678e7398ee18/resource/2017fad3-d40f-4cdb-bc37-0503cffdad5b,1.0,"Oct 1, 2026"
open.canada.ca/data/en/dataset/8c387c19-9411-c58c-89d3-9e222ea3f50a/resource/3cb38f81-6134-418c-9899-13c03c7b8dd7,1.0,"Oct 1, 2026"
open.canada.ca/data/en/dataset/ab48c63b-4143-4e62-8f36-831e31a2095d,1.0,"Oct 1, 2026"
open.canada.ca/data/en/dataset/897a64fd-619d-48cc-b056-c9f6484b63b1/resource/e6a3bcb8-af6b-48cc-8e1c-e0a573391a86,1.0,"Oct 1, 2026"
open.canada.ca/data/en/dataset/dd2b0390-c77a-4c9f-b1bc-cb8d9f4a23c5/resource/a30d48e4-c930-440f-8f0e-e2306e7f3ca7,1.0,"Oct 1, 2026"
open.canada.ca/data/en/dataset/92e1a97c-f067-47a4-9d72-965effafecd6,1.0,"Oct 1, 2026"
ouvert.canada.ca/data/fr/dataset/93d640ec-d059-4768-b7ed-388604b278aa/resource/35dd0a9a-8afb-4174-b3d7-9fa444d8da84,1.0,"Oct 1, 2026"
open.canada.ca/data/en/dataset/c7fa5905-3115-45ad-ab7d-48a85700255a/resource/2cf025e6-ecaa-466c-afba-31a753bf2fb8,1.0,"Oct 1, 2026"
open.canada.ca/data/en/dataset/cdf6ab31-fa03-479a-b6e0-f9a0c71edf91/resource/887408d4-1413-4da4-82da-24eaf63a477f,1.0,"Oct 1, 2026"
open.canada.ca/data/en/dataset/294eaa02-cde2-4beb-ab3d-3ec7da75786d/resource/b829d0f5-19a7-485d-a2ad-575b8833596f,1.0,"Oct 1, 2026"
open.canada.ca/data/en/dataset/766a71ce-d798-49e2-bee2-7ec65c7c5d56,1.0,"Oct 1, 2026"
open.canada.ca/data/en/dataset/affdd92f-3857-431b-8948-e2914cabb5d9,1.0,"Oct 1, 2026"
open.canada.ca/data/en/dataset/1efcd118-a3df-4cd0-86ae-e4233386b0c6/resource/13c847a1-4e78-4ca4-a83b-9c316d5f3f31,1.0,"Oct 1, 2026"
open.canada.ca/data/en/dataset/77381606-95c0-411a-a7cd-eba5d038c1c4/resource/ae931981-b9ac-4b5c-9b6b-2c70c1fe448f,1.0,"Oct 1, 2026"
open.canada.ca/data/dataset/cbb9182b-df94-4ae6-8a85-b75a34b2f990/resource/8cfd6ba9-ffa2-45f3-bb24-73e65e116c4b,1.0,"Oct 1, 2026"
open.canada.ca/data/en/dataset/06d31e10-a2a8-4d53-9ff3-567714a0a9f3/resource/71e51a85-641d-48e7-aba6-f94a1fa1bf57,1.0,"Oct 1, 2026"
open.canada.ca/data/en/dataset/9df0f5ac-f66d-4d05-a247-027608e6fd78/resource/e5a862c9-1825-44c4-a1c5-9f558f654062,1.0,"Oct 1, 2026"
ouvert.canada.ca/data/fr/dataset/dfa4daf1-669e-4514-82cd-982f27707ed0/resource/fc52e37f-1520-47d1-bff6-5925deb6974f,1.0,"Oct 1, 2026"
open.canada.ca/data/en/info/791de1ec-7fc8-48f1-a4e4-8bbaebc67080/resource/5df5c450-561e-4cd3-9f6c-e2bf3fb83fd2,1.0,"Oct 1, 2026"
ouvert.canada.ca/data/fr/dataset/1b6139bd-ed7e-4043-bc28-ff00e10f3109/resource/e0cafc22-f564-4524-b82a-9ad7554f57ef,1.0,"Oct 1, 2026"
