day,Downloads,dataset_id,resource_id,Dataset_creation,Resource_creation,Resource_modification,dataset_title,titre_du_jeu_de_donnees,resource_title,titre_du_ressource,institution_EN,institution_FR
"Sep 1, 2026",3.0,0032ce54-c5dd-4b66-99a0-320a7b5e99f2,7b6dd154-aa04-46ce-8880-ce4a5fa0a680,2016-09-23,2026-05-07,2026-09-01,Federal Corporations,Sociétés de régime fédéral,Active business corporations,Sociétés par actions actives,"Innovation, Science and Economic Development Canada "," Innovation, Sciences et Développement économique Canada"
"Sep 1, 2026",13.0,0032ce54-c5dd-4b66-99a0-320a7b5e99f2,No resource,2016-09-23,2016-09-23,2026-09-01,Federal Corporations,Sociétés de régime fédéral,No resources covered,Aucune ressource couverte,"Innovation, Science and Economic Development Canada "," Innovation, Sciences et Développement économique Canada"
"Sep 1, 2026",1.0,0032ce54-c5dd-4b66-99a0-320a7b5e99f2,a1cbafa3-df2b-44c9-8488-833b31b76e01,2016-09-23,2026-05-07,2026-09-01,Federal Corporations,Sociétés de régime fédéral,Active business corporations,Sociétés par actions actives,"Innovation, Science and Economic Development Canada "," Innovation, Sciences et Développement économique Canada"
"Sep 1, 2026",1.0,004de02c-19f1-4da0-9af8-33f893e41972,8c632637-12a0-45e4-ab3e-95b31b0b295c,2020-12-10,2026-08-26,2026-08-26,Indices of deprivation,Indices de défavorisation,Deprivation - Primary Schools 2025-2026,Défavorisation - Écoles primaires 2025-2026,Government and Municipalities of Québec , Gouvernement et municipalités du Québec
"Sep 1, 2026",1.0,004f6b03-ac84-4c7c-90cb-35949e6260bc,85ef9127-e0a1-465d-832e-d6f1bae32b8c,2018-01-09,2026-04-30,2026-04-30,Maps of reporting facilities – virtual globe format,Cartes des installations ayant soumis une déclaration – Format de visualisation virtuelle de la Terre,INRP - 2024.kmz,INRP - 2024.kmz,Environment and Climate Change Canada , Environnement et Changement climatique Canada
"Sep 1, 2026",1.0,005494f2-1848-48d5-abe4-a76a7846f035,No resource,2022-03-22,2022-03-22,2023-05-18,Canadian Weather Energy and Engineering Datasets (CWEEDS),Fichiers météorologiques canadiens pour l'énergie et le génie (FMCEG),No resources covered,Aucune ressource couverte,Natural Resources Canada , Ressources naturelles Canada
"Sep 1, 2026",2.0,006d5940-34b8-4d0e-963e-2cc7d61fd794,93550c04-844c-4a16-b950-74a5ffaaf548,2016-09-24,2017-01-30,2017-01-30,Cadastral Information for Mammin River 25,Information cadastrale pour Mammin River No 25,Download SHP file through FTP,Téléchargez le fichier SHP via FTP,Natural Resources Canada , Ressources naturelles Canada
"Sep 1, 2026",2.0,00a331db-121b-445d-b119-35dbbe3eedd9,No resource,2016-09-23,2016-09-23,2026-06-18,National Broadband Data,Données nationales de large bande,No resources covered,Aucune ressource couverte,"Innovation, Science and Economic Development Canada "," Innovation, Sciences et Développement économique Canada"
"Sep 1, 2026",2.0,0126c7e2-2a49-52de-9090-69e644f6cec7,555ea6ac-79f3-4087-bf46-9b4ffce02425,2016-09-24,2017-01-26,2017-01-26,"Results of the 33rd Federal Election, September 4, 1984",Résultats de la 33e élection fédérale - Le 4 septembre 1984,Download English PDF through HTTP,Télécharger le fichier en format Anglais PDF via HTTP,Natural Resources Canada , Ressources naturelles Canada
"Sep 1, 2026",2.0,0126c7e2-2a49-52de-9090-69e644f6cec7,e83fdd72-fc0b-4e61-a576-c5f0bb118a62,2016-09-24,2017-01-26,2017-01-26,"Results of the 33rd Federal Election, September 4, 1984",Résultats de la 33e élection fédérale - Le 4 septembre 1984,Download English JPG through HTTP,Télécharger le fichier en format Anglais JPG via HTTP,Natural Resources Canada , Ressources naturelles Canada
"Sep 1, 2026",1.0,01d008c0-4dd1-403a-b49b-03b1843edcc3,cbbc4c87-fa7c-4e85-b91f-2a5c6b932249,2026-06-02,2026-06-02,2026-06-02,What We Learned Report; CNSC Listening Tour - 2025,Rapport sur ce que nous avons appris ; Tournée d’écoute de la CCSN - 2025,What We Learned Report; CNSC Listening Tour - 2025,Rapport sur ce que nous avons appris ; Tournée d’écoute de la CCSN - 2025,Canadian Nuclear Safety Commission , Commission canadienne de sûreté nucléaire
"Sep 1, 2026",1.0,028dd58d-320c-53fb-b5bc-8188fd5d5edf,8d74775f-dfe1-42a7-a4d8-3f5be4794e4a,2016-09-24,2017-01-26,2017-01-26,Physiographic Regions,Régions physiographiques,Download English PDF through HTTP,Télécharger le fichier en format Anglais PDF via HTTP,Natural Resources Canada , Ressources naturelles Canada
"Sep 1, 2026",1.0,02c94bcc-1568-3963-e178-7e83cf9c55f0,No resource,2025-11-19,2025-11-19,2026-04-17,Number of Schools by District and Year,Évolution du nombre d'écoles par district scolaire,No resources covered,Aucune ressource couverte,Government of New Brunswick , Gouvernement du Nouveau-Brunswick
"Sep 1, 2026",1.0,032df664-5b95-49d5-bb0e-ab6ee4c5642f,No resource,2020-11-27,2020-11-27,2026-06-29,UTM (Universal Transverse Mercator) 1 Km Grid,Quadrillage UTM (transverse universelle de Mercator) de 1 km,No resources covered,Aucune ressource couverte,Government of Ontario , Gouvernement de l'Ontario
"Sep 1, 2026",1.0,04f5b200-bab1-4ecf-bd1a-0cd2f55cb34d,6cf97210-a12f-4b34-b5d3-e2e5713567fa,2022-08-11,2024-07-29,2024-07-29,Federal Whales Initiative – Freshwater and sediment data (Pacific Region),Initiative fédérale sur les baleines – Données sur l'eau douce et les sédiments (région du Pacifique),Whales Metadata,Métadonnées sur les baleines,Environment and Climate Change Canada , Environnement et Changement climatique Canada
"Sep 1, 2026",1.0,055919c2-101e-4329-bfd7-1d0c333c0e62,No resource,2017-03-29,2017-03-29,2021-11-24,Indexes of the National Topographic System of Canada,Index du système national de référence cartographique du Canada,No resources covered,Aucune ressource couverte,Natural Resources Canada , Ressources naturelles Canada
"Sep 1, 2026",2.0,055919c2-101e-4329-bfd7-1d0c333c0e62,de8a365d-6326-4013-a661-7647e5996c55,2017-03-29,2021-11-24,2021-11-24,Indexes of the National Topographic System of Canada,Index du système national de référence cartographique du Canada,Pre-packaged SHAPE files,Fichiers SHAPE pré-emballés,Natural Resources Canada , Ressources naturelles Canada
"Sep 1, 2026",1.0,059f7416-cfb3-44e9-a6f8-4c5f74bd5b4f,c515847c-9209-4841-8207-1afc412b5791,2026-06-03,2026-06-03,2026-09-01,6th National Action Plan on Open Government Reporting Data,Données de rapport pour 6e plan d'action national sur du gouvernement ouvert,NAP data,Données PAN,Treasury Board of Canada Secretariat , Secrétariat du Conseil du Trésor du Canada
"Sep 1, 2026",1.0,05a9e718-6810-4e73-8bb9-5955efeb91a0,No resource,2021-06-30,2021-06-30,2026-05-27,Food inspections and offenders,Inspections des aliments et contrevenants,No resources covered,Aucune ressource couverte,Government and Municipalities of Québec , Gouvernement et municipalités du Québec
"Sep 1, 2026",4.0,05b3abd0-e70f-4b3b-a9c5-acc436bd15b6,No resource,2025-07-29,2025-07-29,2026-05-28,2023 List of charities,Liste des organismes de bienfaisance 2023,No resources covered,Aucune ressource couverte,Canada Revenue Agency , Agence du revenu du Canada
"Sep 1, 2026",1.0,05b3abd0-e70f-4b3b-a9c5-acc436bd15b6,aff519a3-a71e-4934-b052-dd29419be224,2025-07-29,2025-07-29,2026-05-28,2023 List of charities,Liste des organismes de bienfaisance 2023,Compensation,Compensation,Canada Revenue Agency , Agence du revenu du Canada
"Sep 1, 2026",1.0,05b3abd0-e70f-4b3b-a9c5-acc436bd15b6,d205c11b-9803-4d3a-8ac8-ab7b648d145b,2025-07-29,2025-07-29,2026-05-28,2023 List of charities,Liste des organismes de bienfaisance 2023,Non-Qualified donees,Subventions à des donataires non reconnus,Canada Revenue Agency , Agence du revenu du Canada
"Sep 1, 2026",1.0,061c8cb7-ca4e-45be-a990-61fce7e7d2dc,49ef2691-822f-4a46-b600-3dd285d0d578,2022-08-10,2026-08-26,2026-08-26,Quebec property assessment roll,Rôle d'évaluation foncière du Québec,Index of 2026 property assessment rolls by municipality,Index des rôles d'évaluation foncière 2026 par municipalité,Government and Municipalities of Québec , Gouvernement et municipalités du Québec
"Sep 1, 2026",1.0,061c8cb7-ca4e-45be-a990-61fce7e7d2dc,5fe5ac6a-afe9-4bf8-8c55-27a2ca7cc0e5,2022-08-10,2026-08-26,2026-08-26,Quebec property assessment roll,Rôle d'évaluation foncière du Québec,Quebec property assessment roll georeferenced 2026,Rôle d'évaluation foncière du Québec géoréférencé 2026,Government and Municipalities of Québec , Gouvernement et municipalités du Québec
"Sep 1, 2026",4.0,061c8cb7-ca4e-45be-a990-61fce7e7d2dc,No resource,2022-08-10,2022-08-10,2026-08-26,Quebec property assessment roll,Rôle d'évaluation foncière du Québec,No resources covered,Aucune ressource couverte,Government and Municipalities of Québec , Gouvernement et municipalités du Québec
"Sep 1, 2026",2.0,065439a9-c194-4259-9c95-245a852be4a1,4acf5ea8-cf65-41c3-a585-d515c7cfdb1a,2022-09-09,2022-09-09,2024-12-09,44th General Election: Official Voting Results,44e élection générale : Résultats officiels du scrutin,Table 3: Number of ballots cast and voter turnout,Tableau 3 : Nombre de bulletins de vote déposés et participation électorale ,Elections Canada , Élections Canada
"Sep 1, 2026",1.0,065439a9-c194-4259-9c95-245a852be4a1,7961f6e7-be2b-48b9-b1c6-914a399990bd,2022-09-09,2022-09-09,2024-12-09,44th General Election: Official Voting Results,44e élection générale : Résultats officiels du scrutin,Table 8: Number of valid votes by political affiliation,Tableau 8 : Nombre de votes valides par appartenance politique ,Elections Canada , Élections Canada
"Sep 1, 2026",1.0,065439a9-c194-4259-9c95-245a852be4a1,d9ff2144-4591-4ef5-b313-be5012eca3be,2022-09-09,2022-09-09,2024-12-09,44th General Election: Official Voting Results,44e élection générale : Résultats officiels du scrutin,Table 11: Voting results by electoral district,Tableau 11 : Résultats du scrutin par circonscription,Elections Canada , Élections Canada
"Sep 1, 2026",1.0,0691e087-2808-49c8-9f10-c3f0c2bdd75f,No resource,2018-06-27,2018-06-27,2023-01-17,"Disability-adjusted life expectancy, abridged life table, at birth and at age 65, by sex, Canada, provinces, territories and health regions","Espérance de vie ajustée sur la santé, table de mortalité abrégée, à la naissance et à 65 ans, selon le sexe, Canada, provinces, territoires et régions sociosanitaires",No resources covered,Aucune ressource couverte,Statistics Canada , Statistique Canada
"Sep 1, 2026",1.0,06d31e10-a2a8-4d53-9ff3-567714a0a9f3,1bec9a0b-9c98-494e-a9ab-3aa587d59530,2019-06-12,2019-06-12,2024-11-21,Canadian Charter of Rights and Freedoms in various languages,Charte canadienne des droits et libertés en différentes langues,Canadian Charter of Rights and Freedoms – Croatian version (certificate format),Charte canadienne des droits et libertés – version croate (format certificat),Canadian Heritage , Patrimoine canadien
"Sep 1, 2026",1.0,06d31e10-a2a8-4d53-9ff3-567714a0a9f3,92fa80a8-82d2-422c-9a3b-b3fcbccdb05d,2019-06-12,2019-06-12,2024-11-21,Canadian Charter of Rights and Freedoms in various languages,Charte canadienne des droits et libertés en différentes langues,Canadian Charter of Rights and Freedoms – Ukrainian version (certificate format),Charte canadienne des droits et libertés – version ukrainienne (format certificat),Canadian Heritage , Patrimoine canadien
"Sep 1, 2026",4.0,06d31e10-a2a8-4d53-9ff3-567714a0a9f3,No resource,2019-06-12,2019-06-12,2026-03-29,Canadian Charter of Rights and Freedoms in various languages,Charte canadienne des droits et libertés en différentes langues,No resources covered,Aucune ressource couverte,Canadian Heritage , Patrimoine canadien
"Sep 1, 2026",1.0,06d31e10-a2a8-4d53-9ff3-567714a0a9f3,a42d8d12-aab3-479f-938f-22ba99cec314,2019-06-12,2019-06-12,2024-11-21,Canadian Charter of Rights and Freedoms in various languages,Charte canadienne des droits et libertés en différentes langues,Canadian Charter of Rights and Freedoms – Punjabi version (certificate format),Charte canadienne des droits et libertés – version pendjabi (format certificat),Canadian Heritage , Patrimoine canadien
"Sep 1, 2026",1.0,06d31e10-a2a8-4d53-9ff3-567714a0a9f3,adf3e432-4076-435b-88fb-46f094bc1ac4,2019-06-12,2019-06-12,2024-11-21,Canadian Charter of Rights and Freedoms in various languages,Charte canadienne des droits et libertés en différentes langues,Canadian Charter of Rights and Freedoms – English version (certificate format),Charte canadienne des droits et libertés – version anglaise (format certificat),Canadian Heritage , Patrimoine canadien
"Sep 1, 2026",1.0,06d31e10-a2a8-4d53-9ff3-567714a0a9f3,f9d321f3-fbec-4069-950d-b0a8d09dfff1,2019-06-12,2019-12-06,2026-03-26,Canadian Charter of Rights and Freedoms in various languages,Charte canadienne des droits et libertés en différentes langues,Canadian Charter of Rights and Freedoms – Traditional Chinese version (text only),	 Charte canadienne des droits et libertés – version chinoise chinoise traditionnelle (texte seulement),Canadian Heritage , Patrimoine canadien
"Sep 1, 2026",1.0,07653869-f303-46c2-a04e-9ab479b73cbf,4eb24bc1-795c-46ec-833b-0e028a50f5b1,2026-02-12,2026-06-19,2026-06-19,SCANFI v2: the Spatialized CAnadian National Forest Inventory data product,SCANFI v2: Base de données spatialisées de l'inventaire forestier national canadien,"information file: ""_SCANFI_v2_read_me.txt""","fichier d'information: ""_SCANFI_v2_read_me.txt""",Natural Resources Canada , Ressources naturelles Canada
"Sep 1, 2026",1.0,07653869-f303-46c2-a04e-9ab479b73cbf,e55822fc-12e5-430c-8359-58a72c56f8c8,2026-02-12,2026-06-19,2026-06-19,SCANFI v2: the Spatialized CAnadian National Forest Inventory data product,SCANFI v2: Base de données spatialisées de l'inventaire forestier national canadien,"detailed information: ""___SCANFI v2 – EN - Update report.pdf""","information détaillée: ""___SCANFI v2 – EN - Update report.pdf""",Natural Resources Canada , Ressources naturelles Canada
"Sep 1, 2026",1.0,0797e893-751e-4695-8229-a5066e4fe43c,No resource,2016-09-24,2016-09-24,2026-09-01,Completed Access to Information Request Summaries dataset,Jeu de données des sommaires de demandes d’accès à l’information complétées,No resources covered,Aucune ressource couverte,Treasury Board of Canada Secretariat , Secrétariat du Conseil du Trésor du Canada
"Sep 1, 2026",1.0,07c42deb-9435-43b9-a416-7ce316f3893d,No resource,2026-03-17,2026-03-17,2026-05-07,Canada’s Energy Future 2026: Energy Supply and Demand Projections to 2050,Le rapport Avenir énergétique du Canada en 2026 – Offre et demande énergétiques à l’horizon 2050,No resources covered,Aucune ressource couverte,Canada Energy Regulator , La Régie de l’énergie du Canada
"Sep 1, 2026",1.0,08013e71-101a-457c-af76-c7b13a08ff64,No resource,2016-09-24,2016-09-24,2022-02-24,Directory of Federal Real Property,Répertoire des biens immobiliers fédéraux,No resources covered,Aucune ressource couverte,Treasury Board of Canada Secretariat , Secrétariat du Conseil du Trésor du Canada
"Sep 1, 2026",1.0,0840231b-5bbf-447f-81ce-3ec0673aefc4,No resource,2020-02-20,2020-02-20,2026-04-10,Student Financial Assistance Data for the Canada Student Financial Assistance Program,Les données sur l'aide financière aux étudiants pour le Programme canadien d'aide financière aux étudiants,No resources covered,Aucune ressource couverte,Employment and Social Development Canada , Emploi et Développement social Canada
"Sep 1, 2026",1.0,08805015-0a8c-4e43-a15d-0551c6cd8911,79c3e27b-3132-480c-b1ff-160ccc44f16f,2018-06-27,2023-01-17,2023-01-17,Foreign affiliate statistics by country,Commerce des sociétés affiliées par pays,Dataset,Ensembles de données,Statistics Canada , Statistique Canada
"Sep 1, 2026",1.0,08805015-0a8c-4e43-a15d-0551c6cd8911,a62913ee-ae9d-4f41-965a-c4102f862220,2018-06-27,2023-01-17,2023-01-17,Foreign affiliate statistics by country,Commerce des sociétés affiliées par pays,Dataset,Ensembles de données,Statistics Canada , Statistique Canada
"Sep 1, 2026",1.0,0888ca4a-49d6-4175-8f1b-099d3aaf8f81,No resource,2016-09-24,2016-09-24,2020-09-25,Cadastral Information for Gros Morne National Park of Canada,Information cadastrale pour le parc national du Gros-Morne du Canada,No resources covered,Aucune ressource couverte,Natural Resources Canada , Ressources naturelles Canada
"Sep 1, 2026",4.0,0888ca4a-49d6-4175-8f1b-099d3aaf8f81,f1ea5751-dea7-48b3-a598-c21bf2d81c5d,2016-09-24,2017-01-30,2017-01-30,Cadastral Information for Gros Morne National Park of Canada,Information cadastrale pour le parc national du Gros-Morne du Canada,Download SHP file through FTP,Téléchargez le fichier SHP via FTP,Natural Resources Canada , Ressources naturelles Canada
"Sep 1, 2026",1.0,08de9f4c-61f4-4b6d-8189-d17e3282d36d,No resource,2025-06-18,2025-06-18,2025-06-18,Census Subdivision Boundary File 2025,Fichier des limites des subdivisions de recensement 2025,No resources covered,Aucune ressource couverte,Statistics Canada , Statistique Canada
"Sep 1, 2026",5.0,094c9b54-a1ca-4aad-935e-2541e5a23b3f,96afd472-924d-4af2-971c-bb7aade8989e,2018-06-27,2026-04-17,2026-04-17,Public disclosure of salary and severance,Translation of Public disclosure of salary and severance,Public disclosure of salary and severance [csv format],Translation of Public disclosure of salary and severance [csv format],Government of Alberta , Gouvernement de l'Alberta
"Sep 1, 2026",3.0,094c9b54-a1ca-4aad-935e-2541e5a23b3f,No resource,2018-06-27,2018-06-27,2026-04-17,Public disclosure of salary and severance,Translation of Public disclosure of salary and severance,No resources covered,Aucune ressource couverte,Government of Alberta , Gouvernement de l'Alberta
"Sep 1, 2026",1.0,0968ddc5-710e-4388-b379-184764df6f4c,No resource,2022-12-19,2022-12-19,2025-10-09,Darlington New Nuclear Project - Information and Reports,Projet de nouvelle centrale nucléaire de Darlington -  Informations et rapports,No resources covered,Aucune ressource couverte,Canadian Nuclear Safety Commission , Commission canadienne de sûreté nucléaire
"Sep 1, 2026",2.0,0a1b4ff2-0a1d-41c0-ab1e-0d21e2d1a660,No resource,2025-09-17,2025-09-17,2026-08-26,Reprocessing of Yukon magnetic data for NTS 105G,Retraitement des données magnétiques du Yukon pour le NTS 105G,No resources covered,Aucune ressource couverte,Government of Yukon , Gouvernement du Yukon
"Sep 1, 2026",1.0,0a432534-da5f-4d26-94b2-027d54580ff2,No resource,2025-09-17,2025-09-17,2026-08-26,Reprocessing of Yukon magnetic data for NTS 117D,Retraitement des données magnétiques du Yukon pour le NTS 117D,No resources covered,Aucune ressource couverte,Government of Yukon , Gouvernement du Yukon
"Sep 1, 2026",1.0,0a7619fd-2ffe-44b5-9027-3dfcec0866fd,7ba57b86-2c58-4437-a49e-5f6f4af17666,2025-02-13,2025-07-07,2026-08-29,EnerGuide Rating System Open Data,Données ouvertes du Système de cote ÉnerGuide,2025,2025,Environment and Climate Change Canada , Environnement et Changement climatique Canada
"Sep 1, 2026",1.0,0af975f1-bb45-40e6-b8d8-9ae4909f1dc6,36623146-d151-42ac-9005-77875c61caa3,2023-06-27,2026-03-24,2026-03-24,Vessel Density Mapping of 2019 AIS Data in the Northwest Atlantic,Cartographie de la densité des navires à partir des données du Système d’identification automatique (SIA) de 2019 dans l'Atlantique Nord-Ouest,Data Dictionary Vessel Density Mapping of 2019 Automatic Identification  System (AIS) Data in the Northwest Atlantic,Dictionnaire de données Cartographie de la densité des navires à partir des données Système d’identification automatique (SIA) de 2019 dans l'Atlantique Nord-Ouest,Fisheries and Oceans Canada , Pêches et Océans Canada
"Sep 1, 2026",1.0,0b0bf313-9626-4b8d-987a-0584c0cda692,No resource,2024-11-06,2024-11-06,2026-01-28,Motor Vehicle Prohibition Regulation Areas,Zones de réglementation interdites aux véhicules à moteur,No resources covered,Aucune ressource couverte,Government of British Columbia , Gouvernment de la Colombie-Britannique
"Sep 1, 2026",1.0,0b8a919c-b4da-4228-9613-89ab587dca56,No resource,2018-12-14,2018-12-14,2026-03-17,"Severity of disability for persons with disabilities aged 15 years and over, by age group and gender","Sévérité de l'incapacité pour les personnes ayant une incapacité âgées de 15 ans et plus, selon le groupe d'âge et le genre",No resources covered,Aucune ressource couverte,Statistics Canada , Statistique Canada
"Sep 1, 2026",2.0,0c74053e-e29b-49b5-8337-ea1dc4e53929,No resource,2018-12-14,2018-12-14,2026-03-17,"Highest certificate, diploma or degree for persons with and without disabilities aged 15 years and over, by severity, by age group and gender","Plus haut certificat, diplôme ou grade pour les personnes avec et sans incapacité âgées de 15 ans et plus, selon la sévérité, selon le groupe d'âge et le genre",No resources covered,Aucune ressource couverte,Statistics Canada , Statistique Canada
"Sep 1, 2026",2.0,0d699fee-803b-4983-9ffc-c15ea8fecdfc,No resource,2019-08-20,2019-08-20,2020-08-12,Non-Commercial Radio - Statistical and financial summaries 2014-2018,Radio Non Commerciale - Relevés Statistiques et Financières 2014-2018,No resources covered,Aucune ressource couverte,Canadian Radio-television and Telecommunications Commission , Conseil de la radiodiffusion et des télécommunications canadiennes
"Sep 1, 2026",1.0,0d77ce53-eb4e-5690-9a73-576c59ab4098,f7dc60c6-06af-4fca-9483-b9cff93e6985,2016-09-24,2017-05-26,2017-05-26,"Communication, 1967 Eastern Canada","Télécommunications, 1967 – L’Est du Canada",Download PDF English Source Identification file through HTTP,Télécharger le fichier Identification des sources en format PDF Anglais via HTTP,Natural Resources Canada , Ressources naturelles Canada
"Sep 1, 2026",1.0,0df567bd-508a-9803-b75c-25a8bc1c88fc,No resource,2022-04-14,2022-04-14,2025-09-24,Licensed Collection Agencies in Nova Scotia,Agences de recouvrement agréées en Nouvelle-Écosse,No resources covered,Aucune ressource couverte,Government of Nova Scotia , Gouvernment de la Nouvelle-Écosse
"Sep 1, 2026",1.0,0e0e61e4-804b-5fff-8116-4cab180ee33f,0810b87e-721f-41c7-a748-24e6991d37f6,2016-09-24,2017-01-26,2017-01-26,The Circumpolar North,Le nord circumpolaire,Download Bilingual PDF through HTTP,Télécharger le fichier en format bilingue PDF via HTTP,Natural Resources Canada , Ressources naturelles Canada
"Sep 1, 2026",1.0,0e0e61e4-804b-5fff-8116-4cab180ee33f,9c129821-4a39-4ffc-a992-a67120c1993c,2016-09-24,2017-01-26,2017-01-26,The Circumpolar North,Le nord circumpolaire,Download Bilingual PDF through HTTP,Télécharger le fichier en format bilingue PDF via HTTP,Natural Resources Canada , Ressources naturelles Canada
"Sep 1, 2026",1.0,0e0e61e4-804b-5fff-8116-4cab180ee33f,No resource,2016-09-24,2016-09-24,2022-03-14,The Circumpolar North,Le nord circumpolaire,No resources covered,Aucune ressource couverte,Natural Resources Canada , Ressources naturelles Canada
"Sep 1, 2026",1.0,0e0fc54a-aa37-14a8-260e-962625e996fa,No resource,2023-04-27,2023-04-27,2024-12-06,SurfaceTypeSummary,Résumé du type de surface,No resources covered,Aucune ressource couverte,Government of Saskatchewan , Gouvernement de la Saskatchewan
"Sep 1, 2026",1.0,0e1e57aa-e664-41b5-a69f-d814d4407d62,No resource,2018-06-27,2018-06-27,2023-11-08,Toronto Stock Exchange statistics,Statistiques de la Bourse de Toronto,No resources covered,Aucune ressource couverte,Statistics Canada , Statistique Canada
"Sep 1, 2026",1.0,0e3b2563-55ff-4c9a-8418-6a6c387f2103,No resource,2018-06-27,2018-06-27,2026-05-06,Supply and disposition of grains in Canada,Bilan des grains au Canada,No resources covered,Aucune ressource couverte,Statistics Canada , Statistique Canada
"Sep 1, 2026",1.0,0e4e2ed5-d94d-4380-86e4-251b37519837,45a8445c-42bd-42eb-a601-ee685b7f1c48,2026-07-10,2026-07-10,2026-07-10,GC HR and Pay - Interoperability Services Framework ,RH et paye du GC - Cadre des services d’interopérabilité,2025-11-28 Presentation - Key Lessons Learned from ISF Proof of Concept Project,2025-11-28 Présentation - Principales leçons tirées du projet de validation de principe du CSI,Public Services and Procurement Canada , Services publics et Approvisionnement Canada
"Sep 1, 2026",1.0,0e52f1b0-089a-430e-bbd1-1367d7328a2e,b6db2152-8bb4-4d4b-9220-1b04d6507917,2016-09-24,2016-12-01,2026-07-28,Annual Insolvency Rates,Taux annuels d’insolvabilité,Taux annuels d’insolvabilité/Annual Insolvency Rates,Taux annuels d’insolvabilité/Annual Insolvency Rates,"Innovation, Science and Economic Development Canada "," Innovation, Sciences et Développement économique Canada"
"Sep 1, 2026",1.0,0e5d0190-70a6-4c37-874f-8416849119b5,92aede14-6cdd-4cda-ba2f-856b28fb954d,2024-12-17,2024-12-17,2024-12-17,2023-2024 Departmental Results Framework,Cadre ministériel des résultats de 2023-2024,"Indicators 2 and 10: Percentage of visitor, international student and temporary worker applicants found inadmissible on health grounds and those who are authorized to enter with a condition on their visa related to health surveillance / Percentage of permanent resident applicants found inadmissible on health grounds and those who are permitted admission with a condition on their visa related to health surveillance ","Indicateurs 2, 10 : Pourcentage de demandeurs du statut de visiteur, d'étudiant étranger et de travailleur temporaire déclarés interdits de territoire pour motifs sanitaires et ceux qui sont autorisés à entrer au pays dont le visa inclus une condition liée à la surveillance de la santé / Pourcentage de demandeurs de résidence permanente déclarés interdits de territoire pour motifs sanitaires et ceux qui sont admis au pays dont le visa inclus une condition liée à la surveillance de la santé","Immigration, Refugees and Citizenship Canada "," Immigration, Réfugiés et Citoyenneté Canada"
"Sep 1, 2026",1.0,0e5d0190-70a6-4c37-874f-8416849119b5,fbcb37ae-8860-4170-84c5-0e0ff1ecc4f1,2024-12-17,2024-12-17,2024-12-17,2023-2024 Departmental Results Framework,Cadre ministériel des résultats de 2023-2024,"Indicator 1: Total number of visas and electronic travel authorizations (eTA) issued to visitors, international students and temporary workers","Indicateur 1 : Nombre total de visas et d'autorisations de voyage électroniques (AVE) délivrés à des visiteurs, des étudiants étrangers et des travailleurs temporaires","Immigration, Refugees and Citizenship Canada "," Immigration, Réfugiés et Citoyenneté Canada"
"Sep 1, 2026",1.0,0e62c919-4933-40d4-8e77-8057f343e8af,7973c301-1a81-41dc-9067-dbfae4d4931f,2016-09-24,2025-07-21,2025-07-21,Sub-sub-basins of the AAFC Watersheds Project - 2013,Sous-sous-bassins du Projet des bassins hydrographiques d’AAC (2013),Pre-packaged GeoJSON files (Bilingual),Fichiers GML préemballés (bilingues),Agriculture and Agri-Food Canada , Agriculture et Agroalimentaire Canada
"Sep 1, 2026",1.0,0e62c919-4933-40d4-8e77-8057f343e8af,f0436fff-5ff3-44aa-bc96-0e7373998c18,2016-09-24,2025-07-21,2025-07-21,Sub-sub-basins of the AAFC Watersheds Project - 2013,Sous-sous-bassins du Projet des bassins hydrographiques d’AAC (2013),Pre-packaged FGDB files (Bilingual),Fichiers FGDB préemballés (bilingues),Agriculture and Agri-Food Canada , Agriculture et Agroalimentaire Canada
"Sep 1, 2026",1.0,0eaf158e-9c94-5416-92d1-f5ceae31b99a,c77aac38-8b8b-411d-9758-8728e6dfa900,2016-09-24,2017-05-26,2017-05-26,Weather Stations,Stations météorologiques,Download the English JPG through HTTP,Télécharger le fichier en format JPG Anglais via HTTP,Natural Resources Canada , Ressources naturelles Canada
"Sep 1, 2026",1.0,0ed37cd6-d831-4183-bf43-b05e29570298,No resource,2022-04-25,2022-04-25,2023-08-01,Polling Division Boundaries - Canada 2021,Limites de section de vote - Canada 2021,No resources covered,Aucune ressource couverte,Elections Canada , Élections Canada
"Sep 1, 2026",1.0,0f8f0592-0223-407e-a1d0-90a89da189e9,No resource,2018-06-27,2018-06-27,2023-01-17,Prevalence of disability for adults,Prévalence de l'incapacité chez les adultes,No resources covered,Aucune ressource couverte,Statistics Canada , Statistique Canada
"Sep 1, 2026",1.0,0fe65119-e96e-4a57-8bfe-9d9245fba06b,008455f0-a480-4f93-bb7f-458e696d4ece,2020-12-09,2026-06-08,2026-06-08,High Resolution Digital Elevation Model Mosaic (HRDEM Mosaic) - CanElevation Series,Mosaïque du Modèle numérique d'élévation de haute résolution (Mosaïque MNEHR) - Série CanÉlévation,HRDEM Mosaic DSM Metadata,Métadonnée du MNS de la mosaïque MNEHR,Natural Resources Canada , Ressources naturelles Canada
"Sep 1, 2026",2.0,0fe65119-e96e-4a57-8bfe-9d9245fba06b,No resource,2020-12-09,2020-12-09,2026-06-08,High Resolution Digital Elevation Model Mosaic (HRDEM Mosaic) - CanElevation Series,Mosaïque du Modèle numérique d'élévation de haute résolution (Mosaïque MNEHR) - Série CanÉlévation,No resources covered,Aucune ressource couverte,Natural Resources Canada , Ressources naturelles Canada
"Sep 1, 2026",2.0,105adfc4-6dd8-45c7-b947-8e94fe8d65df,No resource,2025-09-17,2025-09-17,2026-08-26,Enhanced interpretation of stream sediment geochemical data for NTS 105M,Interprétation améliorée des données géochimiques sur les sédiments fluviaux pour le NTS 105M,No resources covered,Aucune ressource couverte,Government of Yukon , Gouvernement du Yukon
"Sep 1, 2026",1.0,10837e5e-d2f6-4eba-a208-161c661530a1,5b59dabd-7bc5-4ef4-bc3a-b9b1c77bc32d,2023-11-01,2026-06-17,2026-06-17,“Allowable List” of Pesticides for Cosmetic Use,La Liste des ingrédients actifs autorisés pour une utilisation à des fins esthétiques,“Allowable List” of Pesticides for Cosmetic Use,« Liste autorisée » des pesticides à usage cosmétique,Government of Ontario , Gouvernement de l'Ontario
"Sep 1, 2026",1.0,10a3cf3f-65d1-4654-8a6f-9207a0f5030c,No resource,2025-09-17,2025-09-17,2026-08-26,Reprocessing of Yukon magnetic data for NTS 106D,Retraitement des données magnétiques du Yukon pour le NTS 106D,No resources covered,Aucune ressource couverte,Government of Yukon , Gouvernement du Yukon
"Sep 1, 2026",1.0,10b1dee3-c85a-45bd-8a17-f9954d4306b6,7467d832-3fd0-4a7c-828b-732a8f541333,2025-04-30,2026-07-01,2026-07-01,Office of the Public Guardian and Trustee Caseload,Charge de travail du Bureau du Tuteur et curateur public,Office of the Public Guardian and Trustee Caseload - 2025_26.xlsx,Charge de travail du Bureau du Tuteur et curateur public - 2025_26.xlsx,Government of Alberta , Gouvernement de l'Alberta
"Sep 1, 2026",1.0,10b9338d-e794-4e6d-be00-e12c5e321526,No resource,2023-10-04,2023-10-04,2023-10-04,Population and dwelling counts: Canada and population centres,Chiffres de population et des logements : Canada et centres de population,No resources covered,Aucune ressource couverte,Statistics Canada , Statistique Canada
"Sep 1, 2026",1.0,10ce43bd-fb58-4969-806b-4bffebc87bec,23cc8060-9dfc-44a4-9c9d-cd49363cb5af,2026-01-22,2026-03-02,2026-03-02,Occupational and Skills Information System (OaSIS) - 2025 Version 1.0,Système d’information sur les professions et les compétences (SIPeC) - 2025 Version 1.0,Canadian Rating Guide for Abilities 2025,Guide Canadien de cotation pour les habilités 2025,Employment and Social Development Canada , Emploi et Développement social Canada
"Sep 1, 2026",1.0,10ce43bd-fb58-4969-806b-4bffebc87bec,2a7a17bf-b67c-4fc2-b636-959c7f1d7ae4,2026-01-22,2026-01-22,2026-05-07,Occupational and Skills Information System (OaSIS) - 2025 Version 1.0,Système d’information sur les professions et les compétences (SIPeC) - 2025 Version 1.0,OaSIS Taxonomy 2025 v1.0,Taxonomie SIPeC 2025 v1.0,Employment and Social Development Canada , Emploi et Développement social Canada
"Sep 1, 2026",1.0,10ce43bd-fb58-4969-806b-4bffebc87bec,44e666cc-f12d-4b3f-9369-6e0843d2bb48,2026-01-22,2026-01-22,2026-03-18,Occupational and Skills Information System (OaSIS) - 2025 Version 1.0,Système d’information sur les professions et les compétences (SIPeC) - 2025 Version 1.0,Work Activities 2025 v1.0,Activités du travail 2025 v1.0,Employment and Social Development Canada , Emploi et Développement social Canada
"Sep 1, 2026",1.0,10ce43bd-fb58-4969-806b-4bffebc87bec,9deed2a8-c8a2-4b5d-b002-31b0c64264be,2026-01-22,2026-03-02,2026-03-02,Occupational and Skills Information System (OaSIS) - 2025 Version 1.0,Système d’information sur les professions et les compétences (SIPeC) - 2025 Version 1.0,Canadian Rating Guide for Skills 2025,Guide Canadien de cotation pour les compétences 2025,Employment and Social Development Canada , Emploi et Développement social Canada
"Sep 1, 2026",1.0,10ce43bd-fb58-4969-806b-4bffebc87bec,bd9cf3f2-4cd5-47b1-ba74-ab68cd0a941b,2026-01-22,2026-01-22,2026-03-18,Occupational and Skills Information System (OaSIS) - 2025 Version 1.0,Système d’information sur les professions et les compétences (SIPeC) - 2025 Version 1.0,Skills 2025 v1.0,Compétences 2025 v1.0,Employment and Social Development Canada , Emploi et Développement social Canada
"Sep 1, 2026",1.0,10ce43bd-fb58-4969-806b-4bffebc87bec,f015095d-15e7-4ef7-97d1-e5fed3486e40,2026-01-22,2026-01-22,2026-03-18,Occupational and Skills Information System (OaSIS) - 2025 Version 1.0,Système d’information sur les professions et les compétences (SIPeC) - 2025 Version 1.0,Abilities 2025 v1.0,Habiletés 2025 v1.0,Employment and Social Development Canada , Emploi et Développement social Canada
"Sep 1, 2026",1.0,11345e77-f6ab-4a10-9c53-06a874135b07,No resource,2025-05-27,2025-05-27,2025-10-15,"Canadian indexes of social resilience and vulnerability to natural hazards, 2021","Indices canadiens de résilience et de vulnérabilité sociales aux dangers naturels, 2021",No resources covered,Aucune ressource couverte,Statistics Canada , Statistique Canada
"Sep 1, 2026",1.0,1211010d-9ba0-422a-9910-a8dab0aef0f0,151b8ec3-8c56-422d-a102-0d1f519d36bc,2020-09-14,2026-08-26,2026-08-26,Trucking network,Réseau de camionnage,Trucking network,Réseau de camionnage,Government and Municipalities of Québec , Gouvernement et municipalités du Québec
"Sep 1, 2026",1.0,12131264-d922-40f5-188e-495225eeaa61,52ee65b5-3c04-497c-9955-44739620ec3b,2023-01-18,2026-04-17,2026-04-17,2022 - Payments to Medical Practitioners,Paiements aux médecins,2022 - Payments to Medical Practitioners (CSV),Paiements aux médecins (CSV),Government of New Brunswick , Gouvernement du Nouveau-Brunswick
"Sep 1, 2026",1.0,1222839b-090f-459e-8edb-e01d78b1fd37,No resource,2021-04-13,2021-04-13,2025-12-11,Production and value of maple products,Production et valeur des produits de l'érable,No resources covered,Aucune ressource couverte,Statistics Canada , Statistique Canada
"Sep 1, 2026",1.0,1358284b-26e7-4c69-abd8-398d3da2c270,563aa4bf-dc3d-4ece-8669-dd68dd6c2fbf,2025-09-29,2025-09-29,2026-08-21,Life insurance companies,Sociétés d'assurance-vie,LF2 - Life Supervisory Quarterly Return (Active),LF2 - Vie Relevé de surveillance trimestiel (Actif),Office of the Superintendent of Financial Institutions Canada , Bureau du surintendant des institutions financières Canada
"Sep 1, 2026",2.0,1358284b-26e7-4c69-abd8-398d3da2c270,69b6fcd5-50c9-43bd-bd18-3f4e031854d0,2025-09-29,2025-09-29,2026-08-21,Life insurance companies,Sociétés d'assurance-vie,LCA - LICAT (Active),LCA - TSAV(Actif),Office of the Superintendent of Financial Institutions Canada , Bureau du surintendant des institutions financières Canada
"Sep 1, 2026",1.0,1358284b-26e7-4c69-abd8-398d3da2c270,83161e84-f59d-4703-8ca9-fcc3fd2a84ac,2025-09-29,2026-06-03,2026-08-21,Life insurance companies,Sociétés d'assurance-vie,Life insurance companies - User manual,Life insurance companies - User manual,Office of the Superintendent of Financial Institutions Canada , Bureau du surintendant des institutions financières Canada
"Sep 1, 2026",2.0,1358284b-26e7-4c69-abd8-398d3da2c270,No resource,2025-09-29,2025-09-29,2026-08-23,Life insurance companies,Sociétés d'assurance-vie,No resources covered,Aucune ressource couverte,Office of the Superintendent of Financial Institutions Canada , Bureau du surintendant des institutions financières Canada
"Sep 1, 2026",1.0,1358284b-26e7-4c69-abd8-398d3da2c270,f3ddcfbc-a852-4dee-be3c-5b08864c9afe,2025-09-29,2025-09-29,2026-08-21,Life insurance companies,Sociétés d'assurance-vie,LF1 - Life Core Financial Statement Return (Active) ,LF1 - Vie Relevé des états financiers (Actif) ,Office of the Superintendent of Financial Institutions Canada , Bureau du surintendant des institutions financières Canada
"Sep 1, 2026",2.0,1366e1f1-e2c8-4905-89ae-e10f1be0a164,0c5fc75a-c214-43c9-877b-9e732073a9b5,2021-01-21,2026-03-24,2026-03-24,Martimes Summer Research Vessel Survey,Enquête D' Été Sur Les Navires De Recherche Dans Les Maritimes,Data Dictionary,Dictionnaire de données,Fisheries and Oceans Canada , Pêches et Océans Canada
"Sep 1, 2026",1.0,1366e1f1-e2c8-4905-89ae-e10f1be0a164,92fbe80d-f580-4d0b-9350-b08a3420c019,2021-01-21,2026-03-24,2026-03-24,Martimes Summer Research Vessel Survey,Enquête D' Été Sur Les Navires De Recherche Dans Les Maritimes,MARITIMES SUMMER RESEARCH VESSEL SURVEY,ENQUÊTE D' ÉTÉ SUR LES NAVIRES DE RECHERCHE DANS LES MARITIMES,Fisheries and Oceans Canada , Pêches et Océans Canada
"Sep 1, 2026",1.0,1366e1f1-e2c8-4905-89ae-e10f1be0a164,cce09bfa-6482-447c-b225-46ef3ebd6fe6,2021-01-21,2026-03-24,2026-03-24,Martimes Summer Research Vessel Survey,Enquête D' Été Sur Les Navires De Recherche Dans Les Maritimes,MARITIMES SUMMER RESEARCH VESSEL SURVEY,ENQUÊTE D' ÉTÉ SUR LES NAVIRES DE RECHERCHE DANS LES MARITIMES,Fisheries and Oceans Canada , Pêches et Océans Canada
"Sep 1, 2026",1.0,138006a1-e303-4800-b754-4ded68e695d9,No resource,2021-04-13,2021-04-13,2025-09-23,Average counts of adults in provincial and territorial correctional programs,Comptes moyens des adultes dans les programmes correctionnels provinciaux et territoriaux,No resources covered,Aucune ressource couverte,Statistics Canada , Statistique Canada
"Sep 1, 2026",1.0,13c319e7-4a10-4cf8-953c-c8b8add0afba,No resource,2021-04-13,2021-04-13,2025-12-11,"Certification, continuation and discontinuation rates of newly registered apprentices within program duration, 1.5 times program duration and 2 times program duration","Taux de certification, de persévérance et d'abandon des apprentis nouvellement inscrits, au cours de la durée du programme et au cours d’une période équivalente à 1,5 fois et à 2 fois la durée du programme",No resources covered,Aucune ressource couverte,Statistics Canada , Statistique Canada
"Sep 1, 2026",1.0,13db2583-427a-4e5f-b679-8532d3df571f,No resource,2020-09-11,2020-09-11,2026-06-24,First name bank - Girls,Banque de prénoms - Filles,No resources covered,Aucune ressource couverte,Government and Municipalities of Québec , Gouvernement et municipalités du Québec
"Sep 1, 2026",1.0,14d93d62-16bf-48da-ae4f-4be21a32e2ad,0c722b4b-8148-4d88-a749-9bf2a620bbf6,2020-09-11,2026-05-27,2026-05-27,Register of companies not eligible for public contracts (RENA),Registre des entreprises non admissibles aux contrats publics (RENA),Register of businesses not eligible for public contracts,Registre des entreprises non admissibles aux contrats publics,Government and Municipalities of Québec , Gouvernement et municipalités du Québec
"Sep 1, 2026",1.0,14d93d62-16bf-48da-ae4f-4be21a32e2ad,5dd8d7ee-f445-484b-83ff-d400773f5e41,2020-09-11,2026-05-27,2026-05-27,Register of companies not eligible for public contracts (RENA),Registre des entreprises non admissibles aux contrats publics (RENA),Register of businesses not eligible for public contracts,Registre des entreprises non admissibles aux contrats publics,Government and Municipalities of Québec , Gouvernement et municipalités du Québec
"Sep 1, 2026",1.0,14d93d62-16bf-48da-ae4f-4be21a32e2ad,No resource,2020-09-11,2020-09-11,2026-05-27,Register of companies not eligible for public contracts (RENA),Registre des entreprises non admissibles aux contrats publics (RENA),No resources covered,Aucune ressource couverte,Government and Municipalities of Québec , Gouvernement et municipalités du Québec
"Sep 1, 2026",1.0,14dac0b2-57d8-431d-8215-1258c393440e,No resource,2019-02-26,2019-02-26,2020-01-24,CMR 2018 – Broadcasting,RSC 2018 – Radiodiffusion,No resources covered,Aucune ressource couverte,Canadian Radio-television and Telecommunications Commission , Conseil de la radiodiffusion et des télécommunications canadiennes
"Sep 1, 2026",3.0,1570cc15-4376-4d32-bdc3-73c0e7b7b059,1be2171d-4649-4f9a-afbf-061c156dbbc7,2024-09-10,2024-09-10,2024-09-10,"Number of enterprises in Canada, by revenue group and age of owner","Nombre d’entreprises au Canada, selon le groupe de revenus et l’âge du propriétaire",Dataset,Ensembles de données,Statistics Canada , Statistique Canada
"Sep 1, 2026",1.0,1570cc15-4376-4d32-bdc3-73c0e7b7b059,a5f5a892-acd1-4e5b-bbc9-863f8692c7df,2024-09-10,2024-09-10,2024-09-10,"Number of enterprises in Canada, by revenue group and age of owner","Nombre d’entreprises au Canada, selon le groupe de revenus et l’âge du propriétaire",Dataset,Ensembles de données,Statistics Canada , Statistique Canada
"Sep 1, 2026",1.0,16348a20-02f4-4557-b68c-d1754e3026a4,0ccae3c9-f0e8-4ad8-a16a-0e3da550c22f,2016-09-24,2026-03-24,2026-03-24,The Canadian Radiological Monitoring Network – Tritium in Atmospheric Water Vapour,Réseau canadien de surveillance radiologique – Le tritium dans la vapeur d'eau atmosphérique,Tritium in Atmospheric Water Vapour - Data,Le tritium dans la vapeur d'eau atmosphérique - Données,Natural Resources Canada , Ressources naturelles Canada
"Sep 1, 2026",1.0,16348a20-02f4-4557-b68c-d1754e3026a4,No resource,2016-09-24,2016-09-24,2026-03-24,The Canadian Radiological Monitoring Network – Tritium in Atmospheric Water Vapour,Réseau canadien de surveillance radiologique – Le tritium dans la vapeur d'eau atmosphérique,No resources covered,Aucune ressource couverte,Natural Resources Canada , Ressources naturelles Canada
"Sep 1, 2026",1.0,1674baf5-6822-4788-afb3-f8659531d7c0,1e5a4fc3-d891-4b96-96c2-284778cd8cd7,2016-09-24,2016-12-01,2025-10-28,Patent Register Data,Donnees pour le registre des brevets,Patent Register Dataset,Ensemble de données,Health Canada , Santé Canada
"Sep 1, 2026",1.0,16b7eeb0-9a97-46c0-af3d-7f2114dedf5e,21eb8844-329a-4328-9d4e-8053e2290add,2025-02-03,2025-02-03,2025-02-03,Financial Performance Data (2023),Données sur la performance financière 2023,Profit Margin Financial ratios 2023 5M 20M, Marge beneficiare Depenses total pourcentage 2023 5M 20M,"Innovation, Science and Economic Development Canada "," Innovation, Sciences et Développement économique Canada"
"Sep 1, 2026",1.0,16b7eeb0-9a97-46c0-af3d-7f2114dedf5e,e0f9fd59-82f5-4165-b25b-a0423be3d4a6,2025-02-03,2025-02-03,2025-02-03,Financial Performance Data (2023),Données sur la performance financière 2023,Profit Margin Total expenses percentage 2023 5M 20M,Marge beneficiare Depenses total pourcentage 2023 5M 20M,"Innovation, Science and Economic Development Canada "," Innovation, Sciences et Développement économique Canada"
"Sep 1, 2026",1.0,16e683c4-0a53-515d-bee1-221174e0eb89,46787c2c-ed73-4781-a43c-c1385be8e7cf,2016-09-24,2017-01-26,2017-01-26,"Telegraphs British Columbia, Yukon and Alberta","Télégraphes Colombie- Britannique, Yukon et Alberta",Download JPG through HTTP,Télécharger le fichier en format JPG via HTTP,Natural Resources Canada , Ressources naturelles Canada
"Sep 1, 2026",1.0,16ec36d1-b320-4dcd-b71f-94670a59095a,360dbbcc-3979-439f-afd9-e4450b7245ed,2026-05-22,2026-05-22,2026-05-22,Atlas of Canada - Wireless Data Network,Atlas du Canada - Réseau de données sans fil,"Wireless Data Network, Atlas of Canada (Database)","Réseau de données sans fil, Atlas du Canada (Géodatabase)",Natural Resources Canada , Ressources naturelles Canada
"Sep 1, 2026",1.0,180dfc4c-8c1a-4c31-8e29-84953476bb92,No resource,2021-07-15,2021-07-15,2021-07-15,Statistical and Financial Summaries for Broadcasting Sector 2020,Relevés statistiques et financiers concernant le secteur de la radiodiffusion 2020,No resources covered,Aucune ressource couverte,Canadian Radio-television and Telecommunications Commission , Conseil de la radiodiffusion et des télécommunications canadiennes
"Sep 1, 2026",1.0,182ea565-76b4-4287-8fea-a7b9b5bd3e48,No resource,2021-04-13,2021-04-13,2025-11-06,"Gross domestic product (GDP) at basic prices, by industry, provinces and territories, inactive","Produit intérieur brut (PIB) aux prix de base, par industries, provinces et territoires, inactif",No resources covered,Aucune ressource couverte,Statistics Canada , Statistique Canada
"Sep 1, 2026",4.0,18752265-bda3-498c-a4ba-9dfe68cb98da,No resource,2024-06-21,2024-06-21,2026-07-16,Medium Resolution Digital Elevation Model (MRDEM) - CanElevation Series,Modèle numérique d'élévation de moyenne résolution (MNEMR) - Série CanÉlévation,No resources covered,Aucune ressource couverte,Natural Resources Canada , Ressources naturelles Canada
"Sep 1, 2026",2.0,18752265-bda3-498c-a4ba-9dfe68cb98da,c52f40a5-54b8-4a14-8e3e-3def544b2acf,2024-06-21,2026-07-16,2026-07-16,Medium Resolution Digital Elevation Model (MRDEM) - CanElevation Series,Modèle numérique d'élévation de moyenne résolution (MNEMR) - Série CanÉlévation,Medium Resolution Digital Elevation Model (MRDEM) - CanElevation Series - Product access guide (English),Modèle numérique d'élévation de moyenne résolution (MNEMR) - Série CanÉlévation - Guide d'utilisation (anglais),Natural Resources Canada , Ressources naturelles Canada
"Sep 1, 2026",1.0,18bb430e-ffc8-43e6-a20e-cc4e15c3fd71,e6269cc8-38d2-42c4-990e-02d77916a7fa,2020-11-26,2020-11-26,2024-11-21,Open Data Metadata Mapping,Table de correspondances des métadonnées relatives aux données ouvertes,Open Data Metadata Mapping,Table de correspondances des métadonnées relatives aux données ouvertes,Treasury Board of Canada Secretariat , Secrétariat du Conseil du Trésor du Canada
"Sep 1, 2026",1.0,18bf3ea7-1940-46ec-af52-9ba3f77ed708,1f4b018b-a303-48bb-8ea0-10746e7cf435,2025-02-24,2025-02-25,2025-02-25,Federal Electoral Districts - Canada 2023,Circonscriptions fédérales - Canada 2023,Federal Electoral District boundaries (2023),Limites de circonscriptions fédérales (2023),Elections Canada , Élections Canada
"Sep 1, 2026",1.0,18bf3ea7-1940-46ec-af52-9ba3f77ed708,32606a6a-03f6-427b-a365-82b1f5026eb2,2025-02-24,2025-02-25,2025-02-25,Federal Electoral Districts - Canada 2023,Circonscriptions fédérales - Canada 2023,Federal Electoral District boundaries (2023),Limites de circonscriptions fédérales (2023),Elections Canada , Élections Canada
"Sep 1, 2026",1.0,18bf3ea7-1940-46ec-af52-9ba3f77ed708,No resource,2025-02-24,2025-02-24,2025-02-25,Federal Electoral Districts - Canada 2023,Circonscriptions fédérales - Canada 2023,No resources covered,Aucune ressource couverte,Elections Canada , Élections Canada
"Sep 1, 2026",1.0,18bf3ea7-1940-46ec-af52-9ba3f77ed708,e4b22e01-0f9b-444e-ad0c-e7a86fbeecbb,2025-02-24,2025-02-25,2025-02-25,Federal Electoral Districts - Canada 2023,Circonscriptions fédérales - Canada 2023,Data Dictionary - Elections Canada 2023,Dictionnaire de données - Élections Canada 2023,Elections Canada , Élections Canada
"Sep 1, 2026",1.0,18c56d8a-696f-512f-961d-e4bc17945620,24b17b5e-e7b1-431a-9924-8ec632ef0e88,2016-09-24,2017-01-26,2017-01-26,Maritime Provinces,Provinces maritimes,Download Bilingual JPEG2000 through HTTP,Télécharger le fichier en format bilingue JPEG2000 via HTTP,Natural Resources Canada , Ressources naturelles Canada
"Sep 1, 2026",1.0,18c56d8a-696f-512f-961d-e4bc17945620,e94f58e1-b7b2-4123-ad57-dc7671f2c0b9,2016-09-24,2017-01-26,2017-01-26,Maritime Provinces,Provinces maritimes,Download Bilingual PDF through HTTP,Télécharger le fichier en format bilingue PDF via HTTP,Natural Resources Canada , Ressources naturelles Canada
"Sep 1, 2026",1.0,19c0022e-1a80-4d48-a20c-182674a0daaa,No resource,2018-06-27,2018-06-27,2026-02-16,"Area, production and farm gate value of marketed fruits","Superficie, production et valeur à la ferme des fruits commercialisés",No resources covered,Aucune ressource couverte,Statistics Canada , Statistique Canada
"Sep 1, 2026",1.0,1a09c5c1-3554-4b70-9e53-6322a72ec7d4,44c20f16-220f-44a0-86f7-b2839ed12085,2017-09-29,2021-07-29,2025-01-22,GCSurplus - What has Sold,Articles vendus - GCSurplus,Items sold 2021-01-01 to 2021-03-31,Articles vendus du 2021-01-01 au 2021-03-31,Public Services and Procurement Canada , Services publics et Approvisionnement Canada
"Sep 1, 2026",1.0,1a09c5c1-3554-4b70-9e53-6322a72ec7d4,6fa943d1-66a0-4aa5-b864-abda89b415d2,2017-09-29,2022-02-21,2025-01-22,GCSurplus - What has Sold,Articles vendus - GCSurplus,Items sold 2021-07-01 to 2021-12-31,Articles vendus du 2021-07-01 au 2021-12-31,Public Services and Procurement Canada , Services publics et Approvisionnement Canada
"Sep 1, 2026",2.0,1a09c5c1-3554-4b70-9e53-6322a72ec7d4,c92a7841-643b-434c-a86a-0a7e8a9ed627,2017-09-29,2023-03-10,2025-01-22,GCSurplus - What has Sold,Articles vendus - GCSurplus,Items sold 2022-07-01 to 2022-12-31,Articles vendus du 2022-07-01 au 2022-12-31,Public Services and Procurement Canada , Services publics et Approvisionnement Canada
"Sep 1, 2026",1.0,1a09c5c1-3554-4b70-9e53-6322a72ec7d4,d56a0e08-f90c-4923-adbc-f1ca54463e19,2017-09-29,2021-07-29,2025-01-22,GCSurplus - What has Sold,Articles vendus - GCSurplus,Items sold 2021-04-01 to 2021-06-30,Articles vendus du 2021-04-01 au 2021-06-30,Public Services and Procurement Canada , Services publics et Approvisionnement Canada
"Sep 1, 2026",1.0,1a12f1f0-d36f-4aee-8b79-135934dea63d,No resource,2021-01-27,2021-01-27,2026-07-29,Hazardous Waste Public Information,Information publique sur les déchets dangereux,No resources covered,Aucune ressource couverte,Government of Ontario , Gouvernement de l'Ontario
"Sep 1, 2026",4.0,1a16248f-027c-44eb-bdb9-9390ffceb28c,No resource,2026-07-10,2026-07-10,2026-07-10,GC HR and Pay - Change Management,RH et paye du GC - Gestion du changement,No resources covered,Aucune ressource couverte,Public Services and Procurement Canada , Services publics et Approvisionnement Canada
"Sep 1, 2026",2.0,1a78a4bb-53e8-4c89-94fe-74b550100120,b7ed90df-4ac3-4521-af10-fa7699c4a9bf,2018-06-27,2026-06-17,2026-06-17,Achievement Exam Results (Province),Résultats de l'examen de réussite (province),Achievement Exam Results (Province),Résultats de l'examen de réussite (province),Government of Alberta , Gouvernement de l'Alberta
"Sep 1, 2026",1.0,1a7fa21f-b2f2-4f85-b40d-231b4e6a94e7,No resource,2018-06-27,2018-06-27,2026-08-31,"Electric power generation, monthly generation by type of electricity","Production de l'énergie électrique, production mensuelle selon le type d'électricité",No resources covered,Aucune ressource couverte,Statistics Canada , Statistique Canada
"Sep 1, 2026",2.0,1b026aab-edb3-4d5d-8231-270a09ed4e82,703f757b-59eb-4ccf-9922-cb40ee8e671f,2016-10-17,2017-02-22,2026-08-18,Transition from Temporary Resident to Permanent Resident Status – Monthly IRCC Updates,Transition du statut de résident temporaire au statut de résident permanent  – Mises à jour mensuelles d’IRCC,Canada – Permanent Residents with Prior International Mobility Program (IMP) Work Permit Holder Status under Post-Graduate Employment by Province/Territory and Immigration Category,Canada - Résidents permanents ayant le statut des titulaires de permis de travail du Programme de mobilité internationale dans les programmes d'emplois post-universitaires selon la province/le territoire et la catégorie d'immigration,"Immigration, Refugees and Citizenship Canada "," Immigration, Réfugiés et Citoyenneté Canada"
"Sep 1, 2026",1.0,1b026aab-edb3-4d5d-8231-270a09ed4e82,ed0a3a5b-f320-44fe-94d9-cc73b7cb0248,2016-10-17,2016-10-17,2026-08-18,Transition from Temporary Resident to Permanent Resident Status – Monthly IRCC Updates,Transition du statut de résident temporaire au statut de résident permanent  – Mises à jour mensuelles d’IRCC,Canada –  Permanent Residents with Prior Study Permit Holder Status by Province/Territory  and Immigration Category,Canada - Résidents permanents ayant le statut des titulaires de permis d'études selon la province/le territoire et la catégorie d'immigration,"Immigration, Refugees and Citizenship Canada "," Immigration, Réfugiés et Citoyenneté Canada"
"Sep 1, 2026",1.0,1b1c2b92-b388-47d9-87d4-01aee8d3c3e4,22653cdd-d1e2-4c04-9d11-61b5cdd79b4e,2023-05-31,2023-05-31,2025-12-16,Traveller volumes by port of entry and month,Volume de voyageurs par port d’entrée et mois,Traveller Volumes by Port of Entry and month,Volume de voyageurs par port d’entrée et mois,Canada Border Services Agency , Agence des services frontaliers du Canada
"Sep 1, 2026",2.0,1b24b6de-a876-4e3c-80af-762e06def6ed,No resource,2016-10-27,2016-10-27,2026-07-15,Federal Child Support Tables – Alberta,Tables fédérales de pensions alimentaires pour enfants - Alberta,No resources covered,Aucune ressource couverte,Department of Justice Canada , Ministère de la Justice Canada
"Sep 1, 2026",1.0,1b3f5723-3f29-413f-b82d-a39913aecf64,f17b7dfc-f8e8-4ce9-bf06-f8c2394f31e5,2026-08-31,2026-08-31,2026-08-31,"Use of artificial intelligence by businesses or organizations in producing goods or delivering services over the next 12 months, third quarter of 2026","Utilisation de l’intelligence artificielle par des entreprises ou des organismes pour produire des biens ou fournir des services au cours des 12 prochains mois, troisième trimestre de 2026",Dataset,Ensembles de données,Statistics Canada , Statistique Canada
"Sep 1, 2026",1.0,1b6139bd-ed7e-4043-bc28-ff00e10f3109,019f2a90-e3a9-489d-b6e1-f74f4ba1d006,2026-05-19,2026-06-03,2026-06-03,"Canadian Nutrient File, 2026","Fichier canadien sur les éléments nutritifs, 2026",All Resource Data,Toutes les données sur les ressources,Health Canada , Santé Canada
"Sep 1, 2026",6.0,1b6139bd-ed7e-4043-bc28-ff00e10f3109,No resource,2026-05-19,2026-05-19,2026-06-03,"Canadian Nutrient File, 2026","Fichier canadien sur les éléments nutritifs, 2026",No resources covered,Aucune ressource couverte,Health Canada , Santé Canada
"Sep 1, 2026",1.0,1b6139bd-ed7e-4043-bc28-ff00e10f3109,e0cafc22-f564-4524-b82a-9ad7554f57ef,2026-05-19,2026-05-20,2026-05-20,"Canadian Nutrient File, 2026","Fichier canadien sur les éléments nutritifs, 2026",Canadian nutrient file: database structure and file content description 2026,"Fichier canadien sur les éléments nutritifs: structure de la base de données et description du contenu des fichiers, 2026",Health Canada , Santé Canada
"Sep 1, 2026",1.0,1b6139bd-ed7e-4043-bc28-ff00e10f3109,e1ffee62-58cb-4e3e-b359-115c658388ad,2026-05-19,2026-05-19,2026-05-19,"Canadian Nutrient File, 2026","Fichier canadien sur les éléments nutritifs, 2026",Food Name,Noms des aliments,Health Canada , Santé Canada
"Sep 1, 2026",1.0,1ba556af-baa9-42b2-a2b6-9390fd61a559,No resource,2018-06-27,2018-06-27,2023-01-17,"Tillage and seeding practices, Census of Agriculture, 2011 and 2016, inactive","Pratiques de travail du sol et d'ensemencement, Recensement de l’agriculture, 2011 et 2016, inactif",No resources covered,Aucune ressource couverte,Statistics Canada , Statistique Canada
"Sep 1, 2026",1.0,1c3d15f9-9cfa-4010-8462-0d67e493d9b9,25a85034-72db-4878-8086-6c3b510b603a,2016-09-24,2026-02-10,2026-02-10,Canadian Disaster Database,Base de données canadienne sur les catastrophes,CDD_Extract_2022_FR,BDC_Extrait_2022_FR,Public Safety Canada , Sécurité publique Canada
"Sep 1, 2026",5.0,1c3d15f9-9cfa-4010-8462-0d67e493d9b9,No resource,2016-09-24,2016-09-24,2026-02-10,Canadian Disaster Database,Base de données canadienne sur les catastrophes,No resources covered,Aucune ressource couverte,Public Safety Canada , Sécurité publique Canada
"Sep 1, 2026",4.0,1c3d15f9-9cfa-4010-8462-0d67e493d9b9,c701e05e-4554-4c96-b7c9-0ec4a845fe91,2016-09-24,2026-02-10,2026-02-10,Canadian Disaster Database,Base de données canadienne sur les catastrophes,CDD_Extract_2022_EN,BDC_Extrait_2022_EN,Public Safety Canada , Sécurité publique Canada
"Sep 1, 2026",1.0,1c795c9f-ab00-4234-8bf2-0b7d447d8dd6,e81ace9f-cd51-4ac2-87e9-72f7c99c3839,2026-05-11,2026-05-11,2026-05-11,"REGDOC-3.2.2 - Indigenous Engagement, Version 1.2","REGDOC-3.2.2 - Mobilisation des Autochtones, version 1.2","REGDOC-3.2.2 - Indigenous Engagement, Version 1.2","REGDOC-3.2.2 - Mobilisation des Autochtones, version 1.2",Canadian Nuclear Safety Commission , Commission canadienne de sûreté nucléaire
"Sep 1, 2026",1.0,1c805aec-9c9e-4e8f-81d0-e73971e9b5c8,bdb91531-ec77-4b86-9cb1-56004277a9ef,2023-11-08,2023-11-08,2023-11-08,"Marital status, age group and gender: Census metropolitan areas, tracted census agglomerations and census tracts","État matrimonial, groupe d'âge et genre : Régions métropolitaines de recensement, agglomérations de recensement subdivisées en secteurs de recensement et secteurs de recensement",Dataset,Ensembles de données,Statistics Canada , Statistique Canada
"Sep 1, 2026",1.0,1c949987-310c-4bd8-adaa-a9268332e4c0,No resource,2021-01-27,2021-01-27,2026-02-25,Vehicle population data,Données sur le parc de véhicules,No resources covered,Aucune ressource couverte,Government of Ontario , Gouvernement de l'Ontario
"Sep 1, 2026",1.0,1c949987-310c-4bd8-adaa-a9268332e4c0,aa8a57d9-38ec-4082-b87f-c6ba53d0726f,2021-01-27,2026-02-25,2026-02-25,Vehicle population data,Données sur le parc de véhicules,Vehicle population data - 2020,Vehicle population data - 2020,Government of Ontario , Gouvernement de l'Ontario
"Sep 1, 2026",1.0,1d42f7b9-1549-40aa-8ac6-0e0302ff2902,e1b7912c-f71a-4b80-aeb0-8dde1a7084f0,2016-09-24,2016-10-20,2016-10-20,Federal Contaminated Sites Inventory,Inventaire des sites contaminés fédéraux,Federal Contaminated Sites Inventory Dataset,Ensemble de données du Inventaire des sites contaminés fédéraux,Treasury Board of Canada Secretariat , Secrétariat du Conseil du Trésor du Canada
"Sep 1, 2026",1.0,1d815243-28ce-45e6-ad6b-58643327a253,8c5a7b18-d888-48f8-9abe-d641db4dc70a,2022-05-19,2022-05-19,2022-05-19,"Standard Geographical Classification (SGC) 2021 - Volume I, The Classification","Classification géographique type (CGT) 2021 - Volume I, La classification","Standard Geographical Classification (SGC) 2021 - Volume I, The Classification - Elements","Classification géographique type (CGT) 2021 - Volume I, La classification - éléments",Statistics Canada , Statistique Canada
"Sep 1, 2026",1.0,1d946396-cf9a-4fa1-8942-4541063bfba4,0de26c1d-a0b6-4a72-a9ef-3e29c6b8a9cd,2019-03-18,2019-03-18,2019-03-18,Detailed categorization results of the Domestic Substances List,Résultats détaillés de la catégorisation de la liste intérieure des substances,Detailed categorization results of the Domestic Substances List.xls,Resultats detailles de la categorisation de la liste interieure des substances.xls,Environment and Climate Change Canada , Environnement et Changement climatique Canada
"Sep 1, 2026",1.0,1dc7cdcd-5a1c-450a-9544-2a98a3011d61,a9a1b7d3-407a-4c5b-a343-c128b6b75293,2021-01-27,2026-06-10,2026-06-10,Wage rates by occupation,Taux de salaire par profession,CSV and IVT data files,CSV and IVT data files,Government of Ontario , Gouvernement de l'Ontario
"Sep 1, 2026",1.0,1e153f9f-3930-4133-8d35-ade2e8f7e7e3,9a3bac22-3a84-4b3c-9c0c-672015264553,2020-09-14,2026-05-27,2026-05-27,Pedestrian and shared streets,Rues piétonnes et partagées,List of pedestrian streets,Liste des rues piétonnes,Government and Municipalities of Québec , Gouvernement et municipalités du Québec
"Sep 1, 2026",1.0,1eb9eba7-71d1-4b30-9fb1-30cbdab7e63a,21eb7966-38da-4814-a80e-521bce6c4c27,2016-09-24,2022-02-23,2024-11-20,National Collision Database,Base nationale de données sur les collisions,National Collision Database - Data Dictionary,Base nationale de données sur les collisions - Dictionnaire de données,Transport Canada , Transports Canada
"Sep 1, 2026",1.0,1f15ca45-8bfd-4f9c-9ec6-2c0c440e69c2,ac40f464-dba0-454c-9448-3fc66b88d68e,2024-03-26,2025-06-20,2025-09-15,Canadian Student Alcohol and Drugs Survey (CSADS): Public Use Microdata File,Enquête canadienne sur l'alcool et les drogues chez les élèves (ECADE) : fichier de microdonnées à grande diffusion,2023–2024 CSADS: PUMF — User Guide,2023–2024 CSADS: PUMF — User Guide,Health Canada , Santé Canada
"Sep 1, 2026",1.0,1f438de3-f273-4e66-b082-ab9a6bc22b01,No resource,2018-06-27,2018-06-27,2026-08-27,"Financial market statistics, as at Tuesday, Bank of Canada","Statistiques du marché financier, données du mardi, Banque du Canada",No resources covered,Aucune ressource couverte,Statistics Canada , Statistique Canada
"Sep 1, 2026",1.0,1fab2afd-4f3c-4922-a07e-58d7bed9dcfc,5ddf2bac-666e-4342-81c8-59274da78425,2016-09-24,2016-11-14,2026-08-19,"Canada Pension Plan (CPP) - Number of Benefits, by Place of Residence and Benefit Type","Régime de pensions du Canada (RPC) - Nombre de prestations, selon le lieu de résidence et le type de prestation",January 2012 - August 2026,janvier 2012 - août 2026,Employment and Social Development Canada , Emploi et Développement social Canada
"Sep 1, 2026",1.0,1fb7d8d4-7713-4ec6-b957-4a882a84fed3,01280212-0faf-47fc-b1f9-db99a627303c,2016-09-24,2025-11-27,2025-11-27,"Single year data tables by facility – releases, transfers and disposals","Tableaux de données pour une année, par installation – Rejets, transferts et éliminations",NPRI-INRP_DataDonnées_2024.xlsx,NPRI-INRP_DataDonnées_2024.xlsx,Environment and Climate Change Canada , Environnement et Changement climatique Canada
"Sep 1, 2026",1.0,20112847-4d9e-46bc-a571-945350126962,491311b9-d8fd-469d-8ff3-056e65d70d0a,2025-01-20,2025-01-22,2025-01-22,GC HR and Pay - Data Strategy,RH et paye du GC - Stratégie des données,Data Strategy Framework for Human Capital Management,Cadre de stratégie de données pour la Gestion du capital humain,Public Services and Procurement Canada , Services publics et Approvisionnement Canada
"Sep 1, 2026",1.0,202331df-5e12-4666-a694-abc830649b02,No resource,2019-03-07,2019-03-07,2025-11-07,Commissions - General Information by Commission as per the Public Accounts of Canada,Commissions - Information générale par commission selon les Comptes publics du Canada,No resources covered,Aucune ressource couverte,Public Services and Procurement Canada , Services publics et Approvisionnement Canada
"Sep 1, 2026",1.0,203bb08d-fdff-46f6-93ec-00e5d1d76a81,029d1645-03f1-49ef-81f4-082197f9cc9a,2025-09-29,2026-04-13,2026-08-17,Trust companies,Sociétés de fiducie,List of Trust Subsidiaries,Liste des filiales de fiducie,Office of the Superintendent of Financial Institutions Canada , Bureau du surintendant des institutions financières Canada
"Sep 1, 2026",2.0,203bb08d-fdff-46f6-93ec-00e5d1d76a81,6c9cfdc2-b3ea-4eb9-b564-fd28e7aba16b,2025-09-29,2025-10-09,2026-08-21,Trust companies,Sociétés de fiducie,M4 - Consolidated Balance Sheet (Active)​,M4 - Bilan consolidé (Actif)​,Office of the Superintendent of Financial Institutions Canada , Bureau du surintendant des institutions financières Canada
"Sep 1, 2026",1.0,203bb08d-fdff-46f6-93ec-00e5d1d76a81,No resource,2025-09-29,2025-09-29,2026-08-23,Trust companies,Sociétés de fiducie,No resources covered,Aucune ressource couverte,Office of the Superintendent of Financial Institutions Canada , Bureau du surintendant des institutions financières Canada
"Sep 1, 2026",3.0,2061075a-55fe-47a5-be2f-984f12fc0d40,1392b2aa-4877-4b95-913c-f2c6a7a89005,2017-10-16,2026-08-26,2026-08-27,Deposits at Financial Institutions (Bank statement data),Dépôts effectués aux institutions bancaires (relevés bancaires),2025-2026 - Deposits at Financial Institutions,2025-2026 - Dépôts effectués aux institutions bancaires,Public Services and Procurement Canada , Services publics et Approvisionnement Canada
"Sep 1, 2026",1.0,2061075a-55fe-47a5-be2f-984f12fc0d40,f265eaf5-aef0-4a1e-bca1-38c5dfb152e2,2017-10-16,2019-08-27,2026-08-26,Deposits at Financial Institutions (Bank statement data),Dépôts effectués aux institutions bancaires (relevés bancaires),2019-2020 - Deposits at Financial Institutions,2019-2020 - Dépôts effectués aux institutions bancaires,Public Services and Procurement Canada , Services publics et Approvisionnement Canada
"Sep 1, 2026",1.0,20b1a680-fd36-42ca-a073-2d3a0cfb68d6,No resource,2025-06-10,2025-06-10,2025-06-10,EDC 2024 Integrated Annual Report,Rapport annuel intégré 2024 d’EDC,No resources covered,Aucune ressource couverte,Export Development Canada , Exportation et développement Canada
"Sep 1, 2026",1.0,20e546a9-f626-4e14-bdac-56f6803daf5b,36e78a39-f036-4a8d-a3ae-7f0d9345984a,2024-10-02,2024-10-02,2025-01-22,GC HR and Pay - Unified Actions for Pay,RH et paye du GC – Actions unifiées pour la paye,Best HR and Pay Practices – Everyone Has a Role to Play (FAQ),Meilleures pratiques en matière de RH et de paye – Chacun a un rôle à jouer (FAQ),Public Services and Procurement Canada , Services publics et Approvisionnement Canada
"Sep 1, 2026",1.0,20e546a9-f626-4e14-bdac-56f6803daf5b,58871e88-1363-42b7-bc42-d63678aa85ec,2024-10-02,2024-10-02,2025-01-22,GC HR and Pay - Unified Actions for Pay,RH et paye du GC – Actions unifiées pour la paye,Fact Sheet for Managers and Section 34 Manager - Unified Actions for Pay,Fiche d'information pour les gestionnaires et les gestionnaires autorisés en vertu de l’article 34 -  Actions unifiées pour la paye,Public Services and Procurement Canada , Services publics et Approvisionnement Canada
"Sep 1, 2026",1.0,20e546a9-f626-4e14-bdac-56f6803daf5b,No resource,2024-10-02,2024-10-02,2025-06-23,GC HR and Pay - Unified Actions for Pay,RH et paye du GC – Actions unifiées pour la paye,No resources covered,Aucune ressource couverte,Public Services and Procurement Canada , Services publics et Approvisionnement Canada
"Sep 1, 2026",1.0,20e546a9-f626-4e14-bdac-56f6803daf5b,c8b40bc2-fc87-4dcd-b397-257ddf3c06f0,2024-10-02,2025-06-23,2025-06-23,GC HR and Pay - Unified Actions for Pay,RH et paye du GC – Actions unifiées pour la paye,2025-03 Guide to implementing HR and Pay best practices - UAP Measure 6,2025-03 Guide de mise en œuvre des pratiques exemplaires de RH et de paye - Mesure 6 AUP,Public Services and Procurement Canada , Services publics et Approvisionnement Canada
"Sep 1, 2026",1.0,20f94cee-a316-4a53-8ce9-83ad6e70eefd,No resource,2018-12-14,2018-12-14,2026-03-17,"Type of disability for persons with disabilities aged 15 years and over, by age group and gender","Type d'incapacité pour les personnes âgées de 15 ans et plus, selon le groupe d'âge et le genre",No resources covered,Aucune ressource couverte,Statistics Canada , Statistique Canada
"Sep 1, 2026",1.0,216b5913-4f8f-496c-971f-c892d5b62fc1,No resource,2025-05-14,2025-05-14,2026-05-20,"Employment characteristics for persons with and without disabilities, annual","Caractéristiques de l'emploi pour les personnes avec et sans incapacité, données annuelles",No resources covered,Aucune ressource couverte,Statistics Canada , Statistique Canada
"Sep 1, 2026",1.0,21b821cf-0f1c-40ee-8925-eab12d357668,8216fb3b-534f-42fc-9049-ecab3bd76647,2016-09-24,2026-03-24,2026-03-24,The Canadian Radiological Monitoring Network – Airborne Radioactivity,Réseau canadien de surveillance radiologique – Radioactivité de l'air,Airborne Radioactivity - Data,Radioactivité de l'air - Données,Natural Resources Canada , Ressources naturelles Canada
"Sep 1, 2026",16.0,21db33b2-4ab1-5399-8bf6-8eb803a15fc0,No resource,2016-09-24,2016-09-24,2022-02-22,Tactile Maps of Canada-Maps for Education-The Tactile Atlas of Canada-Quebec,Cartes tactiles du Canada-Cartes éducatives-L'Atlas tactile du Canada-Québec,No resources covered,Aucune ressource couverte,Natural Resources Canada , Ressources naturelles Canada
"Sep 1, 2026",1.0,21f123f6-1837-4d07-aff7-cb257fa63b6e,1470fb55-2667-4a55-8726-f133cd6847fc,2018-06-27,2024-03-18,2024-03-18,"Intake water treatment in manufacturing industries, by industry","Traitement des eaux prélevées dans les industries de la fabrication, selon l'industrie",Dataset,Ensembles de données,Statistics Canada , Statistique Canada
"Sep 1, 2026",2.0,22c7cb44-1463-48f7-8e47-88857f207702,4d6d5025-6b94-47b5-9620-8130e2014bb4,2020-06-05,2026-04-22,2026-04-22,BC Wildfire Fire Perimeters - Historical,Périmètres des feux de forêt en Colombie-Britannique - Historique,PROT_HISTORICAL_FIRE_POLYS_SP,PROT_HISTORICAL_FIRE_POLYS_SP,Government of British Columbia , Gouvernment de la Colombie-Britannique
"Sep 1, 2026",1.0,23045c82-c657-47d2-9c09-c8a546668906,No resource,2023-06-21,2023-06-21,2023-06-21,"All languages spoken at home by mother tongue, knowledge of official languages and generation status: Canada, provinces and territories, census metropolitan areas and census agglomerations with parts","Toutes les langues parlées à la maison selon la langue maternelle, la connaissance des langues officielles et le statut des générations : Canada, provinces et territoires, régions métropolitaines de recensement et agglomérations de recensement y compris les parties",No resources covered,Aucune ressource couverte,Statistics Canada , Statistique Canada
"Sep 1, 2026",1.0,23344072-7118-4715-84a9-daf630ec76c8,No resource,2026-05-26,2026-05-26,2026-08-21,Statistics on the Electric Vehicle Affordability Program (EVAP),Statistiques sur le Programme pour l’abordabilité des véhicules électriques (PAVE),No resources covered,Aucune ressource couverte,Transport Canada , Transports Canada
"Sep 1, 2026",1.0,236294e1-bc74-486f-ab97-422227bc8832,0db1b0dd-0830-4745-9be0-377d9fdb5a18,2016-09-24,2025-12-17,2025-12-17,Access to Information and Privacy Statistics,Statistiques sur l'accès à l'information et la protection des renseignements personnels pour l'année,2024-25 ATI Dataset,2024-2025 Ensemble de données LAI,Treasury Board of Canada Secretariat , Secrétariat du Conseil du Trésor du Canada
"Sep 1, 2026",1.0,236294e1-bc74-486f-ab97-422227bc8832,1d8523c2-b1aa-4196-8114-2e30a07181be,2016-09-24,2021-04-30,2025-01-04,Access to Information and Privacy Statistics,Statistiques sur l'accès à l'information et la protection des renseignements personnels pour l'année,2019–20 Access to information statistics,Statistique sur l’accès à l’information 2019-2020 ,Treasury Board of Canada Secretariat , Secrétariat du Conseil du Trésor du Canada
"Sep 1, 2026",1.0,2372e3ba-915f-4dbd-8671-ac0c4a0ec155,9bdab39f-4322-4b85-a151-c76073c232c5,2018-06-27,2023-01-17,2023-01-17,Highway construction price indexes,Indices des prix de la construction routière,Dataset,Ensembles de données,Statistics Canada , Statistique Canada
"Sep 1, 2026",2.0,23eb8b56-dac8-4efc-be7c-b8fa11ba62e9,dbe6f90d-d50e-41dd-aa0a-fd287992f23d,2016-09-26,2026-03-24,2026-03-24,Federal Marine Bioregions,Biorégions marines fédérales,Data Dictionary,Dictionnaire de données,Fisheries and Oceans Canada , Pêches et Océans Canada
"Sep 1, 2026",1.0,2457d303-8449-4f4e-af79-811ea747e3f5,a8689d00-6e07-4b3f-bda4-fdccb0211414,2016-09-24,2016-12-01,2016-12-01,HMCS Nipigon 1997 Seakeeping Trial Data,Essai de tenue en mer du NSCM Nipigon 1997,Naval Hydrodynamics Symposium 2004 paper describing HMCS Nipigon seakeeping trial,Article présenté dans le cadre du Symposium sur l'hydrodynamique navale de 2004 décrivant l’essai de tenue de mer du NCSM Nipigon,Defence Research and Development Canada , Recherche et développement pour la Défense Canada
"Sep 1, 2026",1.0,24609591-b775-4b9a-bc73-c451ab0ecb1b,No resource,2025-09-17,2025-09-17,2026-08-26,Reprocessing of Yukon magnetic data for NTS 115J,Retraitement des données magnétiques du Yukon pour le NTS 115J,No resources covered,Aucune ressource couverte,Government of Yukon , Gouvernement du Yukon
"Sep 1, 2026",2.0,2462d66b-c622-4fbb-bb1d-d9f1ad6f87e5,No resource,2025-08-13,2025-08-13,2026-08-26,Authorized annual programming (PRANA),Programmation annuelle autorisée (PRANA),No resources covered,Aucune ressource couverte,Government and Municipalities of Québec , Gouvernement et municipalités du Québec
"Sep 1, 2026",1.0,24969dcc-6618-4aa0-94d9-083e6400072a,a7c242f5-0f4d-407c-874f-9a747d5c48ff,2017-04-05,2026-02-18,2026-08-26,Object codes list as per the Government-wide Chart of Accounts,Liste des codes d'article selon le Plan comptable à l'échelle de l'administration fédérale,2027 - Object Codes,2027 - Codes d'article,Public Services and Procurement Canada , Services publics et Approvisionnement Canada
"Sep 1, 2026",2.0,257d9576-1d54-43bd-aee8-294c955c956d,No resource,2019-03-25,2019-03-25,2025-11-07,"Debts, Obligations and Claims Written Off or Forgiven as per the Public Accounts of Canada",Créances - radiations ou renonciations selon les Comptes publics du Canada,No resources covered,Aucune ressource couverte,Public Services and Procurement Canada , Services publics et Approvisionnement Canada
"Sep 1, 2026",1.0,2599fe61-0e6e-40b9-958a-f56dd7f1fa09,e86e8cfe-e581-41bb-a414-705d93e19478,2018-05-08,2025-11-07,2025-11-07,"Revenues, expenses and accumulated deficit, as per the Public Accounts of Canada ","Revenus, charges et déficit accumulé, selon les Comptes publics du Canada ",2024-2025 data file,2024-2025 fichier de données,Public Services and Procurement Canada , Services publics et Approvisionnement Canada
"Sep 1, 2026",1.0,261c32ab-4cfd-4f81-9dea-7b64065690dc,39434379-45a1-43d5-aea7-a7a50113c291,2020-04-29,2020-04-29,2024-11-20,Public Health Infobase - Data on COVID-19 in Canada,Infobase de la santé publique - Données de COVID-19 au Canada,Public Health Infobase - Data on COVID-19 in Canada,Infobase de la santé publique - Données de COVID-19 au Canada,Public Health Agency of Canada , Agence de la santé publique du Canada
"Sep 1, 2026",1.0,261c32ab-4cfd-4f81-9dea-7b64065690dc,No resource,2020-04-29,2020-04-29,2025-11-21,Public Health Infobase - Data on COVID-19 in Canada,Infobase de la santé publique - Données de COVID-19 au Canada,No resources covered,Aucune ressource couverte,Public Health Agency of Canada , Agence de la santé publique du Canada
"Sep 1, 2026",1.0,262451e7-6416-47b5-8453-f31d212ea657,4076469c-d61e-4c82-9e3e-b49873a4152e,2021-07-23,2026-03-24,2026-03-24,Small Craft Harbours Locations and Information,Emplacement et information des ports pour petits bateaux,Harbours data dictionary,Dictionnaire de données des portes (en anglais),Fisheries and Oceans Canada , Pêches et Océans Canada
"Sep 1, 2026",4.0,262451e7-6416-47b5-8453-f31d212ea657,No resource,2021-07-23,2021-07-23,2026-03-24,Small Craft Harbours Locations and Information,Emplacement et information des ports pour petits bateaux,No resources covered,Aucune ressource couverte,Fisheries and Oceans Canada , Pêches et Océans Canada
"Sep 1, 2026",1.0,26346ddf-fa5d-4057-b43c-350f644bf1ff,57f47b7b-3640-4bd8-9e41-a699364f3a9c,2018-06-27,2026-05-28,2026-05-28,"Balance of international payments, current account and capital account, annual","Balance des paiements internationaux, compte courant et compte capital, annuel",Dataset,Ensembles de données,Statistics Canada , Statistique Canada
"Sep 1, 2026",1.0,27515ccc-0cad-4f7d-b8ab-2a909090f128,69e2a0a4-2776-46ae-a24f-75540953ff9c,2017-12-15,2025-03-21,2025-03-21,Ontario Shoreline Classification,Classification des Rivages de l'Ontario,ShorelineClassification_ON_OpenDataCatalogue.gdb.zip,ShorelineClassification_ON_OpenDataCatalogue.gdb.zip,Environment and Climate Change Canada , Environnement et Changement climatique Canada
"Sep 1, 2026",1.0,27b450d8-3a9a-460a-8f71-587737b2cdf4,93e3fbdf-ab2a-47c9-9e77-5127c25c5da9,2025-12-19,2026-03-24,2026-03-24,Vessel Density Mapping of 2024 Automatic Identification System (AIS) Data in the Northwest Atlantic,Cartographie de la densité des navires à partir des données du Système d’identification automatique (SIA) de 2024 dans l'Atlantique Nord-Ouest,Release criteria checklist pdf,Liste de contrôle des critères de publication (pdf),Fisheries and Oceans Canada , Pêches et Océans Canada
"Sep 1, 2026",1.0,289a0f56-b04d-4742-b1b7-353270e837c0,No resource,2020-11-27,2020-11-27,2026-03-25,Built-Up Area,Zones bâties,No resources covered,Aucune ressource couverte,Government of Ontario , Gouvernement de l'Ontario
"Sep 1, 2026",1.0,2909a648-5753-4924-878a-b069392d9cde,0be49c36-d560-492e-a19b-2fca3dbd6300,2023-03-08,2023-03-08,2025-03-05," Canadian International Merchandise Trade Web Application (CIMT), 2023 - 2026","L'application Web sur le commerce international de marchandises du Canada (CICM), 2023 - 2026","Domestic Exports, 2023","Exportations domestiques, 2023",Statistics Canada , Statistique Canada
"Sep 1, 2026",1.0,2909a648-5753-4924-878a-b069392d9cde,109aa106-1463-4593-885d-5ab0c6de3405,2023-03-08,2024-03-08,2024-03-10," Canadian International Merchandise Trade Web Application (CIMT), 2023 - 2026","L'application Web sur le commerce international de marchandises du Canada (CICM), 2023 - 2026","Imports, 2024","Importations, 2024",Statistics Canada , Statistique Canada
"Sep 1, 2026",1.0,2909a648-5753-4924-878a-b069392d9cde,22d58168-f6d2-4a89-ad20-4980e9e7530d,2023-03-08,2026-03-11,2026-03-11," Canadian International Merchandise Trade Web Application (CIMT), 2023 - 2026","L'application Web sur le commerce international de marchandises du Canada (CICM), 2023 - 2026","Imports, 2026","Importations, 2026",Statistics Canada , Statistique Canada
"Sep 1, 2026",1.0,2909a648-5753-4924-878a-b069392d9cde,2e2283c2-b113-4dd5-8a44-d579539529d6,2023-03-08,2024-03-08,2025-03-05," Canadian International Merchandise Trade Web Application (CIMT), 2023 - 2026","L'application Web sur le commerce international de marchandises du Canada (CICM), 2023 - 2026","Domestic Exports, 2024","Exportations domestiques, 2024",Statistics Canada , Statistique Canada
"Sep 1, 2026",2.0,2909a648-5753-4924-878a-b069392d9cde,75e39f3f-d5c1-4f02-8919-5c9daf79fadc,2023-03-08,2025-03-05,2025-03-05," Canadian International Merchandise Trade Web Application (CIMT), 2023 - 2026","L'application Web sur le commerce international de marchandises du Canada (CICM), 2023 - 2026","Imports, 2025","Importations, 2025",Statistics Canada , Statistique Canada
"Sep 1, 2026",2.0,2909a648-5753-4924-878a-b069392d9cde,No resource,2023-03-08,2023-03-08,2026-03-11," Canadian International Merchandise Trade Web Application (CIMT), 2023 - 2026","L'application Web sur le commerce international de marchandises du Canada (CICM), 2023 - 2026",No resources covered,Aucune ressource couverte,Statistics Canada , Statistique Canada
"Sep 1, 2026",2.0,29122e72-5762-25f0-732f-c6377f11763f,No resource,2025-01-15,2025-01-15,2026-04-17,2024 - Employee Salaries,Traitements des employés,No resources covered,Aucune ressource couverte,Government of New Brunswick , Gouvernement du Nouveau-Brunswick
"Sep 1, 2026",2.0,2916fad5-ebcc-4c86-b0f3-4f619b29f412,02a92b0f-b26d-4fbd-9601-d27651703715,2016-09-24,2016-12-01,2026-08-22,Open Government Analytics,Analyses concernant le gouvernement ouvert,"Number of Visits, Downloads","Nombre de visites, téléchargements",Treasury Board of Canada Secretariat , Secrétariat du Conseil du Trésor du Canada
"Sep 1, 2026",4.0,2916fad5-ebcc-4c86-b0f3-4f619b29f412,15eeafa2-c331-44e7-b37f-d0d54a51d2eb,2016-09-24,2022-07-07,2026-08-22,Open Government Analytics,Analyses concernant le gouvernement ouvert,Open Maps Views,vues des cartes ouvertes,Treasury Board of Canada Secretariat , Secrétariat du Conseil du Trésor du Canada
"Sep 1, 2026",1.0,2916fad5-ebcc-4c86-b0f3-4f619b29f412,4ebc050f-6c3c-4dfd-817e-875b2caf3ec6,2016-09-24,2017-09-08,2026-08-22,Open Government Analytics,Analyses concernant le gouvernement ouvert,"Downloads per organization, last 12 months","Téléchargements par organisation, 12 derniers mois",Treasury Board of Canada Secretariat , Secrétariat du Conseil du Trésor du Canada
"Sep 1, 2026",1.0,2916fad5-ebcc-4c86-b0f3-4f619b29f412,No resource,2016-09-24,2016-09-24,2026-09-01,Open Government Analytics,Analyses concernant le gouvernement ouvert,No resources covered,Aucune ressource couverte,Treasury Board of Canada Secretariat , Secrétariat du Conseil du Trésor du Canada
"Sep 1, 2026",1.0,293819ae-961c-4ecc-9f88-34f0b6d8330c,593dac9e-122e-4421-8155-ec44c5b4acf4,2018-06-27,2026-06-03,2026-06-03,"Insurance Premium and Claims Data by Class of Insurance, Alberta, 2012","Données sur les primes d'assurance et les sinistres par catégorie d'assurance, Alberta, 2012","Insurance Premium and Claims Data by Class of Insurance, Alberta, 2012","Données sur les primes d'assurance et les sinistres par catégorie d'assurance, Alberta, 2012",Government of Alberta , Gouvernement de l'Alberta
"Sep 1, 2026",3.0,296de17c-001c-4435-8f9a-f5acab632e85,No resource,2017-09-11,2017-09-11,2025-06-10,Canada Basemap Transportation (CBMT) - Raster Tile,Carte de base du Canada - Transport (CBCT) - tuiles rasters,No resources covered,Aucune ressource couverte,Natural Resources Canada , Ressources naturelles Canada
"Sep 1, 2026",1.0,296de17c-001c-4435-8f9a-f5acab632e85,d9d6b5e6-aa1c-4fd5-9af3-424128bdc4d2,2017-09-11,2025-06-10,2025-06-10,Canada Basemap Transportation (CBMT) - Raster Tile,Carte de base du Canada - Transport (CBCT) - tuiles rasters,CBMT Legend,Légende de la CBCT (anglais seulement),Natural Resources Canada , Ressources naturelles Canada
"Sep 1, 2026",2.0,29a55543-3e27-4d7a-8ce5-7b669305b2d8,5df45f6a-c5ec-4199-9488-ba4e147bebe3,2021-01-27,2026-04-17,2026-04-17,Ontario consumer price index,"Indice des prix à la consommation, Ontario",Ontario consumer price index,Translation of Ontario consumer price index,Government of Ontario , Gouvernement de l'Ontario
"Sep 1, 2026",1.0,29a55543-3e27-4d7a-8ce5-7b669305b2d8,No resource,2021-01-27,2021-01-27,2026-04-17,Ontario consumer price index,"Indice des prix à la consommation, Ontario",No resources covered,Aucune ressource couverte,Government of Ontario , Gouvernement de l'Ontario
"Sep 1, 2026",1.0,29ab4f6e-3ba3-48b9-8861-f2123ae30326,594b846d-7497-40d6-8307-997e8cc5b6e9,2019-05-09,2019-05-09,2019-05-09,Physician Cost ages 0 to 75 plus,Coûts du médecin  Âgé de 0 à 75 plus,Physician Cost ages 0 to 75 plus,Coûts du médecin  Âgé de 0 à 75 plus,Public Health Agency of Canada , Agence de la santé publique du Canada
"Sep 1, 2026",1.0,29ab4f6e-3ba3-48b9-8861-f2123ae30326,b6dbc8f2-6d1f-4772-a226-206e0631b3a9,2019-05-09,2019-05-09,2019-05-09,Physician Cost ages 0 to 75 plus,Coûts du médecin  Âgé de 0 à 75 plus,"Economic Burden of Illness in Canada, 2010","Le fardeau économique de la maladie au Canada, 2010",Public Health Agency of Canada , Agence de la santé publique du Canada
"Sep 1, 2026",1.0,2a4d089f-2923-4c8e-a726-fb3bd6783fb9,feeed637-4ee5-4b1e-8c1c-b73c56c1321c,2021-04-13,2025-11-06,2025-11-06,"Interprovincial and international trade flows, basic prices, summary level","Flux de commerce interprovincial et international, prix de base, niveau sommaire",Dataset,Ensembles de données,Statistics Canada , Statistique Canada
"Sep 1, 2026",1.0,2a6542c5-a607-412c-a8bd-399672fe5100,No resource,2018-06-27,2018-06-27,2024-03-18,"Water discharge in manufacturing industries, by type of final treatment and industry","Évacuation de l'eau dans les industries de la fabrication, selon le type de traitement final et l'industrie",No resources covered,Aucune ressource couverte,Statistics Canada , Statistique Canada
"Sep 1, 2026",1.0,2af751e7-79f9-4da8-9b45-14688818dca3,5a700271-e973-43c6-b88d-2919fbea7bd9,2026-03-16,2026-05-06,2026-05-06,Canada Landsat Burned Severity (CanLaBS v2): a Canada-wide Landsat-based 30m resolution product of burned severity since 1985.,"Produit Sévérité des feux au Canada (CanLaBS v2): un produit national à résolution de 30m basé sur Landsat, fournissant la sévérité des feux depuis 1985",CanLaBS v2 - update report EN,CanLaBS v2 - rapport de mise à jour EN,Natural Resources Canada , Ressources naturelles Canada
"Sep 1, 2026",1.0,2af751e7-79f9-4da8-9b45-14688818dca3,9b3aeea2-efc1-410a-9e5a-d78903d2970a,2026-03-16,2026-05-06,2026-05-06,Canada Landsat Burned Severity (CanLaBS v2): a Canada-wide Landsat-based 30m resolution product of burned severity since 1985.,"Produit Sévérité des feux au Canada (CanLaBS v2): un produit national à résolution de 30m basé sur Landsat, fournissant la sévérité des feux depuis 1985",Readme file EN,Fichier lisez-moi EN,Natural Resources Canada , Ressources naturelles Canada
"Sep 1, 2026",3.0,2b44d212-5438-47a9-ad23-20eb8ada9709,90baa17e-b801-44f2-a59a-c3b99a50b69f,2020-06-05,2026-01-28,2026-01-28,Service BC Office Locations,Emplacements des bureaux de Service BC,Service BC Locations Update 05-08-20,Mise à jour des succursales de Service BC 05-08-20,Government of British Columbia , Gouvernment de la Colombie-Britannique
"Sep 1, 2026",1.0,2b44d212-5438-47a9-ad23-20eb8ada9709,No resource,2020-06-05,2020-06-05,2026-01-28,Service BC Office Locations,Emplacements des bureaux de Service BC,No resources covered,Aucune ressource couverte,Government of British Columbia , Gouvernment de la Colombie-Britannique
"Sep 1, 2026",1.0,2bcf34b5-4e9a-431b-9e43-1eace6c873bd,951db06f-e45f-4936-b037-fe759193d351,2016-09-26,2025-03-26,2025-03-26,Inuit Communities Location,Localisation des communautés inuites,Pre-packaged CSV file,Fichier CSV pré-emballé,Indigenous Services Canada , Services aux Autochtones Canada
"Sep 1, 2026",1.0,2bcf34b5-4e9a-431b-9e43-1eace6c873bd,No resource,2016-09-26,2016-09-26,2025-03-26,Inuit Communities Location,Localisation des communautés inuites,No resources covered,Aucune ressource couverte,Indigenous Services Canada , Services aux Autochtones Canada
"Sep 1, 2026",1.0,2be50dc0-103c-4680-85fb-bfd8a98c5142,54a9a5d9-1279-4442-9587-95fe4477107b,2022-11-22,2024-11-20,2024-11-20,"Postsecondary graduates, by detailed field of study, institution, and program and student characteristics, inactive","Diplômés postsecondaires, selon le domaine d'études détaillé, l’établissement, et les caractéristiques du programme et de l’étudiant, inactif",Dataset,Ensembles de données,Statistics Canada , Statistique Canada
"Sep 1, 2026",2.0,2bf9f856-20fe-4644-bf74-c8e45b3d94bd,No resource,2019-06-03,2019-06-03,2024-11-22,Facts and Figures 2017 - Immigration Overview - Temporary Residents,Faits et chiffres 2017 - Aperçu de l'immigration – Résidents temporaires,No resources covered,Aucune ressource couverte,"Immigration, Refugees and Citizenship Canada "," Immigration, Réfugiés et Citoyenneté Canada"
"Sep 1, 2026",1.0,2c3672b6-4c17-4ff5-9861-29e2dd6d03b3,No resource,2017-04-07,2017-04-07,2022-02-26,Earthquakes in Canada 2010-2019,Tremblements de terre au Canada 2010-2019,No resources covered,Aucune ressource couverte,Natural Resources Canada , Ressources naturelles Canada
"Sep 1, 2026",1.0,2c53729a-2453-4633-92f3-6876a45f8bc4,No resource,2023-04-13,2023-04-13,2026-04-17,BC Schools - Student Enrolment and FTE by Grade,Translation of BC Schools - Student Enrolment and FTE by Grade,No resources covered,Aucune ressource couverte,Government of British Columbia , Gouvernment de la Colombie-Britannique
"Sep 1, 2026",1.0,2c53729a-2453-4633-92f3-6876a45f8bc4,e42927f6-16ee-4273-9071-2ce5095cd615,2023-04-13,2026-04-17,2026-04-17,BC Schools - Student Enrolment and FTE by Grade,Translation of BC Schools - Student Enrolment and FTE by Grade,Enrolment and FTE 1991/92 to 2003/04,Translation of Enrolment and FTE 1991/92 to 2003/04,Government of British Columbia , Gouvernment de la Colombie-Britannique
"Sep 1, 2026",2.0,2c53729a-2453-4633-92f3-6876a45f8bc4,f103066d-ccca-4e64-97c0-3b32e278a46d,2023-04-13,2026-04-17,2026-04-17,BC Schools - Student Enrolment and FTE by Grade,Translation of BC Schools - Student Enrolment and FTE by Grade,Enrolment and FTE 2020/21 to 2025/26,Translation of Enrolment and FTE 2020/21 to 2025/26,Government of British Columbia , Gouvernment de la Colombie-Britannique
"Sep 1, 2026",3.0,2c75c627-3eb6-41ee-bb54-7b089eade484,No resource,2024-12-11,2024-12-11,2026-06-24,Consumer Price Index (CPI) Data Tables and Highlights (2002=100),Tableaux de données et points saillants de l'indice des prix à la consommation (IPC) (2002=100),No resources covered,Aucune ressource couverte,Government of British Columbia , Gouvernment de la Colombie-Britannique
"Sep 1, 2026",1.0,2c941f86-146b-4c99-9241-97ef466fff5e,f26d30d9-3173-4e01-9fe5-0479b72868c8,2025-08-13,2026-04-17,2026-04-17,Local Area Economic Profiles Dataset,Ensemble de données sur les profils économiques des zones locales,LAEP Jobs by Area,Offres d'emploi au LAEP par région,Government of British Columbia , Gouvernment de la Colombie-Britannique
"Sep 1, 2026",1.0,2caec448-1b4b-a107-d050-210e5c7b0e27,No resource,2022-04-14,2022-04-14,2025-08-20,Nova Scotia Topographic DataBase - Landforms (Line Layer),Base de données topographique de la Nouvelle-Écosse - Formes de relief (couche linéaire),No resources covered,Aucune ressource couverte,Government of Nova Scotia , Gouvernment de la Nouvelle-Écosse
"Sep 1, 2026",1.0,2ce347e5-02fd-4487-975d-67a435efdf9b,18294a26-0def-4ec2-bb87-dc0a93174b43,2016-09-24,2016-12-01,2025-01-06,Goods and Services Identification Number,Numéro d'identification des biens et services,GSIN & UNSPSC Data Dictionary,Dictionnaire des données des NIBS & UNSPSC,Public Services and Procurement Canada , Services publics et Approvisionnement Canada
"Sep 1, 2026",5.0,2ce347e5-02fd-4487-975d-67a435efdf9b,6c422e92-261d-4bfa-ac76-207c3ee959e6,2016-09-24,2016-12-01,2025-01-21,Goods and Services Identification Number,Numéro d'identification des biens et services,GSIN Codes,Code NIBS,Public Services and Procurement Canada , Services publics et Approvisionnement Canada
"Sep 1, 2026",2.0,2ce347e5-02fd-4487-975d-67a435efdf9b,No resource,2016-09-24,2016-09-24,2025-01-21,Goods and Services Identification Number,Numéro d'identification des biens et services,No resources covered,Aucune ressource couverte,Public Services and Procurement Canada , Services publics et Approvisionnement Canada
"Sep 1, 2026",1.0,2d5636bd-4e6c-4f7d-a02a-98b762d8603f,No resource,2023-05-08,2023-05-08,2026-07-30,"Area, production and farm gate value of marketed organic fruits and vegetables","Superficie, production et valeur à la ferme des fruits et légumes biologiques commercialisés",No resources covered,Aucune ressource couverte,Statistics Canada , Statistique Canada
"Sep 1, 2026",1.0,2d943e73-c852-ac79-4c3b-63b6b5c61423,No resource,2023-04-21,2023-04-21,2025-02-05,Manitoba Contaminated Sites,Sites contaminés du Manitoba,No resources covered,Aucune ressource couverte,Government of Manitoba , Gouvernement du Manitoba
"Sep 1, 2026",1.0,2e6f30d9-857d-4364-8611-5625b59562be,3a8f0777-e41c-4e48-a22d-a510537ce17a,2018-06-27,2026-08-14,2026-08-14,"Manufacturers' sales, inventories, orders and inventory to sales ratios, by industry (dollars unless otherwise noted)","Stocks, ventes, commandes et rapport des stocks sur les ventes pour les industries manufacturières, selon l'industrie (dollars sauf indication contraire)",Dataset,Ensembles de données,Statistics Canada , Statistique Canada
"Sep 1, 2026",1.0,2e6f30d9-857d-4364-8611-5625b59562be,dfd0389f-3e66-4fb8-bc49-a5a158749d96,2018-06-27,2026-08-14,2026-08-14,"Manufacturers' sales, inventories, orders and inventory to sales ratios, by industry (dollars unless otherwise noted)","Stocks, ventes, commandes et rapport des stocks sur les ventes pour les industries manufacturières, selon l'industrie (dollars sauf indication contraire)",Dataset,Ensembles de données,Statistics Canada , Statistique Canada
"Sep 1, 2026",1.0,2e7c5a58-986f-402c-9dec-a45e0dadf8dd,227f18b7-a68e-4896-9043-94f62a3498a0,2024-01-24,2024-01-24,2026-07-15,Canadian Importers Database (2022),Base de données sur les importateurs canadiens (2022),HS10 Description,Description SH10,"Innovation, Science and Economic Development Canada "," Innovation, Sciences et Développement économique Canada"
"Sep 1, 2026",1.0,2e7c5a58-986f-402c-9dec-a45e0dadf8dd,9be07afa-e976-4420-9bbd-6712a507de24,2024-01-24,2024-01-24,2026-07-15,Canadian Importers Database (2022),Base de données sur les importateurs canadiens (2022),Major Importers by city,Principaux importateurs par ville,"Innovation, Science and Economic Development Canada "," Innovation, Sciences et Développement économique Canada"
"Sep 1, 2026",1.0,2e7c5a58-986f-402c-9dec-a45e0dadf8dd,No resource,2024-01-24,2024-01-24,2026-07-15,Canadian Importers Database (2022),Base de données sur les importateurs canadiens (2022),No resources covered,Aucune ressource couverte,"Innovation, Science and Economic Development Canada "," Innovation, Sciences et Développement économique Canada"
"Sep 1, 2026",1.0,2e7c5a58-986f-402c-9dec-a45e0dadf8dd,ca61ffd4-242f-44fd-85a8-03c79a8b417e,2024-01-24,2024-01-24,2026-07-15,Canadian Importers Database (2022),Base de données sur les importateurs canadiens (2022),Major Importers by HS10,Principaux importateurs par SH10,"Innovation, Science and Economic Development Canada "," Innovation, Sciences et Développement économique Canada"
"Sep 1, 2026",1.0,2ee0fda2-c38b-48d3-9159-dc5b8605383f,No resource,2022-03-30,2022-03-30,2026-03-04,Base Hydrography Update Index,Indice de mise à jour de l'hydrographie de base,No resources covered,Aucune ressource couverte,Government of Alberta , Gouvernement de l'Alberta
"Sep 1, 2026",1.0,2f4117d9-41fc-44db-87d4-dbdb77f14086,40f56d7a-8835-47c7-a191-244bf64bec7c,2023-04-13,2026-01-28,2026-01-28,ParcelMap BC Parcel Polygons,Polygones de parcelles ParcelMap BC,File Geodatabase of ParcelMap BC Parcel Polygons for BC,Fichier : Géodatabase des polygones de parcelles ParcelMap BC pour la Colombie-Britannique,Government of British Columbia , Gouvernment de la Colombie-Britannique
"Sep 1, 2026",1.0,2f4117d9-41fc-44db-87d4-dbdb77f14086,No resource,2023-04-13,2023-04-13,2026-01-28,ParcelMap BC Parcel Polygons,Polygones de parcelles ParcelMap BC,No resources covered,Aucune ressource couverte,Government of British Columbia , Gouvernment de la Colombie-Britannique
"Sep 1, 2026",1.0,2fa2b472-4b96-421c-9982-e238adcce758,81e2f3f6-bfae-4c1b-b0fb-d10e8ac98ac0,2018-06-27,2026-08-17,2026-08-17,"Consumer Price Index, monthly, seasonally adjusted","Indice des prix à la consommation, mensuel, désaisonnalisé",Dataset,Ensembles de données,Statistics Canada , Statistique Canada
"Sep 1, 2026",1.0,2fe6b7f1-fbfe-4aaf-808f-b977d40d44db,3c37d066-9c05-404c-bd80-7413e423828a,2016-10-31,2016-10-31,2026-02-19,Public Service Hiring and Staffing Activities under the Public Service Employment Act,Embauche et dotation à la fonction publique en vertu de la Loi sur l'emploi dans la fonction publique,"Hiring activities under the Public Service Employment Act, by tenure and fiscal year","Activités d’embauche en vertu de la Loi sur l’emploi dans la fonction publique, selon la durée d’emploi et l’exercice financier",Public Service Commission of Canada , Commission de la fonction publique du Canada
"Sep 1, 2026",1.0,306e5004-534b-4110-9feb-58e3a5c3fd97,No resource,2017-03-29,2017-03-29,2025-12-22,Administrative Boundaries in Canada - CanVec Series - Administrative Features,Limites administratives au Canada - Série CanVec - Entités administratives,No resources covered,Aucune ressource couverte,Natural Resources Canada , Ressources naturelles Canada
"Sep 1, 2026",1.0,30aeb5c1-4285-46c8-b60b-15b1a6f4258b,4c0465f2-433a-4ae0-8e6b-b21607ff841d,2023-04-13,2026-01-28,2026-01-28,Province of British Columbia - Boundary Terrestrial,Province de la Colombie-Britannique - Frontière terrestre,BC Boundary Terrestrial - gpkg format,BC Boundary Terrestrial - format gpkg,Government of British Columbia , Gouvernment de la Colombie-Britannique
"Sep 1, 2026",1.0,30aeb5c1-4285-46c8-b60b-15b1a6f4258b,No resource,2023-04-13,2023-04-13,2026-01-28,Province of British Columbia - Boundary Terrestrial,Province de la Colombie-Britannique - Frontière terrestre,No resources covered,Aucune ressource couverte,Government of British Columbia , Gouvernment de la Colombie-Britannique
"Sep 1, 2026",1.0,31a045ef-6e05-4b97-b669-9b6f3154f85c,70c6b2db-e96e-4827-9be7-d458c909d905,2022-11-02,2026-06-12,2026-06-12,Caribou Sub-Regional Plan Boundaries,Limites du plan sous-régional Caribou,Caribou Sub-regional Plan Boundaries (SHP) (From Alberta Geodiscover Portal metadata),Limites du plan sous-régional Caribou (SHP) (à partir des métadonnées du portail Alberta Geodiscover),Government of Alberta , Gouvernement de l'Alberta
"Sep 1, 2026",1.0,33155dcb-bdfb-46a4-8bf7-493f017e6ff8,1d837e27-07f5-4e53-9233-f15595c50107,2022-12-09,2022-12-09,2024-11-20,2022 Reports of the Auditor General of Canada—Report 8—Emergency Management in First Nations Communities—Indigenous Services Canada,2022 — Rapports de la vérificatrice générale du Canada — Rapport 8 — La gestion des urgences dans les collectivités des Premières Nations — Services aux Autochtones Canada,2022 Reports of the Auditor General of Canada—Report 8—Emergency Management in First Nations Communities—Indigenous Services Canada,2022 — Rapports de la vérificatrice générale du Canada — Rapport 8 — La gestion des urgences dans les collectivités des Premières Nations — Services aux Autochtones Canada,Office of the Auditor General of Canada , Bureau du vérificateur général du Canada
"Sep 1, 2026",1.0,332fe811-2514-4174-ba2e-120895295ee8,No resource,2023-10-04,2023-10-04,2023-10-04,"Population counts, population centre size groups and rural areas","Chiffres de population, groupes de taille des centres de population et régions rurales",No resources covered,Aucune ressource couverte,Statistics Canada , Statistique Canada
"Sep 1, 2026",1.0,333d9788-5cad-408d-bc11-81b183c1d121,0d4d76f2-d3fa-4000-8462-1ca8c371bf20,2025-01-31,2025-05-29,2025-05-29,Canadian Economic News,Nouvelles économiques canadiennes,2020 Editions,Éditions 2020,Statistics Canada , Statistique Canada
"Sep 1, 2026",1.0,33ab290a-5e0d-4c20-9772-78d5a81dc8f7,d6cb18c6-e162-48cd-9bf5-10478ccf09df,2020-06-05,2026-01-28,2026-01-28,MASCOT Geodetic Control Monuments,Monuments de contrôle géodésique MASCOT,MASCOT_GEODETIC_CONTROL,CONTRÔLE GÉODÉSIQUE DES MASCOTTES,Government of British Columbia , Gouvernment de la Colombie-Britannique
"Sep 1, 2026",1.0,33fc635f-d41e-4702-89f6-f6e8837dc568,4459a132-cc49-4de7-8e27-c0424d8de392,2025-10-14,2026-03-24,2026-03-24,Marine eelgrass in the maritime coastal zone of Quebec,Zostère marine de la zone côtière du Québec maritime,Marine Eelgrass Data Dictionary,Dictionnaire des Données Zostère Marine,Fisheries and Oceans Canada , Pêches et Océans Canada
"Sep 1, 2026",1.0,33fc635f-d41e-4702-89f6-f6e8837dc568,No resource,2025-10-14,2025-10-14,2026-03-24,Marine eelgrass in the maritime coastal zone of Quebec,Zostère marine de la zone côtière du Québec maritime,No resources covered,Aucune ressource couverte,Fisheries and Oceans Canada , Pêches et Océans Canada
"Sep 1, 2026",1.0,348504f1-43a6-4e0c-aee5-fc470b1dc888,No resource,2026-04-30,2026-04-30,2026-04-30,"Single year data tables by facility – releases, transfers and disposals","Tableaux de données pour une année, par installation – Rejets, transferts et éliminations",No resources covered,Aucune ressource couverte,Environment and Climate Change Canada , Environnement et Changement climatique Canada
"Sep 1, 2026",1.0,34a8484d-5a00-4e34-a235-75881141385e,No resource,2022-04-25,2022-04-25,2022-04-25,Advance Polling District Boundaries - Canada 2021,Limites de districts de vote par anticipation - Canada 2021,No resources covered,Aucune ressource couverte,Elections Canada , Élections Canada
"Sep 1, 2026",1.0,34c2d026-91cb-4d89-9d79-1fa240cd8a55,No resource,2025-09-17,2025-09-17,2026-08-26,Reprocessing of Yukon magnetic data for NTS 105F,Retraitement des données magnétiques du Yukon pour le NTS 105F,No resources covered,Aucune ressource couverte,Government of Yukon , Gouvernement du Yukon
"Sep 1, 2026",1.0,34e547e9-8e2f-472c-829b-c3c9d2396555,ef82fcff-0d02-445a-9d36-afa8593fd902,2016-09-24,2016-11-08,2026-08-10,Monthly Insolvency Statistics in Canada by Forward Sortation Area (FSA),Statistiques mensuelles sur l'insolvabilité au Canada par région de tri d'acheminement (RTA),2013 Monthly Insolvency Statistics in Canada by Forward Sortation Area (FSA),2013 Statistiques mensuelles sur l'insolvabilité au Canada par région de tri d'acheminement (RTA),"Innovation, Science and Economic Development Canada "," Innovation, Sciences et Développement économique Canada"
"Sep 1, 2026",1.0,3542f7c1-fe9b-4203-aa01-8c859a871bd3,7ceea207-ac04-4917-b104-252442696b46,2018-06-27,2026-06-17,2026-06-17,Alberta schools and authorities,Écoles et autorités de l'Alberta,Alberta school information report,Rapport d'information sur les écoles de l'Alberta,Government of Alberta , Gouvernement de l'Alberta
"Sep 1, 2026",3.0,3542f7c1-fe9b-4203-aa01-8c859a871bd3,9b272f1d-b6d1-411f-a97b-926d9b88007b,2018-06-27,2026-06-17,2026-06-17,Alberta schools and authorities,Écoles et autorités de l'Alberta,Alberta school authority information report,Rapport d'information des autorités scolaires de l'Alberta,Government of Alberta , Gouvernement de l'Alberta
"Sep 1, 2026",2.0,3542f7c1-fe9b-4203-aa01-8c859a871bd3,No resource,2018-06-27,2018-06-27,2026-06-17,Alberta schools and authorities,Écoles et autorités de l'Alberta,No resources covered,Aucune ressource couverte,Government of Alberta , Gouvernement de l'Alberta
"Sep 1, 2026",1.0,360024f2-17e9-4558-bfc1-3616485d65b9,2261a41c-16ed-48b4-a0c2-ace06210e949,2017-04-12,2017-04-12,2026-08-18,Temporary Residents: Temporary Foreign Worker Program (TFWP) and International Mobility Program (IMP) Work Permit Holders – Monthly IRCC Updates,Résidents temporaires: les détenteurs de Permis de travail du Programme de travailleurs étrangers temporaires (PTÉT) et du Programme de mobilité internationale (PMI) – Mises à jour mensuelles d’IRCC,Canada – International Mobility Program Work Permit Holders under Post-Graduate Employment on December 31st by Province/Territory and Census Metropolitan Area (CMA) of Intended Destination,Canada - Titulaires de permis de travail du programme de mobilité internationale dans les programmes d'emplois post-universitaires en date du 31 décembre selon la province / le territoire et la région métropolitaine de recensement (RMR) de destination envisagé(e),"Immigration, Refugees and Citizenship Canada "," Immigration, Réfugiés et Citoyenneté Canada"
"Sep 1, 2026",2.0,360024f2-17e9-4558-bfc1-3616485d65b9,4ff7924d-d606-4320-85e2-581af8f12b6b,2017-04-12,2017-04-12,2026-08-18,Temporary Residents: Temporary Foreign Worker Program (TFWP) and International Mobility Program (IMP) Work Permit Holders – Monthly IRCC Updates,Résidents temporaires: les détenteurs de Permis de travail du Programme de travailleurs étrangers temporaires (PTÉT) et du Programme de mobilité internationale (PMI) – Mises à jour mensuelles d’IRCC,"Canada - Temporary Foreign Worker Program work permit holders by province/territory of intended destination, intended occupation (4-digit NOC 2011) and year in which permit(s) became effective ","Canada - Titulaires de permis de travail du programme des travailleurs étrangers temporaires selon la province / le territoire de destination envisagé(e), la profession envisagée (codes à quatre chiffres de la CNP 2011) et l'année à laquelle le permis est entré en vigueur","Immigration, Refugees and Citizenship Canada "," Immigration, Réfugiés et Citoyenneté Canada"
"Sep 1, 2026",1.0,360024f2-17e9-4558-bfc1-3616485d65b9,9b20b866-de27-436c-bc1b-c5d470a25507,2017-04-12,2017-04-12,2026-08-18,Temporary Residents: Temporary Foreign Worker Program (TFWP) and International Mobility Program (IMP) Work Permit Holders – Monthly IRCC Updates,Résidents temporaires: les détenteurs de Permis de travail du Programme de travailleurs étrangers temporaires (PTÉT) et du Programme de mobilité internationale (PMI) – Mises à jour mensuelles d’IRCC,"Canada - Temporary Foreign Worker Program work permit holders by province/territory of intended destination, program and year in which permit(s) became effective ","Canada - Titulaires de permis de travail du programme des travailleurs étrangers temporaires selon la province / le territoire de destination envisagé(e), le programme et l'année à laquelle le permis est entré en vigueur","Immigration, Refugees and Citizenship Canada "," Immigration, Réfugiés et Citoyenneté Canada"
"Sep 1, 2026",17.0,360024f2-17e9-4558-bfc1-3616485d65b9,No resource,2017-04-12,2017-04-12,2026-08-18,Temporary Residents: Temporary Foreign Worker Program (TFWP) and International Mobility Program (IMP) Work Permit Holders – Monthly IRCC Updates,Résidents temporaires: les détenteurs de Permis de travail du Programme de travailleurs étrangers temporaires (PTÉT) et du Programme de mobilité internationale (PMI) – Mises à jour mensuelles d’IRCC,No resources covered,Aucune ressource couverte,"Immigration, Refugees and Citizenship Canada "," Immigration, Réfugiés et Citoyenneté Canada"
"Sep 1, 2026",4.0,360024f2-17e9-4558-bfc1-3616485d65b9,a7dcbff4-00b2-4051-9c82-e2058af32b64,2017-04-12,2017-04-12,2026-08-18,Temporary Residents: Temporary Foreign Worker Program (TFWP) and International Mobility Program (IMP) Work Permit Holders – Monthly IRCC Updates,Résidents temporaires: les détenteurs de Permis de travail du Programme de travailleurs étrangers temporaires (PTÉT) et du Programme de mobilité internationale (PMI) – Mises à jour mensuelles d’IRCC,Canada - International Mobility Program work permit holders (work purpose only) on December 31st by province/territory of intended destination and program,Canada - Titulaires de permis de travail du programme de mobilité internationale en date du 31 décembre selon la province / le territoire de destination envisagé(e) et le programme,"Immigration, Refugees and Citizenship Canada "," Immigration, Réfugiés et Citoyenneté Canada"
"Sep 1, 2026",3.0,360024f2-17e9-4558-bfc1-3616485d65b9,d5779439-e0fb-4e6f-82d0-c6070f654bec,2017-04-12,2017-04-12,2026-08-18,Temporary Residents: Temporary Foreign Worker Program (TFWP) and International Mobility Program (IMP) Work Permit Holders – Monthly IRCC Updates,Résidents temporaires: les détenteurs de Permis de travail du Programme de travailleurs étrangers temporaires (PTÉT) et du Programme de mobilité internationale (PMI) – Mises à jour mensuelles d’IRCC,"Canada - International Mobility Program work permit holders by province/territory, program and year in which permit(s) became effective ","Canada - Titulaires de permis de travail du programme de mobilité internationale selon la province / le territoire, le programme et l'année à laquelle le permis est entré en vigueur","Immigration, Refugees and Citizenship Canada "," Immigration, Réfugiés et Citoyenneté Canada"
"Sep 1, 2026",2.0,360024f2-17e9-4558-bfc1-3616485d65b9,d88dd42b-a25d-436e-bc0b-79096248bc4e,2017-04-12,2017-04-12,2026-08-18,Temporary Residents: Temporary Foreign Worker Program (TFWP) and International Mobility Program (IMP) Work Permit Holders – Monthly IRCC Updates,Résidents temporaires: les détenteurs de Permis de travail du Programme de travailleurs étrangers temporaires (PTÉT) et du Programme de mobilité internationale (PMI) – Mises à jour mensuelles d’IRCC,Canada - Temporary Foreign Worker Program work permit holders on December 31st by province/territory of intended destination and program,Canada - Titulaires de permis de travail du programme des travailleurs étrangers temporaires en date du 31 décembre selon la province / le territoire de destination envisagé(e) et le programme,"Immigration, Refugees and Citizenship Canada "," Immigration, Réfugiés et Citoyenneté Canada"
"Sep 1, 2026",1.0,360024f2-17e9-4558-bfc1-3616485d65b9,f2696d77-a292-454c-a3aa-89bb4e95dd75,2017-04-12,2017-09-15,2026-08-18,Temporary Residents: Temporary Foreign Worker Program (TFWP) and International Mobility Program (IMP) Work Permit Holders – Monthly IRCC Updates,Résidents temporaires: les détenteurs de Permis de travail du Programme de travailleurs étrangers temporaires (PTÉT) et du Programme de mobilité internationale (PMI) – Mises à jour mensuelles d’IRCC,Canada – International Mobility Program Work Permit Holders by Country of Citizenship and Year in which Permit(s) became effective,Canada - Titulaires de permis de travail du programme de mobilité internationale selon le pays de citoyenneté et l'année à laquelle le permis est entré en vigueur,"Immigration, Refugees and Citizenship Canada "," Immigration, Réfugiés et Citoyenneté Canada"
"Sep 1, 2026",1.0,362e89a0-8793-443c-9c4e-8607e9df1242,1cfef0ed-f44d-4669-834e-62d5bd7214f9,2025-03-10,2025-03-10,2025-03-13,Evaluation of the Implementation of the Protective Behavioural Analysis Unit - Final Report,Évaluation de la mise en œuvre du Groupe d’analyse du comportement de protection - Rapport finale,Evaluation of the Implementation of the Protective Behavioural Analysis Unit - Final Report,Évaluation de la mise en œuvre du Groupe d’analyse du comportement de protection - Rapport finale,Royal Canadian Mounted Police , Gendarmerie royale du Canada
"Sep 1, 2026",1.0,363300fd-6ac1-47f0-abc2-58213a66be12,05bfffdd-7142-453a-90b7-fd8b314b1508,2025-09-17,2026-04-17,2026-04-17,Ontario custom farmwork rates,Tarifs perçus pour les travaux agricoles à forfait en Ontario,Ontario custom farmwork rates,Tarifs perçus pour les travaux agricoles à forfait en Ontario,Government of Ontario , Gouvernement de l'Ontario
"Sep 1, 2026",1.0,363300fd-6ac1-47f0-abc2-58213a66be12,No resource,2025-09-17,2025-09-17,2026-04-17,Ontario custom farmwork rates,Tarifs perçus pour les travaux agricoles à forfait en Ontario,No resources covered,Aucune ressource couverte,Government of Ontario , Gouvernement de l'Ontario
"Sep 1, 2026",1.0,36515a02-cc2e-4f17-a1d8-6bcbfc92bce1,No resource,2023-03-24,2023-03-24,2026-08-21,Monthly retail trade sales by province and territory,Ventes mensuelles du commerce de détail par province et territoire,No resources covered,Aucune ressource couverte,Statistics Canada , Statistique Canada
"Sep 1, 2026",2.0,36f33d8b-8527-48c5-adff-343639ec4b50,No resource,2025-02-24,2025-02-24,2026-07-08,Canada Summer Jobs: Organizations that received funding and the number of jobs they created,Emplois d’été Canada: Organisations qui ont reçu du financement et le nombre d'emplois créés,No resources covered,Aucune ressource couverte,Employment and Social Development Canada , Emploi et Développement social Canada
"Sep 1, 2026",2.0,3734623c-25c5-4e69-936d-26f764a2807f,8b6d9ec4-7522-4f1d-9f99-c2a6a5e7d5e2,2016-09-24,2026-01-06,2026-01-06,Saskatchewan Detailed Soil Survey,Levé pédologique détaillé de la Saskatchewan,Pre-packaged GeoPackage (GPKG) files,Fichiers GeoPackage (GPKG) préemballés,Agriculture and Agri-Food Canada , Agriculture et Agroalimentaire Canada
"Sep 1, 2026",1.0,380f8da2-a18e-4747-a29f-7775450b7283,7b319e7b-9e9f-40d7-aeaf-489bfcd6435b,2025-11-06,2025-11-06,2026-06-22,Algorithmic Impact Assessment – Internal Activity and Access Monitoring,Évaluation de l’impact algorithmique - Surveillance de l’activité interne et des accès,IAAM-AIA_EN-2025-10-28,IAAM-AIA_EN-2025-10-28,Employment and Social Development Canada , Emploi et Développement social Canada
"Sep 1, 2026",8.0,3829eee9-f898-4643-9ad8-f48575b8873d,No resource,2025-09-17,2025-09-17,2026-04-09,Canada Structures ,Structures Canada,No resources covered,Aucune ressource couverte,Public Safety Canada , Sécurité publique Canada
"Sep 1, 2026",1.0,3829eee9-f898-4643-9ad8-f48575b8873d,f8aea5b3-f8b1-450c-b541-27d8534c6688,2025-09-17,2025-09-17,2025-09-17,Canada Structures ,Structures Canada,Canada Structures_Product Specification_2025_EN,Structures Canada_Spécifications du produit_2025_EN,Public Safety Canada , Sécurité publique Canada
"Sep 1, 2026",2.0,383eaf98-afd7-436a-9556-67ecf14f64a7,b7873255-d4cc-4486-857c-0c3a3b593ca4,2020-04-24,2026-01-28,2026-01-28,Hospitals in BC,Hôpitaux en Colombie-Britannique,hlbc_Hospitals,HLBC_Hôpitaux,Government of British Columbia , Gouvernment de la Colombie-Britannique
"Sep 1, 2026",2.0,384d551b-dee1-4df8-8148-b3fcf865096a,b36943ee-ced6-41b3-91dd-fae76614d857,2020-06-05,2026-01-28,2026-01-28,BC Transmission Lines,Lignes de transmission de la Colombie-Britannique,GBA_TRANSMISSION_LINES_SP,GBA_TRANSMISSION_LINES_SP,Government of British Columbia , Gouvernment de la Colombie-Britannique
"Sep 1, 2026",2.0,38ddc983-1bf0-4bee-ad18-07dac8cfe884,3d58dbe4-cf58-4631-9202-25261e8f2f70,2021-01-27,2026-08-26,2026-08-26,Registered marriage officiants,Célébrants de mariage autorisés,Registered Marriage Officiants,Registered Marriage Officiants,Government of Ontario , Gouvernement de l'Ontario
"Sep 1, 2026",5.0,38ddc983-1bf0-4bee-ad18-07dac8cfe884,No resource,2021-01-27,2021-01-27,2026-08-26,Registered marriage officiants,Célébrants de mariage autorisés,No resources covered,Aucune ressource couverte,Government of Ontario , Gouvernement de l'Ontario
"Sep 1, 2026",1.0,38ddc983-1bf0-4bee-ad18-07dac8cfe884,c687a4ef-9f90-4a32-81f4-f6a07badb1c4,2021-01-27,2026-08-26,2026-08-26,Registered marriage officiants,Célébrants de mariage autorisés,Registered Marriage Officiants,Registered Marriage Officiants,Government of Ontario , Gouvernement de l'Ontario
"Sep 1, 2026",1.0,38ef4d26-b838-447b-b874-9233a0884cf0,No resource,2025-06-04,2025-06-04,2026-08-20,Commercial Refrigeration Equipment,Équipement de Réfrigération Commerciale,No resources covered,Aucune ressource couverte,Natural Resources Canada , Ressources naturelles Canada
"Sep 1, 2026",1.0,38f61b0c-160d-452c-a3cb-ab7ede8d7601,12937a17-1f57-4201-a241-be07703c6284,2022-11-30,2023-01-17,2023-01-17,"Commuting destination by main mode of commuting, age and gender: Canada, provinces and territories, census divisions and census subdivisions","Destination du navettage selon le principal mode de transport pour la navette, l'âge et le genre : Canada, provinces et territoires, divisions de recensement et subdivisions de recensement",Dataset,Ensembles de données,Statistics Canada , Statistique Canada
"Sep 1, 2026",1.0,39194018-abf3-45fd-9310-2acac0f64fa2,No resource,2024-03-21,2024-03-21,2026-08-10,Collaborative Process on the Second-Generation Cut-off and Section 10 Voting Thresholds: Community Specific Data Sheets,Processus de collaboration sur l’exclusion après la deuxième génération et les seuils de vote en vertu de l’article 10: Fiches de données spécifiques aux communautés,No resources covered,Aucune ressource couverte,Indigenous Services Canada , Services aux Autochtones Canada
"Sep 1, 2026",1.0,39a58c58-aafd-40dc-97d7-9e4cb907b4c6,921f3566-6629-4a76-8e0e-259552530f57,2016-10-27,2018-08-23,2026-01-08,Federal Child Support Tables – New Brunswick,Tables fédérales de pensions alimentaires pour enfants – Nouveau-Brunswick,2011 Federal Child Support Tables: 1 to 4 children,2011 Pensions alimentaires pour enfants: un à quatre enfant(s),Department of Justice Canada , Ministère de la Justice Canada
"Sep 1, 2026",1.0,39aec434-74a6-5ea4-8b9b-707966e1aa3e,0c689c0e-dbf5-4bce-9c37-c03140004f35,2016-09-24,2017-01-26,2017-01-26,Latitude and Longitude of Canada,Latitude et longitude du Canada,Download Bilingual PDF through HTTP,Télécharger le fichier en format bilingue PDF via HTTP,Natural Resources Canada , Ressources naturelles Canada
"Sep 1, 2026",1.0,39f7a8e3-8df1-4440-9873-3d36344b6bf7,a010c052-f609-421e-857a-74c3c99d600c,2017-06-07,2017-06-07,2026-01-12,"Audit of Travel, Hospitality, Conference and Event Expenditures","Audit des dépenses de voyages, d'accueil, de conférences et d'événements","Audit of Travel, Hospitality, Conference and Event Expenditures","Audit des dépenses de voyages, d'accueil, de conférences et d'événements",Canadian Space Agency , Agence spatiale canadienne
"Sep 1, 2026",1.0,3a1eb6ef-6054-4f9d-b1f6-c30322cd7abf,No resource,2016-09-26,2016-09-26,2021-05-19,Airports,Aéroports,No resources covered,Aucune ressource couverte,Transport Canada , Transports Canada
"Sep 1, 2026",1.0,3a277f42-00f4-4b39-8343-364108825661,1768b789-645c-4ffb-8bc3-fc7316d09585,2022-03-29,2026-05-27,2026-05-27,Historic bathymetry maps,Cartes bathymétriques historiques,Bathymetry Package Map (extracted from geohub),Carte du package bathymétrique (extraite de geohub),Government of Ontario , Gouvernement de l'Ontario
"Sep 1, 2026",38.0,3aba681a-7883-45cf-8f66-7117d4bb15b5,No resource,2025-02-21,2025-02-21,2026-08-31,Quarterly Financial Reports - Ingenium,Rapports financier trimestriel - Ingenium,No resources covered,Aucune ressource couverte,Canada Science and Technology Museum , Musée des sciences et de la technologie du Canada
"Sep 1, 2026",1.0,3ac0d080-6149-499a-8b06-7ce5f00ec56c,8736cd7e-9bf9-4a45-9eee-a6cb3c43c07e,2018-08-03,2024-09-26,2026-09-01,GC Service Inventory,Répertoire de services du GC,Service Standards & Performance Results (2024),Normes relatives aux services et résultats de rendement (pour 2024),Treasury Board of Canada Secretariat , Secrétariat du Conseil du Trésor du Canada
"Sep 1, 2026",1.0,3b070a33-c13e-4a1f-a5ce-63e3a4d616bc,6b888ac4-7120-46e2-9365-68ff1d3ed8d9,2021-03-19,2021-03-19,2025-03-07,Historical and current Canadian Armed Forces pay scale adjustments for Class A & Class B Non-Commissioned Members,Rajustements historiques et actuels de l'échelle salariale des Forces armées canadiennes pour les militaires du rang de classe A et de classe B ,Historical and current Canadian Armed Forces pay scale adjustments for Class A & Class B Non-Commissioned Members,Rajustements historiques et actuels de l'échelle salariale des Forces armées canadiennes pour les militaires du rang de classe A et de classe B ,National Defence , Défense nationale
"Sep 1, 2026",1.0,3b070a33-c13e-4a1f-a5ce-63e3a4d616bc,No resource,2021-03-19,2021-03-19,2025-10-27,Historical and current Canadian Armed Forces pay scale adjustments for Class A & Class B Non-Commissioned Members,Rajustements historiques et actuels de l'échelle salariale des Forces armées canadiennes pour les militaires du rang de classe A et de classe B ,No resources covered,Aucune ressource couverte,National Defence , Défense nationale
"Sep 1, 2026",1.0,3bda8899-279a-46fc-9ad9-8dee68d05def,No resource,2020-09-11,2020-09-11,2026-05-27,List of suppliers,Liste des fournisseurs,No resources covered,Aucune ressource couverte,Government and Municipalities of Québec , Gouvernement et municipalités du Québec
"Sep 1, 2026",1.0,3bda8899-279a-46fc-9ad9-8dee68d05def,e163ddd6-c924-4abf-bfb7-1588648a6b77,2020-09-11,2026-05-27,2026-05-27,List of suppliers,Liste des fournisseurs,Supplier categories,Catégories des fournisseurs,Government and Municipalities of Québec , Gouvernement et municipalités du Québec
"Sep 1, 2026",2.0,3cafbe89-c98b-4b44-88f1-594e8d28838d,901aa72c-e506-3fbd-8213-880d057e0cb3,2016-09-24,2025-02-10,2026-08-24,Industry sea lice counts at BC marine finfish aquaculture sites,Le dénombrement des poux du poisson par l'industrie aux sites d'aquaculture de poissons marins de la C.-B.,Data - Industry sea lice counts - English,Données - Comptage des poux de mer dans l'industrie - Anglais,Fisheries and Oceans Canada , Pêches et Océans Canada
"Sep 1, 2026",2.0,3d282116-e556-400c-9306-ca1a3cada77f,No resource,2017-03-29,2017-03-29,2024-12-18,National Road Network - NRN - GeoBase Series,Réseau routier national - RRN - Série GéoBase,No resources covered,Aucune ressource couverte,Statistics Canada , Statistique Canada
"Sep 1, 2026",1.0,3d282116-e556-400c-9306-ca1a3cada77f,ae18b505-205b-4095-9879-0f6acbf1ad0c,2017-03-29,2024-12-18,2024-12-18,National Road Network - NRN - GeoBase Series,Réseau routier national - RRN - Série GéoBase,NRN Alberta SHAPE,RRN Alberta SHAPE,Statistics Canada , Statistique Canada
"Sep 1, 2026",3.0,3e4efd44-7a00-46d1-9c7c-171028a01066,8c13971e-1175-4e52-80f2-e41de48e9cf7,2018-06-27,2026-06-17,2026-06-17,Inventory of Major Alberta Projects,Inventaire des principaux projets de l'Alberta,Inventory of Major Alberta Projects,Inventaire des principaux projets de l'Alberta,Government of Alberta , Gouvernement de l'Alberta
"Sep 1, 2026",1.0,3e4efd44-7a00-46d1-9c7c-171028a01066,No resource,2018-06-27,2018-06-27,2026-06-17,Inventory of Major Alberta Projects,Inventaire des principaux projets de l'Alberta,No resources covered,Aucune ressource couverte,Government of Alberta , Gouvernement de l'Alberta
"Sep 1, 2026",1.0,3e6697eb-b1e3-414e-9754-3781cdb5e43d,No resource,2018-06-27,2018-06-27,2026-08-24,"Cattle and calves, farm and meat production","Bovins et veaux, production dans les fermes et production de viande",No resources covered,Aucune ressource couverte,Statistics Canada , Statistique Canada
"Sep 1, 2026",4.0,3e8a4d9f-9a12-4498-9a0b-a5c81d3281b4,No resource,2024-12-17,2024-12-17,2026-05-29,2021 List of charities,Liste des organismes de bienfaisance 2021,No resources covered,Aucune ressource couverte,Canada Revenue Agency , Agence du revenu du Canada
"Sep 1, 2026",2.0,3e926919-a365-4a7d-b345-4822f8afa97e,No resource,2023-11-08,2023-11-08,2023-11-08,"Land inputs, manure and irrigation, Census of Agriculture, 2021","Produits appliqués sur les terres, fumier et irrigation, Recensement de l’agriculture, 2021",No resources covered,Aucune ressource couverte,Statistics Canada , Statistique Canada
"Sep 1, 2026",1.0,3eac04b7-b790-4b90-a6b0-a088f44f76d7,No resource,2021-03-31,2021-03-31,2026-04-09,Details of Respendable Amounts as per the Public Accounts of Canada ,Détails des montants disponibles pour être dépensés selon les Comptes publics du Canada,No resources covered,Aucune ressource couverte,Public Services and Procurement Canada , Services publics et Approvisionnement Canada
"Sep 1, 2026",7.0,3f4ca79b-fcae-5fd6-909a-da95eb454ca5,No resource,2016-09-24,2016-09-24,2022-02-22,Tactile Maps of Canada-Maps For Mobility-City Downtown Maps-Old Montréal,Cartes tactiles du Canada-Les Cartes Pour La Mobilité-Cartes de centres-villes-Vieux-Montréal,No resources covered,Aucune ressource couverte,Natural Resources Canada , Ressources naturelles Canada
"Sep 1, 2026",1.0,3f718801-099d-4037-bb0a-1d41ba8aca8b,be8fb51a-5aa1-4fc5-9bb3-40aee274bd33,2018-01-10,2018-01-10,2026-07-20,Canada Small Business Financing Program (CSBFP),Programme de financement des petites entreprises du Canada (PFPEC),A Summary of Financial Activities per fiscal year ,Résumé des activités financières par exercice,"Innovation, Science and Economic Development Canada "," Innovation, Sciences et Développement économique Canada"
"Sep 1, 2026",1.0,3fe41e48-850e-4df2-81db-9df16d3c56a5,51e8f1c1-7f2b-4245-900a-2304342410c0,2021-05-13,2022-12-14,2026-08-12,Federal Student Work Experience Program (FSWEP) Requests for Referrals submitted by hiring departments,Demandes de présentation du Programme fédéral d’expérience de travail étudiant (PTETÉ) par les ministères d’embauche,FSWEP Requests for Referrals as of 2026-08-07,Demandes de présentation du PFETE à partir de 2026-08-07,Public Service Commission of Canada , Commission de la fonction publique du Canada
"Sep 1, 2026",1.0,3ff1e1de-d665-4398-a12a-e8ce55f887ac,No resource,2022-04-06,2022-04-06,2026-05-20,Gasoline report - Canadian gasoline prices,Rapport sur l’essence — prix de l'essence au Canada,No resources covered,Aucune ressource couverte,Government of Ontario , Gouvernement de l'Ontario
"Sep 1, 2026",1.0,4018f5bb-9d85-52c1-b326-27d73d634076,91666123-a461-467b-93d0-b3daa9a08dee,2016-09-24,2017-01-26,2017-01-26,Maritime Provinces,Provinces maritimes,Download Bilingual PDF through HTTP,Télécharger le fichier en format bilingue PDF via HTTP,Natural Resources Canada , Ressources naturelles Canada
"Sep 1, 2026",2.0,402358f9-2808-44f7-99b3-58f6f5f95b1f,d119a4e7-4db4-4463-9976-e1c76f56f569,2017-02-06,2017-02-06,2025-05-12,Investigation Statistics for the Canadian Armed Forces,Statistiques relatives aux enquêtes au sein des forces armées canadiennes,Investigation Statistics for the Canadian Armed Forces,Statistiques relatives aux enquêtes au sein des Forces armées canadiennes,National Defence , Défense nationale
"Sep 1, 2026",1.0,40e01423-7728-429c-ac9d-2954385ccdfb,2eb27061-d365-4219-ae27-07711eb73a2b,2016-09-24,2026-05-01,2026-05-01,"Bulk data files for all years – releases, disposals, transfers and facility locations","Fichiers de données normalisées pour toutes les années – Rejets, éliminations, transferts et emplacement des installations",NPRI-INRP_DisposalsEliminations_1993-present.csv,NPRI-INRP_DisposalsEliminations_1993-present.csv,Environment and Climate Change Canada , Environnement et Changement climatique Canada
"Sep 1, 2026",1.0,40e01423-7728-429c-ac9d-2954385ccdfb,4c2ccdfb-cb4d-463b-b074-8b2b02d3b17a,2016-09-24,2026-05-01,2026-05-01,"Bulk data files for all years – releases, disposals, transfers and facility locations","Fichiers de données normalisées pour toutes les années – Rejets, éliminations, transferts et emplacement des installations",NPRI-INRP_GeolocationsGeolocalisation_1993-present.csv,NPRI-INRP_GeolocationsGeolocalisation_1993-present.csv,Environment and Climate Change Canada , Environnement et Changement climatique Canada
"Sep 1, 2026",4.0,40e01423-7728-429c-ac9d-2954385ccdfb,7cd6f2c4-8db5-4b96-9d3a-b3c5bec44ca1,2016-09-24,2026-05-01,2026-05-01,"Bulk data files for all years – releases, disposals, transfers and facility locations","Fichiers de données normalisées pour toutes les années – Rejets, éliminations, transferts et emplacement des installations",NPRI-INRP_ReleasesRejets_1993-present.csv,NPRI-INRP_ReleasesRejets_1993-present.csv,Environment and Climate Change Canada , Environnement et Changement climatique Canada
"Sep 1, 2026",1.0,40e01423-7728-429c-ac9d-2954385ccdfb,No resource,2016-09-24,2016-09-24,2026-05-01,"Bulk data files for all years – releases, disposals, transfers and facility locations","Fichiers de données normalisées pour toutes les années – Rejets, éliminations, transferts et emplacement des installations",No resources covered,Aucune ressource couverte,Environment and Climate Change Canada , Environnement et Changement climatique Canada
"Sep 1, 2026",1.0,411a40af-14b0-4d66-a36a-15e8cb0563dd,b616e8d5-e12c-466f-aae8-0601a56b0fe0,2023-04-13,2026-04-17,2026-04-17,Student Loan Default Rates at B.C. Public Post-Secondary Institutions,Translation of Student Loan Default Rates at B.C. Public Post-Secondary Institutions,Student_Loan_Default_Rates_at_BC_Public_Post_Secondary_Institutions.csv,Translation of Student_Loan_Default_Rates_at_BC_Public_Post_Secondary_Institutions.csv,Government of British Columbia , Gouvernment de la Colombie-Britannique
"Sep 1, 2026",1.0,414f83f2-cb97-41b0-b0c0-d543b158daad,No resource,2018-06-21,2018-06-21,2024-11-21,Post testing of the 2010-2012 Apprenticeship Grants Campaign,Postenquête de la campagne 2010-2012 sur les subventions aux apprentis,No resources covered,Aucune ressource couverte,Employment and Social Development Canada , Emploi et Développement social Canada
"Sep 1, 2026",3.0,4188dacc-07c5-f72c-cfb1-cd505fcd4eb4,36f1efde-12a5-4980-bc53-3e1e4db4cfe8,2024-04-17,2026-01-28,2026-01-28,Pipelines,Pipelines,Pipelines (CSV Excel),Pipelines (CSV Excel),Government of New Brunswick , Gouvernement du Nouveau-Brunswick
"Sep 1, 2026",2.0,4188dacc-07c5-f72c-cfb1-cd505fcd4eb4,ee15dbf5-25ac-4ed4-9923-d037af435a13,2024-04-17,2026-01-28,2026-01-28,Pipelines,Pipelines,Pipelines (CSV),Pipelines (CSV),Government of New Brunswick , Gouvernement du Nouveau-Brunswick
"Sep 1, 2026",1.0,4188dacc-07c5-f72c-cfb1-cd505fcd4eb4,f8f770ca-7105-42fc-8a10-6cbbd4f8d988,2024-04-17,2026-01-28,2026-01-28,Pipelines,Pipelines,Pipelines (CSV Excel (EU)),Pipelines (CSV Excel (EU)),Government of New Brunswick , Gouvernement du Nouveau-Brunswick
"Sep 1, 2026",1.0,42505498-ce5a-4b87-8505-6a606ddf4229,No resource,2025-08-20,2025-08-20,2026-08-26,ORTHOPHOTOGRAPHS — MAURICIE REGION,ORTHOPHOTOGRAPHIES – RÉGION DE LA MAURICIE,No resources covered,Aucune ressource couverte,Government and Municipalities of Québec , Gouvernement et municipalités du Québec
"Sep 1, 2026",3.0,42505498-ce5a-4b87-8505-6a606ddf4229,bcbe4537-dc0b-42ae-a26f-3e02ec5df3a9,2025-08-20,2026-08-26,2026-08-26,ORTHOPHOTOGRAPHS — MAURICIE REGION,ORTHOPHOTOGRAPHIES – RÉGION DE LA MAURICIE,Mosaic of aerial orthophotographs,Mosaïque d’orthophotographies aériennes,Government and Municipalities of Québec , Gouvernement et municipalités du Québec
"Sep 1, 2026",1.0,428fc380-dff4-4bf7-913d-3d719ecdff00,de6fb2b7-069f-42d0-ad00-7e6e8a782540,2020-09-11,2026-05-27,2026-05-27,MAC: data on works in the collection that are in the public domain (with images),MAC : données sur les œuvres de la collection relevant du domaine public (avec images),Public domain works (with images),Œuvres du domaine public (avec images),Government and Municipalities of Québec , Gouvernement et municipalités du Québec
"Sep 1, 2026",2.0,42986a95-be23-436e-af15-7c6bf292a2e1,167cec08-777a-4b29-a3a7-eda79f799bae,2022-01-19,2024-05-29,2025-12-19,Statistics on the Incentives for Zero-Emission  Vehicles (iZEV) Program - ***Closed: Incentives for Zero-Emission Vehicles (iZEV)***,Statistiques sur le programme d’Incitatifs pour les véhicules à zéro émission (iVZE) - ***Fermé: Incitatifs pour les véhicules zéro émission (iVZE)***,Statistics on the Incentives for Zero-Emission Vehicles (iZEV) Program FY2024-25,Statistiques sur le programme d’Incitatifs pour les véhicules à zéro émission (iVZE) FY2024-25,Transport Canada , Transports Canada
"Sep 1, 2026",1.0,42986a95-be23-436e-af15-7c6bf292a2e1,No resource,2022-01-19,2022-01-19,2026-02-10,Statistics on the Incentives for Zero-Emission  Vehicles (iZEV) Program - ***Closed: Incentives for Zero-Emission Vehicles (iZEV)***,Statistiques sur le programme d’Incitatifs pour les véhicules à zéro émission (iVZE) - ***Fermé: Incitatifs pour les véhicules zéro émission (iVZE)***,No resources covered,Aucune ressource couverte,Transport Canada , Transports Canada
"Sep 1, 2026",2.0,432527ab-7aac-45b5-81d6-7597107a7013,No resource,2017-02-20,2017-02-20,2026-09-01,Proactive Disclosure - Grants and Contributions,Divulgation des octrois de subventions et de contributions ,No resources covered,Aucune ressource couverte,Treasury Board of Canada Secretariat , Secrétariat du Conseil du Trésor du Canada
"Sep 1, 2026",1.0,4382d531-04ed-46b7-a10b-35df6fe36d56,No resource,2025-06-04,2025-06-04,2026-08-20,Electronic Products,Matériels électroniques,No resources covered,Aucune ressource couverte,Natural Resources Canada , Ressources naturelles Canada
"Sep 1, 2026",1.0,43a63c4f-b08e-4c53-99bb-20b90b83c6c0,146a4cb1-4b63-4130-91e7-3814a04b302e,2019-04-30,2019-04-30,2026-08-17,Canadian Film or Video Production Tax Credit Program (CPTC) - Certified Productions,Crédit d'impôt pour production cinématographique ou magnétoscopique canadienne (CIPC) - Productions certifiées,List of Certified Productions 1995-2010,Liste des productions certifiées 1995-2010,Canadian Heritage , Patrimoine canadien
"Sep 1, 2026",2.0,43a63c4f-b08e-4c53-99bb-20b90b83c6c0,21254102-1c5b-42ff-96d2-fcb0ff447186,2019-04-30,2026-08-17,2026-08-17,Canadian Film or Video Production Tax Credit Program (CPTC) - Certified Productions,Crédit d'impôt pour production cinématographique ou magnétoscopique canadienne (CIPC) - Productions certifiées, List of certified productions since 2010 - updated 2026-07-13,Liste des productions certifiées depuis 2010 – mise à jour 2026-07-13,Canadian Heritage , Patrimoine canadien
"Sep 1, 2026",1.0,43bb00a3-9b50-4db1-a8f5-a39b19987f90,70e711af-afcf-42fb-8cb6-44b7e713a473,2025-09-17,2026-08-26,2026-08-26,Water Obstacles Line - 50k - Canvec,Ligne d'obstacles aquatiques - 50 m - Canvec,XML metadata,Métadonnées XML,Government of Yukon , Gouvernement du Yukon
"Sep 1, 2026",1.0,4444b25a-cd38-46b8-bfb8-15e5d28ba4e7,0c2244d9-287e-49f4-a006-82d3de25df6c,2016-09-24,2026-03-09,2026-08-10,Insolvency Statistics in Canada,Statistiques sur l'insolvabilité au Canada ,2026 Insolvency Statistics in Canada,2026 Statistiques sur l'insolvabilité au Canada,"Innovation, Science and Economic Development Canada "," Innovation, Sciences et Développement économique Canada"
"Sep 1, 2026",1.0,4444b25a-cd38-46b8-bfb8-15e5d28ba4e7,No resource,2016-09-24,2016-09-24,2026-08-10,Insolvency Statistics in Canada,Statistiques sur l'insolvabilité au Canada ,No resources covered,Aucune ressource couverte,"Innovation, Science and Economic Development Canada "," Innovation, Sciences et Développement économique Canada"
"Sep 1, 2026",1.0,4446f7b8-9f1e-4b2a-a3ee-31f3fabe6e3d,No resource,2023-04-05,2023-04-05,2026-07-01,Municipal codes,Codes municipaux,No resources covered,Aucune ressource couverte,Government of Alberta , Gouvernement de l'Alberta
"Sep 1, 2026",1.0,44a11d09-3f0b-418a-98dd-20a74f1ae32e,b09776bf-e5c7-4284-a758-f1df52d8f7fb,2025-08-13,2026-04-17,2026-04-17,"Alberta population projections, 2025-2051 - Alberta and sub-regions - data tables","Translation of Alberta population projections, 2025-2051 - Alberta and sub-regions - data tables","Alberta population projections 2025-2051 - school authorities, public","Translation of Alberta population projections 2025-2051 - school authorities, public",Government of Alberta , Gouvernement de l'Alberta
"Sep 1, 2026",1.0,44c6bf5b-8532-4336-83ed-d64d9dbaaa14,No resource,2019-06-07,2019-06-07,2026-08-14,"Architectural, engineering and related services price index, quarterly","Indice des prix des services d'architecture, de génie et de services connexes, trimestriel",No resources covered,Aucune ressource couverte,Statistics Canada , Statistique Canada
"Sep 1, 2026",1.0,44e83031-ac0f-4789-82b7-47c6a5793415,a7a2864e-92a7-4f4b-a198-c1dc794aa3c4,2023-11-28,2024-02-15,2024-02-15,Active Disposal at Sea Sites,Sites d’immersion en mer actifs,Active_Disposal_at_Sea_Sites__Sites_d_immersion_en_mer_actifs.kmz,Active_Disposal_at_Sea_Sites__Sites_d_immersion_en_mer_actifs.kmz,Environment and Climate Change Canada , Environnement et Changement climatique Canada
"Sep 1, 2026",1.0,44ff66e7-f9b6-4703-a18b-2cff40444b28,No resource,2020-06-05,2020-06-05,2026-01-28,Guide Outfitter Areas,Guidez les zones de pourvoirie,No resources covered,Aucune ressource couverte,Government of British Columbia , Gouvernment de la Colombie-Britannique
"Sep 1, 2026",1.0,45104589-ec39-4240-898f-2c11f28bd513,4e37cea2-4c58-4c4a-ad96-a7ec3a97d7ce,2022-08-26,2022-08-26,2025-05-06,CLOUD: Canadian Longterm Outdoor Unmanned Aerial Vehicule Dataset (UAV),CLOUD : Jeu de données extérieures Canadiennes à long terme recueillies par un Véhicule aérien sans pilote ,CLOUD: Canadian Longterm Outdoor Unmanned Aerial Vehicule Data,CLOUD : Jeu de données extérieures Canadiennes à long terme recueillies par un Véhicule aérien sans pilote ,National Defence , Défense nationale
"Sep 1, 2026",2.0,45711667-7878-4d86-8b5e-d0be5997dd16,No resource,2023-04-13,2023-04-13,2026-08-12,Compulsory Inspection Data 1900 to 2023-24,Données d'inspection obligatoire 1900 à 2023-24,No resources covered,Aucune ressource couverte,Government of British Columbia , Gouvernment de la Colombie-Britannique
"Sep 1, 2026",1.0,45a00be0-d572-4e42-be18-1bbaaf6c85ee,378d652b-76c2-434a-88ec-60b28be86895,2024-12-11,2026-08-26,2026-08-26,Building Permits (BPER),Permis de construire (BPER),Building Permits Monthly Data (XLSX),Données mensuelles sur les permis de construire (XLSX),Government of British Columbia , Gouvernment de la Colombie-Britannique
"Sep 1, 2026",1.0,45a00be0-d572-4e42-be18-1bbaaf6c85ee,No resource,2024-12-11,2024-12-11,2026-08-26,Building Permits (BPER),Permis de construire (BPER),No resources covered,Aucune ressource couverte,Government of British Columbia , Gouvernment de la Colombie-Britannique
"Sep 1, 2026",3.0,45a18ab6-9e72-40ba-afcf-833ca25c3495,No resource,2023-09-14,2023-09-14,2026-05-27,Forest Resources Inventory leaf-on LiDAR,Inventaire des ressources forestières – Données LiDAR « avec feuilles »,No resources covered,Aucune ressource couverte,Government of Ontario , Gouvernement de l'Ontario
"Sep 1, 2026",1.0,4610968d-dff2-4449-8cf7-fdbc0fc3d279,No resource,2025-05-13,2025-05-13,2026-06-22,RCMP Public Participation Toolkit,La trousse à outils de participation de la GRC,No resources covered,Aucune ressource couverte,Royal Canadian Mounted Police , Gendarmerie royale du Canada
"Sep 1, 2026",4.0,46db053b-6f9a-5fdd-bafe-a0ce81f2f709,No resource,2016-09-24,2016-09-24,2022-02-22,Tactile Maps of Canada-Maps For Mobility-City Downtown Maps-Montréal-Concordia,Cartes tactiles du Canada-Les Cartes Pour La Mobilité-Cartes de centres-villes-Montréal-Concordia,No resources covered,Aucune ressource couverte,Natural Resources Canada , Ressources naturelles Canada
"Sep 1, 2026",1.0,4749cd1c-78f3-45d3-94d1-736e8af41bd4,e5c8d748-0e7b-4f46-891f-93abcd02e60d,2019-12-05,2019-12-05,2019-12-05,Canada Child Benefit Statistics – 2018-2019 Benefit Year Edition (for the 2017 tax year),Statistiques sur l’Allocation canadienne pour enfants – année de prestation 2018-2019 (année d’imposition 2017),Table 1: CCB Recipients and Payments by Province or Territory and Net Family Income,"Tableau 1 : Bénéficiaires et paiements de l'ACE par province et territoire, et revenu familial net",Canada Revenue Agency , Agence du revenu du Canada
"Sep 1, 2026",1.0,47caa405-be2b-4e9e-8f53-c478ade2ca74,a8d2eda9-1280-4f4b-b812-d6170216f410,2017-02-17,2026-08-04,2026-08-04,Critical Habitat for Species at Risk National Dataset - Canada,Ensemble de données nationales sur l'habitat essentiel des espèces en péril – Canada,Critical Habitat,Habitat essentiel,Environment and Climate Change Canada , Environnement et Changement climatique Canada
"Sep 1, 2026",1.0,481d6d4d-a536-4df9-9e9c-7473cd2ed89e,84f6cb7b-e0c8-4618-be17-c3385d60bf72,2024-05-22,2026-01-28,2026-01-28,BC Hydrologic Zones,Zones hydrologiques de la Colombie-Britannique,BC Hydrologic Zones,Zones hydrologiques de la Colombie-Britannique,Government of British Columbia , Gouvernment de la Colombie-Britannique
"Sep 1, 2026",1.0,48db61ab-7266-4aa5-8c8e-7df1f259ef8c,885ae27d-6000-4e7f-a7e6-b6fa69e69dbf,2023-03-29,2023-03-29,2023-03-29,Commuting flow from geography of residence to geography of work by gender: Census divisions,Navettage à partir de la géographie du lieu de résidence à la géographie du lieu de travail selon le genre : Divisions de recensement,Dataset,Ensembles de données,Statistics Canada , Statistique Canada
"Sep 1, 2026",6.0,49362e40-ae80-58cb-ab3b-ac3366549758,No resource,2016-09-24,2016-09-24,2022-02-22,Tactile Maps of Canada-Maps for Education-The Thematic Tactile Atlas of Canada-Vegetation,Cartes tactiles du Canada-Cartes éducatives-L'Atlas tactile thématique du Canada-Végétation,No resources covered,Aucune ressource couverte,Natural Resources Canada , Ressources naturelles Canada
"Sep 1, 2026",1.0,496ff9b7-b7d1-5b90-95ae-8aafb1af90ec,b339fc9d-95b3-4576-9988-f7bc70f218b4,2016-09-24,2017-01-26,2017-01-26,Groundwater observation wells,Puits d'observation des eaux souterraines,Download English PDF through HTTP,Télécharger le fichier en format Anglais PDF via HTTP,Natural Resources Canada , Ressources naturelles Canada
"Sep 1, 2026",1.0,498a6086-e7c3-440c-b4d3-22fc6c5599a9,46184133-0dc9-47b4-a6c5-174326d0dc48,2020-11-27,2026-03-25,2026-03-25,Federal Crown Land,Terre de la Couronne fédérale,Complete File Geodatabase (extracted from geohub),Géodatabase de fichiers complète (extraite de geohub),Government of Ontario , Gouvernement de l'Ontario
"Sep 1, 2026",1.0,498a6086-e7c3-440c-b4d3-22fc6c5599a9,8f2ad233-0438-4a24-8a90-56ebc01fc371,2020-11-27,2026-03-25,2026-03-25,Federal Crown Land,Terre de la Couronne fédérale,Complete Shapefile (extracted from geohub),Shapefile complet (extrait de geohub),Government of Ontario , Gouvernement de l'Ontario
"Sep 1, 2026",1.0,49d5ba7d-d860-40d9-9183-892979e4acbe,No resource,2020-02-28,2020-02-28,2026-07-21,Federal Heritage Designations,Désignations patrimoniales fédérales,No resources covered,Aucune ressource couverte,Parks Canada , Parcs Canada
"Sep 1, 2026",1.0,49ea6767-d343-311e-de84-b1390cef5c7b,No resource,2022-05-03,2022-05-03,2026-04-17,Average Daily Counts at Adult and Youth Correctional Facilities,Translation of Average Daily Counts at Adult and Youth Correctional Facilities,No resources covered,Aucune ressource couverte,Government of Nova Scotia , Gouvernment de la Nouvelle-Écosse
"Sep 1, 2026",1.0,49edb1d7-5cb4-4fa7-897c-515d1aad5da3,No resource,2018-11-08,2018-11-08,2026-08-21,CIHR Grants and Awards,IRSC subventions et bourses,No resources covered,Aucune ressource couverte,Canadian Institutes of Health Research , Instituts de recherche en santé du Canada
"Sep 1, 2026",1.0,49edb1d7-5cb4-4fa7-897c-515d1aad5da3,c7b21862-428e-4107-aa32-0b4a41d368cf,2018-11-08,2025-08-06,2026-08-21,CIHR Grants and Awards,IRSC subventions et bourses,CIHR Investments 2025-26,Investissements IRSC 2025-26,Canadian Institutes of Health Research , Instituts de recherche en santé du Canada
"Sep 1, 2026",2.0,49f25051-3946-426e-a589-b7063f75bbd5,8aff45d5-d9aa-3355-8ec3-96db3d138115,2016-10-25,2025-05-14,2026-03-24,Sustainability Survey for Fisheries,Étude sur la durabilité des pêches,2023 Sustainability Survey For Fisheries,2023 Étude sur la durabilité des pêches,Fisheries and Oceans Canada , Pêches et Océans Canada
"Sep 1, 2026",1.0,4a888a96-3ad7-42e2-8206-31a36c8f679e,No resource,2025-09-17,2025-09-17,2026-08-26,"Summary of the Kudz Ze Kayah Project, Volcanic Hosted Massive Sulphide Deposit, Yukon Territory","Résumé du projet Kudz Ze Kayah, gisement de sulfure massif abrité par des volcans, Territoire du Yukon",No resources covered,Aucune ressource couverte,Government of Yukon , Gouvernement du Yukon
"Sep 1, 2026",2.0,4aabd7c6-9bc5-1b99-1fc9-6c1be83e7909,No resource,2022-04-14,2022-04-14,2025-09-24,Long-term Care and Residential Care Facilities,Établissements de soins de longue durée et de soins résidentiels,No resources covered,Aucune ressource couverte,Government of Nova Scotia , Gouvernment de la Nouvelle-Écosse
"Sep 1, 2026",2.0,4ac6fe07-6d1a-517c-8106-2408a718b859,fc70103f-6de8-4a3a-b508-d6ea46db7a40,2016-09-24,2017-01-26,2017-01-26,The 36th Parliament,Le 36e Parlement,Download English JPG through HTTP,Télécharger le fichier en format Anglais JPG via HTTP,Natural Resources Canada , Ressources naturelles Canada
"Sep 1, 2026",1.0,4ad6baea-4d2c-460f-a8bf-5d000db498f7,76f7b878-844f-4f08-a6cd-1195a3451303,2020-09-14,2026-08-26,2026-08-26,Property assessment units,Unités d'évaluation foncière,Geographical extract of property assessment units,Extrait géographique des unités d'évaluation foncière,Government and Municipalities of Québec , Gouvernement et municipalités du Québec
"Sep 1, 2026",1.0,4add5f7d-ec19-411a-aa00-4289f40521a9,No resource,2021-04-13,2021-04-13,2026-05-27,Net farm income,Revenu agricole net,No resources covered,Aucune ressource couverte,Statistics Canada , Statistique Canada
"Sep 1, 2026",1.0,4b2b3e81-4740-42de-923f-963f551b2d64,df82d7d1-416b-45f1-ae94-1bb89a9260e9,2023-11-01,2026-06-24,2026-06-24,Approved Functional Assessment Centres for drivers,Centres agréés d’évaluation des capacités fonctionnelles pour les conducteurs,Approved Functional Assessment Centres for drivers,Centres agréés d’évaluation des capacités fonctionnelles pour les conducteurs,Government of Ontario , Gouvernement de l'Ontario
"Sep 1, 2026",4.0,4bb5747f-cd21-488b-b1e5-139db0f4c2cb,48d313c6-029c-40eb-ad10-02db10a528ca,2024-10-16,2024-10-16,2025-04-01,Imports and exports of poultry and red meat,Importations et exportations de produits de la volaille et la viande rouge,Meat Imports Exports,Importations et exportations de la viande,Agriculture and Agri-Food Canada , Agriculture et Agroalimentaire Canada
"Sep 1, 2026",2.0,4bb5747f-cd21-488b-b1e5-139db0f4c2cb,No resource,2024-10-16,2024-10-16,2025-04-01,Imports and exports of poultry and red meat,Importations et exportations de produits de la volaille et la viande rouge,No resources covered,Aucune ressource couverte,Agriculture and Agri-Food Canada , Agriculture et Agroalimentaire Canada
"Sep 1, 2026",1.0,4bb5747f-cd21-488b-b1e5-139db0f4c2cb,e2c78af7-83e6-4e15-a830-a7a31bd7c212,2024-10-16,2024-10-16,2024-10-18,Imports and exports of poultry and red meat,Importations et exportations de produits de la volaille et la viande rouge,Meat Imports Exports,Importations et exportations de la viande,Agriculture and Agri-Food Canada , Agriculture et Agroalimentaire Canada
"Sep 1, 2026",1.0,4c6c515f-7c44-4bb6-ab56-c5f79f75f705,0cf8a4bc-b20e-40a9-bc36-38219652edd2,2025-09-29,2025-09-29,2026-08-21,Property and casualty companies,Sociétés d'assurances multirisques,MI3 - Mortgage Insurers Core Financial Statement Return (Active),MI3 - Relevé des états financiers de base desassureurs hypothécaires (Actif),Office of the Superintendent of Financial Institutions Canada , Bureau du surintendant des institutions financières Canada
"Sep 1, 2026",1.0,4c6c515f-7c44-4bb6-ab56-c5f79f75f705,1d3afc80-6482-4b27-93e9-91127825232f,2025-09-29,2025-09-29,2026-08-21,Property and casualty companies,Sociétés d'assurances multirisques,PC2 - P&C Supervisory Quarterly Return (Active),PC2 - P&C Relevé de surveillance trimestriel (Actif),Office of the Superintendent of Financial Institutions Canada , Bureau du surintendant des institutions financières Canada
"Sep 1, 2026",1.0,4c6c515f-7c44-4bb6-ab56-c5f79f75f705,2658af9f-0676-4d61-8e49-fc8fa612bc69,2025-09-29,2025-09-29,2026-08-21,Property and casualty companies,Sociétés d'assurances multirisques,PC4 - P&C Minimum Capital Test and Branch Adequacy of Assets Test (Active),PC4 - Test du capital minimal et Test de suffisance de l'actif des succursales des sociétés d'assurance multirisque (Actif),Office of the Superintendent of Financial Institutions Canada , Bureau du surintendant des institutions financières Canada
"Sep 1, 2026",2.0,4c6c515f-7c44-4bb6-ab56-c5f79f75f705,No resource,2025-09-29,2025-09-29,2026-08-23,Property and casualty companies,Sociétés d'assurances multirisques,No resources covered,Aucune ressource couverte,Office of the Superintendent of Financial Institutions Canada , Bureau du surintendant des institutions financières Canada
"Sep 1, 2026",1.0,4c6c515f-7c44-4bb6-ab56-c5f79f75f705,c046ea03-a121-470d-bd23-20a4d7fd7b20,2025-09-29,2025-09-29,2026-08-21,Property and casualty companies,Sociétés d'assurances multirisques,PC3 - P&C Supervisory Annual Return (Active),PC3 - P&C Relevé de surveillance annuel (Actif),Office of the Superintendent of Financial Institutions Canada , Bureau du surintendant des institutions financières Canada
"Sep 1, 2026",1.0,4c9f59d6-667f-8285-a75d-25ac73d61e9b,No resource,2024-12-17,2024-12-17,2024-12-17,"Geological map of Canada, 1:5 000 000","Carte géologique du Canada, 1:5 000000",No resources covered,Aucune ressource couverte,Natural Resources Canada , Ressources naturelles Canada
"Sep 1, 2026",1.0,4cc207cc-ff03-44f8-8c5f-415af5224646,No resource,2020-06-05,2020-06-05,2026-04-22,Child Care Map Data,Données cartographiques sur la garde d'enfants,No resources covered,Aucune ressource couverte,Government of British Columbia , Gouvernment de la Colombie-Britannique
"Sep 1, 2026",4.0,4cedd37e-0023-41fe-8eff-bea45385e469,No resource,2017-04-07,2017-04-07,2022-02-26,Earthquakes in Canada,Tremblements de terre au Canada,No resources covered,Aucune ressource couverte,Natural Resources Canada , Ressources naturelles Canada
"Sep 1, 2026",2.0,4cf233c2-f020-4f7a-9b87-1923252fbc24,d3df76e9-c0e5-46c2-85ac-6da15f93f024,2020-06-05,2026-01-28,2026-01-28,ParcelMap BC Parcel Fabric,Tissu ParcelMap BC Parcel,Parcel Fabric File Geodatabase (NAD83(CSRS) / BC Albers),Géodatabase de fichiers Parcel Fabric (NAD83 (CSRS)/BC Albers),Government of British Columbia , Gouvernment de la Colombie-Britannique
"Sep 1, 2026",1.0,4d39c9f9-a85c-4bf2-b920-138fdd423384,a5aff689-4537-4f5d-906b-b30e1143b0d9,2025-01-22,2025-09-15,2025-09-15,"Soil Landscape Grids of Canada, 100m","Grilles des pédopaysages du Canada, 100 m",Data Product Specification (English),Spécifications du produit (Anglais),Agriculture and Agri-Food Canada , Agriculture et Agroalimentaire Canada
"Sep 1, 2026",1.0,4d44d14e-e2e3-41c4-b3d0-56b49f5eb0a4,53ee4945-4fc4-4ce3-81ef-5c5e02a6d096,2018-06-27,2026-06-30,2026-06-30,"Canadian natural gas storage, Canada and provinces, monthly, inactive","Entreposage du gaz naturel canadien, Canada et provinces, mensuel, inactif",Dataset,Ensembles de données,Statistics Canada , Statistique Canada
"Sep 1, 2026",4.0,4d44d14e-e2e3-41c4-b3d0-56b49f5eb0a4,a82240cc-397f-4891-80c2-6b1bb6fe2943,2018-06-27,2026-06-30,2026-06-30,"Canadian natural gas storage, Canada and provinces, monthly, inactive","Entreposage du gaz naturel canadien, Canada et provinces, mensuel, inactif",Dataset,Ensembles de données,Statistics Canada , Statistique Canada
"Sep 1, 2026",2.0,4d9112b5-9ce4-479f-8675-cb8e4521c48f,No resource,2016-12-01,2016-12-01,2019-03-08,Exports of Canadian grain and wheat flour,Exportations de grain canadien et de farine de blé,No resources covered,Aucune ressource couverte,Canadian Grain Commission , Commission canadienne des grains
"Sep 1, 2026",1.0,4d9de3fb-b72c-5802-9392-165a39a369a4,No resource,2016-09-24,2016-09-24,2022-03-14,Terra Nova National Park,Parc national Terra Nova,No resources covered,Aucune ressource couverte,Natural Resources Canada , Ressources naturelles Canada
"Sep 1, 2026",1.0,4dab5b98-b97b-7ba7-9c23-b3eaf8e8d762,068745ec-8ba5-4191-83b7-2b8d7df88ae7,2022-05-03,2026-04-17,2026-04-17,Unclaimed Estate or Trust Funds Database,Translation of Unclaimed Estate or Trust Funds Database,Unclaimed Estate or Trust Funds Database (CSV),Translation of Unclaimed Estate or Trust Funds Database (CSV),Government of Nova Scotia , Gouvernment de la Nouvelle-Écosse
"Sep 1, 2026",2.0,4dab5b98-b97b-7ba7-9c23-b3eaf8e8d762,810f1522-aed7-4caf-9750-b76c1c098ab1,2022-05-03,2026-04-17,2026-04-17,Unclaimed Estate or Trust Funds Database,Translation of Unclaimed Estate or Trust Funds Database,Unclaimed Estate or Trust Funds Database (CSV Excel (EU)),Translation of Unclaimed Estate or Trust Funds Database (CSV Excel (EU)),Government of Nova Scotia , Gouvernment de la Nouvelle-Écosse
"Sep 1, 2026",4.0,4dab5b98-b97b-7ba7-9c23-b3eaf8e8d762,No resource,2022-05-03,2022-05-03,2026-04-17,Unclaimed Estate or Trust Funds Database,Translation of Unclaimed Estate or Trust Funds Database,No resources covered,Aucune ressource couverte,Government of Nova Scotia , Gouvernment de la Nouvelle-Écosse
"Sep 1, 2026",1.0,4dfed297-49ff-4c0d-9aa2-0572a95faf00,No resource,2016-09-24,2016-09-24,2022-02-24,Water File - Lakes and Rivers (polygons) - 2006 Census,Fichier hydrographique - Lacs et rivières (polygones) - Recensement de 2006,No resources covered,Aucune ressource couverte,Statistics Canada , Statistique Canada
"Sep 1, 2026",1.0,4e2415a6-6329-45d2-8e6d-95ca06a2cf7c,No resource,2025-09-17,2025-09-17,2026-08-26,Reprocessing of Yukon magnetic data for NTS 115O,Retraitement des données magnétiques du Yukon pour le NTS 115O,No resources covered,Aucune ressource couverte,Government of Yukon , Gouvernement du Yukon
"Sep 1, 2026",1.0,4e558a98-d9ab-49d2-a493-1a1c7f8bb0d1,No resource,2021-09-29,2021-09-29,2021-09-29,Non-Commercial Radio - Statistical and financial summaries 2016-2020,Radio Non Commerciale - Relevés Statistiques et Financiers 2016-2020,No resources covered,Aucune ressource couverte,Canadian Radio-television and Telecommunications Commission , Conseil de la radiodiffusion et des télécommunications canadiennes
"Sep 1, 2026",2.0,4e615eae-b90c-420b-adee-2ca35896caf6,No resource,2019-11-06,2019-11-06,2025-10-15,2015 Land Cover of Canada,Couverture des terres du Canada 2015,No resources covered,Aucune ressource couverte,Natural Resources Canada , Ressources naturelles Canada
"Sep 1, 2026",1.0,4e75337e-70d0-4ed7-92d1-3b85192ec6b1,No resource,2019-08-14,2019-08-14,2025-07-17,Business Benefits Finder,Outil de recherche d'aide aux entreprises,No resources covered,Aucune ressource couverte,"Innovation, Science and Economic Development Canada "," Innovation, Sciences et Développement économique Canada"
"Sep 1, 2026",2.0,4e75337e-70d0-4ed7-92d1-3b85192ec6b1,d07f854d-1cac-4f18-b4f4-5b3c4c7ffa21,2019-08-14,2025-07-17,2025-07-17,Business Benefits Finder,Outil de recherche d'aide aux entreprises,IC Programs and Services (2025 July),IC Programmes et services (2025 juillet),"Innovation, Science and Economic Development Canada "," Innovation, Sciences et Développement économique Canada"
"Sep 1, 2026",1.0,4e7bad54-07ba-5a95-8d6e-06dda1ae0644,No resource,2016-09-24,2016-09-24,2022-03-14,Aeronautical Charts,Cartes aéronautiques,No resources covered,Aucune ressource couverte,Natural Resources Canada , Ressources naturelles Canada
"Sep 1, 2026",1.0,4e7bad54-07ba-5a95-8d6e-06dda1ae0644,ba4dfe0f-2446-4b3e-8ea6-3e062f07ee03,2016-09-24,2017-01-26,2017-01-26,Aeronautical Charts,Cartes aéronautiques,Download the English JPG through HTTP,Télécharger le fichier en format JPG Anglais via HTTP,Natural Resources Canada , Ressources naturelles Canada
"Sep 1, 2026",1.0,4eb0d39b-6182-42d9-a2e0-96384d60d117,0ebe639f-29b4-47b5-8d73-d6d420e52e8e,2023-11-08,2023-11-08,2023-11-08,"Tillage and seeding practices, Census of Agriculture, 2021","Pratiques de travail du sol et d'ensemencement, Recensement de l’agriculture, 2021",Dataset,Ensembles de données,Statistics Canada , Statistique Canada
"Sep 1, 2026",1.0,4eb0d39b-6182-42d9-a2e0-96384d60d117,5bc3549c-f08a-4876-a237-93f06b09dc25,2023-11-08,2023-11-08,2023-11-08,"Tillage and seeding practices, Census of Agriculture, 2021","Pratiques de travail du sol et d'ensemencement, Recensement de l’agriculture, 2021",Dataset,Ensembles de données,Statistics Canada , Statistique Canada
"Sep 1, 2026",1.0,4eee1558-45b7-4484-9336-e692897d393f,21432a41-a8ba-4418-8699-30c61bf0283b,2017-08-25,2021-08-31,2025-12-12,Historical Transfer Tables: 1980 to present,Tableaux de transferts historiques : 1980 au présent,Associated Equalization,Péréquation associée,Department of Finance Canada , Ministère des Finances Canada
"Sep 1, 2026",1.0,4eee1558-45b7-4484-9336-e692897d393f,5455750e-a079-4bf8-828b-09e2337eb29b,2017-08-25,2021-08-31,2025-12-12,Historical Transfer Tables: 1980 to present,Tableaux de transferts historiques : 1980 au présent,Equalization Entitlements (1957-1980),Paiements de péréquation (1957-1980),Department of Finance Canada , Ministère des Finances Canada
"Sep 1, 2026",3.0,4eee1558-45b7-4484-9336-e692897d393f,5d329365-852c-4f5a-a3af-2d597fa3e0a4,2017-08-25,2021-01-14,2025-12-12,Historical Transfer Tables: 1980 to present,Tableaux de transferts historiques : 1980 au présent,MAJOR FEDERAL TRANSFERS TO PROVINCES AND TERRITORIES,PRINCIPAUX TRANSFERTS AUX PROVINCES ET AUX TERRITOIRES,Department of Finance Canada , Ministère des Finances Canada
"Sep 1, 2026",1.0,4eee1558-45b7-4484-9336-e692897d393f,a536d14b-c47c-4ce5-acd7-c8855352f3f5,2017-08-25,2021-08-31,2025-12-12,Historical Transfer Tables: 1980 to present,Tableaux de transferts historiques : 1980 au présent,Equalization Entitlements (1981-2023),Paiements de péréquation (1981-2023),Department of Finance Canada , Ministère des Finances Canada
"Sep 1, 2026",1.0,4eee1558-45b7-4484-9336-e692897d393f,bcd4035b-e4e4-4b51-868f-ca482e46ba76,2017-08-25,2021-08-31,2024-12-27,Historical Transfer Tables: 1980 to present,Tableaux de transferts historiques : 1980 au présent,Equalization Entitlements (1981-2023),Paiements de péréquation (1981-2023),Department of Finance Canada , Ministère des Finances Canada
"Sep 1, 2026",1.0,4f1c44a6-1ecf-4da7-a1da-058b1ff9ce06,7df029fe-f4bf-420b-8f9f-8cd7243327ee,2023-09-05,2023-09-05,2024-11-20,Canada's Food Guide Research Tools - Data and Resources,Outils de recherche basés sur le Guide alimentaire canadien - Données et ressources,Canadian Eating Practices Screener,Questionnaire court canadien sur les pratiques alimentaires,Health Canada , Santé Canada
"Sep 1, 2026",3.0,4f1c44a6-1ecf-4da7-a1da-058b1ff9ce06,9bfd4aed-acb6-45b3-842c-1f96fd679ba7,2023-09-05,2023-09-05,2024-11-20,Canada's Food Guide Research Tools - Data and Resources,Outils de recherche basés sur le Guide alimentaire canadien - Données et ressources,Canadian Food Intake Screener,Questionnaire court canadien sur les apports alimentaires,Health Canada , Santé Canada
"Sep 1, 2026",1.0,4f1c44a6-1ecf-4da7-a1da-058b1ff9ce06,a9f6c900-5cf6-44af-ac9b-0b8095e5ce68,2023-09-05,2023-09-05,2024-11-20,Canada's Food Guide Research Tools - Data and Resources,Outils de recherche basés sur le Guide alimentaire canadien - Données et ressources,"Canada's food guide research tools: description, use, evaluation","Outils de recherche basés sur le Guide alimentaire canadien: description, utilisation, évaluation",Health Canada , Santé Canada
"Sep 1, 2026",1.0,4f1c44a6-1ecf-4da7-a1da-058b1ff9ce06,bb586699-578a-4b90-9624-0c569a6ccc70,2023-09-05,2023-09-05,2024-11-20,Canada's Food Guide Research Tools - Data and Resources,Outils de recherche basés sur le Guide alimentaire canadien - Données et ressources,README for SAS code CFIS,LISEZMOI pour le code SAS CFIS,Health Canada , Santé Canada
"Sep 1, 2026",1.0,4f344cd6-0912-411a-ae16-41ea160cc8b5,38932102-f7a9-40c6-b4f1-fa8e81981726,2025-08-29,2025-08-29,2025-08-29,Occupational and Skills Information System (OaSIS) 2023 Version 1.0,Système d’information sur les professions et les compétences (SIPeC) 2023 Version 1.0,Skills 2023 v1.0,Compétences 2023 v1.0,Employment and Social Development Canada , Emploi et Développement social Canada
"Sep 1, 2026",1.0,4f344cd6-0912-411a-ae16-41ea160cc8b5,52063d66-4a70-4898-82fa-cbb24617a1d4,2025-08-29,2025-08-29,2025-08-29,Occupational and Skills Information System (OaSIS) 2023 Version 1.0,Système d’information sur les professions et les compétences (SIPeC) 2023 Version 1.0,Work Activities 2023 v1.0,Activités du travail 2023 v1.0,Employment and Social Development Canada , Emploi et Développement social Canada
"Sep 1, 2026",1.0,4f344cd6-0912-411a-ae16-41ea160cc8b5,819c63b0-9559-4f2c-89ae-f6b7b2958b00,2025-08-29,2025-08-29,2025-08-29,Occupational and Skills Information System (OaSIS) 2023 Version 1.0,Système d’information sur les professions et les compétences (SIPeC) 2023 Version 1.0,Work Activities 2023 v1.0,Activités du travail 2023 v1.0,Employment and Social Development Canada , Emploi et Développement social Canada
"Sep 1, 2026",6.0,4f344cd6-0912-411a-ae16-41ea160cc8b5,No resource,2025-08-29,2025-08-29,2025-08-29,Occupational and Skills Information System (OaSIS) 2023 Version 1.0,Système d’information sur les professions et les compétences (SIPeC) 2023 Version 1.0,No resources covered,Aucune ressource couverte,Employment and Social Development Canada , Emploi et Développement social Canada
"Sep 1, 2026",2.0,4fbf7bfd-d2c7-4a00-939a-f459d43570d8,No resource,2018-06-27,2018-06-27,2026-02-16,"Area, production and farm gate value of marketed vegetables","Superficie, production et valeur à la ferme des légumes commercialisés",No resources covered,Aucune ressource couverte,Statistics Canada , Statistique Canada
"Sep 1, 2026",1.0,4fe645a1-ffcd-40c1-9385-2c771be956a4,27a6e551-6127-4740-990e-04f7b597d327,2023-06-02,2023-06-02,2026-08-29,CanadaBuys contract history ,Contrats octroyés d'AchatsCanada,"Legacy contract history, 2009-01 to 2023-05 (prior to CanadaBuys)","Contrats hérités octroyés, 2009-01 à 2023-05 (avant AchatsCanada)",Public Services and Procurement Canada , Services publics et Approvisionnement Canada
"Sep 1, 2026",1.0,4fe645a1-ffcd-40c1-9385-2c771be956a4,61bd2956-9a7f-4e8e-bc21-ba2e5a16c758,2023-06-02,2023-06-02,2026-08-29,CanadaBuys contract history ,Contrats octroyés d'AchatsCanada,"Contract history, 2017-2018","Contrats octroyés, 2017-2018",Public Services and Procurement Canada , Services publics et Approvisionnement Canada
"Sep 1, 2026",8.0,4fe645a1-ffcd-40c1-9385-2c771be956a4,No resource,2023-06-02,2023-06-02,2026-08-29,CanadaBuys contract history ,Contrats octroyés d'AchatsCanada,No resources covered,Aucune ressource couverte,Public Services and Procurement Canada , Services publics et Approvisionnement Canada
"Sep 1, 2026",1.0,4fe645a1-ffcd-40c1-9385-2c771be956a4,ad8621f6-2854-4483-820b-e1e4f2903e8b,2023-06-02,2023-06-02,2026-08-29,CanadaBuys contract history ,Contrats octroyés d'AchatsCanada,"Contract history, 2012-2013","Contrats octroyés, 2012-2013",Public Services and Procurement Canada , Services publics et Approvisionnement Canada
"Sep 1, 2026",2.0,4fe645a1-ffcd-40c1-9385-2c771be956a4,b515f3ce-59a9-4ff8-91be-74799da7126c,2023-06-02,2026-04-01,2026-08-29,CanadaBuys contract history ,Contrats octroyés d'AchatsCanada,"Contract history, 2026-2027","Contrats octroyés, 2026-2027",Public Services and Procurement Canada , Services publics et Approvisionnement Canada
"Sep 1, 2026",6.0,4fe645a1-ffcd-40c1-9385-2c771be956a4,c2b7c21c-f643-4ad7-a9eb-f8b8372b5d78,2023-06-02,2023-06-02,2026-08-29,CanadaBuys contract history ,Contrats octroyés d'AchatsCanada,"All CanadaBuys contract history, 2023-06-01 onwards","Tous contrats octroyés d’AchatsCanada, 2023-06-01 et après",Public Services and Procurement Canada , Services publics et Approvisionnement Canada
"Sep 1, 2026",1.0,500e414e-4b10-44b1-b46e-c2ae4a011a30,No resource,2025-09-17,2025-09-17,2026-08-26,Reprocessing of Yukon magnetic data for NTS 115H,Retraitement des données magnétiques du Yukon pour le NTS 115H,No resources covered,Aucune ressource couverte,Government of Yukon , Gouvernement du Yukon
"Sep 1, 2026",1.0,5015a2f0-babd-708e-3ab3-96bd2d366af7,b3c22b04-11e6-45ac-ae64-aac26c376e76,2022-04-14,2025-02-26,2025-02-26,Nova Scotia Topographic Database - County Boundaries,Base de données topographique de la Nouvelle-Écosse - Limites des comtés,Nova Scotia Topographic Database - County Boundaries (CSV),Base de données topographique de la Nouvelle-Écosse - Limites des comtés (CSV),Government of Nova Scotia , Gouvernment de la Nouvelle-Écosse
"Sep 1, 2026",1.0,502b8125-e48b-443a-b463-a5b76eda8c25,a7761b27-ab78-4228-b46b-7fdbbecb2dbf,2021-12-17,2026-08-26,2026-08-26,School enrolment by grade,Effectif scolaire par année d’études,2024-2025,2024-2025,Government of Ontario , Gouvernement de l'Ontario
"Sep 1, 2026",2.0,5147fb5a-d9ef-4e69-89a1-14b73aa0f153,e014f37f-07cb-44c9-8363-6c7209819aa5,2019-12-05,2019-12-05,2026-02-18,Animal Rabies Cases in Canada (2014-2021),Cas de rage chez les animaux au Canada (2014-2021),Animal Rabies Cases in Canada (2014-2018),Cas de rage chez les animaux au Canada (2014-2018),Canadian Food Inspection Agency , Agence canadienne d'inspection des aliments
"Sep 1, 2026",1.0,51e22198-146b-464f-8c13-5435c9ad9e40,No resource,2025-11-14,2025-11-14,2025-11-25,SSHRC's Performance in 2024-25: Report on Competitions,Rendement du CRSH en 2024-2025 : Rapport sur les concours,No resources covered,Aucune ressource couverte,Social Sciences and Humanities Research Council of Canada , Conseil de recherches en sciences humaines du Canada
"Sep 1, 2026",1.0,522b07b9-78e2-4819-b736-ad9208eb1067,8d1f0027-2879-4a5e-beed-13debad11f0d,2017-03-29,2024-02-15,2024-02-15,Aboriginal Lands of Canada Legislative Boundaries,Limites législatives des terres autochtones du Canada,Download SHP (English) file of the changes from the previous version through HTTP,Téléchargez le fichier SHP (anglais) des changements par rapport à la version précédente via HTTP,Natural Resources Canada , Ressources naturelles Canada
"Sep 1, 2026",1.0,522b07b9-78e2-4819-b736-ad9208eb1067,No resource,2017-03-29,2017-03-29,2024-02-15,Aboriginal Lands of Canada Legislative Boundaries,Limites législatives des terres autochtones du Canada,No resources covered,Aucune ressource couverte,Natural Resources Canada , Ressources naturelles Canada
"Sep 1, 2026",1.0,522d1b67-30d8-4a34-9b62-5da99b1035e6,No resource,2017-04-28,2017-04-28,2026-08-24,Current valid British Columbia aquaculture licence holders,Liste des détenteurs actuels de permis valides d'aquaculture en Colombie-Britannique,No resources covered,Aucune ressource couverte,Fisheries and Oceans Canada , Pêches et Océans Canada
"Sep 1, 2026",1.0,52e4b14b-597a-4ecf-a184-23a6e69b0d57,3e266296-0da1-4959-86df-e89255190bff,2017-04-12,2018-05-23,2026-08-18,Express Entry Permanent Residents – Monthly IRCC Updates,Résidents permanents au titre d’Entrée express - Mises à jour mensuelles d’IRCC ,[rounded numbers - not for calculations] Canada - Permanent Residents under Express Entry by Province/Territory and Immigration Category,[chiffres arrondis - pas pour calculs] Canada - Résidents permanents au titre d’Entrée express selon la province/le territoire et la catégorie d’immigration,"Immigration, Refugees and Citizenship Canada "," Immigration, Réfugiés et Citoyenneté Canada"
"Sep 1, 2026",3.0,52e4b14b-597a-4ecf-a184-23a6e69b0d57,No resource,2017-04-12,2017-04-12,2026-08-18,Express Entry Permanent Residents – Monthly IRCC Updates,Résidents permanents au titre d’Entrée express - Mises à jour mensuelles d’IRCC ,No resources covered,Aucune ressource couverte,"Immigration, Refugees and Citizenship Canada "," Immigration, Réfugiés et Citoyenneté Canada"
"Sep 1, 2026",1.0,52e4b14b-597a-4ecf-a184-23a6e69b0d57,ff057c3c-b966-4a76-b254-2fe6a6b77a4f,2017-04-12,2018-05-23,2026-08-18,Express Entry Permanent Residents – Monthly IRCC Updates,Résidents permanents au titre d’Entrée express - Mises à jour mensuelles d’IRCC ,[rounded numbers - not for calculations] Canada - Permanent Residents under Express Entry by Province/Territory and Country of Citizenship ,[chiffres arrondis - pas pour calculs] Canada - Résidents permanents au titre d’Entrée express selon la province/le territoire et le pays de citoyenneté,"Immigration, Refugees and Citizenship Canada "," Immigration, Réfugiés et Citoyenneté Canada"
"Sep 1, 2026",1.0,53753f06-8b28-42d7-89f7-04cd014323b0,No resource,2016-09-24,2016-09-24,2025-01-06,"Archived, contract history","Archivé, contrats octroyés",No resources covered,Aucune ressource couverte,Public Services and Procurement Canada , Services publics et Approvisionnement Canada
"Sep 1, 2026",1.0,5489d54a-9925-44e3-a1a8-b26c1f64e811,98d75494-d33b-4572-930b-49ef80b22eba,2025-07-31,2025-09-15,2025-09-15,Annual Crop Inventory 2024,"Inventaire annuel des cultures, 2024",Crop classifications,Classifications des cultures,Agriculture and Agri-Food Canada , Agriculture et Agroalimentaire Canada
"Sep 1, 2026",1.0,55438acb-aa67-407a-9fdb-1cb21eb24e28,No resource,2022-03-25,2022-03-25,2023-05-18,Canadian Weather Year for Energy Calculation (CWEC),Fichiers météorologiques canadiens pour le calcul énergétique (FMCCE),No resources covered,Aucune ressource couverte,Natural Resources Canada , Ressources naturelles Canada
"Sep 1, 2026",15.0,5577f7aa-7a96-4c59-bc01-47ad54203930,No resource,2024-12-17,2024-12-17,2026-05-28,2020 List of charities,Liste des organismes de bienfaisance 2020,No resources covered,Aucune ressource couverte,Canada Revenue Agency , Agence du revenu du Canada
"Sep 1, 2026",1.0,564a3d0e-bf33-490e-b9a3-3c28fe6a5468,422e7e5d-2d3d-4a5e-abcd-dca0f9e3bfb6,2018-06-27,2023-01-17,2023-01-17,"Federal government indirect support to provinces and territories for postsecondary education, by type of contributions","Appui indirect du gouvernement fédéral aux provinces et territoires pour l'enseignement postsecondaire, selon de contributions",Dataset,Ensembles de données,Statistics Canada , Statistique Canada
"Sep 1, 2026",1.0,56578f58-a775-44ea-9cc5-9bf7c78410e6,No resource,2016-09-26,2016-09-26,2025-03-26,Community Well-Being Index,Indice de bien-être des communautés,No resources covered,Aucune ressource couverte,Indigenous Services Canada , Services aux Autochtones Canada
"Sep 1, 2026",4.0,56bfc1c1-59a1-4ef4-b73f-203332a481c2,No resource,2023-06-07,2023-06-07,2024-06-01,Statistical and Financial Summaries for Broadcasting Sector 2022,Relevés statistiques et financiers concernant le secteur de la radiodiffusion 2022,No resources covered,Aucune ressource couverte,Canadian Radio-television and Telecommunications Commission , Conseil de la radiodiffusion et des télécommunications canadiennes
"Sep 1, 2026",1.0,57180b36-3428-4a7f-afe3-2161a6b44ec5,cb5b5566-f599-4d12-abae-8279a0230928,2024-05-30,2024-05-30,2026-08-31,Data Reference Standard on Government of Canada Organization Names and Codes,Norme référentielle relative aux données sur les noms et les codes des organisations du gouvernement du Canada,Organization Information,informations sur l'organisation,Treasury Board of Canada Secretariat , Secrétariat du Conseil du Trésor du Canada
"Sep 1, 2026",1.0,5765f374-91b6-4de1-ae36-278a9174b6c1,No resource,2025-09-17,2025-09-17,2026-08-26,Reprocessing of Yukon magnetic data for NTS 116B,Retraitement des données magnétiques du Yukon pour le NTS 116B,No resources covered,Aucune ressource couverte,Government of Yukon , Gouvernement du Yukon
"Sep 1, 2026",1.0,577fa13b-7279-4517-acb9-e152d464d5ca,No resource,2019-04-17,2019-04-17,2023-01-17,"Transportation revenues from users, by level of government and by mode of transportation, Transport Canada","Recettes de transport perçues auprès des usagers, par niveau de gouvernement et par mode de transport, Transports Canada",No resources covered,Aucune ressource couverte,Statistics Canada , Statistique Canada
"Sep 1, 2026",1.0,57bd4dfa-8321-4123-aa74-2a740b9e25ae,No resource,2016-09-24,2016-09-24,2026-04-09,Sales of Goods and Services as per the Public Accounts of Canada,Ventes de biens et de services selon les Comptes publics du Canada,No resources covered,Aucune ressource couverte,Public Services and Procurement Canada , Services publics et Approvisionnement Canada
"Sep 1, 2026",1.0,5829b5b0-ea6f-476f-be94-bc2b8797769a,8403653e-6998-435e-8b20-0df0dbd75a02,2020-09-11,2026-08-26,2026-08-26,Criminal acts,Actes criminels,Criminal acts,Actes criminels,Government and Municipalities of Québec , Gouvernement et municipalités du Québec
"Sep 1, 2026",1.0,5829b5b0-ea6f-476f-be94-bc2b8797769a,No resource,2020-09-11,2020-09-11,2026-08-26,Criminal acts,Actes criminels,No resources covered,Aucune ressource couverte,Government and Municipalities of Québec , Gouvernement et municipalités du Québec
"Sep 1, 2026",1.0,58657662-9135-4a52-994f-031ca01f5398,0ae18adf-fd5f-44c8-88b5-2bd841f404c2,2023-04-13,2026-08-19,2026-08-19,BC Personal Information Directory (PID),Répertoire des renseignements personnels de la Colombie-Britannique (PID),PID Updated August 2026,PID mis à jour en août 2026,Government of British Columbia , Gouvernment de la Colombie-Britannique
"Sep 1, 2026",1.0,58657662-9135-4a52-994f-031ca01f5398,No resource,2023-04-13,2023-04-13,2026-08-19,BC Personal Information Directory (PID),Répertoire des renseignements personnels de la Colombie-Britannique (PID),No resources covered,Aucune ressource couverte,Government of British Columbia , Gouvernment de la Colombie-Britannique
"Sep 1, 2026",3.0,588eab5b-7b16-4a26-b996-23b955965ffa,No resource,2016-09-24,2016-09-24,2025-01-21,Mapping of Goods and Services Identification Number to United Nations Standard Products and Services Code,Mappage du numéro d'identification des biens et services avec le United Nations Standard Products and Services Code,No resources covered,Aucune ressource couverte,Public Services and Procurement Canada , Services publics et Approvisionnement Canada
"Sep 1, 2026",1.0,588eab5b-7b16-4a26-b996-23b955965ffa,fbecf7fb-9d31-429a-b201-4c1663f7215b,2016-09-24,2021-06-18,2025-01-06,Mapping of Goods and Services Identification Number to United Nations Standard Products and Services Code,Mappage du numéro d'identification des biens et services avec le United Nations Standard Products and Services Code,GSIN & UNSPSC Data Dictionary,Dictionnaire des données des NIBS & UNSPSC,Public Services and Procurement Canada , Services publics et Approvisionnement Canada
"Sep 1, 2026",3.0,58e12a69-acec-454c-ac04-d006ff3c8c93,No resource,2025-01-15,2025-01-15,2026-02-25,Adult Inmate Profile,Profil des détenus adultes,No resources covered,Aucune ressource couverte,Government of Ontario , Gouvernement de l'Ontario
"Sep 1, 2026",2.0,593e9165-c6ce-4f9b-b519-03d315f92cd4,5d2d016b-0f82-47b4-812e-240fb91cd460,2016-09-24,2016-10-13,2026-08-18,Express Entry-Invited Candidates – Monthly IRCC Updates,Candidats invités d'Entrée express - Mises à jour mensuelles d’IRCC,"Canada - Express Entry Candidates by Province/Territory, Invitation Category and Invitation to Apply (ITA) Score","Canada - Candidats d'Entrée express selon la province/le territoire, la catégorie d'invitation et la note de l'invitation à présenter une demande (IPD)","Immigration, Refugees and Citizenship Canada "," Immigration, Réfugiés et Citoyenneté Canada"
"Sep 1, 2026",2.0,593e9165-c6ce-4f9b-b519-03d315f92cd4,No resource,2016-09-24,2016-09-24,2026-08-18,Express Entry-Invited Candidates – Monthly IRCC Updates,Candidats invités d'Entrée express - Mises à jour mensuelles d’IRCC,No resources covered,Aucune ressource couverte,"Immigration, Refugees and Citizenship Canada "," Immigration, Réfugiés et Citoyenneté Canada"
"Sep 1, 2026",3.0,593e9165-c6ce-4f9b-b519-03d315f92cd4,a7ee3178-378a-4b75-b542-027ce8ab428e,2016-09-24,2016-10-13,2026-08-18,Express Entry-Invited Candidates – Monthly IRCC Updates,Candidats invités d'Entrée express - Mises à jour mensuelles d’IRCC,Canada - Express Entry Candidates by Province/Territory and Invitation Category,Canada - Candidats d'Entrée express selon la province/le territoire et la catégorie d'invitation,"Immigration, Refugees and Citizenship Canada "," Immigration, Réfugiés et Citoyenneté Canada"
"Sep 1, 2026",1.0,593e9165-c6ce-4f9b-b519-03d315f92cd4,c31d6d64-a244-4a83-ba5e-9123a8170f6f,2016-09-24,2016-10-13,2026-08-18,Express Entry-Invited Candidates – Monthly IRCC Updates,Candidats invités d'Entrée express - Mises à jour mensuelles d’IRCC,"Canada - Express Entry Candidates by Province/Territory, Invitation Category and Country of Citizenship (2025 ranking)","Canada - Candidats d'Entrée express selon la province/le territoire, la catégorie d'invitation et le pays de citoyenneté (classement 2025)","Immigration, Refugees and Citizenship Canada "," Immigration, Réfugiés et Citoyenneté Canada"
"Sep 1, 2026",1.0,593e9165-c6ce-4f9b-b519-03d315f92cd4,e431b664-11f6-4cfb-9170-a820ef774871,2016-09-24,2023-02-24,2026-08-18,Express Entry-Invited Candidates – Monthly IRCC Updates,Candidats invités d'Entrée express - Mises à jour mensuelles d’IRCC,"Canada - Express Entry Candidates by Province/Territory, Invitation Category and Country of Citizenship (2025 ranking)","Canada - Candidats d'Entrée express selon la province/le territoire, la catégorie d'invitation et le pays de citoyenneté (classement 2025)","Immigration, Refugees and Citizenship Canada "," Immigration, Réfugiés et Citoyenneté Canada"
"Sep 1, 2026",1.0,593e9165-c6ce-4f9b-b519-03d315f92cd4,e8376ee8-e546-444a-b47e-29a3317a602a,2016-09-24,2016-10-13,2026-08-18,Express Entry-Invited Candidates – Monthly IRCC Updates,Candidats invités d'Entrée express - Mises à jour mensuelles d’IRCC,"Canada - Express Entry Candidates by Province/Territory, Invitation Category and Invitation to Apply (ITA) Score","Canada - Candidats d'Entrée express selon la province/le territoire, la catégorie d'invitation et la note de l'invitation à présenter une demande (IPD)","Immigration, Refugees and Citizenship Canada "," Immigration, Réfugiés et Citoyenneté Canada"
"Sep 1, 2026",2.0,59af1c96-fc8f-4fa0-b398-d65e953eadaa,02f304e8-a6b1-4950-b0b5-f9facd1e3de7,2016-09-26,2026-03-24,2026-03-24,"NAFO Subareas, Divisions, and Subdivisions","Sous-zones, divisions et sous-divisions de l’OPANO",Convention on Cooperation in the Northwest Atlantic Fisheries,Convention sur la coopération dans les pêches de l’Atlantique Nord-Ouest,Fisheries and Oceans Canada , Pêches et Océans Canada
"Sep 1, 2026",2.0,59af1c96-fc8f-4fa0-b398-d65e953eadaa,3053b788-e491-4a2a-9892-a4bc63e5c932,2016-09-26,2026-03-24,2026-03-24,"NAFO Subareas, Divisions, and Subdivisions","Sous-zones, divisions et sous-divisions de l’OPANO","NAFO Subareas, Divisions, and Subdivisions (Methodology)","Sous-zones, divisions et sous-divisions de l’OPANO (Méthodes)",Fisheries and Oceans Canada , Pêches et Océans Canada
"Sep 1, 2026",2.0,59af1c96-fc8f-4fa0-b398-d65e953eadaa,9dfb6b84-2579-4e39-b30a-8c6ce1b8eb5a,2016-09-26,2026-03-24,2026-03-24,"NAFO Subareas, Divisions, and Subdivisions","Sous-zones, divisions et sous-divisions de l’OPANO","NAFO Subareas, Divisions, and Subdivisions (SHP)","Sous-zones, divisions et sous-divisions de l’OPANO (SHP)",Fisheries and Oceans Canada , Pêches et Océans Canada
"Sep 1, 2026",1.0,59af1c96-fc8f-4fa0-b398-d65e953eadaa,9f0ff943-021a-4f17-80e5-bef41bb050e8,2016-09-26,2026-03-24,2026-03-24,"NAFO Subareas, Divisions, and Subdivisions","Sous-zones, divisions et sous-divisions de l’OPANO","NAFO Subareas, Divisions, and Subdivisions (CSV)","Sous-zones, divisions et sous-divisions de l’OPANO (CSV)",Fisheries and Oceans Canada , Pêches et Océans Canada
"Sep 1, 2026",7.0,59af1c96-fc8f-4fa0-b398-d65e953eadaa,No resource,2016-09-26,2016-09-26,2026-03-24,"NAFO Subareas, Divisions, and Subdivisions","Sous-zones, divisions et sous-divisions de l’OPANO",No resources covered,Aucune ressource couverte,Fisheries and Oceans Canada , Pêches et Océans Canada
"Sep 1, 2026",1.0,59af1c96-fc8f-4fa0-b398-d65e953eadaa,a0491494-264e-4f66-b7a9-eb5c58bbf4fd,2016-09-26,2026-03-24,2026-03-24,"NAFO Subareas, Divisions, and Subdivisions","Sous-zones, divisions et sous-divisions de l’OPANO","NAFO Subareas, Divisions, and Subdivisions (GDB)","Sous-zones, divisions et sous-divisions de l’OPANO (GDB)",Fisheries and Oceans Canada , Pêches et Océans Canada
"Sep 1, 2026",1.0,5b99672b-69ff-5d08-b26b-10da06f8e30c,814f52f7-465d-4ebc-996f-d62c426eee6e,2016-09-24,2017-05-26,2017-05-26,Ports and Harbours,Ports et havres,Download PDF English Source Identification file through HTTP,Télécharger le fichier Identification des sources en format PDF Anglais via HTTP,Natural Resources Canada , Ressources naturelles Canada
"Sep 1, 2026",1.0,5b99672b-69ff-5d08-b26b-10da06f8e30c,93af9399-242e-49c8-b138-8d03ede3d780,2016-09-24,2017-05-26,2017-05-26,Ports and Harbours,Ports et havres,Download the English JPG through HTTP,Télécharger le fichier en format JPG Anglais via HTTP,Natural Resources Canada , Ressources naturelles Canada
"Sep 1, 2026",1.0,5b99672b-69ff-5d08-b26b-10da06f8e30c,eb6fc2e8-b22b-415c-808f-efec6d04f538,2016-09-24,2017-05-26,2017-05-26,Ports and Harbours,Ports et havres,Download the English PDF through HTTP,Télécharger le fichier en format PDF Anglais via HTTP,Natural Resources Canada , Ressources naturelles Canada
"Sep 1, 2026",1.0,5ba0d0bc-f1d2-4c17-9bcc-f85080549fe9,d763339e-5d1a-4040-ab53-5b0254b5881c,2024-12-17,2024-12-17,2026-04-15,Animal Rabies Cases in Canada (2011-2013),Cas de rage chez les animaux au Canada (2011-2013),Rabies Cases in Canada (2011-2013),Cas de rage au Canada (2011-2013),Canadian Food Inspection Agency , Agence canadienne d'inspection des aliments
"Sep 1, 2026",1.0,5c0099e0-7081-404e-a95f-b0541de06630,293059ca-79c6-4115-a9ca-1ac8965932b4,2018-08-27,2018-08-27,2024-06-03,Refinery Crude Runs in Canada,Charges de pétrole brut des raffineries au Canada,Refinery Crude Runs in Canada,Quantité de brut traité au Canada,Canada Energy Regulator , La Régie de l’énergie du Canada
"Sep 1, 2026",4.0,5c0099e0-7081-404e-a95f-b0541de06630,No resource,2018-08-27,2018-08-27,2026-08-04,Refinery Crude Runs in Canada,Charges de pétrole brut des raffineries au Canada,No resources covered,Aucune ressource couverte,Canada Energy Regulator , La Régie de l’énergie du Canada
"Sep 1, 2026",1.0,5c358f51-bc8c-4565-854d-9d2e35e6b178,17508fd7-4eba-45c3-85be-d98598aa72a1,2019-10-18,2019-10-18,2024-06-03,Electricity – Imports and Exports,Importations et exportations d’électricité,electricity-exports-and-imports-monthly,electricite-exportations-et-importations-mensuels,Canada Energy Regulator , La Régie de l’énergie du Canada
"Sep 1, 2026",1.0,5c7dd237-ba33-2913-8446-b5382cfc2551,3198cbca-2a1f-4426-8721-216e39ac7d50,2022-04-14,2025-02-26,2025-02-26,Licensed Consumer Reporting Agencies in Nova Scotia,Agences de renseignements sur les consommateurs agréées en Nouvelle-Écosse,Licensed Consumer Reporting Agencies in Nova Scotia (CSV),Agences de renseignements sur les consommateurs agréées en Nouvelle-Écosse (CSV),Government of Nova Scotia , Gouvernment de la Nouvelle-Écosse
"Sep 1, 2026",1.0,5c829a81-9f56-4404-845d-3ea03e457e97,0956fbed-530e-45ec-9bed-7257cf1f7f9e,2021-01-27,2026-06-17,2026-06-17,Child and youth mental health services,Services de santé mentale pour les enfants et les jeunes,Child and youth mental health services,Services de santé mentale pour enfants et adolescents,Government of Ontario , Gouvernement de l'Ontario
"Sep 1, 2026",2.0,5cb09c26-94aa-4c5e-bb01-464033888ddd,No resource,2024-04-02,2024-04-02,2025-12-17,Gross domestic income attributable to Indigenous people by industry,Revenu intérieur brut attribuable aux Autochtones selon l'industrie,No resources covered,Aucune ressource couverte,Statistics Canada , Statistique Canada
"Sep 1, 2026",1.0,5cb32773-e7b1-4681-b82a-43cc39778c1a,56067fb5-9a7d-4adf-a61e-32556a29bcfc,2016-09-24,2021-03-16,2026-01-06,Small Commercial Vessel Registry,Registre des petits bâtiments commerciaux,Small Commercial Vessel Registry - Dataset,Registre de petits bâtiments commerciaux - Ensemble de données,Transport Canada , Transports Canada
"Sep 1, 2026",1.0,5cb32773-e7b1-4681-b82a-43cc39778c1a,No resource,2016-09-24,2016-09-24,2026-01-06,Small Commercial Vessel Registry,Registre des petits bâtiments commerciaux,No resources covered,Aucune ressource couverte,Transport Canada , Transports Canada
"Sep 1, 2026",1.0,5cc3fa63-6023-4d67-b228-222719f146cb,No resource,2025-09-17,2025-09-17,2026-08-26,Reprocessing of Yukon magnetic data for NTS 105K,Retraitement des données magnétiques du Yukon pour le NTS 105K,No resources covered,Aucune ressource couverte,Government of Yukon , Gouvernement du Yukon
"Sep 1, 2026",1.0,5cfd93bd-b3ee-4b0b-8816-33d388f6811d,No resource,2017-03-08,2017-03-08,2026-05-04,DFO sea lice audits of BC marine finfish aquaculture sites,Les vérifications concernant les poux du poisson effectuées par le MPO aux sites d'aquaculture de poissons marins de la C.-B.,No resources covered,Aucune ressource couverte,Fisheries and Oceans Canada , Pêches et Océans Canada
"Sep 1, 2026",2.0,5e55833e-0198-4ca2-9090-e6f878316c26,61bc6fee-6cdf-4a00-b192-c36a9ea42924,2024-02-14,2026-08-12,2026-08-12,Driver population statistics,Statistiques sur la population de conducteurs,Drivers’ Annual Statistics 2022,Statistiques annuelles des conducteurs 2022,Government of Ontario , Gouvernement de l'Ontario
"Sep 1, 2026",5.0,5e5d2750-d129-4952-b9fc-f824c5e480b4,No resource,2020-09-14,2020-09-14,2026-08-26,"Lidar - Digital models (terrain, canopy, slope, level curve)","Lidar - Modèles numériques (terrain, canopée, pente, courbe de niveau)",No resources covered,Aucune ressource couverte,Government and Municipalities of Québec , Gouvernement et municipalités du Québec
"Sep 1, 2026",1.0,5e5d2750-d129-4952-b9fc-f824c5e480b4,d360d2e5-3783-45de-8c7b-ecd5d1f5640c,2020-09-14,2026-08-26,2026-08-26,"Lidar - Digital models (terrain, canopy, slope, level curve)","Lidar - Modèles numériques (terrain, canopée, pente, courbe de niveau)",ArcGIS symbology,Symbologie ArcGIS,Government and Municipalities of Québec , Gouvernement et municipalités du Québec
"Sep 1, 2026",1.0,5e5d2750-d129-4952-b9fc-f824c5e480b4,dcf377ce-151f-48b5-bddf-4dd3def0d136,2020-09-14,2026-08-26,2026-08-26,"Lidar - Digital models (terrain, canopy, slope, level curve)","Lidar - Modèles numériques (terrain, canopée, pente, courbe de niveau)","🔗 Download links per sheet 1/20,000 (👁️ Overview of sheets)",🔗Liens de téléchargement par feuillet 1/20 000 (👁️ Aperçu des feuillets),Government and Municipalities of Québec , Gouvernement et municipalités du Québec
"Sep 1, 2026",2.0,5e7acd31-b242-4f09-8a64-000af872d68f,3f76612f-190b-48d6-8efb-8af7336533e1,2023-04-13,2026-04-17,2026-04-17,Archive Automated Snow Weather Station Data,Archivez les données des stations météorologiques de neige automatisées,Archived Hourly Air Temperature,Température horaire de l'air archivée,Government of British Columbia , Gouvernment de la Colombie-Britannique
"Sep 1, 2026",1.0,5f46f0c0-277f-479c-b34d-a1385f0fe88b,fd095dfd-c038-49ef-baa5-3f4a29d5c704,2026-05-22,2026-05-22,2026-05-22,Atlas of Canada - High Speed Internet Network,Atlas du Canada - Réseau Internet haute vitesse,"High Speed Internet, Atlas of Canada (Static Map)","Réseau Internet haute vitesse, Atlas du Canada (carte statique)",Natural Resources Canada , Ressources naturelles Canada
"Sep 1, 2026",1.0,5f5182ad-7f42-4fbf-b679-2fb439e20b5d,4a55a6d2-84ef-4286-adb2-29dc67c375e3,2018-06-27,2023-01-17,2023-01-17,"Gross domestic product (GDP), income-based, annual, 1926 - 1960","Produit intérieur brut (PIB), en termes de revenus, annuel, 1926 - 1960",Dataset,Ensembles de données,Statistics Canada , Statistique Canada
"Sep 1, 2026",2.0,5f82b379-c1e5-4a02-b825-f34fc645a529,7306eb3d-352e-4636-a34e-406eee67da68,2021-01-21,2026-03-24,2026-03-24,Maritimes Fall Research Vessel Survey,Enquête D'automne Sur Le Navires De Recherche Dans Les Maritimes,Data Dictionary,Dictionnaire de données,Fisheries and Oceans Canada , Pêches et Océans Canada
"Sep 1, 2026",2.0,5f82b379-c1e5-4a02-b825-f34fc645a529,87decf8f-deb5-44be-9a79-0b015dd9113f,2021-01-21,2026-03-24,2026-03-24,Maritimes Fall Research Vessel Survey,Enquête D'automne Sur Le Navires De Recherche Dans Les Maritimes,Maritimes Fall Research Vessel Survey,Enquête D'automne Sur Le Navires De Recherche Dans Les Maritimes,Fisheries and Oceans Canada , Pêches et Océans Canada
"Sep 1, 2026",1.0,5f82b379-c1e5-4a02-b825-f34fc645a529,fcd8cb29-cacc-4b03-a8a7-731cd84fd874,2021-01-21,2026-03-24,2026-03-24,Maritimes Fall Research Vessel Survey,Enquête D'automne Sur Le Navires De Recherche Dans Les Maritimes,Maritimes Fall Research Vessel Survey,Enquête D'automne Sur Le Navires De Recherche Dans Les Maritimes,Fisheries and Oceans Canada , Pêches et Océans Canada
"Sep 1, 2026",1.0,5fefdd9b-e7e9-4139-93a1-aa4e696fb237,No resource,2016-09-24,2016-09-24,2026-04-09,Financial Information Comparative of Public Sector Pension Accounts as per the Public Accounts of Canada,Comparatif de l’information financière des comptes de régimes de retraite selon les Comptes publics du Canada,No resources covered,Aucune ressource couverte,Public Services and Procurement Canada , Services publics et Approvisionnement Canada
"Sep 1, 2026",1.0,60236652-5aa7-4452-b2e1-7f96197e927a,4e201108-79d3-4b79-9ac8-1bbf2505de7c,2024-07-10,2024-07-10,2024-11-21,Policies - Temporary Foreign Worker Program,Politiques - Programme des travailleurs étrangers temporaires,Policy: Employer Inspection Process ,Politique : Procédure d’inspection des employeurs ,Employment and Social Development Canada , Emploi et Développement social Canada
"Sep 1, 2026",1.0,60236652-5aa7-4452-b2e1-7f96197e927a,92873659-5635-4d0a-a4a4-5daff7e274e5,2024-07-10,2024-10-10,2024-11-20,Policies - Temporary Foreign Worker Program,Politiques - Programme des travailleurs étrangers temporaires,Policy: Category B Eligibility for the Global Talent Stream  ,Politique : Admissibilité à la catégorie B du Volet des talents mondiaux  ,Employment and Social Development Canada , Emploi et Développement social Canada
"Sep 1, 2026",2.0,60f22648-c173-446f-aa8a-4929d75d63e3,No resource,2021-12-21,2021-12-21,2026-04-09,"Archived, Pilot of the Open Contracting Data Standard (250 contract records)","Archivé, Projet pilote du Canada de la Norme sur les données relatives aux contrats ouverts (250 dossiers contractuels)",No resources covered,Aucune ressource couverte,Public Services and Procurement Canada , Services publics et Approvisionnement Canada
"Sep 1, 2026",1.0,61173db1-d9a3-4379-82f0-66812e619eba,No resource,2025-09-17,2025-09-17,2026-08-26,Reprocessing of Yukon magnetic data for NTS 115N,Retraitement des données magnétiques du Yukon pour le NTS 115N,No resources covered,Aucune ressource couverte,Government of Yukon , Gouvernement du Yukon
"Sep 1, 2026",6.0,616d950b-5372-531b-8610-19b8e95a6f34,No resource,2016-09-24,2016-09-24,2022-02-22,Tactile Maps of Canada-Maps for Education-The Thematic Tactile Atlas of Canada-Climate Regions,Cartes tactiles du Canada-Cartes éducatives-L'Atlas tactile thématique du Canada-Régions climatique,No resources covered,Aucune ressource couverte,Natural Resources Canada , Ressources naturelles Canada
"Sep 1, 2026",1.0,618f4b84-8020-5943-9669-251eec77e3a8,No resource,2016-09-24,2016-09-24,2022-03-14,Navigable Waterways,Eaux navigables,No resources covered,Aucune ressource couverte,Natural Resources Canada , Ressources naturelles Canada
"Sep 1, 2026",1.0,618f4b84-8020-5943-9669-251eec77e3a8,f09a91d3-7003-475f-9b31-4d8b03cfb3d8,2016-09-24,2017-01-26,2017-01-26,Navigable Waterways,Eaux navigables,Download the English JPG through HTTP,Télécharger le fichier en format JPG Anglais via HTTP,Natural Resources Canada , Ressources naturelles Canada
"Sep 1, 2026",1.0,62155d6f-9167-4972-b77c-b90734b628dc,No resource,2017-04-03,2017-04-03,2026-03-24,Indigenous Community Infrastructure,L'infrastructure des communautés autochtones,No resources covered,Aucune ressource couverte,Indigenous Services Canada , Services aux Autochtones Canada
"Sep 1, 2026",1.0,634ee4e0-c8f7-4971-b4de-12901b0b4be6,5763b0be-b928-41a0-99df-b522dc4869a8,2020-06-05,2026-03-25,2026-03-25,BC Environmental Monitoring Locations,Sites de surveillance environnementale de la Colombie-Britannique,EMS_MONITORING_LOCN_TYPES_SVW,EMS_MONITORING_LOCN_TYPES_SVW,Government of British Columbia , Gouvernment de la Colombie-Britannique
"Sep 1, 2026",1.0,63a40754-28a0-4fdc-8e6e-c56854e16dec,ad1460a7-e792-40ad-9d73-3dc150e93094,2016-09-24,2025-10-15,2025-10-15,Major Drainage Systems of the Watersheds Project - 2013,Principaux réseaux hydrographiques du Projet des bassins hydrographiques (2013),Pre-packaged GeoJSON files (Bilingual),Fichiers GML préemballés (bilingues),Agriculture and Agri-Food Canada , Agriculture et Agroalimentaire Canada
"Sep 1, 2026",1.0,6457fad6-b6f5-47a3-9bd1-ad14aea4b9e0,16d45299-d0e3-4db5-9dd1-64308ed233a7,2016-12-15,2024-09-10,2024-09-10,National Pedon Database,La base de données nationale des levés pédologiques,Data Product Specification (French),Spécifications du produit (Français),Agriculture and Agri-Food Canada , Agriculture et Agroalimentaire Canada
"Sep 1, 2026",2.0,64a90e8d-5bc0-4027-8645-b5881b4068d4,92e2cba4-149a-4f72-b62d-b64f11b930ab,2023-06-20,2026-07-22,2026-07-22,Trails APCA,Sentiers APCA,Trails (Temporary),Sentiers (Temporaire),Parks Canada , Parcs Canada
"Sep 1, 2026",7.0,6567ac46-558e-4c95-ab93-e8326ddf8f90,No resource,2025-03-07,2025-03-07,2026-08-17,National Chemical Residue Monitoring Program and Chemistry Food Safety Oversight Program Annual Report 2021 to 2022,Rapport annuel du Programme national de surveillance des résidus chimiques et Programme de surveillance de la salubrité des aliments 2021 au 2022,No resources covered,Aucune ressource couverte,Canadian Food Inspection Agency , Agence canadienne d'inspection des aliments
"Sep 1, 2026",1.0,65e2d45e-efc6-4c29-9a9b-db59bc96aa0e,No resource,2025-09-24,2025-09-24,2026-06-15,Canadian Substance Use Survey (CSUS): Public Use Microdata File,Enquête canadienne sur la consommation de substances (ECCS) : fichier de microdonnées à grande diffusion,No resources covered,Aucune ressource couverte,Health Canada , Santé Canada
"Sep 1, 2026",1.0,65e2d45e-efc6-4c29-9a9b-db59bc96aa0e,eb15fef5-08de-438c-a833-141e9c6c9023,2025-09-24,2025-10-20,2025-10-20,Canadian Substance Use Survey (CSUS): Public Use Microdata File,Enquête canadienne sur la consommation de substances (ECCS) : fichier de microdonnées à grande diffusion,CSUS 2025 Questionnaire,ECCS 2025 Questionnaire,Health Canada , Santé Canada
"Sep 1, 2026",1.0,65f1cde1-95e0-4a1d-9a1a-c45b2f83a351,No resource,2018-10-01,2018-10-01,2022-03-02,Historical and actual Crops Small Area Data (SAD) Regions,Régions de données intra-provinciales (RDIP) des cultures historiques et actuelles,No resources covered,Aucune ressource couverte,Statistics Canada , Statistique Canada
"Sep 1, 2026",1.0,6609320b-ac9e-4737-8e9c-304e6e843c17,49573073-85cd-40f9-b087-9ba4883e55d1,2018-04-26,2018-04-26,2024-11-22,Facts and Figures 2016: Immigration Overview - Temporary Residents – Annual IRCC Updates,Faits et chiffres 2016 : Aperçu de l’immigration - Résidents temporaires – Mises à jour annuelles d’IRCC ,"3.6. Temporary Foreign Worker Program work permit holders by destination¹ and sign year, 2007 to 2016","3.6. Titulaires de permis de travail du Programme des travailleurs étrangers temporaires, selon la destination¹ et l’année signée, de 2007 à 2016","Immigration, Refugees and Citizenship Canada "," Immigration, Réfugiés et Citoyenneté Canada"
"Sep 1, 2026",2.0,6609320b-ac9e-4737-8e9c-304e6e843c17,6aadeaf0-a942-4989-aaa3-f75ef4e6b88a,2018-04-26,2018-04-26,2024-11-22,Facts and Figures 2016: Immigration Overview - Temporary Residents – Annual IRCC Updates,Faits et chiffres 2016 : Aperçu de l’immigration - Résidents temporaires – Mises à jour annuelles d’IRCC ,"1.1. Temporary Foreign Worker Program work permit holders with a valid permit on December 31st by gender and age, 1997 to 2016","1.1. Titulaires de permis de travail du Programme des travailleurs étrangers temporaires ayant un permis valide en date du 31 décembre, selon le sexe et l’âge, de 1997 à 2016","Immigration, Refugees and Citizenship Canada "," Immigration, Réfugiés et Citoyenneté Canada"
"Sep 1, 2026",4.0,66e95b48-3ac3-414f-ae54-2c4e21105dda,No resource,2026-02-25,2026-02-25,2026-02-25,Individual Tax Statistics by Tax Bracket 2026 Edition (2024 tax year),Statistiques sur l’impôt des particuliers par tranche d’imposition - Édition 2026 (année d’imposition 2024),No resources covered,Aucune ressource couverte,Canada Revenue Agency , Agence du revenu du Canada
"Sep 1, 2026",1.0,675d7095-4ceb-44f1-85f1-bf99bcb67950,No resource,2025-09-19,2025-09-19,2026-08-20,Plumbing Products,Matériel de plomberie,No resources covered,Aucune ressource couverte,Natural Resources Canada , Ressources naturelles Canada
"Sep 1, 2026",1.0,6769cd12-e841-48e0-a594-ffd642df5324,No resource,2018-06-27,2018-06-27,2023-01-17,"Registered apprenticeship training, certificates in the top ten red seal trades by apprentice trade qualifier indicator, sex and age groups, inactive","Formation des apprentis inscrits, certificats dans les dix principaux métiers Sceau rouge selon l'indicateur apprenti ou ouvrier qualifié, le sexe et le groupe d'âge, inactif",No resources covered,Aucune ressource couverte,Statistics Canada , Statistique Canada
"Sep 1, 2026",1.0,67b44816-9764-4609-ace1-68dc1764e9ea,9e3e0ae9-22a9-4ffa-830e-0ab4857ce42e,2017-08-09,2026-08-11,2026-08-11,National Long-term Water Quality Monitoring Data,Données nationales de monitoring de la qualité de l'eau à long terme,Water-Qual-Eau-Sites-National.csv,Water-Qual-Eau-Sites-National.csv,Environment and Climate Change Canada , Environnement et Changement climatique Canada
"Sep 1, 2026",1.0,67c492bc-6bb2-4e0d-957f-17360312f6a7,3cd9e11b-a354-4cc2-9259-d5922864f588,2025-06-16,2025-06-16,2025-06-16,Audit of Investigator’s Notes - Final Report,Vérification des notes de l’enquêteur - Rapport final,Audit of Investigator’s Notes - Final Report,Vérification des notes de l’enquêteur - Rapport final,Royal Canadian Mounted Police , Gendarmerie royale du Canada
"Sep 1, 2026",1.0,67c492bc-6bb2-4e0d-957f-17360312f6a7,No resource,2025-06-16,2025-06-16,2025-06-18,Audit of Investigator’s Notes - Final Report,Vérification des notes de l’enquêteur - Rapport final,No resources covered,Aucune ressource couverte,Royal Canadian Mounted Police , Gendarmerie royale du Canada
"Sep 1, 2026",1.0,67c81048-e230-47f2-ad9a-38bc68f3b51e,a45db76b-6638-4b77-807a-17a283abbdb0,2025-03-22,2025-03-22,2025-03-22,GC HR and Pay - Data Standards,RH et paye du GC - Normes de données,HR and Pay Data Standard - Email Address Architecture,Normes de données de RH et de paye - Architecture des adresses électroniques,Public Services and Procurement Canada , Services publics et Approvisionnement Canada
"Sep 1, 2026",1.0,67d33e1c-0289-49e4-8eb2-85ac731197a0,5c25a830-2abc-4960-8ea9-9c727e2fb228,2016-10-27,2016-10-27,2026-01-08,Federal Child Support Tables – Manitoba,Tables fédérales de pensions alimentaires pour enfants - Manitoba,Federal Child Support Tables - Manitoba,Tables fédérales de pensions alimentaires pour enfants - Manitoba,Department of Justice Canada , Ministère de la Justice Canada
"Sep 1, 2026",1.0,67d33e1c-0289-49e4-8eb2-85ac731197a0,No resource,2016-10-27,2016-10-27,2026-07-15,Federal Child Support Tables – Manitoba,Tables fédérales de pensions alimentaires pour enfants - Manitoba,No resources covered,Aucune ressource couverte,Department of Justice Canada , Ministère de la Justice Canada
"Sep 1, 2026",1.0,67fd1fae-4950-4018-a491-62e60cbd6974,980c16a1-8e18-4719-b4aa-8b915ebd495d,2016-09-24,2016-12-01,2024-11-22,Temporary Residents: Work Permit Holders – Ad Hoc IRCC (Specialized Datasets),Résidents temporaires: Les détenteurs de Permis de travail – Ad Hoc IRCC (Bases de données spécialisées),International Mobility Program work permit holders by program,Titulaires de permis de travail du programme de mobilité internationale selon le programme,"Immigration, Refugees and Citizenship Canada "," Immigration, Réfugiés et Citoyenneté Canada"
"Sep 1, 2026",3.0,687a0e14-f660-4b50-b82e-baed3f3ab6f5,No resource,2026-07-10,2026-07-10,2026-07-10,GC HR and Pay - Architecture Review Board,RH et paye du GC - Comité d’examen de l’architecture,No resources covered,Aucune ressource couverte,Public Services and Procurement Canada , Services publics et Approvisionnement Canada
"Sep 1, 2026",2.0,68f2f577-28a7-46b4-bca9-7e9770f2f357,58078c81-e630-4cd4-b8c8-ea12ceded1ee,2020-06-05,2026-01-28,2026-01-28,Community Health Service Areas Boundaries,Limites des zones de services de santé communautaires,B.C. Health Region Master table - Version 2022,Tableau directeur de la région sanitaire de la Colombie-Britannique - Version 2022,Government of British Columbia , Gouvernment de la Colombie-Britannique
"Sep 1, 2026",1.0,69942bdb-560e-7420-e784-d7eaaed053a1,a30d4e02-9821-4d0b-9cab-61ab0a6a3121,2021-04-20,2026-01-28,2026-01-28,"1:10,000 Grid","Grille 1:10,000","1:10,000 Grid (CSV)","Grille 1:10,000 (CSV)",Government of New Brunswick , Gouvernement du Nouveau-Brunswick
"Sep 1, 2026",1.0,69c68f22-8a2a-43d1-8f4e-4017e3ffebba,0dec8c73-fe1c-4adc-9f1c-e51b0e4a63b2,2024-05-02,2025-10-09,2025-10-24,Canadian Anti-Fraud Centre's Annual Reports,Rapports annuels du Centre antifraude du Canada,2024 Canadian Anti-Fraud Centre's Annual Report,Rapport annuel du Centre antifraude du Canada du 2024,Royal Canadian Mounted Police , Gendarmerie royale du Canada
"Sep 1, 2026",2.0,69c68f22-8a2a-43d1-8f4e-4017e3ffebba,1ffc4a5e-e41b-48c7-929e-633d023ef8dc,2024-05-02,2025-10-09,2025-10-24,Canadian Anti-Fraud Centre's Annual Reports,Rapports annuels du Centre antifraude du Canada,2024 Canadian Anti-Fraud Centre's Annual Report,Rapport annuel du Centre antifraude du Canada du 2024,Royal Canadian Mounted Police , Gendarmerie royale du Canada
"Sep 1, 2026",1.0,69f8d82a-bc22-4071-9e9f-0ed66fa7940a,No resource,2019-11-25,2019-11-25,2025-08-28,Television Sector – CMR (2013-2024),Secteur de la télévision – RMC (2013 à 2024),No resources covered,Aucune ressource couverte,Canadian Radio-television and Telecommunications Commission , Conseil de la radiodiffusion et des télécommunications canadiennes
"Sep 1, 2026",1.0,6a09c998-cddb-4a22-beff-4dca67ab892f,112330a3-1c76-42e8-9c4b-8cc1e988480a,2023-07-11,2023-07-11,2025-01-08,Canadian Anti-Fraud Centre Fraud Reporting System Dataset,Données du système de déclaration des fraudes du Centre antifraude du Canada,Description and Associated Definitions of Canadian Anti-Fraud Centre Statistics,Description et définitions associées des statistiques du Centre antifraude du Canada,Royal Canadian Mounted Police , Gendarmerie royale du Canada
"Sep 1, 2026",3.0,6a09c998-cddb-4a22-beff-4dca67ab892f,43c67af5-e598-4a9b-a484-fe1cb5d775b5,2023-07-11,2023-07-11,2025-10-02,Canadian Anti-Fraud Centre Fraud Reporting System Dataset,Données du système de déclaration des fraudes du Centre antifraude du Canada,Canadian Anti-Fraud Centre Reporting Data,Données de déclaration du Centre antifraude du Canada,Royal Canadian Mounted Police , Gendarmerie royale du Canada
"Sep 1, 2026",2.0,6ab2803a-aace-4e60-83ed-44a7e0ccd1d8,No resource,2020-05-05,2020-05-05,2026-08-11,Vessel Traffic Routes,Voies de circulation navire,No resources covered,Aucune ressource couverte,Fisheries and Oceans Canada , Pêches et Océans Canada
"Sep 1, 2026",1.0,6ab2803a-aace-4e60-83ed-44a7e0ccd1d8,ce8a87b1-bc89-498f-82d8-be5f8e828b78,2020-05-05,2026-08-11,2026-08-11,Vessel Traffic Routes,Voies de circulation navire,Vessel Traffic Route,Voies de circulation navire,Fisheries and Oceans Canada , Pêches et Océans Canada
"Sep 1, 2026",6.0,6abd20d4-7a1c-4b38-baa2-9525d0bb2fd2,05b804dd-11ec-4271-8d69-d6044e1a5481,2023-04-27,2023-04-27,2026-09-01,CanadaBuys tender notices,Appels d'offres d'AchatsCanada,New tender notices,Nouveaux avis d'appel d'offres,Public Services and Procurement Canada , Services publics et Approvisionnement Canada
"Sep 1, 2026",8.0,6abd20d4-7a1c-4b38-baa2-9525d0bb2fd2,5870de7c-86fe-4d05-8d73-cd412e12fdeb,2023-04-27,2023-04-27,2026-09-01,CanadaBuys tender notices,Appels d'offres d'AchatsCanada,Open tender notices,Avis d'appel d'offres ouvert,Public Services and Procurement Canada , Services publics et Approvisionnement Canada
"Sep 1, 2026",1.0,6abd20d4-7a1c-4b38-baa2-9525d0bb2fd2,5f1d6ffe-c038-407e-afbf-94b920286b40,2023-04-27,2023-04-27,2026-09-01,CanadaBuys tender notices,Appels d'offres d'AchatsCanada,"All CanadaBuys tender notices, 2022-08-08 onwards","Tous avis d'appel d'offres d'AchatsCanada, 2022-08-08 et après",Public Services and Procurement Canada , Services publics et Approvisionnement Canada
"Sep 1, 2026",26.0,6abd20d4-7a1c-4b38-baa2-9525d0bb2fd2,No resource,2023-04-27,2023-04-27,2026-09-01,CanadaBuys tender notices,Appels d'offres d'AchatsCanada,No resources covered,Aucune ressource couverte,Public Services and Procurement Canada , Services publics et Approvisionnement Canada
"Sep 1, 2026",1.0,6abd20d4-7a1c-4b38-baa2-9525d0bb2fd2,d6f62874-db08-4205-ba55-6dc885d66d08,2023-04-27,2023-04-27,2026-08-29,CanadaBuys tender notices,Appels d'offres d'AchatsCanada,"Tender notices, 2022-2023","Avis d'appel d'offres, 2022-2023",Public Services and Procurement Canada , Services publics et Approvisionnement Canada
"Sep 1, 2026",2.0,6abd20d4-7a1c-4b38-baa2-9525d0bb2fd2,f034c950-a514-4dde-95c6-f9b8e6811c57,2023-04-27,2023-04-27,2026-08-08,CanadaBuys tender notices,Appels d'offres d'AchatsCanada,CanadaBuys data dictionary,Dictionnaire des données d'AchatsCanada,Public Services and Procurement Canada , Services publics et Approvisionnement Canada
"Sep 1, 2026",4.0,6abd20d4-7a1c-4b38-baa2-9525d0bb2fd2,fa0e6965-4339-4694-9f91-7b84e7216c72,2023-04-27,2026-04-01,2026-09-01,CanadaBuys tender notices,Appels d'offres d'AchatsCanada,"Tender notices, 2026-2027","Avis d’appel d’offres, 2026-2027",Public Services and Procurement Canada , Services publics et Approvisionnement Canada
"Sep 1, 2026",1.0,6b4319b0-4761-4733-b836-3787eef65248,a939f51e-48e0-49f6-8136-ed7144bb7e75,2022-02-01,2022-02-01,2024-11-22,2020-2021 Departmental Results Framework,Cadre ministériel des résultats de 2020-2021 ,"2020-2021 Departmental Results Framework - DRF Indicator 8: Total number of permanent resident admissions, against the annual immigration levels plan",Cadre ministériel des résultats de 2020-2021 - Indicateur 8 du CMR : Nombre total d'admissions de résidents permanents comparé au plan des niveaux d'immigration annuel,"Immigration, Refugees and Citizenship Canada "," Immigration, Réfugiés et Citoyenneté Canada"
"Sep 1, 2026",1.0,6bac5dab-8c85-4c24-9216-9ae6b98956cc,No resource,2018-06-27,2018-06-27,2026-04-17,Alberta Municipalities Driving Distance Table,Tableau des distances en voiture dans les municipalités de l'Alberta,No resources covered,Aucune ressource couverte,Government of Alberta , Gouvernement de l'Alberta
"Sep 1, 2026",1.0,6bc06b8a-52b5-427b-87c9-15fabbe559fb,20df7fa8-0348-4a39-8632-6e1f60b2766c,2024-12-04,2024-12-04,2024-12-04,Guidelines on the Administration of the National Parks of Canada Land Use Planning Regulations,Lignes directrices sur l’administration du Règlement sur l’aménagement des terres dans les parcs nationaux du Canada,Guidelines of the Administration of the National Parks of Canada Land Use Planning Regulations,Lignes directrices sur l’administration du Règlement sur l’aménagement des terres dans les parcs nationaux du Canada,Parks Canada , Parcs Canada
"Sep 1, 2026",1.0,6c78fb2f-d23b-45b4-b3af-cc6f6cc4fff8,cb212b6b-b356-41a4-b355-4f3b03e82ea5,2016-11-22,2016-11-22,2016-11-22,"Coastal Waters (polygons), Boundary files - 2016 Census","Littoraux (polygones), Fichiers des limites - Recensement de 2016","Coastal Waters (polygons), Boundary files - 2016 Census","Littoraux (polygones), Fichiers des limites - Recensement de 2016",Statistics Canada , Statistique Canada
"Sep 1, 2026",1.0,6d9f412c-c5fa-497e-9a97-447369440f71,2135c64a-cf28-4d23-9309-e96c43f14315,2016-09-24,2016-10-25,2025-12-16,"Canada Pension Plan (CPP) - Number of New Survivor Benefit by Age, Gender and by Calendar Year","Régime de pensions du Canada (RPC) -  Nombre de nouvelles prestations de survivant, selon le genre et l'année civile ","Canada Pension Plan (CPP) - Number of New Survivor Benefit by Age, Gender and by Calendar Year","Régime de pensions du Canada (RPC) -  Nombre de nouvelles prestations de survivant, selon le genre et l'année civile",Employment and Social Development Canada , Emploi et Développement social Canada
"Sep 1, 2026",1.0,6dd66784-3bcb-419a-bfab-631beb928646,No resource,2023-06-21,2023-06-21,2023-06-21,"Labour force status by major field of study (detailed, 4-digit) and highest level of education: Canada, provinces and territories, census metropolitan areas and census agglomerations with parts","Situation d’activité, selon le principal domaine d’études (détaillé, code à quatre chiffres) et le plus haut niveau de scolarité : Canada, provinces et territoires, régions métropolitaines de recensement et agglomérations de recensement y compris les parties",No resources covered,Aucune ressource couverte,Statistics Canada , Statistique Canada
"Sep 1, 2026",1.0,6e16f703-9c57-46c9-9194-6573398c17e6,No resource,2021-09-20,2021-09-20,2026-03-18,Commercial Fisheries - Seafisheries Landings - Canada,Pêche commerciale - Débarquements des pêches maritimes - Canada,No resources covered,Aucune ressource couverte,Fisheries and Oceans Canada , Pêches et Océans Canada
"Sep 1, 2026",1.0,6e47f705-71ed-41f0-8fd5-d1a8508a3b63,6bf05451-a925-412f-b06d-1e655d67a291,2018-07-18,2026-02-11,2026-08-17,Refugee Protection Division (RPD) Decisions,Décisions de la Section de la protection des réfugiés (SPR),Refugee Protection Division Decisions 2025 Q4,Décisions de la Section de la protection des réfugiés 2025 T4,Immigration and Refugee Board of Canada , Commission de l'immigration et du statut de réfugié du Canada
"Sep 1, 2026",1.0,6e47f705-71ed-41f0-8fd5-d1a8508a3b63,b36ac8a0-5ceb-40a4-8d59-a6f56122abfd,2018-07-18,2023-02-27,2026-08-17,Refugee Protection Division (RPD) Decisions,Décisions de la Section de la protection des réfugiés (SPR),Refugee Protection Division Decisions 2022 Q4,Décisions de la Section de la protection des réfugiés 2022 T4,Immigration and Refugee Board of Canada , Commission de l'immigration et du statut de réfugié du Canada
"Sep 1, 2026",2.0,7069387e-9986-4297-9f55-0288e9676947,No resource,2023-01-11,2023-01-11,2026-06-12,LiDAR Point Clouds - CanElevation Series,Nuages de points lidar - Série CanÉlévation,No resources covered,Aucune ressource couverte,Natural Resources Canada , Ressources naturelles Canada
"Sep 1, 2026",1.0,7069387e-9986-4297-9f55-0288e9676947,bc081c9f-7264-4ffe-bbbf-6cd12975f0f0,2023-01-11,2026-06-12,2026-06-12,LiDAR Point Clouds - CanElevation Series,Nuages de points lidar - Série CanÉlévation,LiDAR Point Clouds - CanElevation Series - Product Specifications,Nuages de points lidar - Série CanÉlévation - Spécifications de produit,Natural Resources Canada , Ressources naturelles Canada
"Sep 1, 2026",1.0,706a6d1a-df8e-40e3-8e0c-94211025c528,23d5b4bb-644e-4f9a-9c07-e4e8f75e6249,2022-12-26,2026-05-26,2026-05-26,"Projects funded by the EVAFIDI, ZEVIP, and CHRI infrastructure programs","Projets financés par les programmes d'infrastructure IDIVECR, PIVEZ et IRRH","CHRI, ZEVIP and EVAFIDI (30-06-2025)","IRRH, PIVEZ et IDIVECR (30-06-2025)",Natural Resources Canada , Ressources naturelles Canada
"Sep 1, 2026",1.0,706a6d1a-df8e-40e3-8e0c-94211025c528,No resource,2022-12-26,2022-12-26,2026-05-26,"Projects funded by the EVAFIDI, ZEVIP, and CHRI infrastructure programs","Projets financés par les programmes d'infrastructure IDIVECR, PIVEZ et IRRH",No resources covered,Aucune ressource couverte,Natural Resources Canada , Ressources naturelles Canada
"Sep 1, 2026",2.0,70ef2117-1095-4d77-80eb-b87f2bada2a4,ab35c449-ef35-40cf-bf96-0b0589c1eba5,2016-09-24,2016-11-02,2026-08-10,Lobbying Registrations,Enregistrements de lobbying,Lobbying Registrations,Enregistrements de lobbying,Office of the Commissioner of Lobbying of Canada , Commissariat au lobbying du Canada
"Sep 1, 2026",1.0,71124206-d0d1-41c1-ac97-fb72e1ee5b93,56c91472-106f-4e02-9e68-c476c15db782,2020-06-11,2020-06-11,2025-03-06,Canadian Armed Forces Regular Force Promotions by Rank,Membres de la Force régulière des Forces armées canadiennes par rang,Canadian Armed Forces Regular Force Promotions by Rank,Membres de la Force régulière des Forces armées canadiennes par rang,National Defence , Défense nationale
"Sep 1, 2026",1.0,712e7355-91d7-7b4f-9d46-1e7b5561cd95,90276820-c02b-45fb-9e5e-8c0fad968a20,2021-04-20,2026-04-17,2026-04-17,"Student enrolment by school by grade by year, as of September 30","Effectif scolaire par école selon l'année d'études, au 30 septembre","Student enrolment by school by grade by year, as of September 30 (CSV Excel)","Effectif scolaire par école selon l'année d'études, au 30 septembre (CSV Excel)",Government of New Brunswick , Gouvernement du Nouveau-Brunswick
"Sep 1, 2026",2.0,712e7355-91d7-7b4f-9d46-1e7b5561cd95,9a3184bd-4618-4418-b7ad-65f68be9fe64,2021-04-20,2026-04-17,2026-04-17,"Student enrolment by school by grade by year, as of September 30","Effectif scolaire par école selon l'année d'études, au 30 septembre","Student enrolment by school by grade by year, as of September 30 (CSV)","Effectif scolaire par école selon l'année d'études, au 30 septembre (CSV)",Government of New Brunswick , Gouvernement du Nouveau-Brunswick
"Sep 1, 2026",2.0,712e7355-91d7-7b4f-9d46-1e7b5561cd95,No resource,2021-04-20,2021-04-20,2026-04-17,"Student enrolment by school by grade by year, as of September 30","Effectif scolaire par école selon l'année d'études, au 30 septembre",No resources covered,Aucune ressource couverte,Government of New Brunswick , Gouvernement du Nouveau-Brunswick
"Sep 1, 2026",2.0,71bd9fb2-03db-4a3e-9d81-261d88bc79c6,02d35a74-f891-4cad-8ca2-453a70c18f50,2023-04-05,2026-04-17,2026-04-17,Alberta Tourism Market Monitor,Moniteur du marché touristique de l'Alberta,Alberta Tourism Market Monitor: September 2021,Moniteur du marché touristique de l'Alberta : septembre 2021,Government of Alberta , Gouvernement de l'Alberta
"Sep 1, 2026",1.0,71bd9fb2-03db-4a3e-9d81-261d88bc79c6,No resource,2023-04-05,2023-04-05,2026-04-17,Alberta Tourism Market Monitor,Moniteur du marché touristique de l'Alberta,No resources covered,Aucune ressource couverte,Government of Alberta , Gouvernement de l'Alberta
"Sep 1, 2026",4.0,71bfc122-cd4c-4526-92e7-b5bd8572c3ab,55d9bcf8-7964-42c4-ad82-8b3205dbae53,2016-09-24,2016-12-01,2024-06-11,Companies Registered with Transport Canada to affix the National Safety Mark,Entreprises enregistrées avec Transports Canada pour apposer la Marque nationale de sécurité ,Vehicle Manufacturers Registered with Transport Canada,Liste de Constructeurs de Véhicules Automobiles Enregistrés avec Transports Canada,Transport Canada , Transports Canada
"Sep 1, 2026",3.0,71bfc122-cd4c-4526-92e7-b5bd8572c3ab,6f961cfb-bea6-428d-915a-9815311ff932,2016-09-24,2016-12-01,2024-06-11,Companies Registered with Transport Canada to affix the National Safety Mark,Entreprises enregistrées avec Transports Canada pour apposer la Marque nationale de sécurité ,Vehicle Manufacturers Registered with Transport Canada,Liste de Constructeurs de Véhicules Automobiles Enregistrés avec Transports Canada,Transport Canada , Transports Canada
"Sep 1, 2026",3.0,71bfc122-cd4c-4526-92e7-b5bd8572c3ab,No resource,2016-09-24,2016-09-24,2024-06-11,Companies Registered with Transport Canada to affix the National Safety Mark,Entreprises enregistrées avec Transports Canada pour apposer la Marque nationale de sécurité ,No resources covered,Aucune ressource couverte,Transport Canada , Transports Canada
"Sep 1, 2026",1.0,71bfc122-cd4c-4526-92e7-b5bd8572c3ab,efc25294-d510-4ad2-b481-48d04cb3ac3b,2016-09-24,2016-12-01,2024-06-11,Companies Registered with Transport Canada to affix the National Safety Mark,Entreprises enregistrées avec Transports Canada pour apposer la Marque nationale de sécurité ,VMRTC Metadata,Métadonnées CVAETC,Transport Canada , Transports Canada
"Sep 1, 2026",1.0,71c25df1-0577-43f7-b9f8-95cc321e7cbc,744d904b-9eca-459d-b8bf-5c3cac281fe6,2023-02-27,2026-03-24,2026-03-24,Herring Roe Fishery Catch Data,Données sur les prises de la pêche du hareng rogué,Herring roe fishery catch data -- Other,Données sur les captures de la pêche à la rogue de hareng -- Autres,Fisheries and Oceans Canada , Pêches et Océans Canada
"Sep 1, 2026",1.0,71c25df1-0577-43f7-b9f8-95cc321e7cbc,9101e7db-4524-4216-b663-87f73c82627f,2023-02-27,2026-03-24,2026-03-24,Herring Roe Fishery Catch Data,Données sur les prises de la pêche du hareng rogué,Data Dictionary,Dictionnaire de données,Fisheries and Oceans Canada , Pêches et Océans Canada
"Sep 1, 2026",1.0,71c930b9-563a-46da-a10f-ead49ccbc390,No resource,2020-06-05,2020-06-05,2026-01-28,Health Service Delivery Area Boundaries,Limites des zones de prestation de services de santé,No resources covered,Aucune ressource couverte,Government of British Columbia , Gouvernment de la Colombie-Britannique
"Sep 1, 2026",2.0,7227639f-78cd-5271-a7b4-fbe14eaeb519,25ec8b53-e6c2-456c-93f9-f8f525c0785e,2016-09-24,2017-01-26,2017-01-26,The 37th Parliament,Le 37e Parlement,Download English JPG through HTTP,Télécharger le fichier en format Anglais JPG via HTTP,Natural Resources Canada , Ressources naturelles Canada
"Sep 1, 2026",1.0,7320b4ee-39d1-4bc2-a7fe-74259ec162d1,0e9d7be8-9d77-484a-a923-4a3a60daac44,2022-05-12,2026-06-24,2026-06-24,Oils Authenticity Summary Data ,Résumé des données sur l’authenticité des huiles,Oils Authenticity Summary Data – 2024-2025,Résumé des données sur l’authenticité des huiles – 2024-2025,Canadian Food Inspection Agency , Agence canadienne d'inspection des aliments
"Sep 1, 2026",2.0,7320b4ee-39d1-4bc2-a7fe-74259ec162d1,69dba150-1258-49e0-b993-a7f3264dcb70,2022-05-12,2026-06-24,2026-06-24,Oils Authenticity Summary Data ,Résumé des données sur l’authenticité des huiles,Supplemental Information for the Oils Authenticity Surveillance Summary Results 2024-2025,Informations complémentaires relatives aux résultats sommaires du programme de surveillance de l'authenticité des huiles 2024-2025,Canadian Food Inspection Agency , Agence canadienne d'inspection des aliments
"Sep 1, 2026",1.0,736fa9b2-62e4-4e31-aea4-51869605b363,No resource,2024-06-04,2024-06-04,2026-01-09,Canadian Postsecondary Education Alcohol and Drug Use Survey (CPADS): Public Use Microdata File,Enquête canadienne sur la consommation d’alcool et de drogue dans les établissements d’enseignement postsecondaire (ECCADEEP) : fichier de microdonnées à grande diffusion,No resources covered,Aucune ressource couverte,Health Canada , Santé Canada
"Sep 1, 2026",1.0,736fa9b2-62e4-4e31-aea4-51869605b363,d2639429-c304-45a6-90b3-770562f4d46d,2024-06-04,2024-06-04,2026-01-09,Canadian Postsecondary Education Alcohol and Drug Use Survey (CPADS): Public Use Microdata File,Enquête canadienne sur la consommation d’alcool et de drogue dans les établissements d’enseignement postsecondaire (ECCADEEP) : fichier de microdonnées à grande diffusion,2021–2022 CPADS: PUMF — Data,2021–2022 ECCADEEP : FMGD — Données,Health Canada , Santé Canada
"Sep 1, 2026",2.0,73dbaaca-24b6-4c04-bd52-e7b7ab0c3d8f,33d9ad31-c385-4267-952d-807005b7b480,2016-09-26,2025-02-25,2025-02-25,Tribal Councils Location,Localisation des conseils tribaux,Pre-packaged CSV file,Fichier CSV pré-emballé,Crown-Indigenous Relations and Northern Affairs Canada , Relations Couronne-Autochtones et Affaires du Nord Canada
"Sep 1, 2026",1.0,73dbaaca-24b6-4c04-bd52-e7b7ab0c3d8f,8b95f07b-f097-4f40-b280-2e62d85db1f9,2016-09-26,2025-02-25,2025-02-25,Tribal Councils Location,Localisation des conseils tribaux,Relation Table - Tribal Councils and First Nations,Table de relation - Conseils tribaux et Premières Nations,Crown-Indigenous Relations and Northern Affairs Canada , Relations Couronne-Autochtones et Affaires du Nord Canada
"Sep 1, 2026",2.0,742b4dcb-b834-46c9-93b7-6878bb0ae295,No resource,2021-03-24,2021-03-24,2025-10-27,Historical and current Canadian Armed Forces pay scales for Regular Force and Class C Officers,Échelles salariales historiques et actuelles des Forces armées canadiennes pour les officiers de la Force régulière et de la classe C,No resources covered,Aucune ressource couverte,National Defence , Défense nationale
"Sep 1, 2026",4.0,742b4dcb-b834-46c9-93b7-6878bb0ae295,a56fc93a-c40c-458f-8e30-f4156cb6fc33,2021-03-24,2025-08-19,2025-10-27,Historical and current Canadian Armed Forces pay scales for Regular Force and Class C Officers,Échelles salariales historiques et actuelles des Forces armées canadiennes pour les officiers de la Force régulière et de la classe C,Historical and current Canadian Armed Forces pay scales for Regular Force and Class C Officers,Échelles salariales historiques et actuelles des Forces armées canadiennes pour les officiers de la Force régulière et de la classe C,National Defence , Défense nationale
"Sep 1, 2026",1.0,746709f1-c729-44a1-ba84-7be5eadd3664,No resource,2020-01-16,2020-01-16,2026-08-10,Historic Insolvency Statistics - Monthly (from 1987),Statistiques sur l'insolvabilité historique - mensuels (à partir de 1987),No resources covered,Aucune ressource couverte,"Innovation, Science and Economic Development Canada "," Innovation, Sciences et Développement économique Canada"
"Sep 1, 2026",2.0,74861f0c-1189-42aa-b7d3-aa18d82392a3,No resource,2023-10-04,2023-10-04,2023-10-04,"Population counts, for census metropolitan areas, census agglomerations, population centres and rural areas","Chiffres de population, régions métropolitaines de recensement, agglomérations de recensement, centres de population et régions rurales",No resources covered,Aucune ressource couverte,Statistics Canada , Statistique Canada
"Sep 1, 2026",2.0,749812b5-4b11-4483-a8ad-9ab2c6618239,4db67a4d-58e6-43d8-928b-db822ad23c1f,2018-06-27,2026-08-28,2026-08-28,"Compensation of employees, Canada, quarterly","Rémunération des salariés, Canada, trimestriel",Dataset,Ensembles de données,Statistics Canada , Statistique Canada
"Sep 1, 2026",2.0,74f2472e-5bb9-4d2d-8be5-0931c96eeeff,22cef5c8-5f6c-4db6-ab32-21fad5adfaa2,2020-09-14,2026-08-26,2026-08-26,GNSS data,Données GNSS,GNSS sensor stations,Stations de captage GNSS,Government and Municipalities of Québec , Gouvernement et municipalités du Québec
"Sep 1, 2026",1.0,74f2472e-5bb9-4d2d-8be5-0931c96eeeff,54f04de4-d796-41cb-8cb0-7ca11e8f2f42,2020-09-14,2026-08-26,2026-08-26,GNSS data,Données GNSS,Status of GNSS stations,État des stations GNSS,Government and Municipalities of Québec , Gouvernement et municipalités du Québec
"Sep 1, 2026",1.0,74f2472e-5bb9-4d2d-8be5-0931c96eeeff,No resource,2020-09-14,2020-09-14,2026-08-26,GNSS data,Données GNSS,No resources covered,Aucune ressource couverte,Government and Municipalities of Québec , Gouvernement et municipalités du Québec
"Sep 1, 2026",1.0,754ed5fa-774c-9a0a-60f6-a8e3f9af292f,No resource,2022-04-14,2022-04-14,2026-08-12,Department of Opportunities and Social Development Offices,Bureaux du Département des opportunités et du développement social,No resources covered,Aucune ressource couverte,Government of Nova Scotia , Gouvernment de la Nouvelle-Écosse
"Sep 1, 2026",1.0,7562ebc0-4110-4161-a6d3-5f3f32ffab95,No resource,2018-06-27,2018-06-27,2026-08-27,"Balance of international payments, financial account, quarterly","Balance des paiements internationaux, compte financier, trimestriel",No resources covered,Aucune ressource couverte,Statistics Canada , Statistique Canada
"Sep 1, 2026",1.0,756bc907-34bb-4b33-9a87-b3c1a6c3f292,126b3794-1cde-4d84-903f-ee75d6951d8a,2022-09-16,2026-04-30,2026-04-30,Greenhouse gas emissions from large facilities - Interactive map,Émissions de gaz à effet de serre des installations d'envergure - Carte interactive,"Greenhouse gas emissions from large facilities, Canada, 2024 – English (CSV; 916 kB)","Émissions de gaz à effet de serre provenant des installations d'envergure, Canada, 2024 – Anglais (CSV; 916 ko)",Environment and Climate Change Canada , Environnement et Changement climatique Canada
"Sep 1, 2026",2.0,757bb61a-a5c5-4f38-947b-0130355a7917,No resource,2025-12-03,2025-12-03,2026-08-26,Quebec lidar data,Données lidar du Québec,No resources covered,Aucune ressource couverte,Government and Municipalities of Québec , Gouvernement et municipalités du Québec
"Sep 1, 2026",1.0,75a954ee-8fb8-a70b-0d70-0a2e788e5c66,No resource,2023-04-22,2023-04-22,2025-02-05,Provincial Weight Class Map,Carte des catégories de poids provinciales,No resources covered,Aucune ressource couverte,Government of Saskatchewan , Gouvernement de la Saskatchewan
"Sep 1, 2026",1.0,76b524a3-8535-46d2-8cd8-36b2b0d81873,No resource,2020-11-27,2020-11-27,2026-06-29,UTM (Universal Transverse Mercator) 5 Km Grid,Quadrillage UTM (transverse universelle de Mercator) de 5 km,No resources covered,Aucune ressource couverte,Government of Ontario , Gouvernement de l'Ontario
"Sep 1, 2026",1.0,76c5b564-94d2-4dc3-b3b8-64c19ff44399,06e9f4a1-3131-4449-89c1-2da69fd6a62b,2018-06-27,2025-04-29,2025-04-29,Selected characteristics of tax filers with Registered Retirement Savings Plan (RRSP) contributions,Certaines caractéristiques des déclarants ayant des cotisations à un Régime enregistré d'épargne-retraite (REER),Dataset,Ensembles de données,Statistics Canada , Statistique Canada
"Sep 1, 2026",1.0,76c5b564-94d2-4dc3-b3b8-64c19ff44399,No resource,2018-06-27,2018-06-27,2025-04-29,Selected characteristics of tax filers with Registered Retirement Savings Plan (RRSP) contributions,Certaines caractéristiques des déclarants ayant des cotisations à un Régime enregistré d'épargne-retraite (REER),No resources covered,Aucune ressource couverte,Statistics Canada , Statistique Canada
"Sep 1, 2026",1.0,76defa14-473e-41e2-abfa-60021c4d934b,03cc5cdc-c678-42b4-99cd-e9aff45ccdd4,2016-09-24,2016-12-01,2024-11-21,Temporary Foreign Worker Program Labour Market Impact Assessment Statistics 2018-2025,Statistiques du Programme des travailleurs étrangers temporaires sur l'évaluation de l'impact sur le marché du travail 2018-2025,"Table 08: Number of temporary foreign worker (TFW) positions on positive Labour Market Impact Assessments (LMIAs) issued for caregivers by National Occupational Classification - 2011 (NOC), and province/territory between 2016 and 2023","Tableau 08: Nombre de postes de travailleurs étrangers temporaires (TET) visés par une Études d'impact sur le marché du travail (EIMT) positive, émises pour les fournisseurs de soins, selon la Classification nationale des professions - 2011 (CNP), par province et territoire entre 2016 et 2023",Employment and Social Development Canada , Emploi et Développement social Canada
"Sep 1, 2026",1.0,76defa14-473e-41e2-abfa-60021c4d934b,1711c1fb-402d-4948-af75-ba985dd078d4,2016-09-24,2016-12-01,2026-03-16,Temporary Foreign Worker Program Labour Market Impact Assessment Statistics 2018-2025,Statistiques du Programme des travailleurs étrangers temporaires sur l'évaluation de l'impact sur le marché du travail 2018-2025,Table 03: Number of temporary foreign worker (TFW) positions on positive Labour Market Impact Assessments (LMIAs) by economic region and province/territory between 2018 and 2025,"Tableau 03: Nombre de postes de travailleurs étrangers temporaires (TET) visés par les études d’impact sur le marché du travail (EIMT) positives, par région économique, selon la province ou le territoire entre 2018 et 2025",Employment and Social Development Canada , Emploi et Développement social Canada
"Sep 1, 2026",2.0,76defa14-473e-41e2-abfa-60021c4d934b,3694bede-7115-4e87-b5b9-bf8a30e49adc,2016-09-24,2016-12-01,2026-03-16,Temporary Foreign Worker Program Labour Market Impact Assessment Statistics 2018-2025,Statistiques du Programme des travailleurs étrangers temporaires sur l'évaluation de l'impact sur le marché du travail 2018-2025,Table 02: Number of temporary foreign worker (TFW) positions on positive Labour Market Impact Assessments (LMIAs) by census sub division  and province/territory between 2018 and 2025,"Tableau 02: Nombre de postes de travailleurs étrangers temporaires (TET) visés par les études d’impact sur le marché du travail (EIMT) positives, par sous-division de recensement, selon la province ou le territoire entre 2018 et 2025",Employment and Social Development Canada , Emploi et Développement social Canada
"Sep 1, 2026",1.0,76defa14-473e-41e2-abfa-60021c4d934b,41883787-def4-4cdd-bccd-71d76b32d9d0,2016-09-24,2016-12-01,2026-03-16,Temporary Foreign Worker Program Labour Market Impact Assessment Statistics 2018-2025,Statistiques du Programme des travailleurs étrangers temporaires sur l'évaluation de l'impact sur le marché du travail 2018-2025,"Table 07: Number of temporary foreign worker (TFW) positions on positive Labour Market Impact Assessments (LMIAs) by National Occupational Classification - 2021 (NOC), and province/territory between 2018 and 2025","Tableau 07: Nombre de postes de travailleurs étrangers temporaires (TET) visés par une Études d'impact sur le marché du travail (EIMT) positive, selon la Classification nationale des professions - 2021 (CNP), par province et territoire entre 2018 et 2025",Employment and Social Development Canada , Emploi et Développement social Canada
"Sep 1, 2026",1.0,76defa14-473e-41e2-abfa-60021c4d934b,4b168d19-8abb-474c-b7ac-5dde1073df03,2016-09-24,2020-03-09,2026-03-16,Temporary Foreign Worker Program Labour Market Impact Assessment Statistics 2018-2025,Statistiques du Programme des travailleurs étrangers temporaires sur l'évaluation de l'impact sur le marché du travail 2018-2025,Table 14: Number of positive Labour Market Impact Assessments (LMIA) by stream and province / territory between 2018 and 2025,Tableau 14: Nombre d'évaluation d’impact sur le marché du travail (EIMT) positives par volet de programme et province/territoire entre 2018 et 2025,Employment and Social Development Canada , Emploi et Développement social Canada
"Sep 1, 2026",1.0,76defa14-473e-41e2-abfa-60021c4d934b,5b7e86ae-ebac-4c9e-a480-58ec36f3a87c,2016-09-24,2016-12-01,2026-03-16,Temporary Foreign Worker Program Labour Market Impact Assessment Statistics 2018-2025,Statistiques du Programme des travailleurs étrangers temporaires sur l'évaluation de l'impact sur le marché du travail 2018-2025,Table 13: Number of temporary foreign worker (TFW) positions on positive Labour Market Impact Assessments (LMIAs) by stream by province/territory between 2018 and 2025,"Tableau 13: Nombre de postes de travailleurs étrangers temporaires (TET) visés par les études d’impact sur le marché du travail (EIMT) positives, par volet et  province ou territoire entre 2018 et 2025",Employment and Social Development Canada , Emploi et Développement social Canada
"Sep 1, 2026",1.0,76defa14-473e-41e2-abfa-60021c4d934b,87b478ff-e73f-433b-8d93-d0ba847bd176,2016-09-24,2016-12-01,2026-03-16,Temporary Foreign Worker Program Labour Market Impact Assessment Statistics 2018-2025,Statistiques du Programme des travailleurs étrangers temporaires sur l'évaluation de l'impact sur le marché du travail 2018-2025,"Table 04: Number of temporary foreign worker (TFW) positions on positive Labour Market Impact Assessments (LMIAs) by National Occupational Classification - 2021 (NOC) training, education, experience and responsibilities (TEER), and province/territory between 2018 and 2025","Tableau 04: Nombre de postes de travailleurs étrangers temporaires (TET) faisant l'objet d'évaluations d'impact sur le marché du travail (EIMT) positives par Classification nationale des professions - 2021 (CNP), formation, scolarité, expérience et responsabilités (TEER) et province/territoire entre 2018 et 2025",Employment and Social Development Canada , Emploi et Développement social Canada
"Sep 1, 2026",2.0,76defa14-473e-41e2-abfa-60021c4d934b,a799d4c0-4f00-4624-a4dc-389f81ee381b,2016-09-24,2016-12-01,2026-03-16,Temporary Foreign Worker Program Labour Market Impact Assessment Statistics 2018-2025,Statistiques du Programme des travailleurs étrangers temporaires sur l'évaluation de l'impact sur le marché du travail 2018-2025,Table 01 : Number of temporary foreign worker (TFW) positions on positive Labour Market Impact Assessments (LMIAs) by province/territory between 2018 and 2025,"Tableau 01 : Nombre de postes de travailleurs étrangers temporaires (TET) visés par les études d’impact sur le marché du travail (EIMT) positives, selon la province ou le territoire entre 2018 et 2025",Employment and Social Development Canada , Emploi et Développement social Canada
"Sep 1, 2026",1.0,76defa14-473e-41e2-abfa-60021c4d934b,a89d69d2-37bf-47dd-a8e9-3b3328eaaabb,2016-09-24,2016-12-01,2026-03-16,Temporary Foreign Worker Program Labour Market Impact Assessment Statistics 2018-2025,Statistiques du Programme des travailleurs étrangers temporaires sur l'évaluation de l'impact sur le marché du travail 2018-2025,Table 11: Number of employers who received at least one positive or negative Labour Market Impact Assessment (LMIA) by province/territory between 2018 and 2025,"Tableau 11: Nombre d'employeurs ayant reçu au moins une étude d'impact sur le marché du travail (EIMT) positive ou négative, selon la province ou le territoire entre 2018 et 2025",Employment and Social Development Canada , Emploi et Développement social Canada
"Sep 1, 2026",1.0,76defa14-473e-41e2-abfa-60021c4d934b,b5bc6a75-b893-4760-a170-e402e2f12c3d,2016-09-24,2016-12-01,2026-03-16,Temporary Foreign Worker Program Labour Market Impact Assessment Statistics 2018-2025,Statistiques du Programme des travailleurs étrangers temporaires sur l'évaluation de l'impact sur le marché du travail 2018-2025,Table 09: Number of temporary foreign worker (TFW) positions on positive Labour Market Impact Assessments (LMIAs) under the Primary Agriculture stream by province/territory between 2018 and 2025,"Tableau 09: Nombre de postes de travailleurs étrangers temporaires (TET) visés par les études d'impact sur le marché du travail (EIMT) positives émisent dans le cadre du volet agriculture primaire, selon la province ou le territoire entre 2018 et 2025",Employment and Social Development Canada , Emploi et Développement social Canada
"Sep 1, 2026",1.0,76defa14-473e-41e2-abfa-60021c4d934b,bcab4f8f-18a3-4ed7-9c2e-751bdf6f4f0a,2016-09-24,2016-12-01,2026-03-16,Temporary Foreign Worker Program Labour Market Impact Assessment Statistics 2018-2025,Statistiques du Programme des travailleurs étrangers temporaires sur l'évaluation de l'impact sur le marché du travail 2018-2025,"Table 10: Top countries of residency according to the number of temporary foreign worker (TFW) positions on positive Labour Market Impact Assessments (LMIAs), by province/territory between 2022 and 2025","Tableau 10: Principaux pays de résidence, selon le nombre de postes de travailleurs étrangers temporaires (TET) visés par les études d'impact sur le marché du travail (EIMT) positives, selon la province ou le territoire entre 2022 et 2025",Employment and Social Development Canada , Emploi et Développement social Canada
"Sep 1, 2026",1.0,76defa14-473e-41e2-abfa-60021c4d934b,c036999b-cf6c-446a-b432-36607c6aebd4,2016-09-24,2016-12-01,2024-11-21,Temporary Foreign Worker Program Labour Market Impact Assessment Statistics 2018-2025,Statistiques du Programme des travailleurs étrangers temporaires sur l'évaluation de l'impact sur le marché du travail 2018-2025,"Table 05: Number of temporary foreign worker (TFW) positions on positive Labour Market Impact Assessments (LMIAs) by National Occupational Classification - 2011 (NOC) skill type, and province/territory between 2016 and 2023","Tableau 05: Nombre de postes de travailleurs étrangers temporaires (TET) visés par les études d'impact sur le marché du travail (EIMT) positive, par type de compétence de la Classification nationale des professions - 2011 (CNP), selon la province ou le territoire entre 2016 et 2023",Employment and Social Development Canada , Emploi et Développement social Canada
"Sep 1, 2026",1.0,76defa14-473e-41e2-abfa-60021c4d934b,e3db2ebf-3281-40ba-b293-1927f9362ded,2016-09-24,2016-12-01,2026-03-16,Temporary Foreign Worker Program Labour Market Impact Assessment Statistics 2018-2025,Statistiques du Programme des travailleurs étrangers temporaires sur l'évaluation de l'impact sur le marché du travail 2018-2025,Table 06: Number of temporary foreign worker (TFW) positions on positive Labour Market Impact Assessments (LMIAs) by North American Industry Classification System - 2002 (NAICS) and province/territory between 2018 and 2025,"Tableau 06: Nombre de postes de travailleurs étrangers temporaires (TET) visés par les études d’impact sur le marché du travail (EIMT) positives, par secteur d’industrie  du Système de classification des industries de l'Amérique du Nord (SCIAN), selon la province ou le territoire entre 2018 et 2025",Employment and Social Development Canada , Emploi et Développement social Canada
"Sep 1, 2026",1.0,76defa14-473e-41e2-abfa-60021c4d934b,e80c80e1-a77c-423a-9b5b-0e7657324a2f,2016-09-24,2020-03-09,2026-03-16,Temporary Foreign Worker Program Labour Market Impact Assessment Statistics 2018-2025,Statistiques du Programme des travailleurs étrangers temporaires sur l'évaluation de l'impact sur le marché du travail 2018-2025,Table 12: Number of temporary foreign worker (TFW) positions on requested Labour Market Impact Assessments (LMIAs) by province/territory between 2018 and 2025,"Tableau 12: Nombre de postes de travailleurs étrangers temporaires (TET) demandés sur les études d’impact sur le marché du travail (EIMT), selon la province ou le territoire entre 2018 et 2025",Employment and Social Development Canada , Emploi et Développement social Canada
"Sep 1, 2026",1.0,772087ee-e11f-42a8-ab6b-a175d6c6e249,No resource,2020-09-14,2020-09-14,2026-05-27,Inventory of vacant buildings in Ville-Marie,Inventaire des bâtiments vacants de Ville-Marie,No resources covered,Aucune ressource couverte,Government and Municipalities of Québec , Gouvernement et municipalités du Québec
"Sep 1, 2026",2.0,791de1ec-7fc8-48f1-a4e4-8bbaebc67080,0078679e-6e99-4cee-b1a6-0980991d9783,2022-05-05,2022-05-05,2026-01-19,"Single Window Initiative, Integrated Import Declaration (IID) - Regulated Commodities - Data Element Matching Criteria Table","Initiative du guichet unique, Déclaration intégrée des importations (DII) - Marchandises réglementées — tables de critères de correspondance des éléments de données",HC - CBSA SW Matching Criteria,SC - ASFC GU Marchandises réglementées,Canada Border Services Agency , Agence des services frontaliers du Canada
"Sep 1, 2026",2.0,791de1ec-7fc8-48f1-a4e4-8bbaebc67080,40a12fc0-10fc-45fa-ab90-ff9f40539b93,2022-05-05,2022-05-05,2025-10-30,"Single Window Initiative, Integrated Import Declaration (IID) - Regulated Commodities - Data Element Matching Criteria Table","Initiative du guichet unique, Déclaration intégrée des importations (DII) - Marchandises réglementées — tables de critères de correspondance des éléments de données",NRCan - CBSA SW Matching Criteria,RNCan - ASFC GU Marchandises réglementées,Canada Border Services Agency , Agence des services frontaliers du Canada
"Sep 1, 2026",1.0,791de1ec-7fc8-48f1-a4e4-8bbaebc67080,5df5c450-561e-4cd3-9f6c-e2bf3fb83fd2,2022-05-05,2022-05-05,2026-05-27,"Single Window Initiative, Integrated Import Declaration (IID) - Regulated Commodities - Data Element Matching Criteria Table","Initiative du guichet unique, Déclaration intégrée des importations (DII) - Marchandises réglementées — tables de critères de correspondance des éléments de données",ECCC - CBSA SW Matching Criteria,ECCC - ASFC GU Marchandises réglementées,Canada Border Services Agency , Agence des services frontaliers du Canada
"Sep 1, 2026",1.0,791de1ec-7fc8-48f1-a4e4-8bbaebc67080,8726f371-eb34-4fee-984a-8e97b5115e56,2022-05-05,2022-05-05,2026-05-12,"Single Window Initiative, Integrated Import Declaration (IID) - Regulated Commodities - Data Element Matching Criteria Table","Initiative du guichet unique, Déclaration intégrée des importations (DII) - Marchandises réglementées — tables de critères de correspondance des éléments de données",CFIA - CBSA SW Matching Criteria,ACIA - ASFC GU Marchandises réglementées,Canada Border Services Agency , Agence des services frontaliers du Canada
"Sep 1, 2026",8.0,791de1ec-7fc8-48f1-a4e4-8bbaebc67080,No resource,2022-05-05,2022-05-05,2026-07-16,"Single Window Initiative, Integrated Import Declaration (IID) - Regulated Commodities - Data Element Matching Criteria Table","Initiative du guichet unique, Déclaration intégrée des importations (DII) - Marchandises réglementées — tables de critères de correspondance des éléments de données",No resources covered,Aucune ressource couverte,Canada Border Services Agency , Agence des services frontaliers du Canada
"Sep 1, 2026",10.0,791de1ec-7fc8-48f1-a4e4-8bbaebc67080,a709204d-5d3f-4f35-8414-a567b37ec872,2022-05-05,2022-05-05,2026-07-15,"Single Window Initiative, Integrated Import Declaration (IID) - Regulated Commodities - Data Element Matching Criteria Table","Initiative du guichet unique, Déclaration intégrée des importations (DII) - Marchandises réglementées — tables de critères de correspondance des éléments de données",All PGA Programs - CBSA SW Matching Criteria,Tous les programmes OGP - ASFC GU Marchandises réglementées,Canada Border Services Agency , Agence des services frontaliers du Canada
"Sep 1, 2026",1.0,791de1ec-7fc8-48f1-a4e4-8bbaebc67080,b9c04c85-4395-4d14-adf4-a20991a18298,2022-05-05,2022-05-05,2026-07-15,"Single Window Initiative, Integrated Import Declaration (IID) - Regulated Commodities - Data Element Matching Criteria Table","Initiative du guichet unique, Déclaration intégrée des importations (DII) - Marchandises réglementées — tables de critères de correspondance des éléments de données",All PGA Programs - CBSA SW Matching Criteria,Tous les programmes OGP - ASFC GU Marchandises réglementées,Canada Border Services Agency , Agence des services frontaliers du Canada
"Sep 1, 2026",1.0,79c99c29-deff-4093-9c55-fde484d20028,No resource,2025-09-29,2025-09-29,2026-08-23,Loan companies,Sociétés de prêt,No resources covered,Aucune ressource couverte,Office of the Superintendent of Financial Institutions Canada , Bureau du surintendant des institutions financières Canada
"Sep 1, 2026",1.0,79c99c29-deff-4093-9c55-fde484d20028,d5e1e6e8-c13c-4224-8b22-521a1661a0ee,2025-09-29,2025-10-09,2026-08-21,Loan companies,Sociétés de prêt,M4 - Consolidated Balance Sheet (Active),M4 - Bilan consolidé (Actif)​,Office of the Superintendent of Financial Institutions Canada , Bureau du surintendant des institutions financières Canada
"Sep 1, 2026",1.0,79df93d5-d310-4b39-8d6f-8faa5f3995ba,No resource,2025-01-24,2025-01-24,2026-01-09,"Labour force characteristics by province, territory and economic region, annual","Caractéristiques de la population active selon la province, le territoire et la région économique, données annuelles",No resources covered,Aucune ressource couverte,Statistics Canada , Statistique Canada
"Sep 1, 2026",1.0,79fdad93-9025-49ad-ba16-c26d718cc070,No resource,2020-06-19,2020-06-19,2026-04-24,Canadian Wind Turbine Database,Base de données canadienne sur les éoliennes,No resources covered,Aucune ressource couverte,Natural Resources Canada , Ressources naturelles Canada
"Sep 1, 2026",1.0,7a049187-cf29-4ffe-9028-235b95c61fa3,e4f557c9-8c85-4160-99e4-71d1a6bed5d4,2021-01-27,2026-08-26,2026-08-26,Private school contact information,Coordonnées des écoles privées,Private school contact information,Coordonnées des écoles privées,Government of Ontario , Gouvernement de l'Ontario
"Sep 1, 2026",1.0,7a098ea9-cc31-4d79-b326-89f6cd1fbb7d,786c2c73-2536-4f0f-9a63-6feece9ee48a,2022-08-16,2025-12-08,2025-12-08,2020 AAFC Land Use,L'utilisation des terres d’AAC (2020),Landuse classifications,Classifications d'utilisation des terres,Agriculture and Agri-Food Canada , Agriculture et Agroalimentaire Canada
"Sep 1, 2026",1.0,7a5cda52-c7df-427f-9ced-26f19a8a64d6,d2a8ad16-8b6a-4989-9f58-52d0abb85381,2019-02-26,2026-02-10,2026-02-10,Automatically Extracted Buildings,Bâtiments extraits automatiquement,Product Specifications,Spécifications du produit,Natural Resources Canada , Ressources naturelles Canada
"Sep 1, 2026",1.0,7a5cda52-c7df-427f-9ced-26f19a8a64d6,e4214872-2754-4a35-96ea-4521c8dd0b22,2019-02-26,2026-02-10,2026-02-10,Automatically Extracted Buildings,Bâtiments extraits automatiquement,Optimized Buildings Layer,Couche optimisée des bâtiments,Natural Resources Canada , Ressources naturelles Canada
"Sep 1, 2026",1.0,7ad7ea01-eb23-4824-bccc-66adb7c5bdf8,No resource,2016-09-24,2016-09-24,2025-07-21,Terrestrial Ecozones of Canada,Écozone terrestres du Canada,No resources covered,Aucune ressource couverte,Agriculture and Agri-Food Canada , Agriculture et Agroalimentaire Canada
"Sep 1, 2026",1.0,7ad7ea01-eb23-4824-bccc-66adb7c5bdf8,f532fa54-7069-4e9e-842e-75ba33372fa7,2016-09-24,2025-07-21,2025-07-21,Terrestrial Ecozones of Canada,Écozone terrestres du Canada,Pre-packaged GeoJSON files,Fichiers GeoJSON préemballés,Agriculture and Agri-Food Canada , Agriculture et Agroalimentaire Canada
"Sep 1, 2026",2.0,7c2c4f85-7305-4bf9-8268-54626fe2cb2b,No resource,2021-01-27,2021-01-27,2026-06-17,Ontario Child Benefit Equivalent (OCBE),Subvention équivalant à la Prestation ontarienne pour enfants (Subvention EPOE),No resources covered,Aucune ressource couverte,Government of Ontario , Gouvernement de l'Ontario
"Sep 1, 2026",1.0,7c3d7022-2631-45bc-8f6b-f3d51b7779a7,87c4a4fe-909a-4b8f-8650-945521e6b05a,2020-11-27,2026-05-27,2026-05-27,Ontario Digital Terrain Model (Lidar-Derived),Modèle numérique de terrain de l’Ontario (données dérivées de LiDAR),Ottawa-Gatineau 2019-20 - Package B (extracted from geohub),Ottawa-Gatineau 2019-2020 - Package B (extrait de geohub),Government of Ontario , Gouvernement de l'Ontario
"Sep 1, 2026",1.0,7d95e2f5-83de-4c3d-b642-f37f512edeb4,6b05104f-2fdb-4997-9255-63b3c24556ef,2026-04-27,2026-04-27,2026-04-27,Greenhouse gas emissions,Émissions de gaz à effet de serre,Greenhouse gas emissions – English (1.29 kB),"Émissions de gaz à effet de serre – Anglais (1,29 ko)",Environment and Climate Change Canada , Environnement et Changement climatique Canada
"Sep 1, 2026",1.0,7d95e2f5-83de-4c3d-b642-f37f512edeb4,No resource,2026-04-27,2026-04-27,2026-04-27,Greenhouse gas emissions,Émissions de gaz à effet de serre,No resources covered,Aucune ressource couverte,Environment and Climate Change Canada , Environnement et Changement climatique Canada
"Sep 1, 2026",1.0,7d95e2f5-83de-4c3d-b642-f37f512edeb4,fd360191-3b51-474e-b689-ada780645e79,2026-04-27,2026-04-27,2026-04-27,Greenhouse gas emissions,Émissions de gaz à effet de serre,Greenhouse gas emissions by province and territory – English (1.52 kB),"Émissions de gaz à effet de serre par province et territoire – Anglais (1,52 ko)",Environment and Climate Change Canada , Environnement et Changement climatique Canada
"Sep 1, 2026",1.0,7d99f548-b36d-3b82-bb7f-36c7fff71baa,dbcbfd02-d4f8-4e54-895f-865aad61f72f,2026-06-12,2026-06-12,2026-06-12,Average Annual Daily Traffic (AADT) Counts at Point Locations on the DTI Highway Network,Comptages du trafic moyen journalier annuel (TMJA) à des points précis du réseau routier MTI,Average Annual Daily Traffic (AADT) Counts at Point Locations on the DTI Highway Network (CSV),Comptages du trafic moyen journalier annuel (TMJA) à des points précis du réseau routier MTI (CSV),Government of New Brunswick , Gouvernement du Nouveau-Brunswick
"Sep 1, 2026",2.0,7dffedc4-23fa-440c-a36d-adf5a6cc09f1,No resource,2016-11-09,2016-11-09,2026-08-04,Pipeline Incident Data,Données sur les incidents pipeliniers,No resources covered,Aucune ressource couverte,Canada Energy Regulator , La Régie de l’énergie du Canada
"Sep 1, 2026",1.0,7dffedc4-23fa-440c-a36d-adf5a6cc09f1,cce956c1-556d-4fbb-bb24-20f46e1b39d0,2016-11-09,2016-11-09,2024-06-03,Pipeline Incident Data,Données sur les incidents pipeliniers,Pipeline Incident Data,Données sur les incidents pipeliniers,Canada Energy Regulator , La Régie de l’énergie du Canada
"Sep 1, 2026",1.0,7dffedc4-23fa-440c-a36d-adf5a6cc09f1,f424c3df-9ca3-4135-9cfb-0cc4f1d3307e,2016-11-09,2016-11-09,2024-06-03,Pipeline Incident Data,Données sur les incidents pipeliniers,Pipeline Incident Data,Données sur les incidents pipeliniers,Canada Energy Regulator , La Régie de l’énergie du Canada
"Sep 1, 2026",3.0,7ecfee4c-b6f5-45f8-9fd4-16976f55f8d9,No resource,2019-07-09,2019-07-09,2026-06-24,Honey Authenticity Summary Data,Résumé des données sur l'authenticité du miel,No resources covered,Aucune ressource couverte,Canadian Food Inspection Agency , Agence canadienne d'inspection des aliments
"Sep 1, 2026",4.0,7f245e4d-76c2-4caa-951a-45d1d2051333,No resource,2017-03-29,2017-03-29,2023-06-10,"Canadian Digital Elevation Model, 1945-2011","Modèle numérique d'élévation du Canada, 1945-2011",No resources covered,Aucune ressource couverte,Natural Resources Canada , Ressources naturelles Canada
"Sep 1, 2026",6.0,7f5b2c8f-f3e8-47b2-a5b6-0f736f3613eb,3f3a9648-35ed-4275-8b16-225bc7b15dc7,2020-08-25,2020-08-25,2026-03-27,City rate limits for accommodation of federal public servants,Limites de tarifs d'hébergement par ville pour les fonctionnaires fédéraux,Data file,Fichier de données,Public Services and Procurement Canada , Services publics et Approvisionnement Canada
"Sep 1, 2026",13.0,7f5b2c8f-f3e8-47b2-a5b6-0f736f3613eb,No resource,2020-08-25,2020-08-25,2026-03-27,City rate limits for accommodation of federal public servants,Limites de tarifs d'hébergement par ville pour les fonctionnaires fédéraux,No resources covered,Aucune ressource couverte,Public Services and Procurement Canada , Services publics et Approvisionnement Canada
"Sep 1, 2026",1.0,7f5b2c8f-f3e8-47b2-a5b6-0f736f3613eb,aa4a392d-12b5-47fc-bb54-954bc83ad2d3,2020-08-25,2020-08-25,2025-01-06,City rate limits for accommodation of federal public servants,Limites de tarifs d'hébergement par ville pour les fonctionnaires fédéraux,Data Dictionary,Dictionnaire de données,Public Services and Procurement Canada , Services publics et Approvisionnement Canada
"Sep 1, 2026",1.0,7f8c0451-8179-49ca-a93a-43dc381874ce,No resource,2025-09-17,2025-09-17,2026-08-26,Reprocessing of Yukon magnetic data for NTS 117B,Retraitement des données magnétiques du Yukon pour le NTS 117B,No resources covered,Aucune ressource couverte,Government of Yukon , Gouvernement du Yukon
"Sep 1, 2026",1.0,7fb9b092-e8be-45e4-8fcc-42ae91640fc9,9de8a11e-d421-415d-aff7-525beb580f16,2026-04-02,2026-08-11,2026-08-11,"Canadian international merchandise trade for total exports, domestic exports and re-exports, by country of destination and country of origin, customs-based, monthly","Commerce international de marchandises du Canada pour les exportations totales, les exportations nationales et les réexportations, selon le pays de destination et le pays d'origine, sur une base douanière, mensuel",Dataset,Ensembles de données,Statistics Canada , Statistique Canada
"Sep 1, 2026",1.0,800106c1-0b08-401e-8be2-ac45d62e662e,23b213b3-a4a4-4813-95f9-3916af57568c,2016-09-24,2018-08-29,2026-08-31,Television program logs,Registres de télévision ,BroadcastLogs_2018_Q3_M8,BroadcastLogs_2018_Q3_M8,Canadian Radio-television and Telecommunications Commission , Conseil de la radiodiffusion et des télécommunications canadiennes
"Sep 1, 2026",1.0,800106c1-0b08-401e-8be2-ac45d62e662e,5b1a3d87-5c4f-49c0-ab4d-49503c48a276,2016-09-24,2016-11-27,2026-08-31,Television program logs,Registres de télévision ,BroadcastLogs_2015_Q1_M2,BroadcastLogs_2015_Q1_M2,Canadian Radio-television and Telecommunications Commission , Conseil de la radiodiffusion et des télécommunications canadiennes
"Sep 1, 2026",38.0,800106c1-0b08-401e-8be2-ac45d62e662e,No resource,2016-09-24,2016-09-24,2026-08-31,Television program logs,Registres de télévision ,No resources covered,Aucune ressource couverte,Canadian Radio-television and Telecommunications Commission , Conseil de la radiodiffusion et des télécommunications canadiennes
"Sep 1, 2026",2.0,809e4442-983a-4943-a2a0-382ba39c227a,No resource,2021-01-27,2021-01-27,2026-07-01,ServiceOntario wait times (in-person),Temps d’attente à ServiceOntario (en personne),No resources covered,Aucune ressource couverte,Government of Ontario , Gouvernement de l'Ontario
"Sep 1, 2026",6.0,809e4442-983a-4943-a2a0-382ba39c227a,fec3e36b-2353-4ab9-bf24-f0d1a828a77d,2021-01-27,2026-07-01,2026-07-01,ServiceOntario wait times (in-person),Temps d’attente à ServiceOntario (en personne),ServiceOntario wait times (in-person),ServiceOntario wait times (in-person),Government of Ontario , Gouvernement de l'Ontario
"Sep 1, 2026",1.0,80c00cdb-1358-415c-bb8b-0de7f12675b8,1229e5a8-a507-4f80-8926-6e931ff9ad47,2026-03-06,2026-03-06,2026-05-28,2024 List of charities,Liste des organismes de bienfaisance 2024,Activities outside Canada - Exported goods,Activités à l'extérieur du Canada - articles exportés,Canada Revenue Agency , Agence du revenu du Canada
"Sep 1, 2026",1.0,80c00cdb-1358-415c-bb8b-0de7f12675b8,1e4f5e21-5de8-4fd0-bada-a8c93f2b893d,2026-03-06,2026-03-06,2026-05-28,2024 List of charities,Liste des organismes de bienfaisance 2024,Political Activities / Public Policy and Development Activities – Description,Activités politiques / Activité de politiques publique et de développement - Description,Canada Revenue Agency , Agence du revenu du Canada
"Sep 1, 2026",2.0,80c00cdb-1358-415c-bb8b-0de7f12675b8,1f16eb1b-cc03-4c95-a81c-0fdc0722c5ee,2026-03-06,2026-03-06,2026-05-28,2024 List of charities,Liste des organismes de bienfaisance 2024,Charitable Programs,Programmes de bienfaisance,Canada Revenue Agency , Agence du revenu du Canada
"Sep 1, 2026",1.0,80c00cdb-1358-415c-bb8b-0de7f12675b8,2160ad68-860e-4924-af63-a4eb70afa1f0,2026-03-06,2026-03-06,2026-05-28,2024 List of charities,Liste des organismes de bienfaisance 2024,Political Activities – Funding,Activités politiques – Financement de l’étranger,Canada Revenue Agency , Agence du revenu du Canada
"Sep 1, 2026",1.0,80c00cdb-1358-415c-bb8b-0de7f12675b8,37fe5088-b30c-4713-9a42-5a3e7e08fcb0,2026-03-06,2026-03-06,2026-05-28,2024 List of charities,Liste des organismes de bienfaisance 2024,Compensation,Compensation,Canada Revenue Agency , Agence du revenu du Canada
"Sep 1, 2026",2.0,80c00cdb-1358-415c-bb8b-0de7f12675b8,3eb35dcd-9b0c-4ae9-a45c-e5e481567c23,2026-03-06,2026-03-06,2026-05-28,2024 List of charities,Liste des organismes de bienfaisance 2024,Charities Businesses Directors/Officers,Directeurs/Officiers  ,Canada Revenue Agency , Agence du revenu du Canada
"Sep 1, 2026",1.0,80c00cdb-1358-415c-bb8b-0de7f12675b8,5d174c72-9dca-4961-88f2-fc8e6257941b,2026-03-06,2026-03-06,2026-05-28,2024 List of charities,Liste des organismes de bienfaisance 2024,Activities outside Canada - Financial resources used,Activités à l'extérieur du Canada - ressources financières utilisées,Canada Revenue Agency , Agence du revenu du Canada
"Sep 1, 2026",1.0,80c00cdb-1358-415c-bb8b-0de7f12675b8,600fa0f0-6410-493e-a891-1ac25ddf8004,2026-03-06,2026-03-06,2026-05-28,2024 List of charities,Liste des organismes de bienfaisance 2024,Activities outside Canada – Details on financial,Activités à l'extérieur du Canada - Détails financiers,Canada Revenue Agency , Agence du revenu du Canada
"Sep 1, 2026",2.0,80c00cdb-1358-415c-bb8b-0de7f12675b8,694fdc72-eae4-4ee0-83eb-832ab7b230e3,2026-03-06,2026-03-06,2026-05-28,2024 List of charities,Liste des organismes de bienfaisance 2024,Identification,Identification,Canada Revenue Agency , Agence du revenu du Canada
"Sep 1, 2026",2.0,80c00cdb-1358-415c-bb8b-0de7f12675b8,72c8fab0-24c8-4351-a673-efe7ee72bcf1,2026-03-06,2026-03-06,2026-05-28,2024 List of charities,Liste des organismes de bienfaisance 2024,Private/Public Foundations,Fondations privé/publique,Canada Revenue Agency , Agence du revenu du Canada
"Sep 1, 2026",2.0,80c00cdb-1358-415c-bb8b-0de7f12675b8,8195b2cb-ce2d-4cd2-b829-6d07f4959f49,2026-03-06,2026-05-28,2026-05-28,2024 List of charities,Liste des organismes de bienfaisance 2024,Qualified donees,Qualified donees,Canada Revenue Agency , Agence du revenu du Canada
"Sep 1, 2026",1.0,80c00cdb-1358-415c-bb8b-0de7f12675b8,9a0a7b94-634b-4092-9a3b-e6001cf74f5b,2026-03-06,2026-03-06,2026-05-28,2024 List of charities,Liste des organismes de bienfaisance 2024,Activities outside Canada – Countries where program was carried,Activités à l'extérieur du Canada - pays où les programmes a offert ses ressources,Canada Revenue Agency , Agence du revenu du Canada
"Sep 1, 2026",31.0,80c00cdb-1358-415c-bb8b-0de7f12675b8,No resource,2026-03-06,2026-03-06,2026-05-28,2024 List of charities,Liste des organismes de bienfaisance 2024,No resources covered,Aucune ressource couverte,Canada Revenue Agency , Agence du revenu du Canada
"Sep 1, 2026",1.0,80c00cdb-1358-415c-bb8b-0de7f12675b8,a56df1f9-beeb-46d8-8dcc-687f1d53b7bf,2026-03-06,2026-03-06,2026-05-28,2024 List of charities,Liste des organismes de bienfaisance 2024,Political Activities – Resources,Activités politiques – Ressources,Canada Revenue Agency , Agence du revenu du Canada
"Sep 1, 2026",3.0,80c00cdb-1358-415c-bb8b-0de7f12675b8,b5c8bd25-fd2d-4aec-a220-a233f88157aa,2026-03-06,2026-03-06,2026-03-06,2024 List of charities,Liste des organismes de bienfaisance 2024,List of charities data dictionary,Liste des organismes de bienfaisance dictionnaire des données,Canada Revenue Agency , Agence du revenu du Canada
"Sep 1, 2026",2.0,80c00cdb-1358-415c-bb8b-0de7f12675b8,d3c4db23-284f-49d7-9c86-6d8532f417bd,2026-03-06,2026-03-06,2026-05-28,2024 List of charities,Liste des organismes de bienfaisance 2024,Disbursement Quota,Contingent des versements ,Canada Revenue Agency , Agence du revenu du Canada
"Sep 1, 2026",1.0,80c00cdb-1358-415c-bb8b-0de7f12675b8,dec91969-9c33-452d-94f1-35b6d429f244,2026-03-06,2026-03-06,2026-05-28,2024 List of charities,Liste des organismes de bienfaisance 2024,Non-cash gifts (gifts in kind) received,Dons en nature,Canada Revenue Agency , Agence du revenu du Canada
"Sep 1, 2026",2.0,80c00cdb-1358-415c-bb8b-0de7f12675b8,e3567bb5-5d98-44d0-b0e8-9cdd3732c9e4,2026-03-06,2026-03-06,2026-05-28,2024 List of charities,Liste des organismes de bienfaisance 2024,Charity Contact Web Addresses,Adresses Web des contacts d’organismes de bienfaisance,Canada Revenue Agency , Agence du revenu du Canada
"Sep 1, 2026",2.0,80c00cdb-1358-415c-bb8b-0de7f12675b8,e545170c-3689-4833-b2a8-e9e83100ab59,2026-03-06,2026-03-06,2026-05-28,2024 List of charities,Liste des organismes de bienfaisance 2024,Financial data,Données financières,Canada Revenue Agency , Agence du revenu du Canada
"Sep 1, 2026",3.0,80c00cdb-1358-415c-bb8b-0de7f12675b8,e9f81074-9fc7-456f-8ce1-6fd101b77963,2026-03-06,2026-03-06,2026-03-06,2024 List of charities,Liste des organismes de bienfaisance 2024,Codes Lists,Listes de codes,Canada Revenue Agency , Agence du revenu du Canada
"Sep 1, 2026",3.0,80c00cdb-1358-415c-bb8b-0de7f12675b8,f4eb196a-d0c1-45b0-bc48-e9b48c06cbce,2026-03-06,2026-03-06,2026-05-28,2024 List of charities,Liste des organismes de bienfaisance 2024,Non-Qualified donees,Subventions à des donataires non reconnus,Canada Revenue Agency , Agence du revenu du Canada
"Sep 1, 2026",2.0,80c00cdb-1358-415c-bb8b-0de7f12675b8,fd7c8679-8032-4613-b2b7-44fb8bc9c7c9,2026-03-06,2026-03-06,2026-05-28,2024 List of charities,Liste des organismes de bienfaisance 2024,General information ,Information générale,Canada Revenue Agency , Agence du revenu du Canada
"Sep 1, 2026",1.0,813ff561-b38d-4241-b370-0a17c60976af,3921f712-6966-4d4f-93da-40aab29b52d5,2024-03-25,2026-09-01,2026-09-01,Sablefish Offshore Stratified Random Trap Survey,Relevé aléatoire stratifié au casier ciblant la morue charbonnière en zone extracôtière,Data Dictionary - StRS,Dictionnaire de données - StRS,Fisheries and Oceans Canada , Pêches et Océans Canada
"Sep 1, 2026",1.0,81cc47ac-e88d-4b7f-9318-8774a2d919e6,No resource,2017-05-01,2017-05-01,2026-04-09,Financial transaction report counts by postal code and activity sector,Nombre de déclarations d'opérations financières selon le code postal et le secteur d'activité,No resources covered,Aucune ressource couverte,Financial Transactions and Reports Analysis Centre of Canada , Centre d'analyse des opérations et déclarations financières du Canada
"Sep 1, 2026",1.0,8268d8ad-4c09-4bb0-a6a0-f4ef5eb748fc,No resource,2020-02-25,2020-02-25,2026-03-16,Forest Total Aboveground Biomass (2015),Total de la biomasse aérienne (2015),No resources covered,Aucune ressource couverte,Natural Resources Canada , Ressources naturelles Canada
"Sep 1, 2026",2.0,83096e57-6584-4a8c-9854-59a49e57fb28,ff3451d3-43d1-4208-b93f-f8aae4cb65fe,2022-12-13,2022-12-14,2022-12-14,Census of Agriculture: Agri-Environmental Spatial Data (AESD),Recensement de l'agriculture : Données spatiales agroenvironnementales (DSAE),Agri-Environmental Spatial Data (AESD),Données spatiales agroenvironnementales (DSAE),Statistics Canada , Statistique Canada
"Sep 1, 2026",1.0,83320390-7715-43bc-a281-2049bf5d4232,f0ca63e0-c15e-45b5-9656-77abe1564b1c,2021-12-23,2021-12-23,2025-06-17,Official titles of Government of Canada departments and agencies,Noms officiels des ministères et organismes du gouvernement du Canada,Official titles of Government of Canada departments and agencies,Noms officiels des ministères et organismes du gouvernement du Canada,Treasury Board of Canada Secretariat , Secrétariat du Conseil du Trésor du Canada
"Sep 1, 2026",1.0,83b76283-6444-4455-8f22-67c6ab7524c1,No resource,2025-11-10,2025-11-10,2025-11-10,Boundaries of migratory bird hunting districts in Atlantic Canada,Limites des districts de chasse aux oiseaux migrateurs au Canada atlantique,No resources covered,Aucune ressource couverte,Environment and Climate Change Canada , Environnement et Changement climatique Canada
"Sep 1, 2026",1.0,83d03eb4-6f96-4db9-86c7-8f2b841f4146,8fb14282-bfa6-4dbf-a4ca-4f19762217a4,2026-06-19,2026-06-19,2026-06-19,CNSC Collaborative Roundtables on Regulatory Efficiency - What We Heard Report,Tables rondes collaboratives de la CCSN sur l'efficacité réglementaire - Rapport Ce que nous avons entendu,CNSC Collaborative Roundtables on Regulatory Efficiency - What We Heard Report,Tables rondes collaboratives de la CCSN sur l'efficacité réglementaire - Rapport Ce que nous avons entendu,Canadian Nuclear Safety Commission , Commission canadienne de sûreté nucléaire
"Sep 1, 2026",1.0,85458f98-1ef4-4e33-a4d0-241c01231e3a,No resource,2025-09-17,2025-09-17,2026-08-26,Reprocessing of Yukon magnetic data for NTS 115F,Retraitement des données magnétiques du Yukon pour le NTS 115F,No resources covered,Aucune ressource couverte,Government of Yukon , Gouvernement du Yukon
"Sep 1, 2026",1.0,85a89ddd-e4a1-4acc-94db-bbb62a1327a1,No resource,2018-06-27,2018-06-27,2026-04-22,Production and value of greenhouse fruits and vegetables,Production et valeur des fruits et légumes de serre,No resources covered,Aucune ressource couverte,Statistics Canada , Statistique Canada
"Sep 1, 2026",2.0,85d3990a-ec0a-4436-8ebd-150de3ba0747,5fc41332-2521-41a2-9565-76762370310f,2023-04-13,2026-04-17,2026-04-17,Water Quality Guidelines of B.C.,Recommandations pour la qualité de l'eau de la Colombie-Britannique,B.C. Water Quality Guidelines,Recommandations pour la qualité de l'eau en Colombie-Britannique,Government of British Columbia , Gouvernment de la Colombie-Britannique
"Sep 1, 2026",1.0,85ef5f5c-d285-4703-a2f2-afd780b67f02,6e7de86c-6ddc-474e-8de4-66d7fb42b8ab,2026-06-17,2026-08-26,2026-08-26,Yukon Liquor Corporation retail liquor price lists,Listes des prix de détail des boissons alcoolisées de la Société des alcools,ylc-retail-price-list-aug-2026.xlsx,ylc-retail-price-list-aug-2026.xlsx,Government of Yukon , Gouvernement du Yukon
"Sep 1, 2026",1.0,86d91f04-c564-4f53-8150-2ce95952eebe,3db9b230-6b18-4a45-9ee7-758845801b22,2018-02-28,2026-08-27,2026-08-27,Notices of Defect,Avis de défaut,Notices_of_Defect_and_Other.xlsx,Notices_of_defect.xlsx,Environment and Climate Change Canada , Environnement et Changement climatique Canada
"Sep 1, 2026",1.0,86e2e0c7-150b-4a2b-b90c-ebc62f26f8a2,347e7727-4335-43b6-be8d-38a27a18b11d,2021-04-13,2026-07-21,2026-07-21,"Air passenger traffic at Canadian airports, annual","Trafic aérien de passagers aux aéroports canadiens, annuel",Dataset,Ensembles de données,Statistics Canada , Statistique Canada
"Sep 1, 2026",4.0,870458a0-c1a6-5ccb-aca6-4b6874b19dd7,No resource,2016-09-24,2016-09-24,2022-02-22,Tactile Maps of Canada-Maps For Mobility-City Downtown Maps-Montréal-Central,Cartes tactiles du Canada-Les Cartes Pour La Mobilité-Cartes de centres-villes-Montréal-Central,No resources covered,Aucune ressource couverte,Natural Resources Canada , Ressources naturelles Canada
"Sep 1, 2026",1.0,873cfcb0-1c9b-4a48-a366-076697069bb9,1aed64b3-a376-48d7-91de-9f1304235eae,2025-09-10,2025-09-10,2026-07-15,Canadian Importers Database (2023),Base de données sur les importateurs canadiens (2023),HS6 Description,Description SH6,"Innovation, Science and Economic Development Canada "," Innovation, Sciences et Développement économique Canada"
"Sep 1, 2026",1.0,873cfcb0-1c9b-4a48-a366-076697069bb9,4a3f109f-299f-469f-affa-10391c856b54,2025-09-10,2025-09-10,2026-07-15,Canadian Importers Database (2023),Base de données sur les importateurs canadiens (2023),"Major Importers by HS6, country","Principaux importateurs par SH6, par pays","Innovation, Science and Economic Development Canada "," Innovation, Sciences et Développement économique Canada"
"Sep 1, 2026",1.0,873cfcb0-1c9b-4a48-a366-076697069bb9,69cad69a-57de-4d55-a3b4-e148db7271e7,2025-09-10,2025-09-10,2026-07-15,Canadian Importers Database (2023),Base de données sur les importateurs canadiens (2023),Major Importers by HS6,Principaux importateurs par SH6,"Innovation, Science and Economic Development Canada "," Innovation, Sciences et Développement économique Canada"
"Sep 1, 2026",1.0,873cfcb0-1c9b-4a48-a366-076697069bb9,90c1419c-1db7-4824-9b7a-cdd47f3dd908,2025-09-10,2025-09-10,2026-07-15,Canadian Importers Database (2023),Base de données sur les importateurs canadiens (2023),Major Importers by HS10,Principaux importateurs par SH10,"Innovation, Science and Economic Development Canada "," Innovation, Sciences et Développement économique Canada"
"Sep 1, 2026",3.0,873cfcb0-1c9b-4a48-a366-076697069bb9,No resource,2025-09-10,2025-09-10,2026-07-15,Canadian Importers Database (2023),Base de données sur les importateurs canadiens (2023),No resources covered,Aucune ressource couverte,"Innovation, Science and Economic Development Canada "," Innovation, Sciences et Développement économique Canada"
"Sep 1, 2026",6.0,87ac98c2-3e3d-5c57-ac4d-6f90da6cc1cb,No resource,2016-09-24,2016-09-24,2022-02-22,Tactile Maps of Canada-Maps for Education-The Thematic Tactile Atlas of Canada-Cross Section: Relief of Canada,Cartes tactiles du Canada-Cartes éducatives-L'Atlas tactile thématique du Canada-Coupe transversale: Relief du Canada,No resources covered,Aucune ressource couverte,Natural Resources Canada , Ressources naturelles Canada
"Sep 1, 2026",1.0,885eee85-11f0-18bb-c954-48e5ff8bf551,c9dc1fff-c5ef-4c29-a966-0f4ea8696fc6,2021-04-20,2026-03-18,2026-03-18,Mineral Claims,Claims miniers,Mineral Claims (CSV Excel),Claims miniers (CSV Excel),Government of New Brunswick , Gouvernement du Nouveau-Brunswick
"Sep 1, 2026",1.0,888580ad-9b27-42c4-a6e8-b335c6f57f53,No resource,2025-09-17,2025-09-17,2026-08-26,Reprocessing of Yukon magnetic data for NTS 116I,Retraitement des données magnétiques du Yukon pour le NTS 116I,No resources covered,Aucune ressource couverte,Government of Yukon , Gouvernement du Yukon
"Sep 1, 2026",1.0,88bbfdae-ebb5-5f0a-ac00-fca53a5cab7a,No resource,2016-09-24,2016-09-24,2022-03-14,Soil Survey Maps,Cartes des sols,No resources covered,Aucune ressource couverte,Natural Resources Canada , Ressources naturelles Canada
"Sep 1, 2026",1.0,89073037-d2fc-4a6d-9ce9-f0b1bcb48745,No resource,2026-07-08,2026-07-08,2026-08-21,Annual Crop Inventory 2025,"Inventaire annuel des cultures, 2025",No resources covered,Aucune ressource couverte,Agriculture and Agri-Food Canada , Agriculture et Agroalimentaire Canada
"Sep 1, 2026",2.0,89d44ba6-7236-48ed-afab-f25a98c846ef,455eff5d-0dac-47cf-9f7d-2d5a0702e47c,2020-06-05,2026-01-28,2026-01-28,Ministry of Transportation (MOT) Culverts,Ponceaux du ministère des Transports (MOT),MOT_CULVERTS_SP,MOT_CULVERTS_SP,Government of British Columbia , Gouvernment de la Colombie-Britannique
"Sep 1, 2026",1.0,8a21881f-178a-4160-8789-990a0f2a838c,a29e62f4-f7a9-4163-9ebe-93a193137f9f,2020-09-11,2026-05-27,2026-05-27,List of international organizations in Montreal,Liste des organisations internationales à Montréal,Directory of international organizations,Répertoire organisations internationales,Government and Municipalities of Québec , Gouvernement et municipalités du Québec
"Sep 1, 2026",1.0,8a5710e7-5009-5695-aefc-b6d200a20481,6dd55500-5a3d-4c51-aa61-72f5eedb3605,2016-09-24,2017-01-26,2017-01-26,Jasper National Park (1985),Parc national Jasper (1985),Download Bilingual PDF through HTTP,Télécharger le fichier en format bilingue PDF via HTTP,Natural Resources Canada , Ressources naturelles Canada
"Sep 1, 2026",1.0,8a692ad6-2ee7-4767-8838-8cad4b199803,0085f916-319b-408a-9652-e86e6a764242,2016-10-31,2016-10-31,2016-10-31,Assessment by the Public Service Commission,Évaluations de la Commission de la fonction publique,Supporting Documentation,Documentation à l’appui,Public Service Commission of Canada , Commission de la fonction publique du Canada
"Sep 1, 2026",2.0,8a692ad6-2ee7-4767-8838-8cad4b199803,e11ef329-4147-47a1-a928-1e040786696c,2016-10-31,2016-10-31,2016-10-31,Assessment by the Public Service Commission,Évaluations de la Commission de la fonction publique,"Pass rates for the English and French Test of Oral Proficiency, by level and fiscal year (Valid until  June 2019)","Taux de réussite au test de compétence orale en anglais et en français, selon le niveau et l’exercice financier (Valide jusqu’en juin 2019)",Public Service Commission of Canada , Commission de la fonction publique du Canada
"Sep 1, 2026",1.0,8ac7fcc1-779c-480c-a31a-3bfca2629cd5,3808dbc0-977f-43b6-8862-b3dfc676b183,2017-01-26,2026-03-24,2026-03-24,Bathymetric Gridded Data Overview,Aperçu du Données bathymétriques carroyées,data dictionary,dictionnaire de données,Fisheries and Oceans Canada , Pêches et Océans Canada
"Sep 1, 2026",1.0,8beacccf-3b54-4d12-9cf7-24e2ada90a83,No resource,2016-09-24,2016-09-24,2026-04-09,Money services business registry,Registre des entreprises de services monétaires,No resources covered,Aucune ressource couverte,Financial Transactions and Reports Analysis Centre of Canada , Centre d'analyse des opérations et déclarations financières du Canada
"Sep 1, 2026",4.0,8c065075-952e-41e0-8c66-d1d8443b3a61,55077ccf-275a-4f1c-843c-2bdbea583988,2022-03-29,2026-03-04,2026-03-04,"Upper Mannville Oil and Gas Fields (GIS data, polygon features)","Champs pétrolifères et gaziers d'Upper Mannville (données SIG, entités polygonales)",SHP (From Alberta Geodiscover Portal metadata),SHP (à partir des métadonnées du portail Alberta Geodiscover),Government of Alberta , Gouvernement de l'Alberta
"Sep 1, 2026",1.0,8c387c19-9411-c58c-89d3-9e222ea3f50a,3cb38f81-6134-418c-9899-13c03c7b8dd7,2026-01-14,2026-04-17,2026-04-17,2025 - Employee Salaries,Traitements des employés,2025 - Employee Salaries (CSV Excel),Traitements des employés (CSV Excel),Government of New Brunswick , Gouvernement du Nouveau-Brunswick
"Sep 1, 2026",3.0,8c387c19-9411-c58c-89d3-9e222ea3f50a,No resource,2026-01-14,2026-01-14,2026-04-17,2025 - Employee Salaries,Traitements des employés,No resources covered,Aucune ressource couverte,Government of New Brunswick , Gouvernement du Nouveau-Brunswick
"Sep 1, 2026",2.0,8c93249d-f348-4dc0-bb75-10a24f1fefae,663fd126-2d3f-4fda-9676-fc7650acfdca,2026-06-17,2026-06-17,2026-06-17,Firearms Report,Rapport sur les armes à feu,Data Dictionary - Firearms ,Dictionnaire de données - Armes à feu,Global Affairs Canada , Affaires mondiales Canada
"Sep 1, 2026",1.0,8cd81673-5b0b-4050-b4a6-aed80975158a,1ad1a032-2413-4f3c-bd83-fd4a90d28c27,2020-09-14,2026-05-27,2026-05-27,Geolocation of addresses,Géolocalisation des adresses,adresse-civique.csv,adresse-civique.csv,Government and Municipalities of Québec , Gouvernement et municipalités du Québec
"Sep 1, 2026",1.0,8dc04c10-708e-4afa-813e-acb96c3101a1,No resource,2020-09-14,2020-09-14,2026-08-26,"Topographic maps on a scale of 1/20,000",Cartes topographiques à l'échelle de 1/20 000,No resources covered,Aucune ressource couverte,Government and Municipalities of Québec , Gouvernement et municipalités du Québec
"Sep 1, 2026",7.0,8dd8d51e-d7ef-53a2-b146-a1c55b61d183,No resource,2016-09-24,2016-09-24,2022-02-22,Tactile Maps of Canada-Maps for Education-The Thematic Tactile Atlas of Canada-Relief of Canada,Cartes tactiles du Canada-Cartes éducatives-L'Atlas tactile thématique du Canada-Relief du Canada,No resources covered,Aucune ressource couverte,Natural Resources Canada , Ressources naturelles Canada
"Sep 1, 2026",1.0,8e56f67a-4d16-4b53-8e0b-e020f6931f65,No resource,2023-06-01,2023-06-01,2026-07-20,RCMP Release Framework of Data and Information,Cadre de diffusions des données et informations de la GRC,No resources covered,Aucune ressource couverte,Royal Canadian Mounted Police , Gendarmerie royale du Canada
"Sep 1, 2026",1.0,8ec4a9df-b76b-4a67-8f93-cdbc2e040098,139c1476-355f-4052-bde9-e15fc7948909,2016-09-24,2020-02-27,2023-09-09,Government of Canada Employee Contact Information,Information sur les coordonnées des fonctionnaires du gouvernement du Canada,GEDS - Government of Canada Employee Contacts,SAGE - Coordonnées des fonctionnaires,Shared Services Canada , Services partagés Canada
"Sep 1, 2026",1.0,8ec4a9df-b76b-4a67-8f93-cdbc2e040098,No resource,2016-09-24,2016-09-24,2023-09-09,Government of Canada Employee Contact Information,Information sur les coordonnées des fonctionnaires du gouvernement du Canada,No resources covered,Aucune ressource couverte,Shared Services Canada , Services partagés Canada
"Sep 1, 2026",6.0,8ec4a9df-b76b-4a67-8f93-cdbc2e040098,a1de6faa-cb68-4f47-aa57-efd46bd8f82b,2016-09-24,2016-12-01,2023-09-09,Government of Canada Employee Contact Information,Information sur les coordonnées des fonctionnaires du gouvernement du Canada,GEDS - Government of Canada Employee Contacts,SAGE - Coordonnées des fonctionnaires,Shared Services Canada , Services partagés Canada
"Sep 1, 2026",1.0,8ee79eb8-9e2c-4fb0-a2a5-51f54f2f383f,39a4ee47-647d-45fc-a202-61249bd45501,2022-07-13,2026-04-17,2026-04-17,Specialist High Skills Major (SHSM) Program List,Liste des programmes de Majeure Haute Spécialisation,Specialist High Skills Major (SHSM) Program List,Liste des programmes de spécialisation en hautes compétences (SHSM),Government of Ontario , Gouvernement de l'Ontario
"Sep 1, 2026",1.0,8ee79eb8-9e2c-4fb0-a2a5-51f54f2f383f,3f184cba-cfd4-471d-b3c3-89894399b33c,2022-07-13,2026-04-17,2026-04-17,Specialist High Skills Major (SHSM) Program List,Liste des programmes de Majeure Haute Spécialisation,Specialist High Skills Major (SHSM) Program List,Liste des programmes de spécialisation en hautes compétences (SHSM),Government of Ontario , Gouvernement de l'Ontario
"Sep 1, 2026",1.0,8ee79eb8-9e2c-4fb0-a2a5-51f54f2f383f,84b8c08d-928b-4d27-8304-245e88922cc2,2022-07-13,2026-04-17,2026-04-17,Specialist High Skills Major (SHSM) Program List,Liste des programmes de Majeure Haute Spécialisation,Specialist High Skills Major (SHSM) Program List,Liste des programmes de spécialisation en hautes compétences (SHSM),Government of Ontario , Gouvernement de l'Ontario
"Sep 1, 2026",1.0,8ee79eb8-9e2c-4fb0-a2a5-51f54f2f383f,a6cfead3-0774-4c7b-a440-174d2550da69,2022-07-13,2026-04-17,2026-04-17,Specialist High Skills Major (SHSM) Program List,Liste des programmes de Majeure Haute Spécialisation,Specialist High Skills Major (SHSM) Program List,Liste des programmes de spécialisation en hautes compétences (SHSM),Government of Ontario , Gouvernement de l'Ontario
"Sep 1, 2026",1.0,8ee79eb8-9e2c-4fb0-a2a5-51f54f2f383f,c415dbbc-cac0-471a-b3ae-7d0fca9a99e2,2022-07-13,2026-04-17,2026-04-17,Specialist High Skills Major (SHSM) Program List,Liste des programmes de Majeure Haute Spécialisation,Specialist High Skills Major (SHSM) Program List,Liste des programmes de spécialisation en hautes compétences (SHSM),Government of Ontario , Gouvernement de l'Ontario
"Sep 1, 2026",2.0,8f1749a5-ac67-467a-9c01-752b375127c3,9b5a9da8-4d61-441e-af8a-784ab4121cc1,2021-11-29,2022-02-26,2022-02-26,The World,Le monde,"The World (mxd, mpk)","Le monde (mxd, mpk)",Natural Resources Canada , Ressources naturelles Canada
"Sep 1, 2026",2.0,90115b00-f9b8-49e8-afa3-b4cff8facaee,3039046e-2905-406f-a9aa-dd49c92cf604,2017-04-12,2017-04-12,2026-08-18,Temporary Residents: Study Permit Holders – Monthly IRCC Updates,Résidents temporaires: Détenteurs de Permis d’étude – Mises à jour mensuelles d’IRCC ,Canada - Study permit holders by country of citizenship and year in which permit(s) became effective,Canada - Titulaires de permis d’études selon le pays de citoyenneté et l'année à laquelle le permis est entré en vigueur,"Immigration, Refugees and Citizenship Canada "," Immigration, Réfugiés et Citoyenneté Canada"
"Sep 1, 2026",2.0,90115b00-f9b8-49e8-afa3-b4cff8facaee,3897ef92-a491-4bab-b9c0-eb94c8b173ad,2017-04-12,2017-09-07,2026-08-18,Temporary Residents: Study Permit Holders – Monthly IRCC Updates,Résidents temporaires: Détenteurs de Permis d’étude – Mises à jour mensuelles d’IRCC ,Canada - Study permit holders on December 31st by country of citizenship,Canada - Titulaires de permis d’études ayant un permis valide en date du 31 décembre selon le pays de citoyenneté ,"Immigration, Refugees and Citizenship Canada "," Immigration, Réfugiés et Citoyenneté Canada"
"Sep 1, 2026",10.0,90115b00-f9b8-49e8-afa3-b4cff8facaee,No resource,2017-04-12,2017-04-12,2026-08-18,Temporary Residents: Study Permit Holders – Monthly IRCC Updates,Résidents temporaires: Détenteurs de Permis d’étude – Mises à jour mensuelles d’IRCC ,No resources covered,Aucune ressource couverte,"Immigration, Refugees and Citizenship Canada "," Immigration, Réfugiés et Citoyenneté Canada"
"Sep 1, 2026",1.0,90115b00-f9b8-49e8-afa3-b4cff8facaee,b2340357-b3f8-4ba1-b19b-431ade55d11e,2017-04-12,2017-04-12,2026-08-18,Temporary Residents: Study Permit Holders – Monthly IRCC Updates,Résidents temporaires: Détenteurs de Permis d’étude – Mises à jour mensuelles d’IRCC ,Canada - Study permit holders on December 31st by province/territory and study level,Canada -Titulaires de permis d’études en date du 31 décembre selon la province / le territoire et niveau études,"Immigration, Refugees and Citizenship Canada "," Immigration, Réfugiés et Citoyenneté Canada"
"Sep 1, 2026",9.0,90115b00-f9b8-49e8-afa3-b4cff8facaee,b505b9bc-d375-4525-af39-afdf25639acf,2017-04-12,2017-04-12,2026-08-18,Temporary Residents: Study Permit Holders – Monthly IRCC Updates,Résidents temporaires: Détenteurs de Permis d’étude – Mises à jour mensuelles d’IRCC ,Canada - Study permit holders by country of citizenship and year in which permit(s) became effective,Canada - Titulaires de permis d’études selon le pays de citoyenneté et l'année à laquelle le permis est entré en vigueur,"Immigration, Refugees and Citizenship Canada "," Immigration, Réfugiés et Citoyenneté Canada"
"Sep 1, 2026",1.0,90115b00-f9b8-49e8-afa3-b4cff8facaee,d3702eb4-5ef4-412f-86fd-219e6b8f5fdc,2017-04-12,2017-04-12,2026-08-18,Temporary Residents: Study Permit Holders – Monthly IRCC Updates,Résidents temporaires: Détenteurs de Permis d’étude – Mises à jour mensuelles d’IRCC ,"Canada – Study permit holders by province/territory, study level, and year in which permit(s) became effective","Canada - Titulaires de permis d’études selon la province / le territoire, niveau d'études envisagé(e) et l'année à laquelle le permis est entré en vigueur","Immigration, Refugees and Citizenship Canada "," Immigration, Réfugiés et Citoyenneté Canada"
"Sep 1, 2026",1.0,903c41c4-09c7-4af9-a43c-af3b6ff5c705,No resource,2023-04-13,2023-04-13,2026-08-26,CRF Detailed Schedules of Payments - Government Transfers,Calendriers de paiement détaillés du CRF - Transferts gouvernementaux,No resources covered,Aucune ressource couverte,Government of British Columbia , Gouvernment de la Colombie-Britannique
"Sep 1, 2026",2.0,904d1050-b7ff-4f41-a1bb-50b450e962a8,5355cf44-dad0-448e-a209-d4948d4cf821,2021-01-27,2026-02-11,2026-02-11,Wholesale fuel prices,Prix de gros des carburants,Wholesale diesel prices,Prix de gros du carburant,Government of Ontario , Gouvernement de l'Ontario
"Sep 1, 2026",2.0,90a9edf0-06db-4355-91ce-c0123c86f23b,8268e7ef-bbf0-4563-879f-1c9db228fd13,2020-11-27,2026-03-25,2026-03-25,Ontario Digital Elevation Model (Imagery-Derived),Modèle altimétrique numérique de l’Ontario (données dérivées de l’imagerie),Ontario DEM (Imagery-Derived) Tile Index (extracted from geohub),Indice de tuiles DEM (dérivé de l'imagerie) de l'Ontario (extrait de geohub),Government of Ontario , Gouvernement de l'Ontario
"Sep 1, 2026",7.0,90fed587-1364-4f33-a9ee-208181dc0b97,06512c1b-d4a7-413f-bc1e-fc38de9f9aca,2016-09-25,2026-03-16,2026-03-16,Temporary Foreign Worker Program (TFWP): Positive Labour Market Impact Assessment (LMIA) Employers List,Programme des travailleurs étrangers temporaires (PTET): Employeurs ayant obtenu une Étude d'impact sur le marché du travail (EIMT) positive ,"2025Q4-Employers Who Were Issued a Positive Labour Market Impact Assessment (LMIA) by Program Stream, National Occupational Classification (NOC) 2021 and Business Location, October to December 2025","2025T4-Employeurs ayant obtenu une étude d’impact sur le marché du travail  (EIMT) positive, par volet du programme, classification nationale des professions (CNP) 2021 et lieu de affaires, octobre à décembre 2025",Employment and Social Development Canada , Emploi et Développement social Canada
"Sep 1, 2026",1.0,90fed587-1364-4f33-a9ee-208181dc0b97,296a2d75-f93c-4c88-892e-e2b03a3b2ad9,2016-09-25,2021-06-17,2024-11-21,Temporary Foreign Worker Program (TFWP): Positive Labour Market Impact Assessment (LMIA) Employers List,Programme des travailleurs étrangers temporaires (PTET): Employeurs ayant obtenu une Étude d'impact sur le marché du travail (EIMT) positive ,"2021Q1-Employers Who Were Issued a Positive Labour Market Impact Assessment (LMIA) by Program Stream, National Occupational Classification (NOC) 2011 and Business Location, January to March 2021","2021T1-Employeurs ayant obtenu une étude d’impact sur le marché du travail  (EIMT) positive, par volet du programme, classification nationale des professions (CNP) 2011 et lieu de affaires, janvier à mars 2021",Employment and Social Development Canada , Emploi et Développement social Canada
"Sep 1, 2026",1.0,90fed587-1364-4f33-a9ee-208181dc0b97,36d1f9d3-9906-4079-8741-c55bf539de3b,2016-09-25,2025-03-18,2025-03-18,Temporary Foreign Worker Program (TFWP): Positive Labour Market Impact Assessment (LMIA) Employers List,Programme des travailleurs étrangers temporaires (PTET): Employeurs ayant obtenu une Étude d'impact sur le marché du travail (EIMT) positive ,"2024Q4-Employers Who Were Issued a Positive Labour Market Impact Assessment (LMIA) by Program Stream, National Occupational Classification (NOC) 2021 and Business Location, October to December 2024","2024T4-Employeurs ayant obtenu une étude d’impact sur le marché du travail  (EIMT) positive, par volet du programme, classification nationale des professions (CNP) 2021 et lieu de affaires, octobre à décembre 2024",Employment and Social Development Canada , Emploi et Développement social Canada
"Sep 1, 2026",1.0,90fed587-1364-4f33-a9ee-208181dc0b97,3a28dd68-e061-46f4-824f-053ad292ad89,2016-09-25,2026-03-16,2026-03-16,Temporary Foreign Worker Program (TFWP): Positive Labour Market Impact Assessment (LMIA) Employers List,Programme des travailleurs étrangers temporaires (PTET): Employeurs ayant obtenu une Étude d'impact sur le marché du travail (EIMT) positive ,"2025Q4-Employers Who Were Issued a Positive Labour Market Impact Assessment (LMIA) by Program Stream, National Occupational Classification (NOC) 2021 and Business Location, October to December 2025","2025T4-Employeurs ayant obtenu une étude d’impact sur le marché du travail  (EIMT) positive, par volet du programme, classification nationale des professions (CNP) 2021 et lieu de affaires, octobre à décembre 2025",Employment and Social Development Canada , Emploi et Développement social Canada
"Sep 1, 2026",6.0,90fed587-1364-4f33-a9ee-208181dc0b97,3b7a821b-becc-4d96-9e39-0c2849f90c50,2016-09-25,2026-01-07,2026-01-07,Temporary Foreign Worker Program (TFWP): Positive Labour Market Impact Assessment (LMIA) Employers List,Programme des travailleurs étrangers temporaires (PTET): Employeurs ayant obtenu une Étude d'impact sur le marché du travail (EIMT) positive ,"2025Q3-Employers Who Were Issued a Positive Labour Market Impact Assessment (LMIA) by Program Stream, National Occupational Classification (NOC) 2021 and Business Location, July to September 2025","2025T3-Employeurs ayant obtenu une étude d’impact sur le marché du travail  (EIMT) positive, par volet du programme, classification nationale des professions (CNP) 2021 et lieu de affaires, juillet à septembre 2025",Employment and Social Development Canada , Emploi et Développement social Canada
"Sep 1, 2026",52.0,90fed587-1364-4f33-a9ee-208181dc0b97,4ee7a4e0-ffc3-47af-94e7-30929d1eeb67,2016-09-25,2026-07-22,2026-07-22,Temporary Foreign Worker Program (TFWP): Positive Labour Market Impact Assessment (LMIA) Employers List,Programme des travailleurs étrangers temporaires (PTET): Employeurs ayant obtenu une Étude d'impact sur le marché du travail (EIMT) positive ,"2026Q1-Employers Who Were Issued a Positive Labour Market Impact Assessment (LMIA) by Program Stream, National Occupational Classification (NOC) 2021 and Business Location, January to March 2026","2026T1-Employeurs ayant obtenu une étude d’impact sur le marché du travail  (EIMT) positive, par volet du programme, classification nationale des professions (CNP) 2021 et lieu de affaires, janvier à mars 2026",Employment and Social Development Canada , Emploi et Développement social Canada
"Sep 1, 2026",1.0,90fed587-1364-4f33-a9ee-208181dc0b97,56aba012-5b4a-4628-8398-b0d433a6d08f,2016-09-25,2024-10-24,2024-11-20,Temporary Foreign Worker Program (TFWP): Positive Labour Market Impact Assessment (LMIA) Employers List,Programme des travailleurs étrangers temporaires (PTET): Employeurs ayant obtenu une Étude d'impact sur le marché du travail (EIMT) positive ,"2024Q2-Employers Who Were Issued a Positive Labour Market Impact Assessment (LMIA) by Program Stream, National Occupational Classification (NOC) 2021 and Business Location, April to June 2024","2024T2-Employeurs ayant obtenu une étude d’impact sur le marché du travail  (EIMT) positive, par volet du programme, classification nationale des professions (CNP) 2021 et lieu de affaires, avril à juin 2024",Employment and Social Development Canada , Emploi et Développement social Canada
"Sep 1, 2026",1.0,90fed587-1364-4f33-a9ee-208181dc0b97,65794992-cce4-4103-a1f6-ec6e3d249e90,2016-09-25,2023-06-22,2024-12-20,Temporary Foreign Worker Program (TFWP): Positive Labour Market Impact Assessment (LMIA) Employers List,Programme des travailleurs étrangers temporaires (PTET): Employeurs ayant obtenu une Étude d'impact sur le marché du travail (EIMT) positive ,"2023Q1-Employers Who Were Issued a Positive Labour Market Impact Assessment (LMIA) by Program Stream, National Occupational Classification (NOC) 2011 and Business Location, January to March 2023","2023T1-Employeurs ayant obtenu une étude d’impact sur le marché du travail  (EIMT) positive, par volet du programme, classification nationale des professions (CNP) 2011 et lieu de affaires, janvier à mars 2023",Employment and Social Development Canada , Emploi et Développement social Canada
"Sep 1, 2026",1.0,90fed587-1364-4f33-a9ee-208181dc0b97,79c798e4-418e-4ad4-94cd-1a3c08cd449f,2016-09-25,2023-09-15,2024-12-20,Temporary Foreign Worker Program (TFWP): Positive Labour Market Impact Assessment (LMIA) Employers List,Programme des travailleurs étrangers temporaires (PTET): Employeurs ayant obtenu une Étude d'impact sur le marché du travail (EIMT) positive ,"2023Q2-Employers Who Were Issued a Positive Labour Market Impact Assessment (LMIA) by Program Stream, National Occupational Classification (NOC) 2011 and Business Location, April to June 2023","2023T2-Employeurs ayant obtenu une étude d’impact sur le marché du travail  (EIMT) positive, par volet du programme, classification nationale des professions (CNP) 2011 et lieu de affaires, avril à juin 2023",Employment and Social Development Canada , Emploi et Développement social Canada
"Sep 1, 2026",1.0,90fed587-1364-4f33-a9ee-208181dc0b97,7dee6510-9b98-4512-bfbd-f475f214cee6,2016-09-25,2016-10-21,2024-11-21,Temporary Foreign Worker Program (TFWP): Positive Labour Market Impact Assessment (LMIA) Employers List,Programme des travailleurs étrangers temporaires (PTET): Employeurs ayant obtenu une Étude d'impact sur le marché du travail (EIMT) positive ,"2014-Employers who have requested a Labour Market Impact Assessment (LMIA) and were issued a positive LMIA between June 20 and December 31, 2014 inclusively, by business location","2014-Employeurs ayant soumis une demande d'Étude d'impact sur le marché du travail (EIMT) et ayant obtenu une EIMT positive entre le 20 juin et 31 décembre 2014 inclusivement, par lieu d’affaires",Employment and Social Development Canada , Emploi et Développement social Canada
"Sep 1, 2026",34.0,90fed587-1364-4f33-a9ee-208181dc0b97,8c205edb-9a82-468e-9aa4-b82266cbaad6,2016-09-25,2026-07-22,2026-07-22,Temporary Foreign Worker Program (TFWP): Positive Labour Market Impact Assessment (LMIA) Employers List,Programme des travailleurs étrangers temporaires (PTET): Employeurs ayant obtenu une Étude d'impact sur le marché du travail (EIMT) positive ,"2026Q1-Employers Who Were Issued a Positive Labour Market Impact Assessment (LMIA) by Program Stream, National Occupational Classification (NOC) 2021 and Business Location, January to March 2026","2026T1-Employeurs ayant obtenu une étude d’impact sur le marché du travail  (EIMT) positive, par volet du programme, classification nationale des professions (CNP) 2021 et lieu de affaires, janvier à mars 2026",Employment and Social Development Canada , Emploi et Développement social Canada
"Sep 1, 2026",1.0,90fed587-1364-4f33-a9ee-208181dc0b97,9c690222-fc92-4849-bd55-9bf4085d3dac,2016-09-25,2021-06-17,2024-11-21,Temporary Foreign Worker Program (TFWP): Positive Labour Market Impact Assessment (LMIA) Employers List,Programme des travailleurs étrangers temporaires (PTET): Employeurs ayant obtenu une Étude d'impact sur le marché du travail (EIMT) positive ,"2021Q1-Employers Who Were Issued a Positive Labour Market Impact Assessment (LMIA) by Program Stream, National Occupational Classification (NOC) 2011 and Business Location, January to March 2021","2021T1-Employeurs ayant obtenu une étude d’impact sur le marché du travail  (EIMT) positive, par volet du programme, classification nationale des professions (CNP) 2011 et lieu de affaires, janvier à mars 2021",Employment and Social Development Canada , Emploi et Développement social Canada
"Sep 1, 2026",104.0,90fed587-1364-4f33-a9ee-208181dc0b97,No resource,2016-09-25,2016-09-25,2026-07-22,Temporary Foreign Worker Program (TFWP): Positive Labour Market Impact Assessment (LMIA) Employers List,Programme des travailleurs étrangers temporaires (PTET): Employeurs ayant obtenu une Étude d'impact sur le marché du travail (EIMT) positive ,No resources covered,Aucune ressource couverte,Employment and Social Development Canada , Emploi et Développement social Canada
"Sep 1, 2026",4.0,90fed587-1364-4f33-a9ee-208181dc0b97,aed9328a-1b42-48bd-a096-75ef06eba025,2016-09-25,2023-09-15,2024-11-20,Temporary Foreign Worker Program (TFWP): Positive Labour Market Impact Assessment (LMIA) Employers List,Programme des travailleurs étrangers temporaires (PTET): Employeurs ayant obtenu une Étude d'impact sur le marché du travail (EIMT) positive ,"2023Q2-Employers Who Were Issued a Positive Labour Market Impact Assessment (LMIA) by Program Stream, National Occupational Classification (NOC) 2011 and Business Location, April to June 2023","2023T2-Employeurs ayant obtenu une étude d’impact sur le marché du travail  (EIMT) positive, par volet du programme, classification nationale des professions (CNP) 2011 et lieu de affaires, avril à juin 2023",Employment and Social Development Canada , Emploi et Développement social Canada
"Sep 1, 2026",2.0,90fed587-1364-4f33-a9ee-208181dc0b97,b369ae20-0c7e-4d10-93ca-07c86c91e6fe,2016-09-25,2022-12-23,2024-11-21,Temporary Foreign Worker Program (TFWP): Positive Labour Market Impact Assessment (LMIA) Employers List,Programme des travailleurs étrangers temporaires (PTET): Employeurs ayant obtenu une Étude d'impact sur le marché du travail (EIMT) positive ,"2022Q3-Employers Who Were Issued a Positive Labour Market Impact Assessment (LMIA) by Program Stream, National Occupational Classification (NOC) 2011 and Business Location, July to September 2022","2022T3-Employeurs ayant obtenu une étude d’impact sur le marché du travail  (EIMT) positive, par volet du programme, classification nationale des professions (CNP) 2011 et lieu de affaires, juillet à septembre 2022",Employment and Social Development Canada , Emploi et Développement social Canada
"Sep 1, 2026",5.0,90fed587-1364-4f33-a9ee-208181dc0b97,bd5dab03-02dc-4542-8e01-c04dca9a0337,2016-09-25,2016-10-21,2024-11-21,Temporary Foreign Worker Program (TFWP): Positive Labour Market Impact Assessment (LMIA) Employers List,Programme des travailleurs étrangers temporaires (PTET): Employeurs ayant obtenu une Étude d'impact sur le marché du travail (EIMT) positive ,"2014-Employers who have requested a Labour Market Impact Assessment (LMIA) and were issued a positive LMIA between June 20 and December 31, 2014 inclusively, by business location","2014-Employeurs ayant soumis une demande d'Étude d'impact sur le marché du travail (EIMT) et ayant obtenu une EIMT positive entre le 20 juin et 31 décembre 2014 inclusivement, par lieu d’affaires",Employment and Social Development Canada , Emploi et Développement social Canada
"Sep 1, 2026",1.0,90fed587-1364-4f33-a9ee-208181dc0b97,cbb38578-9116-44f4-9976-124c1031e201,2016-09-25,2021-12-10,2024-05-02,Temporary Foreign Worker Program (TFWP): Positive Labour Market Impact Assessment (LMIA) Employers List,Programme des travailleurs étrangers temporaires (PTET): Employeurs ayant obtenu une Étude d'impact sur le marché du travail (EIMT) positive ,"2021Q3-Employers Who Were Issued a Positive Labour Market Impact Assessment (LMIA) by Program Stream, National Occupational Classification (NOC) 2011 and Business Location, July to September 2021","2021T3-Employeurs ayant obtenu une étude d’impact sur le marché du travail  (EIMT) positive, par volet du programme, classification nationale des professions (CNP) 2011 et lieu de affaires, juillet à septembre 2021",Employment and Social Development Canada , Emploi et Développement social Canada
"Sep 1, 2026",2.0,90fed587-1364-4f33-a9ee-208181dc0b97,dc061c7d-5d56-450d-8060-4bfc0ed6f0b3,2016-09-25,2026-01-07,2026-01-07,Temporary Foreign Worker Program (TFWP): Positive Labour Market Impact Assessment (LMIA) Employers List,Programme des travailleurs étrangers temporaires (PTET): Employeurs ayant obtenu une Étude d'impact sur le marché du travail (EIMT) positive ,"2025Q3-Employers Who Were Issued a Positive Labour Market Impact Assessment (LMIA) by Program Stream, National Occupational Classification (NOC) 2021 and Business Location, July to September 2025","2025T3-Employeurs ayant obtenu une étude d’impact sur le marché du travail  (EIMT) positive, par volet du programme, classification nationale des professions (CNP) 2021 et lieu de affaires, juillet à septembre 2025",Employment and Social Development Canada , Emploi et Développement social Canada
"Sep 1, 2026",2.0,90fed587-1364-4f33-a9ee-208181dc0b97,f8cf236d-542e-4dcd-af25-5de4f94f9504,2016-09-25,2023-06-22,2024-12-20,Temporary Foreign Worker Program (TFWP): Positive Labour Market Impact Assessment (LMIA) Employers List,Programme des travailleurs étrangers temporaires (PTET): Employeurs ayant obtenu une Étude d'impact sur le marché du travail (EIMT) positive ,"2023Q1-Employers Who Were Issued a Positive Labour Market Impact Assessment (LMIA) by Program Stream, National Occupational Classification (NOC) 2011 and Business Location, January to March 2023","2023T1-Employeurs ayant obtenu une étude d’impact sur le marché du travail  (EIMT) positive, par volet du programme, classification nationale des professions (CNP) 2011 et lieu de affaires, janvier à mars 2023",Employment and Social Development Canada , Emploi et Développement social Canada
"Sep 1, 2026",4.0,90fed587-1364-4f33-a9ee-208181dc0b97,f995383c-800e-46dd-92fa-a06ec7a9a706,2016-09-25,2025-06-19,2025-06-19,Temporary Foreign Worker Program (TFWP): Positive Labour Market Impact Assessment (LMIA) Employers List,Programme des travailleurs étrangers temporaires (PTET): Employeurs ayant obtenu une Étude d'impact sur le marché du travail (EIMT) positive ,"2025Q1-Employers Who Were Issued a Positive Labour Market Impact Assessment (LMIA) by Program Stream, National Occupational Classification (NOC) 2021 and Business Location, January to March 2025","2025T1-Employeurs ayant obtenu une étude d’impact sur le marché du travail  (EIMT) positive, par volet du programme, classification nationale des professions (CNP) 2021 et lieu de affaires, Janvier à mars 2025",Employment and Social Development Canada , Emploi et Développement social Canada
"Sep 1, 2026",5.0,90fed587-1364-4f33-a9ee-208181dc0b97,fbfda891-5327-4e01-927e-0e0dd580d304,2016-09-25,2025-10-23,2025-10-23,Temporary Foreign Worker Program (TFWP): Positive Labour Market Impact Assessment (LMIA) Employers List,Programme des travailleurs étrangers temporaires (PTET): Employeurs ayant obtenu une Étude d'impact sur le marché du travail (EIMT) positive ,"2025Q2-Employers Who Were Issued a Positive Labour Market Impact Assessment (LMIA) by Program Stream, National Occupational Classification (NOC) 2021 and Business Location, April to June 2025","2025T2-Employeurs ayant obtenu une étude d’impact sur le marché du travail  (EIMT) positive, par volet du programme, classification nationale des professions (CNP) 2021 et lieu de affaires, avril à juin 2025",Employment and Social Development Canada , Emploi et Développement social Canada
"Sep 1, 2026",1.0,90ffdeb0-a2d7-41d3-9596-f5d2b2bb79dd,No resource,2020-11-27,2020-11-27,2026-08-12,Forest Management Unit,Unités de gestion forestière,No resources covered,Aucune ressource couverte,Government of Ontario , Gouvernement de l'Ontario
"Sep 1, 2026",2.0,90ffdeb0-a2d7-41d3-9596-f5d2b2bb79dd,c7c0b8ff-bcd4-4681-8e3b-95fac81cefe0,2020-11-27,2026-08-12,2026-08-12,Forest Management Unit,Unités de gestion forestière,Complete Shapefile (extracted from geohub),Shapefile complet (extrait de geohub),Government of Ontario , Gouvernement de l'Ontario
"Sep 1, 2026",1.0,910100c0-4f8c-5ae8-ae87-69bf230e43cf,6d657cb8-8835-4a33-b2ce-b323ac24f8fe,2016-09-25,2017-01-26,2017-01-26,Water balance - derived precipitation and evapotranspiration,Bilan hydrique - précipitation et évapotranspiration dérivées,Download English PDF through HTTP,Télécharger le fichier en format Anglais PDF via HTTP,Natural Resources Canada , Ressources naturelles Canada
"Sep 1, 2026",1.0,9139319a-9cef-4584-ab4e-6b5f4393ed15,e78e4ca5-74d9-4267-9fd3-c2403b708c7c,2016-09-25,2016-12-01,2025-05-12,Total Number of Military and Civilian Personnel,Nombre total de militaires et personnel civil,Total Number of Military and Civilian Personnel,Nombre total de militaires et personnel civil,National Defence , Défense nationale
"Sep 1, 2026",1.0,9140392d-69df-45ae-9099-3c8d39c07e50,No resource,2018-06-27,2018-06-27,2026-08-28,"Gross domestic product, expenditure-based, Canada, quarterly","Produit intérieur brut, en termes de dépenses, Canada, trimestriel",No resources covered,Aucune ressource couverte,Statistics Canada , Statistique Canada
"Sep 1, 2026",2.0,91ed76b4-a1a2-4f87-9c4c-59cd64f7a9de,027ee7f8-4b87-45cd-a10f-f95d3a5d4e09,2025-09-29,2025-10-06,2026-08-21,Banks,Banques,"P3 - Consolidated Statement Of Income, Retained Earnings & AOCI (Active)​","P3 - État consolidés des revenus, bénéfices non repartis et AERE (Actif)​",Office of the Superintendent of Financial Institutions Canada , Bureau du surintendant des institutions financières Canada
"Sep 1, 2026",1.0,91ed76b4-a1a2-4f87-9c4c-59cd64f7a9de,52af898b-9901-4239-b130-3aa25e5b3f14,2025-09-29,2025-10-20,2026-08-17,Banks,Banques,Data Dictionary,Dictionnaire de données,Office of the Superintendent of Financial Institutions Canada , Bureau du surintendant des institutions financières Canada
"Sep 1, 2026",16.0,91ed76b4-a1a2-4f87-9c4c-59cd64f7a9de,No resource,2025-09-29,2025-09-29,2026-08-21,Banks,Banques,No resources covered,Aucune ressource couverte,Office of the Superintendent of Financial Institutions Canada , Bureau du surintendant des institutions financières Canada
"Sep 1, 2026",14.0,91ed76b4-a1a2-4f87-9c4c-59cd64f7a9de,d0f6040e-671c-4301-a235-e9e7ba164604,2025-09-29,2025-10-09,2026-08-17,Banks,Banques,M4 - Consolidated Balance Sheet (Active)​,M4 - Bilan consolidé (Actif)​,Office of the Superintendent of Financial Institutions Canada , Bureau du surintendant des institutions financières Canada
"Sep 1, 2026",2.0,91ed76b4-a1a2-4f87-9c4c-59cd64f7a9de,f2271fb5-6a8a-40c0-8425-503728c3f956,2025-09-29,2026-04-13,2026-08-17,Banks,Banques,List of Bank Subsidiaries,Liste filiales banque,Office of the Superintendent of Financial Institutions Canada , Bureau du surintendant des institutions financières Canada
"Sep 1, 2026",2.0,91ed76b4-a1a2-4f87-9c4c-59cd64f7a9de,fdb8db54-44e3-4380-990a-a28e49c384d4,2025-09-29,2026-06-03,2026-08-17,Banks,Banques,Banks - User manual,Banks - User manual,Office of the Superintendent of Financial Institutions Canada , Bureau du surintendant des institutions financières Canada
"Sep 1, 2026",1.0,91ed76b4-a1a2-4f87-9c4c-59cd64f7a9de,fe7617f7-a676-4966-aae3-c4cfbab4b935,2025-09-29,2025-09-29,2026-08-21,Banks,Banques,BA – BASEL III Capital Adequacy Reporting - BCAR (Active),BA - Relevé des normes de fonds propres - Bâle III (Actif),Office of the Superintendent of Financial Institutions Canada , Bureau du surintendant des institutions financières Canada
"Sep 1, 2026",1.0,92344413-8035-4c08-b996-65a9b3f62fca,175fc8ad-3974-4565-acce-81744e8389bb,2020-06-05,2026-07-29,2026-07-29,Freshwater Atlas - Stream Network,Atlas des eaux douces - Réseau fluvial,FWA_STREAM_NETWORKS_SP,FWA_STREAM_NETWORKS_SP,Government of British Columbia , Gouvernment de la Colombie-Britannique
"Sep 1, 2026",1.0,92344413-8035-4c08-b996-65a9b3f62fca,No resource,2020-06-05,2020-06-05,2026-07-29,Freshwater Atlas - Stream Network,Atlas des eaux douces - Réseau fluvial,No resources covered,Aucune ressource couverte,Government of British Columbia , Gouvernment de la Colombie-Britannique
"Sep 1, 2026",1.0,9253a01b-f1d9-4b67-ba98-857667827c7b,0b8cb01c-1333-4f33-afe6-3043c7b6cde0,2021-09-29,2025-12-16,2025-12-16,Canadian Crop Yields,Rendement des cultures au Canada,Historic Yields of Major Crops (Pre-packaged CSV files),Rendements historiques des principales cultures (fichiers CSV préemballés),Agriculture and Agri-Food Canada , Agriculture et Agroalimentaire Canada
"Sep 1, 2026",1.0,9253a01b-f1d9-4b67-ba98-857667827c7b,No resource,2021-09-29,2021-09-29,2025-12-16,Canadian Crop Yields,Rendement des cultures au Canada,No resources covered,Aucune ressource couverte,Agriculture and Agri-Food Canada , Agriculture et Agroalimentaire Canada
"Sep 1, 2026",1.0,92615302-ffa9-4c8b-9e60-d1cc1e7f2b23,9c5b8207-2d0b-4a0b-be83-0e68b0f2cfab,2024-11-18,2024-11-18,2025-01-09,Evaluation of RCMP Police Dog Services - Final report,Évaluation des Services cynophiles de la GRC - Rapport final,Evaluation of RCMP Police Dog Services -Final Report,Évaluation des Services cynophiles de la GRC - Rapport final,Royal Canadian Mounted Police , Gendarmerie royale du Canada
"Sep 1, 2026",1.0,92697343-d36d-4427-a1a8-ebac6b2725cc,0c847794-4f0f-4aa4-bd0e-2c3bcd4702df,2016-09-25,2025-05-14,2026-08-10,Companies' Creditors Arrangement Act (CCAA) Records List,Liste des procédures sous  la Loi sur les arrangements avec les créanciers des compagnies (LACC),CCAA Records List - 2025,Liste des procédures sous la LACC - 2025,"Innovation, Science and Economic Development Canada "," Innovation, Sciences et Développement économique Canada"
"Sep 1, 2026",2.0,92697343-d36d-4427-a1a8-ebac6b2725cc,No resource,2016-09-25,2016-09-25,2026-08-10,Companies' Creditors Arrangement Act (CCAA) Records List,Liste des procédures sous  la Loi sur les arrangements avec les créanciers des compagnies (LACC),No resources covered,Aucune ressource couverte,"Innovation, Science and Economic Development Canada "," Innovation, Sciences et Développement économique Canada"
"Sep 1, 2026",1.0,92b1748f-39ba-4edf-b26e-a5067ab64526,aefe60b0-9d85-444f-afd6-981b9a0da637,2026-08-20,2026-08-20,2026-08-20,Evaluation of RCMP Communications,Évaluation des communications de la GRC,Evaluation of RCMP Communications - Evaluation Report,Évaluation des communications de la GRC - Rapport d'évaluation,Royal Canadian Mounted Police , Gendarmerie royale du Canada
"Sep 1, 2026",1.0,92d7bc61-3724-44cd-9917-e2bf75023d4e,9909e902-3fb3-4a18-a76c-862fd12f67e6,2025-10-02,2025-10-02,2026-06-22,Algorithmic Impact Assessment - LMIA Summary of Information,Évaluation de l'incidence algorithmique - Résumé des informations sur le EIMT,LMIA-AIA_EN-2025-09-22,LMIA-AIA_EN-2025-09-22,Employment and Social Development Canada , Emploi et Développement social Canada
"Sep 1, 2026",1.0,92e3ad59-c7d3-4b79-ba90-5540a67a89a7,58a1d590-0415-4169-a10d-83bf21c92225,2016-09-25,2013-07-26,2013-07-26,Water File - Coastal Waters (polygons) - 2011 Census,Fichier hydrographique - Littoraux (polygones) - Recensement de 2011,Dataset,Ensemble de données,Statistics Canada , Statistique Canada
"Sep 1, 2026",1.0,9322c841-1498-4f18-91c5-3e09235f63ac,4c046189-e309-4f06-92b8-6391b65d51d5,2018-03-29,2018-03-29,2018-03-29,2017 Public Service Employee Survey,Sondage auprès des fonctionnaires fédéraux de 2017,2017 Public Service Employee Survey open dataset - without labels,Ensemble de données ouvertes du Sondage auprès des fonctionnaires fédéraux de 2017 - sans étiquettes,Treasury Board of Canada Secretariat , Secrétariat du Conseil du Trésor du Canada
"Sep 1, 2026",1.0,93b413d8-1840-4770-9629-641d74bd1cc6,7d505801-da2f-46a6-9775-2e30c241b437,2020-06-05,2026-07-29,2026-07-29,Freshwater Atlas - Wetlands,Atlas des eaux douces - Zones humides,FWA_WETLANDS_POLY,FWA_WETLANDS_POLY,Government of British Columbia , Gouvernment de la Colombie-Britannique
"Sep 1, 2026",1.0,945ff452-3b35-4bd7-8018-4de914587ef3,4b647288-dc59-4ce6-9c56-73b3842f1de2,2019-05-09,2019-05-09,2019-05-09,Hospital Cost ages 0 to 75 plus,Coût d'hôpital Âgé de 0 à 75 plus,Hospital Cost ages 0 to 75 plus,Coût d'hôpital Âgé de 0 à 75 plus,Public Health Agency of Canada , Agence de la santé publique du Canada
"Sep 1, 2026",1.0,945ff452-3b35-4bd7-8018-4de914587ef3,689cfb07-a8b8-4d15-b647-11d0dae1b853,2019-05-09,2019-05-09,2019-05-09,Hospital Cost ages 0 to 75 plus,Coût d'hôpital Âgé de 0 à 75 plus,"Economic Burden of Illness in Canada, 2010","Le fardeau économique de la maladie au Canada, 2010",Public Health Agency of Canada , Agence de la santé publique du Canada
"Sep 1, 2026",1.0,9485d74f-7711-41f2-b8fc-3822417de022,5793f588-912c-475e-a240-a2a258395afd,2020-11-27,2026-08-26,2026-08-26,Ontario’s health region geographic data,Données géographiques sur les régions sanitaires de l’Ontario,Ontario Health Region boundaries,Limites des régions sanitaires de l’Ontario,Government of Ontario , Gouvernement de l'Ontario
"Sep 1, 2026",1.0,94fc74d6-9b9a-4c2e-9c6c-45a5092453aa,8825a8d9-8134-475f-a48c-31748e6fb536,2016-09-25,2016-12-01,2025-01-06,"TERMIUM Plus®, the Government of Canada's terminology and linguistic data bank","TERMIUM Plus®, la banque de données terminologiques et linguistiques du gouvernement du Canada",Data Dictionary,Dictionnaire de données,Public Services and Procurement Canada , Services publics et Approvisionnement Canada
"Sep 1, 2026",1.0,94fc74d6-9b9a-4c2e-9c6c-45a5092453aa,93490387-b242-417b-956e-01128b3022ab,2016-09-25,2016-12-01,2026-05-05,"TERMIUM Plus®, the Government of Canada's terminology and linguistic data bank","TERMIUM Plus®, la banque de données terminologiques et linguistiques du gouvernement du Canada",Electronics and Informatics Subject,Domaine Électronique et informatique,Public Services and Procurement Canada , Services publics et Approvisionnement Canada
"Sep 1, 2026",6.0,94fc74d6-9b9a-4c2e-9c6c-45a5092453aa,No resource,2016-09-25,2016-09-25,2026-05-05,"TERMIUM Plus®, the Government of Canada's terminology and linguistic data bank","TERMIUM Plus®, la banque de données terminologiques et linguistiques du gouvernement du Canada",No resources covered,Aucune ressource couverte,Public Services and Procurement Canada , Services publics et Approvisionnement Canada
"Sep 1, 2026",2.0,957782bf-847c-4644-a757-e383c0057995,1468aa2c-b71c-4930-addc-bd80e4554fd6,2017-04-20,2026-05-29,2026-05-29,High Resolution Digital Elevation Model (HRDEM) - CanElevation Series,Modèle numérique d'élévation de haute résolution (MNEHR) - Série CanÉlévation,High Resolution Digital Elevation Model (HRDEM) - CanElevation Series - Product Specifications (French),Modèle numérique d'élévation de haute résolution (MNEHR) - Série CanÉlévation - Spécifications de produit (français),Natural Resources Canada , Ressources naturelles Canada
"Sep 1, 2026",6.0,957782bf-847c-4644-a757-e383c0057995,1a50a644-11de-4584-ba14-475b40af2680,2017-04-20,2026-05-29,2026-05-29,High Resolution Digital Elevation Model (HRDEM) - CanElevation Series,Modèle numérique d'élévation de haute résolution (MNEHR) - Série CanÉlévation,HRDEM Dataset Footprints by coordinate system,Empreintes des jeux de données MNEHR par système de coordonnées,Natural Resources Canada , Ressources naturelles Canada
"Sep 1, 2026",13.0,957782bf-847c-4644-a757-e383c0057995,No resource,2017-04-20,2017-04-20,2026-05-29,High Resolution Digital Elevation Model (HRDEM) - CanElevation Series,Modèle numérique d'élévation de haute résolution (MNEHR) - Série CanÉlévation,No resources covered,Aucune ressource couverte,Natural Resources Canada , Ressources naturelles Canada
"Sep 1, 2026",2.0,957782bf-847c-4644-a757-e383c0057995,d3b28333-676f-407f-88d4-14f49f667400,2017-04-20,2026-05-29,2026-05-29,High Resolution Digital Elevation Model (HRDEM) - CanElevation Series,Modèle numérique d'élévation de haute résolution (MNEHR) - Série CanÉlévation,Product Access and Download Guide (French),Guide d’accès et de téléchargement (Français),Natural Resources Canada , Ressources naturelles Canada
"Sep 1, 2026",4.0,957782bf-847c-4644-a757-e383c0057995,e47dfedf-4d65-4526-aa23-87e40d8583ae,2017-04-20,2026-05-29,2026-05-29,High Resolution Digital Elevation Model (HRDEM) - CanElevation Series,Modèle numérique d'élévation de haute résolution (MNEHR) - Série CanÉlévation,Product Access and Download Guide (English),Guide d’accès et de téléchargement (Anglais),Natural Resources Canada , Ressources naturelles Canada
"Sep 1, 2026",1.0,957782bf-847c-4644-a757-e383c0057995,e5b98031-1952-49c9-b224-b88a97d48228,2017-04-20,2026-05-29,2026-05-29,High Resolution Digital Elevation Model (HRDEM) - CanElevation Series,Modèle numérique d'élévation de haute résolution (MNEHR) - Série CanÉlévation,High Resolution Digital Elevation Model (HRDEM) - CanElevation Series - Product Specifications (English),Modèle numérique d'élévation de haute résolution (MNEHR) - Série CanÉlévation - Spécifications de produit (anglais),Natural Resources Canada , Ressources naturelles Canada
"Sep 1, 2026",1.0,960c4913-2cf9-4530-bf51-55f4aaff4b7b,75397a9e-b226-40f1-87e0-4ca2c8022aed,2020-12-16,2020-12-16,2024-11-21,Statistics on the Beneficiaries of the One-Time Payment for Seniors,Statistiques sur les bénéficiaires du Paiement unique pour les aînés,One-time Payment for Seniors - Recipients by Residence Province/Territory and Gender (September 2020),Paiement unique pour aînés - Bénéficiaires selon la province/territoire de résidence et le sexe (septembre 2020) ,Employment and Social Development Canada , Emploi et Développement social Canada
"Sep 1, 2026",1.0,960e209a-51b8-489c-9580-95126428a732,No resource,2025-09-17,2025-09-17,2026-08-26,Reprocessing of Yukon magnetic data for NTS 117A,Retraitement des données magnétiques du Yukon pour le NTS 117A,No resources covered,Aucune ressource couverte,Government of Yukon , Gouvernement du Yukon
"Sep 1, 2026",1.0,9662830b-f2b7-bfae-47bb-b9689bb711c2,No resource,2024-04-17,2024-04-17,2025-01-09,Forest Roads,Chemins forestiers,No resources covered,Aucune ressource couverte,Government of New Brunswick , Gouvernement du Nouveau-Brunswick
"Sep 1, 2026",1.0,9671bee4-4f73-48a0-a4c1-5d23dd0e901a,d789add4-247a-451e-ae82-c6c3b9f5e70a,2024-10-24,2026-07-09,2026-07-09,"Police-reported cybercrime, by cyber-related violation, number of incidents and year to date total, preliminary quarterly data, Canada and regions","Cybercrimes déclarés par la police, selon l'infraction reliée à la cybercriminalité, nombre d'affaires et total cumulé de l'année à ce jour, données trimestrielles provisoires, Canada et régions",Dataset,Ensembles de données,Statistics Canada , Statistique Canada
"Sep 1, 2026",1.0,96a40eee-14aa-41a3-a9a1-123459890e0e,No resource,2018-06-27,2018-06-27,2023-01-17,"Building permits, dwelling units by type of structure","Permis de bâtir, unités de logements selon le type de structure",No resources covered,Aucune ressource couverte,Statistics Canada , Statistique Canada
"Sep 1, 2026",1.0,96c80880-9229-59ec-b508-63b5c10cc35a,f2db967d-d6da-4f5b-bb5f-c892c872be75,2016-09-25,2017-01-26,2017-01-26,Discover Canada's Watersheds,Découvrez les bassins versants du Canada,Download English JPG through HTTP,Télécharger le fichier en format Anglais JPG via HTTP,Natural Resources Canada , Ressources naturelles Canada
"Sep 1, 2026",3.0,96e248e8-f422-5d69-a085-cce12b04e11a,No resource,2016-09-25,2016-09-25,2022-03-14,Posts of the Canadian Fur Trade,Postes de la traite canadienne des fourrures,No resources covered,Aucune ressource couverte,Natural Resources Canada , Ressources naturelles Canada
"Sep 1, 2026",1.0,970ff3c4-50fd-4eeb-b402-f82f9ee22990,2dde0122-8597-464b-bca2-748337318c8d,2017-09-18,2017-09-18,2024-11-22,Specialized Research Datasets: Permanent Residents – Ad Hoc IRCC (Specialized Datasets),Ensemble de données de recherches spécialisées: Résidents permanents – Ad Hoc IRCC (Bases de données spécialisées) ,Canada- Permanent Resident - Immigration Category - 2000 - 2016,Canada - Résidents permanents - Catégorie d'immigration - 2000 - 2016,"Immigration, Refugees and Citizenship Canada "," Immigration, Réfugiés et Citoyenneté Canada"
"Sep 1, 2026",2.0,976bb4f8-2b63-4150-910c-1f8e094cc83a,16c18c38-b255-4793-82d4-e32853adec33,2017-01-03,2018-08-27,2025-05-12,National Defence and the Canadian Armed Forces Manual of Abbreviations,Défense nationale et les Forces armées canadiennes manuel des abréviations,Alphabetical list by term,Liste des termes en ordre alphabétique,National Defence , Défense nationale
"Sep 1, 2026",3.0,976bb4f8-2b63-4150-910c-1f8e094cc83a,8620a7fd-2891-43b3-bd8d-2b5324702cfc,2017-01-03,2018-08-27,2024-11-21,National Defence and the Canadian Armed Forces Manual of Abbreviations,Défense nationale et les Forces armées canadiennes manuel des abréviations,Manual of abbreviations,Manuel des abréviations,National Defence , Défense nationale
"Sep 1, 2026",1.0,976bb4f8-2b63-4150-910c-1f8e094cc83a,No resource,2017-01-03,2017-01-03,2025-05-12,National Defence and the Canadian Armed Forces Manual of Abbreviations,Défense nationale et les Forces armées canadiennes manuel des abréviations,No resources covered,Aucune ressource couverte,National Defence , Défense nationale
"Sep 1, 2026",2.0,976bb4f8-2b63-4150-910c-1f8e094cc83a,d991bb6b-fb20-45d2-b626-3a711643f67e,2017-01-03,2018-08-27,2024-11-20,National Defence and the Canadian Armed Forces Manual of Abbreviations,Défense nationale et les Forces armées canadiennes manuel des abréviations,Alphabetical listing by abbreviation,Liste des abréviations en ordre alphabétique,National Defence , Défense nationale
"Sep 1, 2026",1.0,97954e19-9671-40fc-808a-9ca0579069b5,No resource,2019-11-25,2019-11-25,2025-08-28,Broadcasting Sector – CMR (2013-2024),Secteur de la radiodiffusion – RMC (2013 à 2024),No resources covered,Aucune ressource couverte,Canadian Radio-television and Telecommunications Commission , Conseil de la radiodiffusion et des télécommunications canadiennes
"Sep 1, 2026",1.0,97a2a33c-54cc-4f2e-82c1-047ad8212f05,30ff98ef-2311-48fa-b5d6-2315febdcd92,2025-09-25,2025-09-26,2025-09-26,Electoral Geography Boundary Files (45th General Election) - Canada 2025,Fichiers de limites géographiques électorales (45e élection générale) - Canada 2025,Federal Electoral Districts (2025),Circonscriptions électorales fédérales (2025),Elections Canada , Élections Canada
"Sep 1, 2026",1.0,97a2a33c-54cc-4f2e-82c1-047ad8212f05,4c0262b1-8a23-4bf0-85a3-63cf6d490d62,2025-09-25,2025-09-26,2025-09-26,Electoral Geography Boundary Files (45th General Election) - Canada 2025,Fichiers de limites géographiques électorales (45e élection générale) - Canada 2025,Federal Electoral Districts (2025),Circonscriptions électorales fédérales (2025),Elections Canada , Élections Canada
"Sep 1, 2026",4.0,97a2a33c-54cc-4f2e-82c1-047ad8212f05,No resource,2025-09-25,2025-09-25,2025-09-26,Electoral Geography Boundary Files (45th General Election) - Canada 2025,Fichiers de limites géographiques électorales (45e élection générale) - Canada 2025,No resources covered,Aucune ressource couverte,Elections Canada , Élections Canada
"Sep 1, 2026",1.0,97a2a33c-54cc-4f2e-82c1-047ad8212f05,c2baf82c-6d6d-43fa-8da8-4c642462d6a9,2025-09-25,2025-09-26,2025-09-26,Electoral Geography Boundary Files (45th General Election) - Canada 2025,Fichiers de limites géographiques électorales (45e élection générale) - Canada 2025,Polling Division boundaries (2025),Limites de sections de vote (2025),Elections Canada , Élections Canada
"Sep 1, 2026",1.0,980d598c-73c9-4003-b6e1-78a9a3081b6c,bfd485d6-2d1e-4167-9835-7ed62494daf9,2022-05-19,2022-05-19,2024-01-31,North American Industry Classification System (NAICS) Canada 2022 Version 1.0,Système de classification des industries de l'Amérique du Nord (SCIAN) Canada 2022 version 1.0,North American Industry Classification System (NAICS) Canada 2022 Version 1.0 - Elements,Système de classification des industries de l'Amérique du Nord (SCIAN) Canada 2022 version 1.0 - éléments,Statistics Canada , Statistique Canada
"Sep 1, 2026",1.0,9831236f-6e01-447a-9e28-b9c6b3348631,No resource,2021-01-27,2021-01-27,2026-08-26,School board and school authority contact information,Coordonnées des conseils scolaires et des administrations scolaires,No resources covered,Aucune ressource couverte,Government of Ontario , Gouvernement de l'Ontario
"Sep 1, 2026",1.0,9831236f-6e01-447a-9e28-b9c6b3348631,b0184756-ad7c-4a5b-b512-fcecc0f96dd3,2021-01-27,2026-08-26,2026-08-26,School board and school authority contact information,Coordonnées des conseils scolaires et des administrations scolaires,Ontario public school boards and school authorities contact information,Ontario public school boards and school authorities contact information,Government of Ontario , Gouvernement de l'Ontario
"Sep 1, 2026",1.0,98654d8e-9fda-47d4-ad76-889ef3d5c801,No resource,2022-09-09,2022-09-09,2022-09-09,Poll-by-Poll Results - 43rd General Election,Résultats par bureau de scrutin - 43e élection générale,No resources covered,Aucune ressource couverte,Elections Canada , Élections Canada
"Sep 1, 2026",1.0,9883c8aa-f1ba-444d-afbe-07a8df6cfce5,680dd913-2d4d-460b-93e8-1ca8602176f4,2026-04-10,2026-04-10,2026-04-16,"Ministerial Briefing Binder: House of Commons Standing Committee on National Defence – Bill C-11, Military Justice System Modernization Act – December 11, 2025","Matériel de breffage du ministre: Comité permanent de la Défense nationale de la Chambre des communes – Projet de loi C-11, Loi sur la modernisation du système de justice militaire – 11 décembre 2025",English Binder,Cartable anglais,Department of Justice Canada , Ministère de la Justice Canada
"Sep 1, 2026",7.0,98e56d84-011b-484c-8cb4-23c8c3db6ba1,436a3785-c8b8-4a20-b6a2-bcbe68f45bcf,2021-03-24,2021-03-24,2025-03-07,Historical and current Canadian Armed Forces pay scales for Reserve Force Class A and Class B Officers,Échelles salariales historiques et actuelles des Forces armées canadiennes pour les officiers de classe A et de classe B de la Force de réserve,Historical and current Canadian Armed Forces pay scales for Reserve Force Class A and Class B Officers,Échelles salariales historiques et actuelles des Forces armées canadiennes pour les officiers de classe A et de classe B de la Force de réserve,National Defence , Défense nationale
"Sep 1, 2026",3.0,98e56d84-011b-484c-8cb4-23c8c3db6ba1,No resource,2021-03-24,2021-03-24,2025-10-27,Historical and current Canadian Armed Forces pay scales for Reserve Force Class A and Class B Officers,Échelles salariales historiques et actuelles des Forces armées canadiennes pour les officiers de classe A et de classe B de la Force de réserve,No resources covered,Aucune ressource couverte,National Defence , Défense nationale
"Sep 1, 2026",4.0,98f1a129-f628-4ce4-b24d-6f16bf24dd64,026e45b4-eb63-451f-b34f-d9308ea3a3d9,2017-03-31,2017-03-31,2026-08-13,Fuel consumption ratings,Cotes de consommation de carburant,Battery-electric vehicles 2012-2026 (2026-08-13),Véhicules électriques à batterie 2012-2026 (2026-08-13),Natural Resources Canada , Ressources naturelles Canada
"Sep 1, 2026",2.0,98f1a129-f628-4ce4-b24d-6f16bf24dd64,67a7f9ee-9c47-43a6-ab06-5e7242e12638,2017-03-31,2017-03-31,2026-08-13,Fuel consumption ratings,Cotes de consommation de carburant,1995-2014 Fuel Consumption Ratings,Cotes de consommation de carburant 1995-2014,Natural Resources Canada , Ressources naturelles Canada
"Sep 1, 2026",1.0,98f1a129-f628-4ce4-b24d-6f16bf24dd64,9df1b18d-d036-4783-a61c-99f1f75b3ac5,2017-03-31,2026-02-04,2026-08-13,Fuel consumption ratings,Cotes de consommation de carburant,2026 Fuel Consumption Ratings (2026-07-17),Cotes de consommation de carburant 2026 (2026-07-17),Natural Resources Canada , Ressources naturelles Canada
"Sep 1, 2026",2.0,98f1a129-f628-4ce4-b24d-6f16bf24dd64,No resource,2017-03-31,2017-03-31,2026-08-13,Fuel consumption ratings,Cotes de consommation de carburant,No resources covered,Aucune ressource couverte,Natural Resources Canada , Ressources naturelles Canada
"Sep 1, 2026",1.0,99538aed-2c09-4188-bcea-5b200ca78d9a,No resource,2023-10-12,2023-10-12,2024-02-15,Maps of solar resource potential in Canada,Cartes du potentiel solaire du Canada,No resources covered,Aucune ressource couverte,Natural Resources Canada , Ressources naturelles Canada
"Sep 1, 2026",9.0,9b286b9a-ba51-5cdb-99e1-880563949493,No resource,2016-09-25,2016-09-25,2022-02-22,Tactile Maps of Canada-Maps for Education-The Tactile Atlas of Canada-Canada,Cartes tactiles du Canada-Cartes éducatives-L'Atlas tactile du Canada-Canada,No resources covered,Aucune ressource couverte,Natural Resources Canada , Ressources naturelles Canada
"Sep 1, 2026",1.0,9b34e712-513f-44e9-babf-9df4f7256550,0c8bfc6c-9787-41c6-825c-46b9ddf1f4ad,2017-04-12,2017-04-12,2026-08-18,Operational Processing – Monthly IRCC Updates,Traitement des demandes d’immigration – Mises à jour mensuelles d’IRCC,Source Countries (Country of Birth) - New Canadian Citizens by Month,Pays d'origine (pays de naissance) – Attributions de la citoyenneté selon le mois,"Immigration, Refugees and Citizenship Canada "," Immigration, Réfugiés et Citoyenneté Canada"
"Sep 1, 2026",6.0,9b34e712-513f-44e9-babf-9df4f7256550,No resource,2017-04-12,2017-04-12,2026-08-18,Operational Processing – Monthly IRCC Updates,Traitement des demandes d’immigration – Mises à jour mensuelles d’IRCC,No resources covered,Aucune ressource couverte,"Immigration, Refugees and Citizenship Canada "," Immigration, Réfugiés et Citoyenneté Canada"
"Sep 1, 2026",1.0,9b34e712-513f-44e9-babf-9df4f7256550,a707bdc3-6278-497a-bcf7-971c171ea47e,2017-04-12,2017-04-12,2026-08-18,Operational Processing – Monthly IRCC Updates,Traitement des demandes d’immigration – Mises à jour mensuelles d’IRCC,Source Countries - Applications Received for Temporary Residents by Month,"Pays d’origine – Demandes de résidence temporaire reçues, selon le mois","Immigration, Refugees and Citizenship Canada "," Immigration, Réfugiés et Citoyenneté Canada"
"Sep 1, 2026",1.0,9b34e712-513f-44e9-babf-9df4f7256550,c294b584-bee1-4fc2-b02e-cef8601816ab,2017-04-12,2017-04-12,2026-08-18,Operational Processing – Monthly IRCC Updates,Traitement des demandes d’immigration – Mises à jour mensuelles d’IRCC,Source Countries - Applications Finalized for New Study Permit Applications by Month,"Pays d'origine – Demandes de nouveaux permis d’études finalisées, selon le mois","Immigration, Refugees and Citizenship Canada "," Immigration, Réfugiés et Citoyenneté Canada"
"Sep 1, 2026",1.0,9b34e712-513f-44e9-babf-9df4f7256550,f551de3d-d8f8-453c-bce8-0ca36c4ee9bb,2017-04-12,2017-04-12,2026-08-18,Operational Processing – Monthly IRCC Updates,Traitement des demandes d’immigration – Mises à jour mensuelles d’IRCC,Source Countries - Applications Finalized for Temporary Residents by Month,"Pays d’origine – Demandes de résidence temporaire finalisées, selon le mois","Immigration, Refugees and Citizenship Canada "," Immigration, Réfugiés et Citoyenneté Canada"
"Sep 1, 2026",1.0,9b34e712-513f-44e9-babf-9df4f7256550,fdc69618-dd90-4f38-b040-3046ee6657db,2017-04-12,2017-04-12,2026-08-18,Operational Processing – Monthly IRCC Updates,Traitement des demandes d’immigration – Mises à jour mensuelles d’IRCC,Source Countries - Applications Received for Permanent Residency by Month,"Pays d’origine – Applications reçues en vue de la résidence permanente, selon le mois","Immigration, Refugees and Citizenship Canada "," Immigration, Réfugiés et Citoyenneté Canada"
"Sep 1, 2026",1.0,9c285bb1-7919-426a-b6c0-29a4d2edde48,47f28012-05af-4f8d-a2b8-20a59fde6599,2016-09-25,2025-10-15,2025-10-15,Interpolated Census of Agriculture by Soil Landscapes of Canada,Données interpolées du Recensement de l'agriculture par pédo-paysages du Canada,User Guide (English),Guide de l'utilisateur (anglais),Agriculture and Agri-Food Canada , Agriculture et Agroalimentaire Canada
"Sep 1, 2026",1.0,9ccc78a3-0418-438c-9d49-d8882fff2c5f,cb06b4e0-78f0-4bf9-963c-ac896389917b,2024-07-24,2026-06-03,2026-06-03,Rabies cases in Ontario,Cas de rage en Ontario,Annual rabies cases summary,Annual rabies cases summary,Government of Ontario , Gouvernement de l'Ontario
"Sep 1, 2026",1.0,9e11e114-ef0d-4814-8d93-24af23716489,No resource,2019-12-17,2019-12-17,2026-01-05,Wastewater Systems Effluent Regulations Reported Data,Données déclarées en vertu du Règlement sur les effluents des systèmes d’assainissement des eaux usées,No resources covered,Aucune ressource couverte,Environment and Climate Change Canada , Environnement et Changement climatique Canada
"Sep 1, 2026",1.0,9edf7410-365a-4197-989f-51cb1634efda,No resource,2020-11-27,2020-11-27,2026-06-29,Caribou Range Boundary,Limites des aires de répartition du caribou des bois,No resources covered,Aucune ressource couverte,Government of Ontario , Gouvernement de l'Ontario
"Sep 1, 2026",2.0,9edf7410-365a-4197-989f-51cb1634efda,fb9f97e4-375a-4ec8-bc9e-21336b137202,2020-11-27,2026-06-29,2026-06-29,Caribou Range Boundary,Limites des aires de répartition du caribou des bois,Complete Shapefile (extracted from geohub),Shapefile complet (extrait de geohub),Government of Ontario , Gouvernement de l'Ontario
"Sep 1, 2026",1.0,9fb08ed4-2a4b-5163-e7c3-0d3b88db083a,db0e4664-a854-4a77-9b05-bc816b8e335e,2024-04-24,2026-01-28,2026-01-28,Health Regions,Régions de la santé,Health Regions (CSV Excel),Régions de la santé (CSV Excel),Government of New Brunswick , Gouvernement du Nouveau-Brunswick
"Sep 1, 2026",2.0,9fbed581-4dd3-42c9-8244-59ee0b50bde8,b24da5c7-beb8-4514-ac2a-8350b9f3a023,2021-12-17,2021-12-17,2024-12-09,National Defence Departmental Results Framework (DRF) ,Cadre ministériel des résultats (CMR) de la Défense nationale,National Defence Departmental Results Framework (DRF) ,National Defence Departmental Results Framework (DRF) ,National Defence , Défense nationale
"Sep 1, 2026",4.0,a0bd9999-600e-48ad-a186-310dfe135b28,371681b4-1835-4e1e-8dd4-11c97d465835,2016-09-25,2022-08-25,2022-08-25,Canada Lands in Google Earth,Les terres du Canada dans Google Earth,Download KML (English) file through HTTP,Téléchargez le fichier KML (anglais) via HTTP,Natural Resources Canada , Ressources naturelles Canada
"Sep 1, 2026",1.0,a0f65b7d-80aa-45c4-bcd1-a0f4b391241a,761d0261-ed88-43d7-b3bf-e133910ad7c0,2025-06-16,2025-06-16,2025-06-16,Audit of Aging Information Technology (IT) Systems - Final Report,Vérification sur le vieillissement des systèmes de technologie de l’information (TI) - Rapport final ,Audit of Aging Information Technology (IT) Systems - Final Report,Vérification sur le vieillissement des systèmes de technologie de l’information (TI) - Rapport final ,Royal Canadian Mounted Police , Gendarmerie royale du Canada
"Sep 1, 2026",1.0,a1302774-b04c-4dc6-9b7e-7f827b8244ec,No resource,2018-06-27,2018-06-27,2026-02-27,"Number of new cases and age-standardized rates of primary cancer, by cancer type and sex","Nombre de nouveaux cas et taux normalisés selon l’âge de cancer primitif, selon le type de cancer et le sexe",No resources covered,Aucune ressource couverte,Statistics Canada , Statistique Canada
"Sep 1, 2026",1.0,a1acb126-9ce8-40a9-b889-5da2b1dd20cb,643c2420-0944-4a76-a455-e20da6493b4c,2023-04-27,2026-04-01,2026-09-01,CanadaBuys award notices,Avis d'attribution d'AchatsCanada,"Award notices, 2026-2027","Avis d’attribution, 2026-2027",Public Services and Procurement Canada , Services publics et Approvisionnement Canada
"Sep 1, 2026",2.0,a1acb126-9ce8-40a9-b889-5da2b1dd20cb,No resource,2023-04-27,2023-04-27,2026-09-01,CanadaBuys award notices,Avis d'attribution d'AchatsCanada,No resources covered,Aucune ressource couverte,Public Services and Procurement Canada , Services publics et Approvisionnement Canada
"Sep 1, 2026",1.0,a348c1d1-2392-4595-b5e2-c6a244a7e87f,230a9eb5-98ab-49cf-bb78-88f08cff9ac6,2016-10-31,2016-10-31,2024-06-11,Civil Aviation Daily Occurrence Report System,Système de compte rendu quotidien des événements de l'Aviation civile,Occurrence Information,Renseignements sur l'événement,Transport Canada , Transports Canada
"Sep 1, 2026",1.0,a348c1d1-2392-4595-b5e2-c6a244a7e87f,82f7af02-42c6-4275-9f5e-214397e5fea9,2016-10-31,2016-10-31,2024-06-11,Civil Aviation Daily Occurrence Report System,Système de compte rendu quotidien des événements de l'Aviation civile,Occurrence Category,Catégorie(s) d’événement,Transport Canada , Transports Canada
"Sep 1, 2026",2.0,a348c1d1-2392-4595-b5e2-c6a244a7e87f,No resource,2016-10-31,2016-10-31,2026-05-21,Civil Aviation Daily Occurrence Report System,Système de compte rendu quotidien des événements de l'Aviation civile,No resources covered,Aucune ressource couverte,Transport Canada , Transports Canada
"Sep 1, 2026",1.0,a348c1d1-2392-4595-b5e2-c6a244a7e87f,a4330483-7a03-4be4-9e73-2a9e87aaff53,2016-10-31,2016-10-31,2024-06-11,Civil Aviation Daily Occurrence Report System,Système de compte rendu quotidien des événements de l'Aviation civile,Occurrence Event Information,Facteur(s) concernant l'événement,Transport Canada , Transports Canada
"Sep 1, 2026",1.0,a35cf382-690c-4221-a971-cf0fd189a46f,27e54a33-3c39-42a9-8d58-46dd37c527e5,2018-10-12,2018-10-19,2026-08-21,GC InfoBase - Open Datasets,InfoBase du GC - ensembles des données ouvertes,Public Accounts of Canada – Expenditures by Standard Object,Comptes publics du Canada – Dépenses par article courant,Treasury Board of Canada Secretariat , Secrétariat du Conseil du Trésor du Canada
"Sep 1, 2026",1.0,a35cf382-690c-4221-a971-cf0fd189a46f,64774bc1-c90a-4ae2-a3ac-d9b50673a895,2018-10-12,2018-10-29,2026-08-21,GC InfoBase - Open Datasets,InfoBase du GC - ensembles des données ouvertes,Departmental Plans and Departmental Results Reports – Expenditures and Full Time Equivalents (FTE) by Program and by Organization,Plans Ministériels et  Rapports sur les résultats ministériels – Dépenses et équivalents temps plein (ETP) par programme et par organisation,Treasury Board of Canada Secretariat , Secrétariat du Conseil du Trésor du Canada
"Sep 1, 2026",2.0,a35cf382-690c-4221-a971-cf0fd189a46f,No resource,2018-10-12,2018-10-12,2026-08-27,GC InfoBase - Open Datasets,InfoBase du GC - ensembles des données ouvertes,No resources covered,Aucune ressource couverte,Treasury Board of Canada Secretariat , Secrétariat du Conseil du Trésor du Canada
"Sep 1, 2026",4.0,a35cf382-690c-4221-a971-cf0fd189a46f,f942e312-df08-4f05-8fba-8b37b2a688db,2018-10-12,2018-10-19,2026-08-21,GC InfoBase - Open Datasets,InfoBase du GC - ensembles des données ouvertes,Public Accounts of Canada – Transfer Payments,Comptes publics du Canada – Paiements de transfert,Treasury Board of Canada Secretariat , Secrétariat du Conseil du Trésor du Canada
"Sep 1, 2026",1.0,a376864b-18f2-49d8-9b98-1b7268ffb3c0,69ba58e5-232a-4b80-b5ca-4b5a36abbfdf,2019-12-05,2019-12-05,2025-02-28,Air occurrence data from January 1995 to present,Données sur les événements aériens de Janvier 1995 au présent,Occurrence,Événement,Transportation Safety Board of Canada , Bureau de la sécurité des transports du Canada
"Sep 1, 2026",1.0,a376864b-18f2-49d8-9b98-1b7268ffb3c0,82a88044-4555-47ff-84a3-02a5a5610310,2019-12-05,2019-12-05,2025-02-28,Air occurrence data from January 1995 to present,Données sur les événements aériens de Janvier 1995 au présent,Aircraft,Aéronef,Transportation Safety Board of Canada , Bureau de la sécurité des transports du Canada
"Sep 1, 2026",1.0,a376864b-18f2-49d8-9b98-1b7268ffb3c0,d1cfe8ff-ae53-456d-9de9-043eb91a65a5,2019-12-05,2019-12-05,2025-02-28,Air occurrence data from January 1995 to present,Données sur les événements aériens de Janvier 1995 au présent,Events and phases,Séquence des événements et les phases de vol,Transportation Safety Board of Canada , Bureau de la sécurité des transports du Canada
"Sep 1, 2026",1.0,a376864b-18f2-49d8-9b98-1b7268ffb3c0,e86672ca-e3ab-4def-97d7-d549dfe50713,2019-12-05,2019-12-05,2025-02-28,Air occurrence data from January 1995 to present,Données sur les événements aériens de Janvier 1995 au présent,Injuries,Blessures,Transportation Safety Board of Canada , Bureau de la sécurité des transports du Canada
"Sep 1, 2026",1.0,a376864b-18f2-49d8-9b98-1b7268ffb3c0,e9b75bbe-8223-47ec-a2cb-e9c5b41227fa,2019-12-05,2019-12-05,2025-02-28,Air occurrence data from January 1995 to present,Données sur les événements aériens de Janvier 1995 au présent,Survivability,Survivabilité,Transportation Safety Board of Canada , Bureau de la sécurité des transports du Canada
"Sep 1, 2026",1.0,a3edf193-5c56-4b38-bcc5-c8708c60ce38,587898fe-4b24-4f8f-871f-630a9f4c2e48,2021-04-13,2026-03-24,2026-03-24,Canadian Extreme Water Level Adaptation Tool (CAN-EWLAT),Outil canadien d'adaptation aux niveaux d'eau extrêmes (OCANEE),Canadian Extreme Water Level Adaptation Tool (CAN-EWLAT),Outil canadien d'adaptation aux niveaux d'eau extrêmes (OCANEE),Fisheries and Oceans Canada , Pêches et Océans Canada
"Sep 1, 2026",1.0,a3edf193-5c56-4b38-bcc5-c8708c60ce38,7a1159d5-61af-4f79-bdbb-717d57cac5dc,2021-04-13,2026-03-24,2026-03-24,Canadian Extreme Water Level Adaptation Tool (CAN-EWLAT),Outil canadien d'adaptation aux niveaux d'eau extrêmes (OCANEE),Technical Report,Rapport technique,Fisheries and Oceans Canada , Pêches et Océans Canada
"Sep 1, 2026",1.0,a3f143ce-1440-471c-b640-a8053ca99a3f,No resource,2026-07-30,2026-07-30,2026-08-17,"Briefing Material prepared for the Librarian and Archivist of Canada Appearance before the Standing Committee on Government Operations and Estimates (OGGO) - Comprehensive Expenditure Review - April 21, 2026",Documents d'information préparés pour la Bibliothécaire et Archiviste du Canada en vue de la comparution au Comité permanent des opérations gouvernementales et des prévisions budgétaires (OGGO) - Examen exhaustif des dépenses - 21 avril 2026,No resources covered,Aucune ressource couverte,Library and Archives Canada , Bibliothèque et Archives Canada
"Sep 1, 2026",1.0,a5184ea8-f036-4d1c-99f8-fb1744077827,7bba2690-9a75-4cca-a9cc-dc81316cfd0d,2023-10-04,2026-01-22,2026-01-22,"Performing arts, detailed sources of revenue, not-for-profit","Arts de la scène, sources détaillées des revenus, à but non lucratif",Dataset,Ensembles de données,Statistics Canada , Statistique Canada
"Sep 1, 2026",1.0,a5268fa6-cd31-46e2-a98d-161f77e79ad9,e324e7cf-1964-4d3b-a2e4-c2f1e5f4b450,2025-02-26,2026-05-20,2026-05-20,Agri-processors and producers service directory,Répertoire des services pour les transformateurs et les producteurs agricoles,Agri-processors and producers service directory [2026],Répertoire des services aux transformateurs et aux producteurs agricoles [2026],Government of Alberta , Gouvernement de l'Alberta
"Sep 1, 2026",2.0,a5b5672c-ddc8-449c-8473-ff98e0b666a7,No resource,2018-06-27,2018-06-27,2023-01-17,"Canada Mortgage and Housing Corporation, housing starts, all areas, seasonally adjusted at annual rates","Société canadienne d'hypothèques et de logement, logements mis en chantier, toutes les régions, désaisonnalisées au taux annuel",No resources covered,Aucune ressource couverte,Statistics Canada , Statistique Canada
"Sep 1, 2026",1.0,a6ba08bc-cb53-48b4-a1e5-e1bc95116761,No resource,2023-04-05,2023-04-05,2026-04-17,Alberta Visitor Profiles,Translation of Alberta Visitor Profiles,No resources covered,Aucune ressource couverte,Government of Alberta , Gouvernement de l'Alberta
"Sep 1, 2026",1.0,a733fb88-ddaf-47f8-95bb-e107630e8e62,0ef39e54-b836-4b46-9636-c45412e6cf2d,2023-02-28,2026-03-24,2026-03-24,National Eelgrass Dataset For Canada (NETForce),Base de données nationale sur les zostères pour le Canada (NETForce),National Eelgrass Dataset Canada NETForce Southern Shelf,Base de données nationale sur les zostères pour le Canada NETForce Plateau Sud,Fisheries and Oceans Canada , Pêches et Océans Canada
"Sep 1, 2026",1.0,a733fb88-ddaf-47f8-95bb-e107630e8e62,6dbea53a-2387-495b-a87d-58591e09da07,2023-02-28,2026-03-24,2026-03-24,National Eelgrass Dataset For Canada (NETForce),Base de données nationale sur les zostères pour le Canada (NETForce),National Eelgrass Dataset Canada NETForce Northern Shelf,Base de données nationale sur les zostères pour le Canada NETForce Plateau Nord,Fisheries and Oceans Canada , Pêches et Océans Canada
"Sep 1, 2026",1.0,a75c3d6c-354d-436d-999d-431fb3a9de79,No resource,2016-09-25,2016-09-25,2026-01-06,Ontario Detailed Soil Survey,Levé pédologique détaillé de l'Ontario,No resources covered,Aucune ressource couverte,Agriculture and Agri-Food Canada , Agriculture et Agroalimentaire Canada
"Sep 1, 2026",2.0,a75c3d6c-354d-436d-999d-431fb3a9de79,be95e003-ebc0-45f4-953d-83629927e105,2016-09-25,2026-01-06,2026-01-06,Ontario Detailed Soil Survey,Levé pédologique détaillé de l'Ontario,Pre-packaged GeoPackage (GPKG) files,Fichiers GeoPackage (GPKG) préemballés,Agriculture and Agri-Food Canada , Agriculture et Agroalimentaire Canada
"Sep 1, 2026",1.0,a7752b0c-408c-4c8f-a2d0-4f2e1d19dbe5,05caeba8-8c41-4ff5-80af-ab5a270afe48,2019-08-14,2019-08-14,2019-08-14,Lake Simcoe Water and Sediment Quality 2008 to 2011,Qualité de l’eau et des sédiments du lac Simcoe de 2008 à 2011,Lake Simcoe Sampling methodology_EN_FR.txt,Lake Simcoe Sampling methodology_EN_FR.txt,Environment and Climate Change Canada , Environnement et Changement climatique Canada
"Sep 1, 2026",1.0,a828eab4-5449-4ae5-a92f-e33b09da6934,No resource,2025-11-07,2025-11-07,2025-11-07,2025-26 Grants and Contributions,Subventions et contributions 2025-26,No resources covered,Aucune ressource couverte,National Research Council Canada , Conseil national de recherches Canada
"Sep 1, 2026",1.0,a851ce30-e216-4d7d-a29c-05631eef140e,1857e9f7-6039-4629-804b-53b4bd15ccee,2021-01-21,2026-03-24,2026-03-24,Maritimes 4VSW Research Vessel Survey,Relevé Par Navire De Recherche Dans 4VSW Dans Les Maritimes,Maritimes 4VSW Research Vessel Survey,Relevé Par Navire De Recherche Dans 4VSW Dans Les Maritimes,Fisheries and Oceans Canada , Pêches et Océans Canada
"Sep 1, 2026",1.0,a851ce30-e216-4d7d-a29c-05631eef140e,67d7dcf7-5e4c-417a-9dbc-40ae8cea2800,2021-01-21,2026-03-24,2026-03-24,Maritimes 4VSW Research Vessel Survey,Relevé Par Navire De Recherche Dans 4VSW Dans Les Maritimes,Maritimes 4VSW Research Vessel Survey,Relevé Par Navire De Recherche Dans 4VSW Dans Les Maritimes,Fisheries and Oceans Canada , Pêches et Océans Canada
"Sep 1, 2026",3.0,a851ce30-e216-4d7d-a29c-05631eef140e,c67a1005-41cb-459d-bcf1-579a89b0e715,2021-01-21,2026-03-24,2026-03-24,Maritimes 4VSW Research Vessel Survey,Relevé Par Navire De Recherche Dans 4VSW Dans Les Maritimes,Data Dictionary,Dictionnaire de données,Fisheries and Oceans Canada , Pêches et Océans Canada
"Sep 1, 2026",5.0,a883eb14-0c0e-45c4-b8c4-b54c4a819edb,12c03de6-c3f7-4f5f-bb5c-d479f2332842,2016-11-22,2016-11-22,2016-11-22,"Provinces/Territories, Cartographic Boundary File - 2016 Census","Provinces / Territoires, Fichier des limites cartographiques - Recensement de 2016","Provinces/Territories, Cartographic Boundary File - 2016 Census","Provinces / Territoires, Fichier des limites cartographiques - Recensement de 2016",Statistics Canada , Statistique Canada
"Sep 1, 2026",6.0,a883eb14-0c0e-45c4-b8c4-b54c4a819edb,No resource,2016-11-22,2016-11-22,2022-02-23,"Provinces/Territories, Cartographic Boundary File - 2016 Census","Provinces / Territoires, Fichier des limites cartographiques - Recensement de 2016",No resources covered,Aucune ressource couverte,Statistics Canada , Statistique Canada
"Sep 1, 2026",5.0,a8b74fa8-bd54-5c23-a521-af7c893316e6,No resource,2016-09-25,2016-09-25,2022-02-22,Tactile Maps of Canada-Maps For Mobility-City Downtown Maps-Montréal-Gare,Cartes tactiles du Canada-Les Cartes Pour La Mobilité-Cartes de centres-villes-Montréal-Gare,No resources covered,Aucune ressource couverte,Natural Resources Canada , Ressources naturelles Canada
"Sep 1, 2026",30.0,a9c18c37-b7b9-48ce-ac1d-b40a65bafa9e,No resource,2019-05-30,2019-05-30,2025-10-09,Food Consumption Table (2015 CCHS Nutrition),Le Tableau de la consommation des aliments (ESCC Nutrition 2015),No resources covered,Aucune ressource couverte,Health Canada , Santé Canada
"Sep 1, 2026",1.0,a9c18c37-b7b9-48ce-ac1d-b40a65bafa9e,ab33ef52-766f-4d24-87c2-329ccb9bd49e,2019-05-30,2019-05-30,2025-07-10,Food Consumption Table (2015 CCHS Nutrition),Le Tableau de la consommation des aliments (ESCC Nutrition 2015),Beverages - FCT (2015 CCHS Nutrition),Boissons - TCA (ESCC Nutrition 2015),Health Canada , Santé Canada
"Sep 1, 2026",1.0,a9c18c37-b7b9-48ce-ac1d-b40a65bafa9e,e5834186-0e98-4dc0-9830-a94cb5006ed9,2019-05-30,2019-05-30,2025-07-10,Food Consumption Table (2015 CCHS Nutrition),Le Tableau de la consommation des aliments (ESCC Nutrition 2015),Food Consumption Table (2015 CCHS Nutrition) - Datasets and Instructions,Tableau de la consommation des aliments (ESCC Nutrition 2015) - les ensembles de données et des instructions,Health Canada , Santé Canada
"Sep 1, 2026",1.0,a9e40f30-3229-4fb7-8105-83e751c848d4,9cf5cd30-5543-407d-abfb-4eda5bee2307,2022-12-01,2025-10-17,2025-10-17,"Vehicle registrations, by type of vehicle and fuel type","Immatriculations de véhicules, par type de véhicule et type de carburant",Dataset,Ensembles de données,Statistics Canada , Statistique Canada
"Sep 1, 2026",1.0,a9f0b1c5-df3d-4aa4-8b03-2d9c860823da,e224debf-c9fc-466d-9bdc-daf491551e9a,2016-09-26,2021-06-09,2021-06-09,Northern Major Projects,Grands projets nordiques,Northern Major Projects,Grands projets nordiques,Canadian Northern Economic Development Agency , Agence canadienne de développement économique du Nord
"Sep 1, 2026",1.0,aa8a85f7-ed42-4c1e-b78d-bb814163c1d3,e7c9109d-a1d8-4cf6-925e-eb0b6be295fd,2025-11-07,2025-11-07,2025-11-07,2024-2025 Departmental Results Framework,Cadre ministériel des résultats de 2024-2025,2024-2025 Departmental Results Report - Supplementary Data,Rapport sur les résultats ministériels 2024-2025 - Données supplémentaires,"Immigration, Refugees and Citizenship Canada "," Immigration, Réfugiés et Citoyenneté Canada"
"Sep 1, 2026",2.0,ab0b3ace-537c-44f6-9c5c-4acbff5cf68d,8a20e4cf-9284-4d9a-8a84-c2ac84ce722e,2016-09-25,2025-09-02,2025-09-03,Annual Payments in Lieu of Taxes (PILT) paid to taxing authorities across Canada,Paiements en Remplacement d’Impôts (PERI) versés annuellement aux autorités taxatrices à travers le Canada,2024 Payments in Lieu of Taxes paid to taxing authorities across Canada,2024 Paiements en Remplacement d’Impôts aux autorités taxatrices à travers le Canada,Public Services and Procurement Canada , Services publics et Approvisionnement Canada
"Sep 1, 2026",1.0,ab0c22c6-bbc2-5838-9b6e-7d83c61ba91d,03ffb9df-0d5d-4298-883b-7c140cf9d5cf,2016-09-25,2017-01-26,2017-01-26,Permafrost,Pergélisol,Download English JPEG through HTTP,Télécharger le fichier en format Anglais JPEG via HTTP,Natural Resources Canada , Ressources naturelles Canada
"Sep 1, 2026",1.0,ab20f976-d9f2-4602-aaf6-bb69a88016b5,5a3ee4a3-cebd-4c32-bfcc-adf3edb0537c,2025-03-26,2026-05-19,2026-05-19,"Labour market indicators for persons with disabilities by disability type, annual","Indicateurs du marché du travail pour personnes avec incapacité selon le type de l'incapacité, données annuelles",Dataset,Ensembles de données,Statistics Canada , Statistique Canada
"Sep 1, 2026",1.0,ab36a4ab-9b69-49b1-8be6-6faa3f0d0c67,70d366a8-5b87-49c3-bfc2-08f77880987c,2019-04-18,2019-04-18,2025-01-03,List of post-secondary academic institutions and programs validated by the Public Service Commission,Liste des établissements d'enseignement et programmes postsecondaires validés par la Commission de la fonction publique,List of post-secondary academic institutions and programs validated by the Public Service Commission: supporting documentation,Liste des établissements d'enseignement et programmes postsecondaires validés par la Commission de la fonction publique : Documentation à l'appui,Public Service Commission of Canada , Commission de la fonction publique du Canada
"Sep 1, 2026",1.0,ab48c63b-4143-4e62-8f36-831e31a2095d,784e7488-8488-457e-a965-1844fd63476a,2020-11-27,2026-08-26,2026-08-26,Small Landfill Sites (Historical data),Petites décharges contrôlées (données historiques),Small Landfill Sites (Historical data),Petits sites d'enfouissement (données historiques),Government of Ontario , Gouvernement de l'Ontario
"Sep 1, 2026",1.0,ac3515d6-2753-47a5-8575-35be7d127f43,56bc0585-6c1b-4f0c-86c3-30d0cc0302f8,2024-01-17,2026-08-26,2026-08-26,Electric transmission lines,Lignes de transport électrique,Electric transmission lines,Lignes de transport électrique,Government and Municipalities of Québec , Gouvernement et municipalités du Québec
"Sep 1, 2026",1.0,ac4d7703-1dee-4eb9-b71d-65bcd5427157,No resource,2018-09-17,2018-09-17,2024-06-11,"Acid Sensitive Lakes, Atlantic Canada","Lacs sensibles aux acides, Région de l'Atlantique",No resources covered,Aucune ressource couverte,Environment and Climate Change Canada , Environnement et Changement climatique Canada
"Sep 1, 2026",6.0,ac597ff8-ee13-48c3-b315-42e528090af2,f005d5b2-7a16-4022-af6e-1a0773cb07a1,2016-09-25,2025-11-07,2025-11-07,"Detailed information on Professional and Special Services, as per the Public Accounts of Canada","Information détaillée sur les Services professionnels et spéciaux, selon les Comptes publics du Canada",2025 - Professional and Special Services,2025 - Services professionnels et spéciaux,Public Services and Procurement Canada , Services publics et Approvisionnement Canada
"Sep 1, 2026",1.0,ac638390-4349-448b-81be-fb0d6d94e0e8,No resource,2018-06-27,2018-06-27,2026-08-27,"Balance of international payments, current account and capital account, quarterly","Balance des paiements internationaux, compte courant et compte capital, trimestriel",No resources covered,Aucune ressource couverte,Statistics Canada , Statistique Canada
"Sep 1, 2026",3.0,ac988c2a-ce33-4e8e-bf64-2c052c50892f,10aa6e6c-0bdb-4be6-9aef-1c66c1e5238f,2024-11-27,2024-11-27,2026-01-21,Radionuclide Information Booklet,Livret d'information sur les radionucléides,Radionuclide Information Booklet,Livret d'information sur les radionucléides,Canadian Nuclear Safety Commission , Commission canadienne de sûreté nucléaire
"Sep 1, 2026",4.0,ac988c2a-ce33-4e8e-bf64-2c052c50892f,caabbfe6-468a-45a7-aa5f-e98d8e6ce711,2024-11-27,2024-11-27,2026-02-19,Radionuclide Information Booklet,Livret d'information sur les radionucléides,Radionuclide Information Booklet,Livret d'information sur les radionucléides,Canadian Nuclear Safety Commission , Commission canadienne de sûreté nucléaire
"Sep 1, 2026",1.0,aca81811-4b08-4382-9af7-204e0b9d2448,6383a756-9205-4ab7-b7c7-bbf9a284d218,2020-06-05,2026-01-28,2026-01-28,Known BC Fish Observations and BC Fish Distributions,Observations de poissons connues en Colombie-Britannique et répartition des poissons en Colombie-Britannique,FISS_FISH_OBSRVTN_PNT_SP,FISS_FISH_OBSRVTN_PNT_SP,Government of British Columbia , Gouvernment de la Colombie-Britannique
"Sep 1, 2026",2.0,acceb1c3-2fa0-4fce-8a78-cf2b8588ed80,No resource,2025-09-17,2025-09-17,2026-08-26,Reprocessing of Yukon magnetic data for NTS 116B,Retraitement des données magnétiques du Yukon pour le NTS 116B,No resources covered,Aucune ressource couverte,Government of Yukon , Gouvernement du Yukon
"Sep 1, 2026",1.0,ad724dff-9727-40b4-8820-d1a9d13dd988,5c4c4664-8fa7-4ffc-95c5-c86418f82255,2018-06-27,2026-04-28,2026-04-28,Rail industry origin and destination of transported commodities,Origine et destination des marchandises transportées par l'industrie ferroviaire,Dataset,Ensembles de données,Statistics Canada , Statistique Canada
"Sep 1, 2026",2.0,adad580f-76b0-4502-bd05-20c125de9116,8d49f430-6dfd-4122-a18d-b0868381f0e6,2018-01-22,2022-11-17,2024-12-09,Wages ,Salaires ,2022 Wages,Salaires 2022,Employment and Social Development Canada , Emploi et Développement social Canada
"Sep 1, 2026",6.0,adad580f-76b0-4502-bd05-20c125de9116,9da94d63-b178-4a64-aeb3-b6a3bd721ad2,2018-01-22,2025-11-19,2025-11-19,Wages ,Salaires ,2025 Wages,Salaires de 2025,Employment and Social Development Canada , Emploi et Développement social Canada
"Sep 1, 2026",4.0,adad580f-76b0-4502-bd05-20c125de9116,No resource,2018-01-22,2018-01-22,2025-11-19,Wages ,Salaires ,No resources covered,Aucune ressource couverte,Employment and Social Development Canada , Emploi et Développement social Canada
"Sep 1, 2026",1.0,adcc64b1-2de6-480d-9c69-1a8602766cea,93bc238a-0f7e-430e-aa25-d4e284013985,2026-06-02,2026-06-02,2026-06-02,NRCAN Authorization Forms - Certification Bodies (CB),Formulaires d'autorisation NRCAN - Organismes de certification (OC),Authorization Letter,Lettre d'autorisation ,Natural Resources Canada , Ressources naturelles Canada
"Sep 1, 2026",6.0,ae3edc42-a3df-5c48-ad3b-81ea28bb95be,No resource,2016-09-25,2016-09-25,2022-02-22,Tactile Maps of Canada-Maps for Education-The Thematic Tactile Atlas of Canada-Soil Types,Cartes tactiles du Canada-Cartes éducatives-L'Atlas tactile thématique du Canada-Types de sols,No resources covered,Aucune ressource couverte,Natural Resources Canada , Ressources naturelles Canada
"Sep 1, 2026",1.0,af73a64b-c8fd-4535-b9d6-3aacaf745be6,No resource,2018-06-27,2018-06-27,2026-01-09,"Work absence of full-time employees by establishment size, annual","Absence du travail chez les employés à temps plein selon la taille de l'établissement, données annuelles",No resources covered,Aucune ressource couverte,Statistics Canada , Statistique Canada
"Sep 1, 2026",7.0,afec174b-1e9a-46e7-b820-2f16580131ad,No resource,2019-06-20,2019-06-20,2019-09-23,Statistical and Financial Summaries for Broadcasting Sector 2018,Relevés statistiques et financiers concernant le secteur de la radiodiffusion 2018,No resources covered,Aucune ressource couverte,Canadian Radio-television and Telecommunications Commission , Conseil de la radiodiffusion et des télécommunications canadiennes
"Sep 1, 2026",1.0,aff441fd-1440-480f-b61a-8a34d2f8cda2,No resource,2023-04-13,2023-04-13,2026-06-24,BC Employment and Assistance Program by Age,Programme d'aide à l'emploi et à l'emploi de la Colombie-Britannique par âge,No resources covered,Aucune ressource couverte,Government of British Columbia , Gouvernment de la Colombie-Britannique
"Sep 1, 2026",1.0,aff6b442-1b27-4f24-8546-6b38f96bba1d,No resource,2017-12-11,2017-12-11,2026-07-17,Building Footprints,Empreinte édifices,No resources covered,Aucune ressource couverte,Parks Canada , Parcs Canada
"Sep 1, 2026",5.0,b0488a2e-e784-4b2d-aa88-3a4829b1d708,062e1ac9-62a6-40fb-90e6-2ab684a90295,2017-03-06,2018-11-09,2025-03-13,Defence Forms Catalogue Listing,Répertoire de formulaires de la Défense,Defence Forms Catalogue,Répertiore de formulaires de la Défense,National Defence , Défense nationale
"Sep 1, 2026",3.0,b0488a2e-e784-4b2d-aa88-3a4829b1d708,No resource,2017-03-06,2017-03-06,2026-07-23,Defence Forms Catalogue Listing,Répertoire de formulaires de la Défense,No resources covered,Aucune ressource couverte,National Defence , Défense nationale
"Sep 1, 2026",1.0,b0e112e9-cf53-4e79-8838-23cd98debe5b,56ab7900-20a0-4438-94ed-8d4582041fcd,2016-09-25,2023-11-29,2024-11-21,3-Year Employment Outlooks,Les perspectives d'emploi sur 3 ans,2023-2025 Employment Outlooks - NOC 2021,Les perspectives professionnelles 2023-2025 - CNP 2021,Employment and Social Development Canada , Emploi et Développement social Canada
"Sep 1, 2026",2.0,b0e112e9-cf53-4e79-8838-23cd98debe5b,No resource,2016-09-25,2016-09-25,2025-12-15,3-Year Employment Outlooks,Les perspectives d'emploi sur 3 ans,No resources covered,Aucune ressource couverte,Employment and Social Development Canada , Emploi et Développement social Canada
"Sep 1, 2026",1.0,b0e112e9-cf53-4e79-8838-23cd98debe5b,cb52e1d0-ab62-4357-91cc-d8f5a2114e02,2016-09-25,2025-12-10,2025-12-15,3-Year Employment Outlooks,Les perspectives d'emploi sur 3 ans,2025-2027 Employment Outlooks - NOC 2021,Les perspectives professionnelles 2025-2027 - CNP 2021,Employment and Social Development Canada , Emploi et Développement social Canada
"Sep 1, 2026",1.0,b0e2476e-30a2-4ab3-ba5f-d680af5550f2,No resource,2025-11-26,2025-11-26,2026-07-20,Enterprise Transparency Policy - RCMP,Politique de transparence organisationnelle - GRC,No resources covered,Aucune ressource couverte,Royal Canadian Mounted Police , Gendarmerie royale du Canada
"Sep 1, 2026",1.0,b1126a07-fd85-4d56-8395-143aba1747a4,290f3412-e6b7-4811-b738-c360e11d22ef,2017-04-10,2022-03-09,2022-03-09,"Canadian International Merchandise Trade Web Application (CIMT), 2017-2022","L'application Web sur le commerce international de marchandises du Canada (CICM), 2017-2022","Imports, 2022","Importations, 2022",Statistics Canada , Statistique Canada
"Sep 1, 2026",6.0,b1126a07-fd85-4d56-8395-143aba1747a4,No resource,2017-04-10,2017-04-10,2022-03-11,"Canadian International Merchandise Trade Web Application (CIMT), 2017-2022","L'application Web sur le commerce international de marchandises du Canada (CICM), 2017-2022",No resources covered,Aucune ressource couverte,Statistics Canada , Statistique Canada
"Sep 1, 2026",1.0,b1126a07-fd85-4d56-8395-143aba1747a4,a838caf9-5fd2-4dcd-85ee-5fe86df35071,2017-04-10,2021-10-05,2021-10-05,"Canadian International Merchandise Trade Web Application (CIMT), 2017-2022","L'application Web sur le commerce international de marchandises du Canada (CICM), 2017-2022","Imports, 2018","Importations, 2018",Statistics Canada , Statistique Canada
"Sep 1, 2026",16.0,b166b1c1-0313-4706-8cca-f464f6fc7086,No resource,2023-12-01,2023-12-01,2025-10-11,Food Source Contribution Table (2015 CCHS Nutrition),Tableau de contribution des sources alimentaires (ESCC Nutrition 2015),No resources covered,Aucune ressource couverte,Health Canada , Santé Canada
"Sep 1, 2026",1.0,b1a7c834-81b2-47be-8133-055e097c81aa,No resource,2026-07-13,2026-07-13,2026-07-13,S-211: Fighting Against Forced Labour in Supply Chains Act,S-211: Loi sur la lutte contre le travail forcé dans les chaînes d'approvisionnement,No resources covered,Aucune ressource couverte,Public Safety Canada , Sécurité publique Canada
"Sep 1, 2026",3.0,b1c2dffa-c2ba-4d0e-b803-a483eef0f579,No resource,2017-03-23,2017-03-23,2024-02-15,Drainage regions of Canada,Régions de drainage du Canada,No resources covered,Aucune ressource couverte,Statistics Canada , Statistique Canada
"Sep 1, 2026",2.0,b1c2dffa-c2ba-4d0e-b803-a483eef0f579,bb83bf3b-11cd-4e67-a1bd-3097cc5f9001,2017-03-23,2024-02-15,2024-02-15,Drainage regions of Canada,Régions de drainage du Canada,Shapefile (English),Shapefile (Anglais),Statistics Canada , Statistique Canada
"Sep 1, 2026",3.0,b1cbfd48-2e6d-491d-b0d5-61b69f332453,No resource,2026-07-24,2026-07-24,2026-07-24,IOS Tidal Package,Progiciel d'analyse et de prévision des marées,No resources covered,Aucune ressource couverte,Fisheries and Oceans Canada , Pêches et Océans Canada
"Sep 1, 2026",1.0,b20def75-eff3-4174-a118-8b729c6a991b,No resource,2023-10-04,2023-10-04,2023-10-04,Population and dwelling counts: Canada and designated places,Chiffres de population et des logements : Canada et localités désignées,No resources covered,Aucune ressource couverte,Statistics Canada , Statistique Canada
"Sep 1, 2026",1.0,b2606c69-087d-4330-ad1d-122639b0cad0,843cd813-5dfe-4407-97fd-e665de2e669f,2026-02-13,2026-02-13,2026-02-13,"Canadian Business Counts, with employees, census metropolitan areas and census subdivisions, December 2025","Nombre d'entreprises canadiennes, avec employés, régions métropolitaines de recensement et subdivisions de recensement, décembre 2025",Dataset,Ensembles de données,Statistics Canada , Statistique Canada
"Sep 1, 2026",2.0,b2606c69-087d-4330-ad1d-122639b0cad0,No resource,2026-02-13,2026-02-13,2026-02-13,"Canadian Business Counts, with employees, census metropolitan areas and census subdivisions, December 2025","Nombre d'entreprises canadiennes, avec employés, régions métropolitaines de recensement et subdivisions de recensement, décembre 2025",No resources covered,Aucune ressource couverte,Statistics Canada , Statistique Canada
"Sep 1, 2026",3.0,b27ec3ef-7338-4e76-a6fd-128339a92df5,2282e8c7-f949-454d-9c34-b6a78d94b162,2025-05-29,2025-05-29,2026-09-01,Who we regulate,Entités réglementées,Who we regulate – private pension plans,Chercher un régime de retraite privé fédéral,Office of the Superintendent of Financial Institutions Canada , Bureau du surintendant des institutions financières Canada
"Sep 1, 2026",23.0,b27ec3ef-7338-4e76-a6fd-128339a92df5,945045fa-2de0-47d4-aad2-144d69467824,2025-05-29,2025-05-29,2026-09-01,Who we regulate,Entités réglementées,Who we regulate financial institutions,Entités réglementées institutions financières  (Anglaise),Office of the Superintendent of Financial Institutions Canada , Bureau du surintendant des institutions financières Canada
"Sep 1, 2026",14.0,b27ec3ef-7338-4e76-a6fd-128339a92df5,No resource,2025-05-29,2025-05-29,2026-09-01,Who we regulate,Entités réglementées,No resources covered,Aucune ressource couverte,Office of the Superintendent of Financial Institutions Canada , Bureau du surintendant des institutions financières Canada
"Sep 1, 2026",1.0,b2acb3be-c720-4329-a8c0-d4d36c8db61e,0b912228-e5a5-4c4a-aa0b-b8ec78ee3cf0,2024-12-17,2024-12-17,2026-05-28,2022 List of charities,Liste des organismes de bienfaisance 2022,Non-Qualified donees,Subventions à des donataires non reconnus,Canada Revenue Agency , Agence du revenu du Canada
"Sep 1, 2026",1.0,b2acb3be-c720-4329-a8c0-d4d36c8db61e,5ac6ac65-737b-41cd-949b-ef503a40e5b0,2024-12-17,2024-12-17,2025-09-11,2022 List of charities,Liste des organismes de bienfaisance 2022,List of charities data dictionary,Liste des organismes de bienfaisance dictionnaire des données,Canada Revenue Agency , Agence du revenu du Canada
"Sep 1, 2026",1.0,b2acb3be-c720-4329-a8c0-d4d36c8db61e,92b650b8-b3a5-4f7e-9552-0aac76df5b7d,2024-12-17,2024-12-17,2025-09-11,2022 List of charities,Liste des organismes de bienfaisance 2022,Codes Lists,Listes de codes,Canada Revenue Agency , Agence du revenu du Canada
"Sep 1, 2026",4.0,b2acb3be-c720-4329-a8c0-d4d36c8db61e,No resource,2024-12-17,2024-12-17,2026-05-28,2022 List of charities,Liste des organismes de bienfaisance 2022,No resources covered,Aucune ressource couverte,Canada Revenue Agency , Agence du revenu du Canada
"Sep 1, 2026",1.0,b32a6bd3-cf3e-40e3-9719-48c86dae913c,No resource,2016-11-22,2016-11-22,2022-02-23,"Dissemination Blocks, Digital Boundary File - 2016 Census","Îlots de diffusion, Fichier numérique des limites - Recensement de 2016",No resources covered,Aucune ressource couverte,Statistics Canada , Statistique Canada
"Sep 1, 2026",5.0,b34089f5-9861-5c58-aaf7-f0475afa5418,808de36e-2c06-427f-9c57-444472cf5e63,2016-09-25,2017-01-26,2017-01-26,Atlantic Provinces,Provinces de l’Atlantique,Download English PDF through HTTP,Télécharger le fichier en format Anglais PDF via HTTP,Natural Resources Canada , Ressources naturelles Canada
"Sep 1, 2026",1.0,b34089f5-9861-5c58-aaf7-f0475afa5418,bb6d007b-0dee-4008-a877-188197565ee0,2016-09-25,2017-01-26,2017-01-26,Atlantic Provinces,Provinces de l’Atlantique,Download English JPG through HTTP,Télécharger le fichier en format Anglais JPG via HTTP,Natural Resources Canada , Ressources naturelles Canada
"Sep 1, 2026",1.0,b3d0faf2-828f-488c-ab00-690f2df8d665,54876de7-c9f9-4f5b-a212-dff1c684c1ea,2025-09-17,2026-08-26,2026-08-26,Veins to valleys: the Klondike District,Des veines aux vallées : le district du Klondike,Guide,Guide,Government of Yukon , Gouvernement du Yukon
"Sep 1, 2026",1.0,b4e2b302-9bc6-4b33-b880-6496f8cef0f1,6da9e15e-9680-4f41-8ef4-ffed83ba5ddf,2016-09-25,2026-02-12,2026-02-12,SSHRC’s Expenditures File,Fichier des dépenses du CRSH,2024 Payments,2024 dépenses,Social Sciences and Humanities Research Council of Canada , Conseil de recherches en sciences humaines du Canada
"Sep 1, 2026",1.0,b5518921-d27a-02e5-1857-6fc576418930,76531bb3-8871-4b24-9580-96a4ca392493,2022-05-03,2026-07-15,2026-07-15,NS Correctional Services Expenditures,Dépenses des services correctionnels de la Nouvelle-Écosse,NS Correctional Services Expenditures (CSV Excel (EU)),Dépenses des services correctionnels de la Nouvelle-Écosse (CSV Excel (EU)),Government of Nova Scotia , Gouvernment de la Nouvelle-Écosse
"Sep 1, 2026",2.0,b61755fd-824b-469d-b75c-3448e31deb89,No resource,2017-08-18,2017-08-18,2026-08-15,Canada Community Building Fund Municipal Allocations,Les allocations municipales aux fonds pour le développement des collectivités du Canada,No resources covered,Aucune ressource couverte,"Department of Housing, Infrastructure and Communities "," Ministère du Logement, de l’Infrastructure et des Collectivités"
"Sep 1, 2026",1.0,b64179f3-ea0f-4abb-9cc5-85432fc958a0,e91aa8b5-ae85-4c1f-890a-f073e6604ca6,2017-03-29,2026-02-27,2026-02-27,Top 100 Exploration Projects,Les 100 principaux projets d'exploration,Map of Top 100 Exploration Projects,Carte des 100 principaux projets d'exploration,Natural Resources Canada , Ressources naturelles Canada
"Sep 1, 2026",1.0,b64650d4-19c5-58ab-bb0b-0988feb01982,15376328-986d-4ee0-8b60-bb9949dd6411,2016-09-25,2017-01-26,2017-01-26,North America Watersheds,Bassins hydrographiques de l’Amérique du Nord,Download Bilingual JPG through HTTP,Télécharger le fichier en format bilingue JPG via HTTP,Natural Resources Canada , Ressources naturelles Canada
"Sep 1, 2026",1.0,b64650d4-19c5-58ab-bb0b-0988feb01982,ca78b15b-154e-4311-b231-c678c17d14cf,2016-09-25,2017-01-26,2017-01-26,North America Watersheds,Bassins hydrographiques de l’Amérique du Nord,Download Bilingual PDF through HTTP,Télécharger le fichier en format bilingue PDF via HTTP,Natural Resources Canada , Ressources naturelles Canada
"Sep 1, 2026",2.0,b6567c5c-8339-4055-99fa-63f92114d9e4,05e3ef75-6710-4e5b-bb36-506904265b74,2016-09-26,2026-04-14,2026-04-14,First Nations Location,Localisation des Premières Nations,Pre-packaged SHP file,Fichier SHP pré-emballé,Indigenous Services Canada , Services aux Autochtones Canada
"Sep 1, 2026",1.0,b6567c5c-8339-4055-99fa-63f92114d9e4,No resource,2016-09-26,2016-09-26,2026-04-14,First Nations Location,Localisation des Premières Nations,No resources covered,Aucune ressource couverte,Indigenous Services Canada , Services aux Autochtones Canada
"Sep 1, 2026",1.0,b6567c5c-8339-4055-99fa-63f92114d9e4,a999c304-2667-4a2b-9377-e5add1ef9bed,2016-09-26,2026-04-14,2026-04-14,First Nations Location,Localisation des Premières Nations,Data Dictionary - GPKG (in English),Dictionnaire de données - GPKG (en anglais),Indigenous Services Canada , Services aux Autochtones Canada
"Sep 1, 2026",1.0,b6567c5c-8339-4055-99fa-63f92114d9e4,db2011f0-0eb7-4fd1-8428-874bdb51033b,2016-09-26,2026-04-14,2026-04-14,First Nations Location,Localisation des Premières Nations,Pre-packaged CSV file,Fichier CSV pré-emballé,Indigenous Services Canada , Services aux Autochtones Canada
"Sep 1, 2026",1.0,b6567c5c-8339-4055-99fa-63f92114d9e4,f0234d45-77df-4ffa-8838-668426b45f0e,2016-09-26,2026-04-14,2026-04-14,First Nations Location,Localisation des Premières Nations,Pre-packaged GPKG file,Fichier GPKG pré-emballé,Indigenous Services Canada , Services aux Autochtones Canada
"Sep 1, 2026",1.0,b6cbcf4d-f763-4924-a2fb-8cc4a06e3de4,0e535b9a-f815-4044-ad66-d4ee65796712,2017-04-12,2017-04-12,2026-08-18,Asylum Claimants – Monthly IRCC Updates,Demandeurs d’asile - Mises à jour mensuelles d’IRCC ,"Canada - Asylum Claimants by Province/Territory of Claim, Age and Claim Month","Canada - Demandeurs d’asile selon la province / le territoire où la demande a été reçue, l'âge et le mois à laquelle la demande a été reçue","Immigration, Refugees and Citizenship Canada "," Immigration, Réfugiés et Citoyenneté Canada"
"Sep 1, 2026",3.0,b6cbcf4d-f763-4924-a2fb-8cc4a06e3de4,450f7e37-73e6-4ec4-a5dc-7cc28411f828,2017-04-12,2017-04-12,2026-08-18,Asylum Claimants – Monthly IRCC Updates,Demandeurs d’asile - Mises à jour mensuelles d’IRCC ,"Canada - Asylum Claimants by Claim Office Type, Province / Territory of Claim and Claim Month","Canada - Demandeurs d’asile selon le type du bureau de réception de la demande, la province / le territoire où la demande a été reçue et le mois à laquelle la demande a été reçue","Immigration, Refugees and Citizenship Canada "," Immigration, Réfugiés et Citoyenneté Canada"
"Sep 1, 2026",1.0,b6cbcf4d-f763-4924-a2fb-8cc4a06e3de4,46bee0ae-2abf-40f8-ab56-91ebe529a4ba,2017-04-12,2017-04-12,2026-08-18,Asylum Claimants – Monthly IRCC Updates,Demandeurs d’asile - Mises à jour mensuelles d’IRCC ,"Canada - Asylum Claimants by Province/Territory of Claim, Age and Claim Month","Canada - Demandeurs d’asile selon la province / le territoire où la demande a été reçue, l'âge et le mois à laquelle la demande a été reçue","Immigration, Refugees and Citizenship Canada "," Immigration, Réfugiés et Citoyenneté Canada"
"Sep 1, 2026",1.0,b6cbcf4d-f763-4924-a2fb-8cc4a06e3de4,63f3ba24-cb8d-4c27-9c3d-3b53b9a9dfcc,2017-04-12,2017-04-12,2026-08-18,Asylum Claimants – Monthly IRCC Updates,Demandeurs d’asile - Mises à jour mensuelles d’IRCC ,"Canada - Asylum Claimants by Top 25 Countries of Citizenship in the Most Recent Complete Year, Claim Office Type and Claim Month","Canada – Demandeurs d’asile selon les 25 principaux pays de citoyenneté de la dernière année complète, par type de bureau de réception et mois de la demande","Immigration, Refugees and Citizenship Canada "," Immigration, Réfugiés et Citoyenneté Canada"
"Sep 1, 2026",2.0,b6cbcf4d-f763-4924-a2fb-8cc4a06e3de4,No resource,2017-04-12,2017-04-12,2026-08-18,Asylum Claimants – Monthly IRCC Updates,Demandeurs d’asile - Mises à jour mensuelles d’IRCC ,No resources covered,Aucune ressource couverte,"Immigration, Refugees and Citizenship Canada "," Immigration, Réfugiés et Citoyenneté Canada"
"Sep 1, 2026",1.0,b6cbcf4d-f763-4924-a2fb-8cc4a06e3de4,a18fc8e4-8b76-4a08-83a5-81bdbb7680f4,2017-04-12,2017-04-12,2026-08-18,Asylum Claimants – Monthly IRCC Updates,Demandeurs d’asile - Mises à jour mensuelles d’IRCC ,"Canada - Asylum Claimants by Top 25 Countries of Citizenship in the Most Recent Month, Claim Office Type and Claim Month","Canada – Demandeurs d’asile selon les 25 principaux pays de citoyenneté du plus récent mois, par type de bureau de réception et mois de la demande","Immigration, Refugees and Citizenship Canada "," Immigration, Réfugiés et Citoyenneté Canada"
"Sep 1, 2026",1.0,b7d5f4db-6e1e-49e4-8712-d16db93f56a1,2090cb39-ad40-4227-aef0-39c8b3ec2ae9,2016-10-27,2026-01-08,2026-01-08,Federal Child Support Tables – Nova Scotia,Tables fédérales de pensions alimentaires pour enfants - Nouvelle-Écosse,2025 Simplified Federal Child Support Tables: five or more children,Tables fédérales de pensions alimentaires pour enfants de 2025 : cinq enfants ou plus,Department of Justice Canada , Ministère de la Justice Canada
"Sep 1, 2026",1.0,b7d5f4db-6e1e-49e4-8712-d16db93f56a1,93117a20-002a-4828-a49f-5d1e5977153f,2016-10-27,2016-10-27,2026-01-08,Federal Child Support Tables – Nova Scotia,Tables fédérales de pensions alimentaires pour enfants - Nouvelle-Écosse,Federal Child Support Tables – Nova Scotia,Tables fédérales de pensions alimentaires pour enfants - Nouvelle-Écosse,Department of Justice Canada , Ministère de la Justice Canada
"Sep 1, 2026",1.0,b813dcb6-cc08-4e06-97d4-85b7e4daa822,e86e8769-16c0-4e4c-88fe-504e21a71e43,2016-09-25,2016-12-01,2024-11-22,Study Permit Holders – Ad Hoc IRCC (Specialized Datasets),Détenteurs de Permis d’étude – Ad Hoc IRCC (Ensemble de données spécialisées),"Canada – Study Permit Holders by country of citizenship (2015 ranking) and year in which study permit(s) became effective, 2006 - Q3 2016* (historic)","Canada - Titulaires de permis d’études selon le pays de citoyenneté (classement de 2015) et l'année à laquelle le permis d'études est entré en vigueur, 2006 - T3 2016* (historique)","Immigration, Refugees and Citizenship Canada "," Immigration, Réfugiés et Citoyenneté Canada"
"Sep 1, 2026",2.0,b813dcb6-cc08-4e06-97d4-85b7e4daa822,e9e25bcf-b4e0-4624-b741-a06a4045e99d,2016-09-25,2016-12-01,2024-11-22,Study Permit Holders – Ad Hoc IRCC (Specialized Datasets),Détenteurs de Permis d’étude – Ad Hoc IRCC (Ensemble de données spécialisées),"Canada - Study Permit Holders by Province/Territory of Destination*, Country of Citizenship and Year in which Permit(s) became effective**, 2004-March 2016","Canada - Titulaires de permis d'études selon la province/le territoire de destination*, le pays de citoyenneté et l'année signée**, 2004 à mars 2016 ","Immigration, Refugees and Citizenship Canada "," Immigration, Réfugiés et Citoyenneté Canada"
"Sep 1, 2026",1.0,b813dcb6-cc08-4e06-97d4-85b7e4daa822,faa89c52-597a-44ab-84b7-ae38fbfb1ffc,2016-09-25,2016-12-01,2024-11-22,Study Permit Holders – Ad Hoc IRCC (Specialized Datasets),Détenteurs de Permis d’étude – Ad Hoc IRCC (Ensemble de données spécialisées),"Canada - Study Permit Holders by Province/Territory of Destination*, Country of Citizenship and Year in which Permit(s) became effective**, 2004-March 2016","Canada - Titulaires de permis d'études selon la province/le territoire de destination*, le pays de citoyenneté et l'année signée**, 2004 à mars 2016 ","Immigration, Refugees and Citizenship Canada "," Immigration, Réfugiés et Citoyenneté Canada"
"Sep 1, 2026",1.0,b82096d6-81a7-4db7-b042-11e173b078ae,No resource,2025-06-10,2025-06-10,2025-10-15,Canada Basemap – Transportation (CBMT) – Vector Tile EPSG: 3978 (NAD83 Canada Atlas Lambert),Carte de base du Canada – Transport (CBCT) – tuiles vectorielles EPSG: 3978 (NAD83 Canada Atlas Lambert),No resources covered,Aucune ressource couverte,Natural Resources Canada , Ressources naturelles Canada
"Sep 1, 2026",1.0,b823cadc-0402-4392-a0f4-9128f8f7f58b,033990b5-68e9-4686-83ca-b96fbe4f9204,2020-09-11,2026-05-27,2026-05-27,Filming permits and authorizations,Permis et autorisations de tournage,Filming protocols,Protocoles de tournages,Government and Municipalities of Québec , Gouvernement et municipalités du Québec
"Sep 1, 2026",2.0,b823cadc-0402-4392-a0f4-9128f8f7f58b,3004c4a6-0533-470a-89f0-e94165d2a864,2020-09-11,2026-05-27,2026-05-27,Filming permits and authorizations,Permis et autorisations de tournage,Permit to occupy public domain for filming - 1997 to 2018,Permis d'occupation du domaine public pour les tournages - 1997 à 2018,Government and Municipalities of Québec , Gouvernement et municipalités du Québec
"Sep 1, 2026",1.0,b8a34d1b-d27f-4506-973c-d2ea2f68c623,No resource,2026-08-18,2026-08-18,2026-08-18,Algorithmic Impact Assessment - CBSA Traveller Compliance Indicator,Évaluation de l'incidence algorithmique - Indicateur de conformité de l'ASFC,No resources covered,Aucune ressource couverte,Canada Border Services Agency , Agence des services frontaliers du Canada
"Sep 1, 2026",1.0,b8a34d1b-d27f-4506-973c-d2ea2f68c623,b86afb9b-fa9f-4e2b-aa00-eaee5c897e32,2026-08-18,2026-08-18,2026-08-18,Algorithmic Impact Assessment - CBSA Traveller Compliance Indicator,Évaluation de l'incidence algorithmique - Indicateur de conformité de l'ASFC,CBSA Traveller Compliance Indicator – Algorithmic Impact Assessment ,Indicateur de conformité de l'ASFC  - Évaluation de l'incidence algorithmique  ,Canada Border Services Agency , Agence des services frontaliers du Canada
"Sep 1, 2026",1.0,b8c79d2f-3bd7-4f26-8102-be268be1582b,59b52369-c67c-414f-83b3-ddfdbb07febe,2026-04-21,2026-06-15,2026-06-15,Eastern Waterfowl Survey (EWS25),Suivi de la sauvagine de l’Est (EWS25),CWS_EWS25_SurveyObservations_ObservationsInventaire.csv,CWS_EWS25_SurveyObservations_ObservationsInventaire.csv,Environment and Climate Change Canada , Environnement et Changement climatique Canada
"Sep 1, 2026",1.0,b8c79d2f-3bd7-4f26-8102-be268be1582b,7e412b22-6d6e-4fe4-863f-45466b69ffde,2026-04-21,2026-06-15,2026-06-15,Eastern Waterfowl Survey (EWS25),Suivi de la sauvagine de l’Est (EWS25),CWS_EWS25_BMDE.csv,CWS_EWS25_BMDE.csv,Environment and Climate Change Canada , Environnement et Changement climatique Canada
"Sep 1, 2026",1.0,b8c79d2f-3bd7-4f26-8102-be268be1582b,No resource,2026-04-21,2026-04-21,2026-08-03,Eastern Waterfowl Survey (EWS25),Suivi de la sauvagine de l’Est (EWS25),No resources covered,Aucune ressource couverte,Environment and Climate Change Canada , Environnement et Changement climatique Canada
"Sep 1, 2026",1.0,b8c79d2f-3bd7-4f26-8102-be268be1582b,a64c74f8-2f67-4241-bdf0-bc87ba36fcf1,2026-04-21,2026-06-15,2026-06-15,Eastern Waterfowl Survey (EWS25),Suivi de la sauvagine de l’Est (EWS25),CWS_EWS25_SurveyConditions_ConditionsInventaire.csv,CWS_EWS25_SurveyConditions_ConditionsInventaire.csv,Environment and Climate Change Canada , Environnement et Changement climatique Canada
"Sep 1, 2026",2.0,b8c79d2f-3bd7-4f26-8102-be268be1582b,af20fbaf-f494-428e-9b9a-e5fd0c6c1868,2026-04-21,2026-06-15,2026-06-15,Eastern Waterfowl Survey (EWS25),Suivi de la sauvagine de l’Est (EWS25),CWS_EWS25_AllData_ToutesLesDonnées.gdb.zip,CWS_EWS25_AllData_ToutesLesDonnées.gdb.zip,Environment and Climate Change Canada , Environnement et Changement climatique Canada
"Sep 1, 2026",1.0,b8c79d2f-3bd7-4f26-8102-be268be1582b,ee50bb6b-c80c-4151-9a3d-bc9affc6b663,2026-04-21,2026-06-15,2026-06-15,Eastern Waterfowl Survey (EWS25),Suivi de la sauvagine de l’Est (EWS25),CWS_EWS25_ProtocolDataDictionary.pdf,CWS_EWS25_ProtocoleDictionnaireDeDonnés.pdf,Environment and Climate Change Canada , Environnement et Changement climatique Canada
"Sep 1, 2026",1.0,b90d077d-5df7-47b1-90c7-00c323ac25a4,1d68b96e-568e-4a01-9d2c-b900cec0b7ef,2022-03-31,2026-08-26,2026-08-26,Canopy of the six RMRs of Quebec 2022,Canopée des six RMR du Québec 2022,Mapping the canopy of the Montreal CMA in vector format,Cartographie de la canopée de la RMR de Montréal en format vectoriel,Government and Municipalities of Québec , Gouvernement et municipalités du Québec
"Sep 1, 2026",1.0,b90d077d-5df7-47b1-90c7-00c323ac25a4,4b0611ac-eb70-42cc-9e89-cdebf58b56ac,2022-03-31,2026-08-26,2026-08-26,Canopy of the six RMRs of Quebec 2022,Canopée des six RMR du Québec 2022,User Guide — Data Download,Guide d’utilisation – Téléchargement des données,Government and Municipalities of Québec , Gouvernement et municipalités du Québec
"Sep 1, 2026",2.0,b9f51ef4-4605-4ef2-8231-62a2edda1b54,No resource,2017-02-20,2017-02-20,2026-09-01,Proactive Disclosure - Hospitality Expenses,Divulgation des frais d'accueil ,No resources covered,Aucune ressource couverte,Treasury Board of Canada Secretariat , Secrétariat du Conseil du Trésor du Canada
"Sep 1, 2026",1.0,baad3bb6-5879-4e34-a4a6-a43212706cb7,830fcb79-465d-4fe5-92ab-e369bf9f430e,2020-09-14,2026-08-26,2026-08-26,Up-to-date ecoforest map,Carte écoforestière à jour,"🔗 Download links per sheet 1/250,000 (👁️ Overview of sheets)",🔗Liens de téléchargement par feuillet 1/250 000 (👁️ Aperçu des feuillets),Government and Municipalities of Québec , Gouvernement et municipalités du Québec
"Sep 1, 2026",1.0,baad3bb6-5879-4e34-a4a6-a43212706cb7,No resource,2020-09-14,2020-09-14,2026-08-26,Up-to-date ecoforest map,Carte écoforestière à jour,No resources covered,Aucune ressource couverte,Government and Municipalities of Québec , Gouvernement et municipalités du Québec
"Sep 1, 2026",1.0,bac83470-bc8f-4065-8ef3-bf76463c4ef2,2f316cfd-ed0b-458f-a81b-c09cf05eca2e,2020-09-23,2026-03-24,2026-03-24,Historical distribution of kelp forests on the coast of British Columbia: 1858 - 1956,Aire de répartition historique des forêts de varech sur la côte de la Colombie Britannique: 1858 - 1956,Historical distribution of kelp forests on the coast of British Columbia: 1858 - 1956,Aire de répartition historique des forêts de varech sur la côte de la Colombie Britannique: 1858 - 1956,Fisheries and Oceans Canada , Pêches et Océans Canada
"Sep 1, 2026",1.0,bc58074d-f806-441c-a31d-0329e671c5f1,4a8ea638-90bd-4431-9aee-2da342526e01,2022-03-30,2026-08-26,2026-08-26,Road network,Réseau routier,Road network - CSV,Réseau routier - CSV,Government and Municipalities of Québec , Gouvernement et municipalités du Québec
"Sep 1, 2026",1.0,bd4583a0-2e88-4f28-870b-b199a5d77b24,No resource,2025-09-17,2025-09-17,2026-08-26,Reprocessing of Yukon magnetic data for NTS 105D,Retraitement des données magnétiques du Yukon pour le NTS 105D,No resources covered,Aucune ressource couverte,Government of Yukon , Gouvernement du Yukon
"Sep 1, 2026",1.0,bd8389e2-6494-4bd2-8a5d-6225df2c94d8,5f010815-003d-469d-8fd2-f6a6e3088a79,2018-06-27,2023-01-17,2023-01-17,"Summary statistics for translation and interpretation services (all establishments), by industry, inactive","Statistiques sommaires sur les services de traduction et d'interprétation (tous les établissements), selon l'industrie, inactif",Dataset,Ensembles de données,Statistics Canada , Statistique Canada
"Sep 1, 2026",1.0,bdbab8a6-c101-4db3-8165-214f1ef7cfe8,4d39330b-b65e-4fcf-83e5-f20a40663d9c,2022-07-29,2023-06-20,2023-06-20,Canada's National Earthquake Scenario Catalogue - Georgia Strait Fault - Magnitude 7.0,"Catalogue national de scénarios de tremblement de terre - Faille du détroit de Georgia - Magnitude 7,0",Geological Survey of Canada Open File,Geological Survey of Canada Open File,Natural Resources Canada , Ressources naturelles Canada
"Sep 1, 2026",1.0,bdbab8a6-c101-4db3-8165-214f1ef7cfe8,541a2b52-7b39-4a1c-b07c-1596e8e60fae,2022-07-29,2023-06-20,2023-06-20,Canada's National Earthquake Scenario Catalogue - Georgia Strait Fault - Magnitude 7.0,"Catalogue national de scénarios de tremblement de terre - Faille du détroit de Georgia - Magnitude 7,0",Georgia Strait Fault - Magnitude 7.0 (Points),"Faille du détroit de Georgia - Magnitude 7,0 (Points)",Natural Resources Canada , Ressources naturelles Canada
"Sep 1, 2026",1.0,bdbab8a6-c101-4db3-8165-214f1ef7cfe8,No resource,2022-07-29,2022-07-29,2023-06-20,Canada's National Earthquake Scenario Catalogue - Georgia Strait Fault - Magnitude 7.0,"Catalogue national de scénarios de tremblement de terre - Faille du détroit de Georgia - Magnitude 7,0",No resources covered,Aucune ressource couverte,Natural Resources Canada , Ressources naturelles Canada
"Sep 1, 2026",2.0,be36f85e-e419-4978-9c34-cb5795622595,No resource,2020-09-11,2020-09-11,2026-08-12,"List of early childhood centers (CPE), daycares and coordinating offices in operation","Liste des centres de la petite enfance (CPE), garderies et bureaux coordonnateurs en fonction",No resources covered,Aucune ressource couverte,Government and Municipalities of Québec , Gouvernement et municipalités du Québec
"Sep 1, 2026",1.0,be414e8b-8bc1-4844-a0af-0ad16e6a13cb,No resource,2021-08-25,2021-08-25,2026-05-27,List of machines from Fab Labs and friendly workshops in Quebec,Liste des machines des Fab Labs et ateliers amis du Québec,No resources covered,Aucune ressource couverte,Government and Municipalities of Québec , Gouvernement et municipalités du Québec
"Sep 1, 2026",1.0,beda322a-cde7-44ab-a406-e58f7ce22272,f890c9e3-6331-4f20-874b-4c8d513de00b,2026-07-16,2026-07-16,2026-07-16,"House of Commons Standing Committee on Public Safety and National Security (SECU) - March 24th, 2026",Chambre des communes Comité permanent de la sécurité publique et nationale (SECU) - 24 mars 2026,"House of Commons Standing Committee on Public Safety and National Security (SECU) - Supplementary Estimates C - March 24th, 2026",Chambre des communes Comité permanent de la sécurité publique et nationale (SECU) - 24 mars 2026 - Budget supplémentaire des dépenses ,Royal Canadian Mounted Police , Gendarmerie royale du Canada
"Sep 1, 2026",2.0,beee0771-dab9-4be8-9b80-f8e8b3fdfd9d,58de6f86-6b29-4e55-8bad-4ce96a0ef055,2016-09-25,2016-11-03,2024-12-05,Infrastructure Canada Projects,Projets d'Infrastructure Canada,Project List,Liste de projets,"Department of Housing, Infrastructure and Communities "," Ministère du Logement, de l’Infrastructure et des Collectivités"
"Sep 1, 2026",1.0,befea406-cb91-4937-98d9-d615b6ff7a32,No resource,2021-04-13,2021-04-13,2025-11-06,"Gross domestic product (GDP) at basic prices, by sector and industry, provincial and territorial","Produit intérieur brut (PIB) aux prix de base, selon le secteur et l'industrie, provinciaux et territoriaux",No resources covered,Aucune ressource couverte,Statistics Canada , Statistique Canada
"Sep 1, 2026",1.0,bf00b7f4-e370-46b7-94e4-0bdedc98531b,a057a293-8940-49f9-a4a9-cd2635a3a4d1,2016-09-25,2017-01-10,2024-11-20,Canadian Register of Large Vessels,Registre canadien d'immatriculation des gros bâtiments,Large Vessels API Guide,Guide d'API des gros bâtiments,Transport Canada , Transports Canada
"Sep 1, 2026",1.0,bf00b7f4-e370-46b7-94e4-0bdedc98531b,d244771b-2f1f-4bd7-afa5-93673811ef14,2016-09-25,2017-01-10,2024-11-20,Canadian Register of Large Vessels,Registre canadien d'immatriculation des gros bâtiments,Large Vessels API Guide,Guide d'API des gros bâtiments,Transport Canada , Transports Canada
"Sep 1, 2026",1.0,bfab5876-77e5-4dbf-8693-3b0bc69428b8,No resource,2017-08-17,2017-08-17,2026-07-22,"Significant New Activity Publications under the Canadian Environmental Protection Act, 1999",Publications relatives aux nouvelles activités en vertu de la Loi canadienne sur la protection de l'environnement (1999),No resources covered,Aucune ressource couverte,Environment and Climate Change Canada , Environnement et Changement climatique Canada
"Sep 1, 2026",1.0,bfc25c69-84a5-4f6c-bbf2-7528233c3541,No resource,2023-04-05,2023-04-05,2026-06-03,PDD - Service Provider Caseloads by Region,PDD - Nombre de dossiers des fournisseurs de services par région,No resources covered,Aucune ressource couverte,Government of Alberta , Gouvernement de l'Alberta
"Sep 1, 2026",2.0,bfc25c69-84a5-4f6c-bbf2-7528233c3541,ad3f693f-a357-4669-a756-239fe5883ceb,2023-04-05,2026-06-03,2026-06-03,PDD - Service Provider Caseloads by Region,PDD - Nombre de dossiers des fournisseurs de services par région,PDD Service Provider Caseloads by Region,Nombre de cas des fournisseurs de services PDD par région,Government of Alberta , Gouvernement de l'Alberta
"Sep 1, 2026",1.0,c018c2e5-97f9-4249-b183-097aae572e71,No resource,2018-06-27,2018-06-27,2023-01-17,"Building permits, values by activity sector","Permis de bâtir, valeurs selon le secteur d'activité",No resources covered,Aucune ressource couverte,Statistics Canada , Statistique Canada
"Sep 1, 2026",1.0,c056830d-6d41-42a8-a11f-3af947e57b1b,02e2659c-1760-41f0-a95a-26e1e2883b90,2017-06-20,2024-06-07,2024-06-09,Environment Canada Davis Strait Baffin Bay (DSBB) Wind and Wave Reanalysis,Réanalyse par Environnement Canada des vents et des vagues dans le détroit de Davis et la baie de Baffin,Environment Canada Davis Strait Baffin Bay Wind and Wave Reanalysis,Réanalyse par Environnement Canada des vents et des vagues dans le détroit de Davis et la baie de Baffin,Environment and Climate Change Canada , Environnement et Changement climatique Canada
"Sep 1, 2026",1.0,c056830d-6d41-42a8-a11f-3af947e57b1b,938d1a7a-6ba3-4811-b356-5abd686312e0,2017-06-20,2024-06-07,2024-06-09,Environment Canada Davis Strait Baffin Bay (DSBB) Wind and Wave Reanalysis,Réanalyse par Environnement Canada des vents et des vagues dans le détroit de Davis et la baie de Baffin,B_Fields_Statistics_Definition.docx,B_Fields_Statistics_Definition.docx,Environment and Climate Change Canada , Environnement et Changement climatique Canada
"Sep 1, 2026",2.0,c1b0f627-8c29-427c-ab73-33968ad9176e,No resource,2016-09-25,2016-09-25,2026-03-04,NSERC's Awards Data,Les données sur les subventions et bourses du CRSNG,No resources covered,Aucune ressource couverte,Natural Sciences and Engineering Research Council of Canada , Conseil de recherches en sciences naturelles et en génie du Canada
"Sep 1, 2026",3.0,c1b0f627-8c29-427c-ab73-33968ad9176e,f4c9d4f1-e552-482d-8259-181dad6a3c3f,2016-09-25,2025-10-29,2026-03-04,NSERC's Awards Data,Les données sur les subventions et bourses du CRSNG,2024 Awards,2024 subventions,Natural Sciences and Engineering Research Council of Canada , Conseil de recherches en sciences naturelles et en génie du Canada
"Sep 1, 2026",1.0,c1b0f627-8c29-427c-ab73-33968ad9176e,fe4ee9fe-5f07-4a35-b2e2-646b6abf521e,2016-09-25,2016-10-27,2024-05-04,NSERC's Awards Data,Les données sur les subventions et bourses du CRSNG,Table definition - Awards,Définition de la table - subventions,Natural Sciences and Engineering Research Council of Canada , Conseil de recherches en sciences naturelles et en génie du Canada
"Sep 1, 2026",3.0,c1d860a2-e451-4df9-86d0-70c8699600e0,No resource,2025-06-04,2025-06-04,2026-08-20,Household Appliances,Appareils - domestiques,No resources covered,Aucune ressource couverte,Natural Resources Canada , Ressources naturelles Canada
"Sep 1, 2026",2.0,c3c9f361-c7d3-4c87-8be0-64c2b62521ee,56f10b18-2aeb-4734-b0ad-8450bdf25d08,2025-03-21,2025-03-21,2025-06-24,Survey on Financing and Growth of Small and Medium Enterprises - 2023,Enquête sur le financement et la croissance des petites et moyennes entreprises - 2023,Tables: Survey on Financing and Growth of SMEs 2023,Tableaux: Enquête sur le financement et la croissance des PME 2023,"Innovation, Science and Economic Development Canada "," Innovation, Sciences et Développement économique Canada"
"Sep 1, 2026",1.0,c41ae976-81fd-43e8-8094-adde75dc3ffc,fa2998b8-fc5b-45f6-95c9-c5fa6caf19a2,2024-05-15,2026-07-15,2026-07-15,Updated equalized assessment,Évaluation égalisée mise à jour,"Updated 2024 equalized assessment : year ending February 28, 2024",Évaluation péréquée mise à jour pour 2024 : exercice se terminant le 28 février 2024,Government of Alberta , Gouvernement de l'Alberta
"Sep 1, 2026",2.0,c446f15c-d37b-457c-96c8-380a94b47bda,c984b6cb-d208-476c-b1cc-170634a2f4d0,2023-04-13,2026-04-17,2026-04-17,BC Government Directory Extract,Translation of BC Government Directory Extract,BCGOV_directory_people.csv,Translation of BCGOV_directory_people.csv,Government of British Columbia , Gouvernment de la Colombie-Britannique
"Sep 1, 2026",2.0,c44edd5f-0f76-48c3-a68e-968d50fa2b49,273404a7-cf15-4964-95dc-6988d10b35a3,2021-01-27,2026-07-08,2026-07-08,"Ministry of the Environment, Conservation and Park’s Common Service Standards performance results","Résultats de l’évaluation du rendement par rapport aux normes communes de service du Ministère de l’Environnement, de la Protection de la nature et des Parcs (MEPP)",Ministry Performance Results,Ministry Performance Results,Government of Ontario , Gouvernement de l'Ontario
"Sep 1, 2026",14.0,c44fc192-fd12-5463-90a9-c5afd9688dbc,No resource,2016-09-25,2016-09-25,2022-02-22,Tactile Maps of Canada-Maps for Education-The Thematic Tactile Atlas of Canada-Physiographic Regions,Cartes tactiles du Canada-Cartes éducatives-L'Atlas tactile thématique du Canada-Régions physiographiques,No resources covered,Aucune ressource couverte,Natural Resources Canada , Ressources naturelles Canada
"Sep 1, 2026",4.0,c458957d-7ef1-5379-9c55-bef184096d26,No resource,2016-09-25,2016-09-25,2022-02-22,Tactile Maps of Canada-Maps For Transportation And Tourism-City Approach Maps-Montreal,Cartes tactiles du Canada-Les Cartes Pour Le Transport Et Le Tourisme-Cartes d'approches de villes-Montreal,No resources covered,Aucune ressource couverte,Natural Resources Canada , Ressources naturelles Canada
"Sep 1, 2026",2.0,c48669a3-045b-400d-b730-48aafe8c5ee6,0b7be44d-4a33-3372-87b5-d823e01b6fc1,2016-09-25,2025-11-04,2026-05-08,NuSEDS-New Salmon Escapement Database System,NuSEDS - Base de donnèe d'échappement du saumon,Fraser and BC Interior NuSEDS_20251014.xlsx,Fleuve Fraser et intérieur de la C.-B. NuSEDS_20251014.xlsx,Fisheries and Oceans Canada , Pêches et Océans Canada
"Sep 1, 2026",2.0,c4c5c7f1-bfa6-4ff6-b4a0-c164cb2060f7,312a65c5-d0bc-4445-8a24-95b2690cc62b,2016-09-25,2024-02-18,2026-08-31,Open Data Portal Catalogue,Catalogue du portail de données ouvertes,datasets metadata,métadonnées des ensembles de données,Treasury Board of Canada Secretariat , Secrétariat du Conseil du Trésor du Canada
"Sep 1, 2026",4.0,c4c5c7f1-bfa6-4ff6-b4a0-c164cb2060f7,3c911562-c541-463f-8cd4-490182cd57f9,2016-09-25,2024-02-18,2026-08-31,Open Data Portal Catalogue,Catalogue du portail de données ouvertes,Resources Metadata,métadonnées des ressources,Treasury Board of Canada Secretariat , Secrétariat du Conseil du Trésor du Canada
"Sep 1, 2026",2.0,c4c5c7f1-bfa6-4ff6-b4a0-c164cb2060f7,No resource,2016-09-25,2016-09-25,2026-08-31,Open Data Portal Catalogue,Catalogue du portail de données ouvertes,No resources covered,Aucune ressource couverte,Treasury Board of Canada Secretariat , Secrétariat du Conseil du Trésor du Canada
"Sep 1, 2026",1.0,c4c5c7f1-bfa6-4ff6-b4a0-c164cb2060f7,a79f7297-9b20-427a-be79-d286daa92412,2016-09-25,2024-02-18,2026-08-31,Open Data Portal Catalogue,Catalogue du portail de données ouvertes,resource views metadata,métadonnées des vues de ressources,Treasury Board of Canada Secretariat , Secrétariat du Conseil du Trésor du Canada
"Sep 1, 2026",3.0,c4c5c7f1-bfa6-4ff6-b4a0-c164cb2060f7,b8931c16-0710-4c31-bbda-f60841e98cb4,2016-09-25,2024-02-18,2026-08-31,Open Data Portal Catalogue,Catalogue du portail de données ouvertes,Catalogue,catalogue,Treasury Board of Canada Secretariat , Secrétariat du Conseil du Trésor du Canada
"Sep 1, 2026",1.0,c5df3a4d-2520-4dcb-8445-0cff5107bb92,No resource,2023-04-13,2023-04-13,2026-08-26,Deputy Ministers and Associate Deputy Ministers Salary and Travel Expenses,Salaires et frais de voyage des sous-ministres et des sous-ministres associés,No resources covered,Aucune ressource couverte,Government of British Columbia , Gouvernment de la Colombie-Britannique
"Sep 1, 2026",1.0,c5df3a4d-2520-4dcb-8445-0cff5107bb92,c3fa7838-2711-4605-bd54-58a7a30cbd99,2023-04-13,2026-08-26,2026-08-26,Deputy Ministers and Associate Deputy Ministers Salary and Travel Expenses,Salaires et frais de voyage des sous-ministres et des sous-ministres associés,FYE 2026 DM & ADM Salary and Travel,Salaires et voyages des DM et ADM pour l'exercice 2026,Government of British Columbia , Gouvernment de la Colombie-Britannique
"Sep 1, 2026",1.0,c6085f69-652f-4f33-9b0a-89b24d90ccff,792e4cc2-b0cb-465e-9cd0-7b7b2bfb1871,2020-09-14,2026-05-27,2026-05-27,Fire hydrants,Bornes d'incendie,Fire hydrants,Bornes incendie,Government and Municipalities of Québec , Gouvernement et municipalités du Québec
"Sep 1, 2026",1.0,c60e0d39-9c9d-473e-9fa7-8987dc6aff4f,6c1c83f7-4e5e-48cb-afd9-e008c13c1ff4,2024-07-24,2026-05-27,2026-05-27,List of active leases,Liste des baux actifs,List of active leases in 2025,Liste des baux actifs en 2025,Government and Municipalities of Québec , Gouvernement et municipalités du Québec
"Sep 1, 2026",1.0,c6879faf-2bc7-4c84-999c-0626ae33ec84,No resource,2025-09-29,2025-09-29,2026-08-26,Foreign bank branches,Succursales de banques étrangères,No resources covered,Aucune ressource couverte,Office of the Superintendent of Financial Institutions Canada , Bureau du surintendant des institutions financières Canada
"Sep 1, 2026",1.0,c6879faf-2bc7-4c84-999c-0626ae33ec84,c9d9e342-1a99-4200-81bd-8a63039e5a8d,2025-09-29,2026-06-03,2026-08-17,Foreign bank branches,Succursales de banques étrangères,Foreign Bank Branches - User manual,Foreign Bank Branches - User manual,Office of the Superintendent of Financial Institutions Canada , Bureau du surintendant des institutions financières Canada
"Sep 1, 2026",1.0,c688b87f-e85f-4842-b0e1-a8f79ebf1133,58e33b70-d910-44f5-ad05-4affdb40fe57,2018-11-08,2025-04-29,2025-04-29,2010 Land Cover of Canada,Couverture des terres du Canada 2010,2010 Land Cover of Canada,Couverture des terres du Canada 2010,Natural Resources Canada , Ressources naturelles Canada
"Sep 1, 2026",1.0,c70a73e6-e42d-4e2a-91e3-6c0d41568952,No resource,2021-04-13,2021-04-13,2025-09-23,Youth admissions to correctional services,Admissions de jeunes aux services correctionnels,No resources covered,Aucune ressource couverte,Statistics Canada , Statistique Canada
"Sep 1, 2026",5.0,c7413d9f-112e-4a26-bbd1-ae2711856629,7e5679e0-bd93-4fe2-871f-86a7bc2479b5,2023-04-13,2026-04-17,2026-04-17,MSP Blue Book,Translation of MSP Blue Book,BlueBook 2014.15 - 2024.25,Translation of BlueBook 2014.15 - 2024.25,Government of British Columbia , Gouvernment de la Colombie-Britannique
"Sep 1, 2026",3.0,c7413d9f-112e-4a26-bbd1-ae2711856629,No resource,2023-04-13,2023-04-13,2026-04-17,MSP Blue Book,Translation of MSP Blue Book,No resources covered,Aucune ressource couverte,Government of British Columbia , Gouvernment de la Colombie-Britannique
"Sep 1, 2026",1.0,c7c19fd6-d004-46d1-83cf-cdd687c3588e,9bbf3a34-33df-4e3d-9d50-5616c8a066c9,2022-05-11,2026-02-25,2026-02-25,Ontario Landfills,Ensemble de données sur les décharges de l’Ontario,Ontario Landfills,Décharges de l'Ontario,Government of Ontario , Gouvernement de l'Ontario
"Sep 1, 2026",1.0,c7c19fd6-d004-46d1-83cf-cdd687c3588e,dfde463e-9ea1-4a1a-adea-11ce5b1b36ec,2022-05-11,2026-02-25,2026-02-25,Ontario Landfills,Ensemble de données sur les décharges de l’Ontario,Ontario Landfills,Décharges de l'Ontario,Government of Ontario , Gouvernement de l'Ontario
"Sep 1, 2026",1.0,c88e3d88-98df-44ff-8210-963dda56d903,No resource,2021-04-13,2021-04-13,2024-03-22,"Postsecondary graduates, by province of study, level of study, field of study and sex, inactive","Diplômés postsecondaires, selon la province d'études, le niveau d'études, le domaine d'études et le sexe, inactif",No resources covered,Aucune ressource couverte,Statistics Canada , Statistique Canada
"Sep 1, 2026",2.0,c9336648-098a-4984-b0cb-be65b951cadd,No resource,2020-09-14,2020-09-14,2026-08-26,Basic mapping,Cartographie de base,No resources covered,Aucune ressource couverte,Government and Municipalities of Québec , Gouvernement et municipalités du Québec
"Sep 1, 2026",15.0,c962bb2e-b896-5113-9e55-23130d4e07a4,No resource,2016-09-25,2016-09-25,2022-02-22,Tactile Maps of Canada-Maps for Education-The Thematic Tactile Atlas of Canada-Forest Types,Cartes tactiles du Canada-Cartes éducatives-L'Atlas tactile thématique du Canada-Types de forêts,No resources covered,Aucune ressource couverte,Natural Resources Canada , Ressources naturelles Canada
"Sep 1, 2026",1.0,c999d1a9-8333-4871-9226-7d3a53f490a6,00976f7d-b0b8-49e3-a41e-0a195207287c,2023-03-29,2026-05-27,2026-05-27,Public charging stations for electric cars,Bornes de recharge publiques pour voitures électriques,Public charging stations,Bornes de recharge publiques,Government and Municipalities of Québec , Gouvernement et municipalités du Québec
"Sep 1, 2026",1.0,c999d1a9-8333-4871-9226-7d3a53f490a6,No resource,2023-03-29,2023-03-29,2026-05-27,Public charging stations for electric cars,Bornes de recharge publiques pour voitures électriques,No resources covered,Aucune ressource couverte,Government and Municipalities of Québec , Gouvernement et municipalités du Québec
"Sep 1, 2026",2.0,c9b480e8-6620-41f2-9757-fe1840790d81,No resource,2022-03-29,2022-03-29,2026-03-04,"Isopach of the Paskapoo Formation, Alberta (Gridded data, ASCII format)","Isopach de la Formation de Paskapoo, Alberta (données maillées, format ASCII)",No resources covered,Aucune ressource couverte,Government of Alberta , Gouvernement de l'Alberta
"Sep 1, 2026",1.0,ca1847da-e908-43de-bd8c-588570331650,No resource,2020-09-14,2020-09-14,2026-05-27,Electoral districts,Districts électoraux,No resources covered,Aucune ressource couverte,Government and Municipalities of Québec , Gouvernement et municipalités du Québec
"Sep 1, 2026",1.0,ca243c40-a6d3-4a46-a578-b4fad4369df0,No resource,2016-09-25,2016-09-25,2024-11-22,Syrian Refugees Family Composition – Ad Hoc IRCC (Specialized Datasets),La composition des familles de réfugiés Syriens – Ad Hoc IRCC (Ensemble de données spécialisées) ,No resources covered,Aucune ressource couverte,"Immigration, Refugees and Citizenship Canada "," Immigration, Réfugiés et Citoyenneté Canada"
"Sep 1, 2026",1.0,ca4674e1-8893-11e0-a2eb-6cf049291510,No resource,2016-09-25,2016-09-25,2022-03-14,The Search for a Western Passage c1519 to 1527,La recherche du passage de l’ouest vers v1519 à 1527,No resources covered,Aucune ressource couverte,Natural Resources Canada , Ressources naturelles Canada
"Sep 1, 2026",1.0,cab4826f-4a19-41f8-9041-3f02a1f6d966,7cfa846c-2aef-4621-a15f-cec8d4a989b2,2025-06-04,2025-09-25,2026-08-20,Lighting Products,Matériels d'éclairage,"General Service Lamps 8.80 - Manufactured on or after January 1, 2026","Lamp Standard 8,80 - Fabriquées le 1er janvier 2026 ou après cette date",Natural Resources Canada , Ressources naturelles Canada
"Sep 1, 2026",2.0,cafbe230-8893-11e0-a140-6cf049291510,d9527ad6-b7c7-4649-b05f-59eeaf779873,2016-09-25,2017-01-26,2017-01-26,The Great Lakes 1654 to 1670,Les Grands Lacs 1654 à 1670,"Download the English ZIP (PDF,JPG) file through HTTP","Télécharger le fichier en format ZIP (PDF, JPG) Anglais via HTTP",Natural Resources Canada , Ressources naturelles Canada
"Sep 1, 2026",1.0,cb041f8f-8893-11e0-b9f8-6cf049291510,58292bd3-e5dc-4ba8-8361-bf3aac369488,2016-09-25,2017-01-26,2017-01-26,The Iroquois Country 1654 to 1656,Le pays des Iroquois 1654 à 1656,"Download the English ZIP (PDF,JPG) file through HTTP","Télécharger le fichier en format ZIP (PDF, JPG) Anglais via HTTP",Natural Resources Canada , Ressources naturelles Canada
"Sep 1, 2026",1.0,cb2400fb-aee0-4b58-a88e-e6de32c43c16,10894ece-4c04-4557-a077-48ab463061c6,2026-06-19,2026-06-19,2026-06-19,Time zones in Canada,Fuseaux horaires du Canada,Daylight Saving Time Zones (Static Map),Fuseaux horaires de l’heure avancée (carte statique),Natural Resources Canada , Ressources naturelles Canada
"Sep 1, 2026",2.0,cb2400fb-aee0-4b58-a88e-e6de32c43c16,690d8a8e-5d8e-40fb-9a33-f1c4fe0b049e,2026-06-19,2026-06-19,2026-06-19,Time zones in Canada,Fuseaux horaires du Canada,Standard Time Zones (Static Map),Fuseaux horaires de l’heure normale (carte statique),Natural Resources Canada , Ressources naturelles Canada
"Sep 1, 2026",1.0,cb2deeb0-8893-11e0-bf75-6cf049291510,757af477-dabf-4b7e-9cb5-5aa210a7f246,2016-09-25,2017-01-26,2017-01-26,British North America circa 1823,L'Amérique du Nord britannique vers 1823,"Download the English ZIP (PDF,JPG) file through HTTP","Télécharger le fichier en format ZIP (PDF, JPG) Anglais via HTTP",Natural Resources Canada , Ressources naturelles Canada
"Sep 1, 2026",2.0,cb3fa1f0-8893-11e0-8e20-6cf049291510,7b70971c-d6d3-4825-a679-1bae1db4cc66,2016-09-25,2017-01-26,2017-01-26,New France circa 1740,Nouvelle-France vers 1740,Download the English JP2 File through HTTP,Télécharger le fichier en format JPEG2000 Anglais via HTTP,Natural Resources Canada , Ressources naturelles Canada
"Sep 1, 2026",1.0,cb47d4b9-059a-4c09-a522-ee4e6eb1329d,139e8820-66b3-4f34-bfd8-089c85c97fe4,2024-01-12,2024-01-12,2024-11-21,Integrating Gender-Based Analysis Plus (GBA Plus) Into Public and Digital Engagement ,Intégrer l’ACS Plus dans les activités de mobilisation numériques et de mobilisation du public ,Integrating Gender-Based Analysis Plus (GBA Plus) Into Public and Digital Engagement ,Intégrer l’ACS Plus dans les activités de mobilisation numériques et de mobilisation du public ,Women and Gender Equality Canada , Femmes et Égalité des genres Canada
"Sep 1, 2026",1.0,cb4911f1-89d8-47f0-92e1-2cbfac3d300b,No resource,2022-05-03,2022-05-03,2026-07-08,"National Road Network (NRN) - AB, Alberta","Réseau routier national (RRN) - AB, Alberta",No resources covered,Aucune ressource couverte,Government of Alberta , Gouvernement de l'Alberta
"Sep 1, 2026",1.0,cb4b563d-23f7-4fe9-8dc1-eac45612a934,30b85145-13b8-4c02-882c-f8d612bd21c1,2025-11-28,2025-11-28,2026-08-20,Opioid agonist treatment archives,Archives du traitement par agonistes opioïdes,Opioid Agonist Treatment: December 2019,Traitement par agonistes aux opioïdes : décembre 2019,Correctional Service of Canada , Service correctionnel du Canada
"Sep 1, 2026",2.0,cb4b563d-23f7-4fe9-8dc1-eac45612a934,69144cc2-e822-49d8-b4df-4cd1bd46b065,2025-11-28,2026-07-28,2026-08-20,Opioid agonist treatment archives,Archives du traitement par agonistes opioïdes,Opioid Agonist Treatment: June 2026,Traitement par agonistes aux opioïdes : juin 2026,Correctional Service of Canada , Service correctionnel du Canada
"Sep 1, 2026",1.0,cb4b563d-23f7-4fe9-8dc1-eac45612a934,No resource,2025-11-28,2025-11-28,2026-08-20,Opioid agonist treatment archives,Archives du traitement par agonistes opioïdes,No resources covered,Aucune ressource couverte,Correctional Service of Canada , Service correctionnel du Canada
"Sep 1, 2026",1.0,cb642c60-b3ba-499f-a63c-bd61a28a9f3f,31ecbdc7-ef04-407e-bf47-dca70d1b1ec1,2026-07-10,2026-07-10,2026-07-10,GC HR and Pay - Memoranda of Understanding (MOUs) ,RH et paye du GC - Protocoles d’entente (PE) ,2025 MOU - CNSC (HR & Pay Transformation Project),2025 Protocole d'entente - CCSN (Projet de transformation des RH et de la paye),Public Services and Procurement Canada , Services publics et Approvisionnement Canada
"Sep 1, 2026",1.0,cd36c2e3-f2ad-4654-8954-25e79a346b36,2d6542bf-2f9f-444b-86a1-928030a62f18,2025-02-28,2026-08-28,2026-08-28,Gross domestic product per capita and other per capita macroeconomic indicators,Produit intérieur brut par habitant et autres indicateurs macroéconomiques par habitant,Dataset,Ensembles de données,Statistics Canada , Statistique Canada
"Sep 1, 2026",1.0,cd36c2e3-f2ad-4654-8954-25e79a346b36,No resource,2025-02-28,2025-02-28,2026-08-28,Gross domestic product per capita and other per capita macroeconomic indicators,Produit intérieur brut par habitant et autres indicateurs macroéconomiques par habitant,No resources covered,Aucune ressource couverte,Statistics Canada , Statistique Canada
"Sep 1, 2026",1.0,cdab7073-728d-47f0-b967-51b96f5680c8,No resource,2020-11-27,2020-11-27,2026-06-29,Waste Management Site,Sites de gestion des déchets,No resources covered,Aucune ressource couverte,Government of Ontario , Gouvernement de l'Ontario
"Sep 1, 2026",1.0,cdb006fa-2df0-8acb-2266-d4b1dc775bdf,No resource,2023-04-21,2023-04-21,2025-02-05,Manitoba's Five Year Report on the Status of Forestry,Rapport quinquennal sur l'état de la foresterie du Manitoba,No resources covered,Aucune ressource couverte,Government of Manitoba , Gouvernement du Manitoba
"Sep 1, 2026",1.0,cdc419ab-80e6-772c-2822-511d0ca0fa5d,No resource,2023-04-22,2023-04-22,2025-10-15,Highway Traffic Volume Map,Carte du volume du trafic routier,No resources covered,Aucune ressource couverte,Government of Saskatchewan , Gouvernement de la Saskatchewan
"Sep 1, 2026",1.0,cde4c4fd-a0b2-4816-af43-13de7a3fd3e3,2656cc87-7de8-4b55-9b13-91dc2958d02d,2023-04-05,2026-07-08,2026-07-08,Municipal financial and statistical data,Données financières et statistiques municipales,2020 financial year,Exercice financier 2020,Government of Alberta , Gouvernement de l'Alberta
"Sep 1, 2026",2.0,cde4c4fd-a0b2-4816-af43-13de7a3fd3e3,b23fb1b6-f5e0-4a36-9113-2bab4a81a19a,2023-04-05,2026-07-08,2026-07-08,Municipal financial and statistical data,Données financières et statistiques municipales,2025 financial year,Exercice financier 2025,Government of Alberta , Gouvernement de l'Alberta
"Sep 1, 2026",1.0,cdfc2d7b-c046-4bf0-90ac-4897232619e1,ca2e29ce-220b-459c-bcbf-6117abb16d77,2020-06-05,2026-01-28,2026-01-28,BC Wildfire Fire Perimeters - Current,Périmètres des feux de forêt en Colombie-Britannique - Actuel,PROT_CURRENT_FIRE_POLYS_SP,PROT_CURRENT_FIRE_POLYS_SP,Government of British Columbia , Gouvernment de la Colombie-Britannique
"Sep 1, 2026",13.0,ceb1ab5a-7d7c-4491-a2f7-560c47c4e22f,648f0b3b-8d21-4373-94b4-72847dbf79a1,2021-03-23,2021-03-23,2025-03-07,Historical and current Canadian Armed Forces  pay scale adjustments for Regular Force and Class C Non-Commissioned Members (NCMs),Ajustements historiques et actuels de l’échelle salariale des Forces armées canadiennes pour les sous-officiers de la Force régulière et de la classe C,Historical and current Canadian Armed Forces  pay scale adjustments for Regular Force and Class C Non-Commissioned Members (NCMs),Ajustements historiques et actuels de l’échelle salariale des Forces armées canadiennes pour les sous-officiers de la Force régulière et de la classe C,National Defence , Défense nationale
"Sep 1, 2026",9.0,ceb1ab5a-7d7c-4491-a2f7-560c47c4e22f,No resource,2021-03-23,2021-03-23,2025-10-27,Historical and current Canadian Armed Forces  pay scale adjustments for Regular Force and Class C Non-Commissioned Members (NCMs),Ajustements historiques et actuels de l’échelle salariale des Forces armées canadiennes pour les sous-officiers de la Force régulière et de la classe C,No resources covered,Aucune ressource couverte,National Defence , Défense nationale
"Sep 1, 2026",2.0,ceb1ab5a-7d7c-4491-a2f7-560c47c4e22f,d02053b1-0f36-4561-9984-477297b1ef10,2021-03-23,2021-03-23,2025-10-27,Historical and current Canadian Armed Forces  pay scale adjustments for Regular Force and Class C Non-Commissioned Members (NCMs),Ajustements historiques et actuels de l’échelle salariale des Forces armées canadiennes pour les sous-officiers de la Force régulière et de la classe C,Historical and current Canadian Armed Forces  pay scale adjustments for Regular Force and Class C Non-Commissioned Members (NCMs),Ajustements historiques et actuels de l’échelle salariale des Forces armées canadiennes pour les sous-officiers de la Force régulière et de la classe C,National Defence , Défense nationale
"Sep 1, 2026",2.0,cf149850-4dcd-4ee3-8197-7132291b7962,No resource,2026-07-22,2026-07-22,2026-07-22,National Chemical Residue Monitoring Program and Chemistry Food Safety Oversight Program Annual Report 2022-2023,Rapport annuel du Programme national de surveillance des résidus chimiques et Programme de surveillance de la salubrité des aliments 2022-2023,No resources covered,Aucune ressource couverte,Canadian Food Inspection Agency , Agence canadienne d'inspection des aliments
"Sep 1, 2026",1.0,cf149850-4dcd-4ee3-8197-7132291b7962,fc681d22-b06f-402d-9b2a-6d1daa850271,2026-07-22,2026-07-22,2026-07-22,National Chemical Residue Monitoring Program and Chemistry Food Safety Oversight Program Annual Report 2022-2023,Rapport annuel du Programme national de surveillance des résidus chimiques et Programme de surveillance de la salubrité des aliments 2022-2023,Table B-2 2022-2023 Results Summary for Imported Food Products,Tableau B-2  Sommaire des résultats 2022-2023 pour les aliments importés,Canadian Food Inspection Agency , Agence canadienne d'inspection des aliments
"Sep 1, 2026",1.0,cf9ba695-59dc-4cc0-8a52-94ff6d9db665,648bf16e-e3bf-440e-a1ce-2d0eb173fc4a,2023-08-09,2023-08-09,2024-11-21,The Open Government Guidebook,Guide du gouvernement ouvert,The Open Government Guidebook,Guide du gouvernement ouvert,Treasury Board of Canada Secretariat , Secrétariat du Conseil du Trésor du Canada
"Sep 1, 2026",2.0,cfa9682c-808e-1f3f-a906-5f78df3fe740,243bd880-bf91-4c7e-8d77-711a9089073d,2022-04-14,2025-10-01,2025-10-01,Nova Scotia Topographic DataBase - Water Features (Line Layer),Base de données topographique de la Nouvelle-Écosse - Caractéristiques de l'eau (couche linéaire),Nova Scotia Topographic DataBase - Water Features (Line Layer) (CSV),Base de données topographique de la Nouvelle-Écosse - Caractéristiques de l'eau (couche linéaire) (CSV),Government of Nova Scotia , Gouvernment de la Nouvelle-Écosse
"Sep 1, 2026",2.0,cfda7ad3-5eef-46ad-9212-371ec5739865,No resource,2020-09-14,2020-09-14,2026-05-27,Archaeological sites,Sites archéologiques,No resources covered,Aucune ressource couverte,Government and Municipalities of Québec , Gouvernement et municipalités du Québec
"Sep 1, 2026",2.0,d00389e0-66da-4895-bd56-39a0dd64aa78,2bf45351-fcff-4374-b15b-5e8e2e28977e,2020-06-05,2026-01-28,2026-01-28,Ecoregions - Ecoregion Ecosystem Classification of British Columbia,Écorégions - Classification des écosystèmes des écorégions de la Colombie-Britannique,ERC_ECOREGIONS_SP,ERC_ECOREGIONS_SP,Government of British Columbia , Gouvernment de la Colombie-Britannique
"Sep 1, 2026",1.0,d0cdef71-9343-46c3-b2e7-c1ded5907686,51e0db22-b5ef-40b8-b260-eca19d6564fe,2016-11-22,2016-11-22,2016-11-22,"Lakes and Rivers (polygons), Boundary files - 2016 Census","Lacs et rivières (polygones),  Fichiers des limites - Recensement de 2016","Lakes and Rivers (polygons), Boundary files - 2016 Census","Lacs et rivières (polygones),  Fichiers des limites - Recensement de 2016",Statistics Canada , Statistique Canada
"Sep 1, 2026",2.0,d0ec5070-683e-5dc9-b915-1e5815666adf,b37e3648-2c1c-438e-83ba-a4bba7ac92d4,2016-09-25,2017-01-26,2017-01-26,Railway Freight Traffic,Trafic-marchandises des chemins de fer,Download the English PDF through HTTP,Télécharger le fichier en format PDF Anglais via HTTP,Natural Resources Canada , Ressources naturelles Canada
"Sep 1, 2026",1.0,d0f54727-6c0b-4e5a-aa04-ea1463cf9f4c,6c6d0d30-4a78-4217-9f24-5846414345a8,2016-09-25,2020-09-11,2024-11-20,Grade Crossings Inventory ,Inventaire des passages à niveau,Grade Crossings Inventory - Overview,Inventaire des passages à niveau - Aperçu,Transport Canada , Transports Canada
"Sep 1, 2026",1.0,d0f54727-6c0b-4e5a-aa04-ea1463cf9f4c,78ea83eb-8a4a-4a5c-a3d1-0e47e228e5a5,2016-09-25,2020-09-11,2024-12-09,Grade Crossings Inventory ,Inventaire des passages à niveau,Grade Crossings Inventory,Inventaire des passages à niveau ,Transport Canada , Transports Canada
"Sep 1, 2026",1.0,d0f54727-6c0b-4e5a-aa04-ea1463cf9f4c,No resource,2016-09-25,2016-09-25,2024-12-09,Grade Crossings Inventory ,Inventaire des passages à niveau,No resources covered,Aucune ressource couverte,Transport Canada , Transports Canada
"Sep 1, 2026",2.0,d0f54727-6c0b-4e5a-aa04-ea1463cf9f4c,a53fda5b-134f-449d-a639-9b896065fc21,2016-09-25,2020-09-11,2024-12-09,Grade Crossings Inventory ,Inventaire des passages à niveau,Grade Crossings Inventory,Inventaire des passages à niveau,Transport Canada , Transports Canada
"Sep 1, 2026",1.0,d151af6e-045a-48ec-9ab0-7e3fcbab97ab,4ce3e55d-c71d-4de5-830f-65a23baf0a0c,2022-05-11,2026-04-17,2026-04-17,Estimated value and rental rate of farmland by county and township,"Taux de location estimé et valeur estimée des terres agricoles, par comté et canton",Estimated value and rental rate of farmland by county and township,Translation of Estimated value and rental rate of farmland by county and township,Government of Ontario , Gouvernement de l'Ontario
"Sep 1, 2026",1.0,d151af6e-045a-48ec-9ab0-7e3fcbab97ab,No resource,2022-05-11,2022-05-11,2026-04-17,Estimated value and rental rate of farmland by county and township,"Taux de location estimé et valeur estimée des terres agricoles, par comté et canton",No resources covered,Aucune ressource couverte,Government of Ontario , Gouvernement de l'Ontario
"Sep 1, 2026",1.0,d22354e8-cb01-5262-aed5-1de48d1ffb0a,070b1ff3-9b5d-4f3e-98e2-0038e82304b5,2016-09-25,2017-01-26,2017-01-26,Physiography of Southern Ontario,Physiographie du sud de l’Ontario,Download the English JPG through HTTP,Télécharger le fichier en format JPG Anglais via HTTP,Natural Resources Canada , Ressources naturelles Canada
"Sep 1, 2026",5.0,d22354e8-cb01-5262-aed5-1de48d1ffb0a,748cedf8-b0bc-4424-9afc-94dc86571f7f,2016-09-25,2017-01-26,2017-01-26,Physiography of Southern Ontario,Physiographie du sud de l’Ontario,Download the English PDF through HTTP,Télécharger le fichier en format PDF Anglais via HTTP,Natural Resources Canada , Ressources naturelles Canada
"Sep 1, 2026",1.0,d22354e8-cb01-5262-aed5-1de48d1ffb0a,No resource,2016-09-25,2016-09-25,2022-03-14,Physiography of Southern Ontario,Physiographie du sud de l’Ontario,No resources covered,Aucune ressource couverte,Natural Resources Canada , Ressources naturelles Canada
"Sep 1, 2026",1.0,d230ddcf-a374-48b7-9e56-484d3bdc9075,6f4b26f9-8193-4c65-bfb6-cbb0b8305605,2026-07-10,2026-07-10,2026-07-10,"GC HR and Pay - Program Management Committee, 2026 Jan to Jun","RH et paye du GC – Comité de gestion du programme, 2026 janv à juin ",2026-02-11 Record of Decision - Program Management Committee,2026-02-11 Compte rendu des décisions - Comité de gestion du programme,Public Services and Procurement Canada , Services publics et Approvisionnement Canada
"Sep 1, 2026",1.0,d23b2e02-085d-43e5-9e6e-e1d558ebfdd5,No resource,2020-09-11,2020-09-11,2026-08-26,Electronic tender system (SEAO),Système électronique d'appel d'offres (SEAO),No resources covered,Aucune ressource couverte,Government and Municipalities of Québec , Gouvernement et municipalités du Québec
"Sep 1, 2026",15.0,d24ae2dd-8399-4b49-8441-3e0318aaf69a,33806abe-0317-4338-a4f8-88091b0511d7,2025-05-16,2025-05-16,2025-06-09,Algorithmic Impact Assessment - Repayment Assistance Plan – Enhanced Verification Model,Évaluation de l'incidence algorithmique - le Programme d'aide au remboursement - Modèle de vérification amélioré,RAP_EVM_AIA_EN,RAP_EVM_AIA_EN,Employment and Social Development Canada , Emploi et Développement social Canada
"Sep 1, 2026",1.0,d24ae2dd-8399-4b49-8441-3e0318aaf69a,5acdc34d-7bbe-45a1-b57c-753ca5fd7b47,2025-05-16,2025-05-16,2025-05-16,Algorithmic Impact Assessment - Repayment Assistance Plan – Enhanced Verification Model,Évaluation de l'incidence algorithmique - le Programme d'aide au remboursement - Modèle de vérification amélioré,RAP-EVM_EN,RAP-EVM_EN,Employment and Social Development Canada , Emploi et Développement social Canada
"Sep 1, 2026",2.0,d2a34f6d-3750-44e9-9a6d-aa9494a34df7,No resource,2022-03-29,2022-03-29,2026-05-27,Building footprints,Empreintes des bâtiments,No resources covered,Aucune ressource couverte,Government and Municipalities of Québec , Gouvernement et municipalités du Québec
"Sep 1, 2026",1.0,d2d6057f-d7c4-45d9-9fd9-0a58370577e0,3afeb3fa-b84f-489e-8b9d-cf1e7133ad9b,2016-09-26,2026-03-24,2026-03-24,Ecologically and Biologically Significant Areas,Zones d'importance écologique et biologique,Data Dictionary,Dictionnaire de Données,Fisheries and Oceans Canada , Pêches et Océans Canada
"Sep 1, 2026",3.0,d2d6057f-d7c4-45d9-9fd9-0a58370577e0,No resource,2016-09-26,2016-09-26,2026-03-24,Ecologically and Biologically Significant Areas,Zones d'importance écologique et biologique,No resources covered,Aucune ressource couverte,Fisheries and Oceans Canada , Pêches et Océans Canada
"Sep 1, 2026",2.0,d3556145-3ffc-4e6d-9303-e2d560b0de8b,No resource,2025-09-17,2025-09-17,2026-08-26,Enhanced interpretation of stream sediment geochemical data for NTS 116B and 116C,Interprétation améliorée des données géochimiques sur les sédiments fluviaux pour les NTS 116B et 116C,No resources covered,Aucune ressource couverte,Government of Yukon , Gouvernement du Yukon
"Sep 1, 2026",1.0,d3881c4c-650d-4070-bf9b-1e00aabf0a1d,323af940-c666-4d2f-afa6-13d92a087f44,2018-10-04,2026-05-15,2026-05-15,Canadian Hydrographic Service Non-Navigational (NONNA) Bathymetric Data,Données bathymétriques non navigationnelles (NONNA) du Service hydrographique du Canada,7. CHS NONNA 100 Index,7. Indice NONNA 100 du SHC,Fisheries and Oceans Canada , Pêches et Océans Canada
"Sep 1, 2026",1.0,d3881c4c-650d-4070-bf9b-1e00aabf0a1d,3bea3e4a-cd4a-4e71-99a3-2f0eefa5888e,2018-10-04,2026-05-15,2026-05-15,Canadian Hydrographic Service Non-Navigational (NONNA) Bathymetric Data,Données bathymétriques non navigationnelles (NONNA) du Service hydrographique du Canada,4. (a) - CHS NONNA Frequently Asked Questions,4. (a) - Foire aux questions sur les produits NONNA du SHC,Fisheries and Oceans Canada , Pêches et Océans Canada
"Sep 1, 2026",1.0,d3881c4c-650d-4070-bf9b-1e00aabf0a1d,44e5da51-5add-4846-a420-ed8382e25367,2018-10-04,2026-05-15,2026-05-15,Canadian Hydrographic Service Non-Navigational (NONNA) Bathymetric Data,Données bathymétriques non navigationnelles (NONNA) du Service hydrographique du Canada,6. CHS NONNA 10 Index,6. Indice NONNA 10 du SHC,Fisheries and Oceans Canada , Pêches et Océans Canada
"Sep 1, 2026",2.0,d3881c4c-650d-4070-bf9b-1e00aabf0a1d,85287ade-5e1b-4a47-8162-e577ad8eb812,2018-10-04,2026-05-15,2026-05-15,Canadian Hydrographic Service Non-Navigational (NONNA) Bathymetric Data,Données bathymétriques non navigationnelles (NONNA) du Service hydrographique du Canada,2. (a) - CHS NONNA Data Portal Guidance Document,2. (a) - Document d’orientation du portail de données NONNA du SHC,Fisheries and Oceans Canada , Pêches et Océans Canada
"Sep 1, 2026",1.0,d3881c4c-650d-4070-bf9b-1e00aabf0a1d,No resource,2018-10-04,2018-10-04,2026-05-15,Canadian Hydrographic Service Non-Navigational (NONNA) Bathymetric Data,Données bathymétriques non navigationnelles (NONNA) du Service hydrographique du Canada,No resources covered,Aucune ressource couverte,Fisheries and Oceans Canada , Pêches et Océans Canada
"Sep 1, 2026",1.0,d38de914-c94c-429b-8ab1-8776c31643e3,6e698ee1-7d0c-44b7-a581-126e18625ae3,2016-09-25,2016-10-24,2025-09-05,Recalls and Safety Alerts,Rappels et avis de sécurité,Recalls & Safety Alerts,Rappels et avis de sécurité,Health Canada , Santé Canada
"Sep 1, 2026",1.0,d38de914-c94c-429b-8ab1-8776c31643e3,7143f1c9-e270-4ae0-9466-7f7485250a8e,2016-09-25,2023-06-13,2025-09-05,Recalls and Safety Alerts,Rappels et avis de sécurité,Recalls and Safety Alerts,Rappels et avis de sécurité,Health Canada , Santé Canada
"Sep 1, 2026",2.0,d38de914-c94c-429b-8ab1-8776c31643e3,No resource,2016-09-25,2016-09-25,2025-09-15,Recalls and Safety Alerts,Rappels et avis de sécurité,No resources covered,Aucune ressource couverte,Health Canada , Santé Canada
"Sep 1, 2026",2.0,d3903bcf-8893-11e0-8347-6cf049291510,No resource,2016-09-25,2016-09-25,2022-03-14,Commercial Land Use: Industrial Zones,Utilisation commerciale du territoire - Zones industrielles,No resources covered,Aucune ressource couverte,Natural Resources Canada , Ressources naturelles Canada
"Sep 1, 2026",2.0,d4a0e406-eea9-41a7-bcae-28c31f3b9c65,No resource,2016-09-25,2016-09-25,2026-04-09,Government of Canada Core Subject Thesaurus,Thésaurus des sujets de base du gouvernement du Canada,No resources covered,Aucune ressource couverte,Library and Archives Canada , Bibliothèque et Archives Canada
"Sep 1, 2026",1.0,d4f80bd3-17e3-a7e8-4bfe-d22a430678d5,0037f487-16f6-4050-8310-bb69d2e61a1d,2025-07-02,2025-07-02,2025-07-02,Canada Geological Map Compilation,Compilation de cartes géologiques du Canada,Canada Geological Map Compilation - Dataset download - English,Compilation de cartes géologiques du Canada - Téléchargement des données - anglais,Natural Resources Canada , Ressources naturelles Canada
"Sep 1, 2026",1.0,d4f80bd3-17e3-a7e8-4bfe-d22a430678d5,No resource,2025-07-02,2025-07-02,2025-07-02,Canada Geological Map Compilation,Compilation de cartes géologiques du Canada,No resources covered,Aucune ressource couverte,Natural Resources Canada , Ressources naturelles Canada
"Sep 1, 2026",1.0,d5614095-e77a-4cb4-a5e6-9f8bff067c9f,No resource,2018-06-27,2018-06-27,2026-08-11,"Farm product prices, crops and livestock","Prix des produits agricoles, cultures et bétail",No resources covered,Aucune ressource couverte,Statistics Canada , Statistique Canada
"Sep 1, 2026",1.0,d5b89acc-5f2a-435d-b8f5-18002ba24c2a,42f31158-ac4d-49ba-8ebd-a6a700aa5465,2026-05-21,2026-05-21,2026-05-21,Algorithmic Impact Assessment - Non-Competitive Local Licensing Process (NCLL),Évaluation d'incidence algorithmique - Licences non concurrentielles locales (LNCL),Algorithmic Impact Assessment - NCLL (English),Résultats de l'évaluation de l'incidence algorithmique - LNCL (Anglais),"Innovation, Science and Economic Development Canada "," Innovation, Sciences et Développement économique Canada"
"Sep 1, 2026",1.0,d6211c73-82c4-4ba8-94c9-361ce4cc7346,No resource,2025-09-17,2025-09-17,2026-08-26,Reprocessing of Yukon magnetic data for NTS 105E,Retraitement des données magnétiques du Yukon pour le NTS 105E,No resources covered,Aucune ressource couverte,Government of Yukon , Gouvernement du Yukon
"Sep 1, 2026",1.0,d6ab23ad-149f-40de-9b1f-640abd4debde,No resource,2023-04-05,2023-04-05,2026-05-27,AEIR Air Emission Rates,Taux d'émission atmosphérique de l'AEIR,No resources covered,Aucune ressource couverte,Government of Alberta , Gouvernement de l'Alberta
"Sep 1, 2026",1.0,d733066f-54be-42c7-bd4f-2ce01d7c46ba,a16891bb-03a9-4e86-b316-f427ac232b1c,2022-09-21,2023-01-17,2023-01-17,"Shelter-cost-to-income ratio by tenure including presence of mortgage payments and subsidized housing : Canada, provinces and territories, census divisions and census subdivisions","Rapport des frais de logement au revenu selon le mode d'occupation incluant la présence de paiements hypothécaires et le logement subventionné : Canada, provinces et territoires, divisions de recensement et subdivisions de recensement",Dataset,Ensembles de données,Statistics Canada , Statistique Canada
"Sep 1, 2026",1.0,d832ac69-b953-4246-84bc-38cb9dccaff2,No resource,2019-10-22,2019-10-22,2026-08-06,Refined Petroleum Products - Exports,Exportations de produits pétroliers raffinés,No resources covered,Aucune ressource couverte,Canada Energy Regulator , La Régie de l’énergie du Canada
"Sep 1, 2026",1.0,d892511c-d851-4f85-a0ec-708bc05d2810,5d980959-af8e-4e5d-a5bb-6636a566c381,2021-06-02,2026-03-24,2026-03-24,Pacific Herring Spawn Index Data,Données sur l'indice de frai du hareng du Pacifique,Pacific Herring Section Maps,Le hareng du Pacifique la section cartes,Fisheries and Oceans Canada , Pêches et Océans Canada
"Sep 1, 2026",1.0,d892511c-d851-4f85-a0ec-708bc05d2810,8ce1b49a-c8c7-4a3f-a06e-a745dc8a38be,2021-06-02,2026-03-24,2026-03-24,Pacific Herring Spawn Index Data,Données sur l'indice de frai du hareng du Pacifique,Canadian Technical Report of Fisheries and Aquatic Sciences 3489,Rapport technique canadien des sciences halieutiques et aquatiques 3489,Fisheries and Oceans Canada , Pêches et Océans Canada
"Sep 1, 2026",2.0,d892511c-d851-4f85-a0ec-708bc05d2810,No resource,2021-06-02,2021-06-02,2026-03-24,Pacific Herring Spawn Index Data,Données sur l'indice de frai du hareng du Pacifique,No resources covered,Aucune ressource couverte,Fisheries and Oceans Canada , Pêches et Océans Canada
"Sep 1, 2026",1.0,d892511c-d851-4f85-a0ec-708bc05d2810,e43232c3-e047-4fd3-99c5-59c175dd6737,2021-06-02,2026-03-24,2026-03-24,Pacific Herring Spawn Index Data,Données sur l'indice de frai du hareng du Pacifique,Pacific Herring spawn index data,Données sur l'indice de frai du hareng du Pacifique,Fisheries and Oceans Canada , Pêches et Océans Canada
"Sep 1, 2026",1.0,d8a4e021-434d-709f-b135-4e282987d09c,0ba0a302-20bf-4e7c-9df1-1dfe29df65d6,2022-05-03,2026-08-26,2026-08-26,Awarded Public Tenders,Appels d'offres publics attribués,Awarded Public Tenders (CSV Excel),Appels d'offres publics attribués (CSV Excel),Government of Nova Scotia , Gouvernment de la Nouvelle-Écosse
"Sep 1, 2026",1.0,d8be571e-0491-4472-946f-7040ec8d5bfd,No resource,2018-06-27,2018-06-27,2026-01-09,"Work absence of full-time employees by industry, annual","Absence du travail chez les employés à temps plein selon l'industrie, données annuelles",No resources covered,Aucune ressource couverte,Statistics Canada , Statistique Canada
"Sep 1, 2026",1.0,d8c5fbc4-1f7c-4697-97bc-b14e02296d15,f3fad471-ca46-4117-9340-19a0e1c94d86,2018-01-23,2018-01-23,2018-01-23,Population of the Federal Public Service by Province and Tenure,Effectif de la fonction publique fédérale par province et période d’emploi,Population of the Federal Public Service by Province and Tenure,Effectif de la fonction publique fédérale par province et période d’emploi,Treasury Board of Canada Secretariat , Secrétariat du Conseil du Trésor du Canada
"Sep 1, 2026",1.0,d8e94369-43ad-4fee-a9e9-57901906cc99,87e5c2bd-64cb-48d0-9ec3-f7692b03e2a6,2021-08-11,2025-12-15,2025-12-15,Agri-Environmental Indicator – Agricultural Greenhouse Gas Budget,Indicateur agroenvironnemental - Bilan des gaz à effet de serre d'origine agricole,Agricultural Greenhouse Gases Technical Chapter 2021,Chapitre technique sur les gaz à effet de serre d’origine agricole 2021,Agriculture and Agri-Food Canada , Agriculture et Agroalimentaire Canada
"Sep 1, 2026",1.0,d8f85d91-7dec-4fd1-8055-483b77225d8b,06842a57-7aac-4244-9ea9-4c5b62c36caa,2016-09-25,2026-02-10,2026-08-08,Proactive Publication - Contracts,Publication proactive des contrats,Data Schema,Schéma,Treasury Board of Canada Secretariat , Secrétariat du Conseil du Trésor du Canada
"Sep 1, 2026",4.0,d8f85d91-7dec-4fd1-8055-483b77225d8b,No resource,2016-09-25,2016-09-25,2026-09-01,Proactive Publication - Contracts,Publication proactive des contrats,No resources covered,Aucune ressource couverte,Treasury Board of Canada Secretariat , Secrétariat du Conseil du Trésor du Canada
"Sep 1, 2026",1.0,d90a56e8-de27-4354-b8ee-33e08546b4fc,d2769b44-3ab7-4371-9347-c11fa655fc09,2020-02-19,2025-10-15,2025-10-15,Annual Crop Inventory 2019,"Inventaire annuel des cultures, 2019",Data Product Specification (English),Spécifications du produit (Anglais),Agriculture and Agri-Food Canada , Agriculture et Agroalimentaire Canada
"Sep 1, 2026",2.0,d90eaf1b-2de8-43f0-923a-27a620ecdf41,7a5f5134-cf4e-4831-9890-21b3c269ab75,2020-09-14,2026-08-26,2026-08-26,"Construction, transformation and demolition permits","Permis de construction, transformation et démolition","Construction, transformation and demolition permits","Permis de construction, transformation et démolition",Government and Municipalities of Québec , Gouvernement et municipalités du Québec
"Sep 1, 2026",4.0,d90eaf1b-2de8-43f0-923a-27a620ecdf41,No resource,2020-09-14,2020-09-14,2026-08-26,"Construction, transformation and demolition permits","Permis de construction, transformation et démolition",No resources covered,Aucune ressource couverte,Government and Municipalities of Québec , Gouvernement et municipalités du Québec
"Sep 1, 2026",1.0,d9391250-c2fa-47ed-9216-aa38eb449aaf,No resource,2018-04-04,2018-04-04,2024-06-11,Air Cargo Security (ACS) Program - Members List,Liste des membres du programme de sûreté du fret aérien (SFA),No resources covered,Aucune ressource couverte,Transport Canada , Transports Canada
"Sep 1, 2026",3.0,d9391250-c2fa-47ed-9216-aa38eb449aaf,a823d651-0d66-4711-9828-e5060c15043e,2018-04-04,2018-04-04,2024-06-11,Air Cargo Security (ACS) Program - Members List,Liste des membres du programme de sûreté du fret aérien (SFA),Air Cargo Security (ACS) Program - Members List ,Liste des membres du programme de sûreté du fret aérien (SFA) ,Transport Canada , Transports Canada
"Sep 1, 2026",1.0,d9b6498c-0a85-482d-a2bb-68639d1f1bff,ccb44590-784c-4594-878f-b09d48880c74,2022-03-16,2026-05-27,2026-05-27,Survey on the Quebec streetcar project,Sondage sur le projet de tramway de Québec,Report on the Léger survey of the Quebec City streetcar project,Rapport du sondage Léger du projet de tramway de la Ville de Québec,Government and Municipalities of Québec , Gouvernement et municipalités du Québec
"Sep 1, 2026",1.0,d9f565a0-22df-4433-ae10-b27c7f20e6f3,No resource,2021-02-10,2021-02-10,2026-08-19,Ontario Benthos Biomonitoring Network,Le Réseau de surveillance biologique du benthos de l’Ontario,No resources covered,Aucune ressource couverte,Government of Ontario , Gouvernement de l'Ontario
"Sep 1, 2026",2.0,da63a546-bf94-40c8-a02a-8a9bb0457606,f2961984-3f51-48bf-9af2-c8c8e0c19fca,2018-06-27,2023-01-17,2023-01-17,"Investment in non-residential building construction, by type of building, province and census metropolitan area, inactive","Investissement en construction de bâtiments non résidentiels, selon le type de bâtiment, la province et la région métropolitaine de recensement, inactif",Dataset,Ensembles de données,Statistics Canada , Statistique Canada
"Sep 1, 2026",1.0,db177a8c-5d7d-49eb-8290-31e6a45d786c,f49d3696-eb6f-4a85-87c2-3e83a09f9fa5,2016-09-26,2026-05-05,2026-05-05,Critical Habitat for Aquatic Species at Risk - Canada,L'habitat essentiel des espèces aquatiques en péril en vertu de la Loi sur les espèces en péril - Canada,Detailed metadata with descriptions of data attributes,Métadonnées détaillées avec description des attributs des données,Fisheries and Oceans Canada , Pêches et Océans Canada
"Sep 1, 2026",1.0,dbc3fc05-ba53-43af-8170-496f22941fc5,30d7f18e-75bb-4c15-80e4-76f384c1a98a,2023-04-13,2026-08-26,2026-08-26,Premier and Ministers Salary and Travel Expenses,Salaires et frais de déplacement du premier ministre et des ministres,FYE 2026 Premier and Ministers Salary and Travel Expenses,Salaires et frais de voyage du premier ministre et des ministres pour l'exercice 2026,Government of British Columbia , Gouvernment de la Colombie-Britannique
"Sep 1, 2026",1.0,dbdfbdba-0725-470d-a23e-da69dbedc4e6,No resource,2022-07-06,2022-07-06,2026-08-26,Heat islands,Îlots de chaleur,No resources covered,Aucune ressource couverte,Government and Municipalities of Québec , Gouvernement et municipalités du Québec
"Sep 1, 2026",1.0,dbe45821-8893-11e0-a8da-6cf049291510,efa3fa58-f223-4c11-90eb-d96bd629fef2,2016-09-25,2017-01-26,2017-01-26,Geological Provinces,Provinces géologiques,Download the English JP2 File through HTTP,Télécharger le fichier en format JPEG2000 Anglais via HTTP,Natural Resources Canada , Ressources naturelles Canada
"Sep 1, 2026",1.0,dc343c43-a592-4a27-8ee7-c77df56afb34,16b8379f-4ea9-4094-8568-e9e560f00d6c,2017-04-21,2017-04-21,2026-08-31,Pipeline Throughput and Capacity Data,Données sur le débit et la capacité des pipelines,Foothills Pipeline ,Réseau Foothills,Canada Energy Regulator , La Régie de l’énergie du Canada
"Sep 1, 2026",2.0,dc343c43-a592-4a27-8ee7-c77df56afb34,404fa9e0-73b1-4a8c-9f43-8045d7edb426,2017-04-21,2017-04-21,2026-08-31,Pipeline Throughput and Capacity Data,Données sur le débit et la capacité des pipelines,Trans Mountain Pipeline,Pipeline Trans Mountain ,Canada Energy Regulator , La Régie de l’énergie du Canada
"Sep 1, 2026",2.0,dc343c43-a592-4a27-8ee7-c77df56afb34,4db7bc7c-d9cc-468b-8130-e799b13c69e8,2017-04-21,2017-04-21,2026-08-31,Pipeline Throughput and Capacity Data,Données sur le débit et la capacité des pipelines,Nova Gas Transmission Ltd. (NGTL) Pipeline,Réseau Nova Gas Transmission Ltd. (NGTL) ,Canada Energy Regulator , La Régie de l’énergie du Canada
"Sep 1, 2026",1.0,dc343c43-a592-4a27-8ee7-c77df56afb34,990254ab-7ffa-4fcf-883b-94b9231c7074,2017-04-21,2017-04-21,2026-08-31,Pipeline Throughput and Capacity Data,Données sur le débit et la capacité des pipelines,Oil Pipeline Apportionment Data Dictionary,Dictionnaire De Données Pipeline Répartition - Pétrole,Canada Energy Regulator , La Régie de l’énergie du Canada
"Sep 1, 2026",1.0,dc343c43-a592-4a27-8ee7-c77df56afb34,999ce2ea-60da-410c-ada0-aebf14d43793,2017-04-21,2017-04-21,2026-08-31,Pipeline Throughput and Capacity Data,Données sur le débit et la capacité des pipelines,Westcoast Pipeline,Réseau de la Division du transport de Westcoast Energy,Canada Energy Regulator , La Régie de l’énergie du Canada
"Sep 1, 2026",29.0,dc343c43-a592-4a27-8ee7-c77df56afb34,No resource,2017-04-21,2017-04-21,2026-09-01,Pipeline Throughput and Capacity Data,Données sur le débit et la capacité des pipelines,No resources covered,Aucune ressource couverte,Canada Energy Regulator , La Régie de l’énergie du Canada
"Sep 1, 2026",3.0,dc343c43-a592-4a27-8ee7-c77df56afb34,a3877960-65f2-47d0-9886-688ba1cabddc,2017-04-21,2017-11-17,2026-08-31,Pipeline Throughput and Capacity Data,Données sur le débit et la capacité des pipelines,Enbridge Canadian Mainline,Réseau principal de pipelines Enbridge,Canada Energy Regulator , La Régie de l’énergie du Canada
"Sep 1, 2026",2.0,dc343c43-a592-4a27-8ee7-c77df56afb34,b7597d90-0d9a-44d8-8d31-3434d693d6d9,2017-04-21,2017-04-21,2026-08-31,Pipeline Throughput and Capacity Data,Données sur le débit et la capacité des pipelines,Keystone Pipeline,Pipeline Keystone ,Canada Energy Regulator , La Régie de l’énergie du Canada
"Sep 1, 2026",1.0,dc343c43-a592-4a27-8ee7-c77df56afb34,bc616cb7-e5e8-4d67-a328-1ce1e2335146,2017-04-21,2017-04-21,2026-08-31,Pipeline Throughput and Capacity Data,Données sur le débit et la capacité des pipelines,Oil Pipeline Apportionment,Pipeline Répartition – Pétrole,Canada Energy Regulator , La Régie de l’énergie du Canada
"Sep 1, 2026",2.0,dc343c43-a592-4a27-8ee7-c77df56afb34,ff5113ae-04bd-4ee6-aee7-69221ef0934b,2017-04-21,2017-04-21,2026-08-31,Pipeline Throughput and Capacity Data,Données sur le débit et la capacité des pipelines,TransCanada Mainline,Réseau principal de TransCanada,Canada Energy Regulator , La Régie de l’énergie du Canada
"Sep 1, 2026",1.0,dc475fb0-8893-11e0-9ab7-6cf049291510,42a5f98e-e985-4ee1-a115-4943be1d4d3b,2016-09-25,2017-01-26,2017-01-26,Drainage Basins,Bassins hydrographiques,"Download the English ZIP (PDF,JPG) file through HTTP","Télécharger le fichier en format ZIP (PDF, JPG) Anglais via HTTP",Natural Resources Canada , Ressources naturelles Canada
"Sep 1, 2026",1.0,dc639a40-8893-11e0-96ca-6cf049291510,6a745e8b-d794-44c8-8713-7b53b73c8cd8,2016-09-25,2017-01-26,2017-01-26,Watersheds,Bassins versants,"Download the English ZIP (PDF,JPG) file through HTTP","Télécharger le fichier en format ZIP (PDF, JPG) Anglais via HTTP",Natural Resources Canada , Ressources naturelles Canada
"Sep 1, 2026",1.0,dcedda6c-3c72-4ba3-9c05-36774279ff30,593ed474-9b4e-4e2f-b62a-ba8ad987b535,2020-09-11,2026-05-27,2026-05-27,List of sites receiving contaminated soil in Quebec for public use,Liste des lieux récepteurs de sols contaminés au Québec à usage public,List of sites receiving contaminated soil in Quebec for public use,Liste des lieux récepteurs de sols contaminés au Québec à usage public,Government and Municipalities of Québec , Gouvernement et municipalités du Québec
"Sep 1, 2026",1.0,dcedda6c-3c72-4ba3-9c05-36774279ff30,No resource,2020-09-11,2020-09-11,2026-05-27,List of sites receiving contaminated soil in Quebec for public use,Liste des lieux récepteurs de sols contaminés au Québec à usage public,No resources covered,Aucune ressource couverte,Government and Municipalities of Québec , Gouvernement et municipalités du Québec
"Sep 1, 2026",1.0,dcfd4a3e-22bd-1e6d-9b1c-7e5979a4646e,06590652-f481-405d-9ba8-80eba1de3ee3,2022-05-03,2026-07-15,2026-07-15,Municipal Property Tax Rates,Taux d'impôt foncier municipal,Municipal Property Tax Rates (XML),Taux d'impôt foncier municipal (XML),Government of Nova Scotia , Gouvernment de la Nouvelle-Écosse
"Sep 1, 2026",3.0,dd17d211-5038-479a-8f23-dafcb26c829b,511e02da-bbd2-4cab-8804-5d52cabd27d8,2024-04-24,2026-05-13,2026-05-13,Moose population monitoring summaries,Résumés des surveillance des populations d’orignaux,Moose survey results,Résultats du sondage sur les orignaux,Government of Ontario , Gouvernement de l'Ontario
"Sep 1, 2026",1.0,dd17d211-5038-479a-8f23-dafcb26c829b,No resource,2024-04-24,2024-04-24,2026-05-13,Moose population monitoring summaries,Résumés des surveillance des populations d’orignaux,No resources covered,Aucune ressource couverte,Government of Ontario , Gouvernement de l'Ontario
"Sep 1, 2026",2.0,dd2b0390-c77a-4c9f-b1bc-cb8d9f4a23c5,No resource,2023-04-13,2023-04-13,2026-05-06,BC Schools - Class Size,Écoles de la Colombie-Britannique - Taille des classes,No resources covered,Aucune ressource couverte,Government of British Columbia , Gouvernment de la Colombie-Britannique
"Sep 1, 2026",1.0,dd9dc721-17f5-410d-9d79-27f53af63ed4,No resource,2018-06-27,2018-06-27,2025-09-24,"Crude birth rate, age-specific fertility rates and total fertility rate (live births)","Taux brut de natalité, taux de fécondité par groupe d'âge et indice synthétique de fécondité (naissances vivantes)",No resources covered,Aucune ressource couverte,Statistics Canada , Statistique Canada
"Sep 1, 2026",2.0,de203e61-8893-11e0-afae-6cf049291510,No resource,2016-09-25,2016-09-25,2022-03-14,Tsunamis,Tsunamis,No resources covered,Aucune ressource couverte,Natural Resources Canada , Ressources naturelles Canada
"Sep 1, 2026",1.0,de203e61-8893-11e0-afae-6cf049291510,d47bc53c-b821-4752-a771-5fd6797f4c17,2016-09-25,2017-01-26,2017-01-26,Tsunamis,Tsunamis,"Download the English ZIP (PDF,JPG) file through HTTP","Télécharger le fichier en format ZIP (PDF, JPG) Anglais via HTTP",Natural Resources Canada , Ressources naturelles Canada
"Sep 1, 2026",1.0,de3bf628-3f2c-d02b-65fd-a0754ade958c,No resource,2022-05-03,2022-05-03,2026-06-17,Average Annual Numbers and Rates of Suicide Fatalities in NS by age group and sex,Chiffres annuels moyens et taux de décès par suicide en Nouvelle-Écosse par groupe d'âge et sexe,No resources covered,Aucune ressource couverte,Government of Nova Scotia , Gouvernment de la Nouvelle-Écosse
"Sep 1, 2026",3.0,dfa4daf1-669e-4514-82cd-982f27707ed0,0a7918f0-6e8a-433b-9ea2-60e2b8674cb5,2016-09-25,2016-12-29,2026-08-20,Old Age Security (OAS) - Table of Benefit Amounts by marital status and income level,Sécurité de la vieillesse (SV) - Tableau des montants des prestations en fonction de l'état matrimonial et du niveau de revenu,Table 1 - GIS for single person who receives an OAS pension,Table 1 - GIS for single person who receives an OAS pension,Employment and Social Development Canada , Emploi et Développement social Canada
"Sep 1, 2026",10.0,dfa4daf1-669e-4514-82cd-982f27707ed0,5d87eeb6-5305-4a0e-bc1d-fdf96e691749,2016-09-25,2016-10-13,2026-08-20,Old Age Security (OAS) - Table of Benefit Amounts by marital status and income level,Sécurité de la vieillesse (SV) - Tableau des montants des prestations en fonction de l'état matrimonial et du niveau de revenu,Table 2 - GIS for spouse/common-law partner of someone who receives an OAS pension,Table 2 SRG pour époux/conjoint de fait d'une personne qui reçoit une pension de la SV,Employment and Social Development Canada , Emploi et Développement social Canada
"Sep 1, 2026",5.0,dfa4daf1-669e-4514-82cd-982f27707ed0,5efa3920-83f6-4108-bb51-db2456e7b37c,2016-09-25,2016-12-29,2026-08-20,Old Age Security (OAS) - Table of Benefit Amounts by marital status and income level,Sécurité de la vieillesse (SV) - Tableau des montants des prestations en fonction de l'état matrimonial et du niveau de revenu,Table 2 - GIS for spouse/common-law partner of someone who receives an OAS pension,Table 2 - SRG pour époux/conjoint de fait d'une personne qui reçoit une pension de la SV,Employment and Social Development Canada , Emploi et Développement social Canada
"Sep 1, 2026",2.0,dfa4daf1-669e-4514-82cd-982f27707ed0,89b0fa2c-af49-4fb5-a74c-1cf2268fb521,2016-09-25,2016-12-29,2026-08-20,Old Age Security (OAS) - Table of Benefit Amounts by marital status and income level,Sécurité de la vieillesse (SV) - Tableau des montants des prestations en fonction de l'état matrimonial et du niveau de revenu,Table 4 - GIS and Allowance for couple,Table 4 - SRG et Allocation pour couple,Employment and Social Development Canada , Emploi et Développement social Canada
"Sep 1, 2026",34.0,dfa4daf1-669e-4514-82cd-982f27707ed0,No resource,2016-09-25,2016-09-25,2026-08-20,Old Age Security (OAS) - Table of Benefit Amounts by marital status and income level,Sécurité de la vieillesse (SV) - Tableau des montants des prestations en fonction de l'état matrimonial et du niveau de revenu,No resources covered,Aucune ressource couverte,Employment and Social Development Canada , Emploi et Développement social Canada
"Sep 1, 2026",15.0,dfa4daf1-669e-4514-82cd-982f27707ed0,a2f5faf4-07fe-4a3c-9bd3-62bbf11a426f,2016-09-25,2016-10-13,2026-08-20,Old Age Security (OAS) - Table of Benefit Amounts by marital status and income level,Sécurité de la vieillesse (SV) - Tableau des montants des prestations en fonction de l'état matrimonial et du niveau de revenu,Table 1 - GIS for single person who receives an OAS pension,Table 1 - SRG pour bénéficiaire célibataire recevant la pension de la SV,Employment and Social Development Canada , Emploi et Développement social Canada
"Sep 1, 2026",3.0,dfa4daf1-669e-4514-82cd-982f27707ed0,a5fec3bd-e1e4-4a98-bf0d-1b0e8735ec7a,2016-09-25,2016-10-13,2026-08-20,Old Age Security (OAS) - Table of Benefit Amounts by marital status and income level,Sécurité de la vieillesse (SV) - Tableau des montants des prestations en fonction de l'état matrimonial et du niveau de revenu,Table 4 - GIS and Allowance for couple,Table 4 - SRG et Allocation pour couple,Employment and Social Development Canada , Emploi et Développement social Canada
"Sep 1, 2026",3.0,dfa4daf1-669e-4514-82cd-982f27707ed0,bdc68e9a-9e15-40eb-b1f2-05afc48a828a,2016-09-25,2016-10-13,2026-08-20,Old Age Security (OAS) - Table of Benefit Amounts by marital status and income level,Sécurité de la vieillesse (SV) - Tableau des montants des prestations en fonction de l'état matrimonial et du niveau de revenu,Table 3 - GIS for spouse/common-law partner of someone who does not receive an OAS pension,Table 3 - SRG pour époux/conjoint de fait d'une personne qui ne reçoit pas de pension de la SV,Employment and Social Development Canada , Emploi et Développement social Canada
"Sep 1, 2026",2.0,dfa4daf1-669e-4514-82cd-982f27707ed0,d5303a76-30ca-4e03-b670-e726140a08f5,2016-09-25,2026-03-30,2026-08-20,Old Age Security (OAS) - Table of Benefit Amounts by marital status and income level,Sécurité de la vieillesse (SV) - Tableau des montants des prestations en fonction de l'état matrimonial et du niveau de revenu,GIS Tables Data Dictionnary,SRG Tables Dictionnaire De Données,Employment and Social Development Canada , Emploi et Développement social Canada
"Sep 1, 2026",29.0,dfa4daf1-669e-4514-82cd-982f27707ed0,f015e958-829b-44bb-b201-641584b818dd,2016-09-25,2023-10-12,2026-08-20,Old Age Security (OAS) - Table of Benefit Amounts by marital status and income level,Sécurité de la vieillesse (SV) - Tableau des montants des prestations en fonction de l'état matrimonial et du niveau de revenu,Table of Amounts July to September 2026,Tableau des montants des prestations de juillet à septembre 2026,Employment and Social Development Canada , Emploi et Développement social Canada
"Sep 1, 2026",3.0,dfa4daf1-669e-4514-82cd-982f27707ed0,fc52e37f-1520-47d1-bff6-5925deb6974f,2016-09-25,2016-10-13,2026-08-20,Old Age Security (OAS) - Table of Benefit Amounts by marital status and income level,Sécurité de la vieillesse (SV) - Tableau des montants des prestations en fonction de l'état matrimonial et du niveau de revenu,Table 5 - Allowance for the Survivor,Table 5 - Allocation au survivant,Employment and Social Development Canada , Emploi et Développement social Canada
"Sep 1, 2026",1.0,e00172b8-35c2-4651-a8c5-13ab30bd7236,53836d68-e789-4a6e-81c1-0a600930dc9a,2019-01-02,2019-01-02,2025-09-11,Major Canadian Natural Gas and Oil Pipeline Tolls,Droit des grands gazoducs et oléoducs au Canada,Keystone Tolls,keystone-droits-jeu-de-donnees-fra,Canada Energy Regulator , La Régie de l’énergie du Canada
"Sep 1, 2026",1.0,e00172b8-35c2-4651-a8c5-13ab30bd7236,No resource,2019-01-02,2019-01-02,2026-06-02,Major Canadian Natural Gas and Oil Pipeline Tolls,Droit des grands gazoducs et oléoducs au Canada,No resources covered,Aucune ressource couverte,Canada Energy Regulator , La Régie de l’énergie du Canada
"Sep 1, 2026",2.0,e04d55cd-74dd-4167-a9ea-c6eb9e9ab287,5793d282-4305-4b3b-b347-164ac0eb4f52,2025-01-22,2026-02-11,2026-02-11,Cannabis Inspection Data Summary,Sommaire des données d'inspection du cannabis,Cannabis Inspection Data Summary: April 2025 - September 2025,Sommaire des données d'inspection du cannabis: Avril 2025 - Septembre 2025,Health Canada , Santé Canada
"Sep 1, 2026",1.0,e09393f1-b161-4d37-9e49-29ccb1e14996,d9e79040-bd1a-4807-8e0e-33d4c0566607,2023-11-08,2024-09-10,2024-09-10,"Households living with housing problems, by select housing-vulnerable populations and affordability, suitability, adequacy and core housing need indicators","Ménages éprouvant des problèmes de logement, selon certaines populations vulnérables et les indicateurs d'abordabilité, de taille convenable, de qualité convenable et des besoins impérieux en matière de logement",Dataset,Ensembles de données,Statistics Canada , Statistique Canada
"Sep 1, 2026",2.0,e193fec3-7021-4832-bbfd-8231aa48049b,No resource,2025-09-17,2025-09-17,2026-08-26,Reprocessing of Yukon magnetic data for NTS 117C,Retraitement des données magnétiques du Yukon pour le NTS 117C,No resources covered,Aucune ressource couverte,Government of Yukon , Gouvernement du Yukon
"Sep 1, 2026",1.0,e1f5053f-958a-462f-bbe1-66c14f315731,77c7d141-7283-4d21-b52f-3fbaf37ac5b3,2016-09-26,2013-07-26,2013-07-26,Designated Place Cartographic Boundary Files - 2011 Census,Fichiers des limites cartographiques des localités désignées - Recensement de 2011,Dataset,Ensemble de données,Statistics Canada , Statistique Canada
"Sep 1, 2026",1.0,e25aa5d6-8878-452b-8aa8-2e0f71b83e52,029c1b2e-7877-4de6-bb03-37952bd63917,2024-05-22,2026-01-14,2026-01-14,"Population estimates, July 1, by census metropolitan area and census agglomeration, 2021 boundaries","Estimations de la population, 1er juillet, selon la région métropolitaine de recensement et l'agglomération de recensement, limites de 2021",Dataset,Ensembles de données,Statistics Canada , Statistique Canada
"Sep 1, 2026",2.0,e25aa5d6-8878-452b-8aa8-2e0f71b83e52,No resource,2024-05-22,2024-05-22,2026-01-14,"Population estimates, July 1, by census metropolitan area and census agglomeration, 2021 boundaries","Estimations de la population, 1er juillet, selon la région métropolitaine de recensement et l'agglomération de recensement, limites de 2021",No resources covered,Aucune ressource couverte,Statistics Canada , Statistique Canada
"Sep 1, 2026",1.0,e287b0dd-8b07-435b-8a76-0c7ec84ac228,No resource,2024-05-30,2024-05-30,2026-01-20,Peat Profile Database,Base de données sur les profils de tourbe,No resources covered,Aucune ressource couverte,Natural Resources Canada , Ressources naturelles Canada
"Sep 1, 2026",3.0,e3b07471-8cc7-431d-b7e3-eb20aae80413,63b96ab2-11db-4969-8f54-23831b26d137,2024-07-24,2026-04-17,2026-04-17,Historical disaster events and cost summary,Translation of Historical disaster events and cost summary,Historical disaster events and cost summary,Translation of Historical disaster events and cost summary,Government of Alberta , Gouvernement de l'Alberta
"Sep 1, 2026",1.0,e3c3c580-996a-4668-8bc5-6aa7c7dc4932,No resource,2020-06-05,2020-06-05,2026-08-12,Municipalities - Legally Defined Administrative Areas of BC,Municipalités - Zones administratives légalement définies de la Colombie-Britannique,No resources covered,Aucune ressource couverte,Government of British Columbia , Gouvernment de la Colombie-Britannique
"Sep 1, 2026",1.0,e418841e-d9dc-4caf-9a19-09b3269a3e1e,29a6ec31-3014-4fcf-8384-a7bdafc32c24,2016-09-26,2016-11-07,2023-12-07,Government of Canada Open Government Metadata Element Set,L'ensemble d'éléments de métadonnées pour le gouvernement ouvert du gouvernement du Canada,Open Government Metadata Element Set,L'ensemble d'éléments de métadonnées du gouvernement ouvert,Treasury Board of Canada Secretariat , Secrétariat du Conseil du Trésor du Canada
"Sep 1, 2026",2.0,e43be180-7511-4e6f-84d3-ad6c9f5c3e2b,61925eb9-1187-4da1-9f50-40914984e667,2023-04-13,2026-08-26,2026-08-26,BC Liquor Store Product Price List - Historical Prices,Liste de prix des produits BC Liquor Store - Historique des prix,BC_Liquor_Store_Product_Price_List_May_2026,Liste des prix des produits BC_Liquor_Store_Mai_2026,Government of British Columbia , Gouvernment de la Colombie-Britannique
"Sep 1, 2026",1.0,e472315f-036d-4a46-80d1-fc1f92da316b,No resource,2025-09-17,2025-09-17,2026-08-26,Reprocessing of Yukon magnetic data for NTS 115I,Retraitement des données magnétiques du Yukon pour le NTS 115I,No resources covered,Aucune ressource couverte,Government of Yukon , Gouvernement du Yukon
"Sep 1, 2026",1.0,e547539b-7fc6-4879-be54-3d1f80ac9e9e,b47a541b-2e8a-46e1-9586-4e4b0496eaa7,2016-09-26,2016-12-01,2026-06-16,Canada Pension Plan (CPP) - Statistics on Monthly Maximum Amounts for New Benefits,Régime de pensions du Canada (RPC) - Statistiques concernant les montants mensuels maximaux pour les nouvelles prestations,Statistics on CPP monthly maximum amounts for new benefits,Statistiques concernant les montants mensuels maximaux du RPC pour les nouvelles prestations,Employment and Social Development Canada , Emploi et Développement social Canada
"Sep 1, 2026",1.0,e5d0a8e0-a200-4bd8-8939-d12e5278f31c,No resource,2025-09-17,2025-09-17,2026-08-26,"Residual total magnetic field, aeromagnetic survey of the Llewellyn area","Champ magnétique total résiduel, levé aéromagnétique de la région de Llewellyn",No resources covered,Aucune ressource couverte,Government of Yukon , Gouvernement du Yukon
"Sep 1, 2026",1.0,e5e419f8-7219-4faa-8b0d-22c006b5434f,No resource,2016-09-26,2016-09-26,2026-04-09,Ministerial Revenues as per the Public Accounts of Canada,Revenus ministériels selon les Comptes publics du Canada,No resources covered,Aucune ressource couverte,Public Services and Procurement Canada , Services publics et Approvisionnement Canada
"Sep 1, 2026",1.0,e5ea9140-8893-11e0-858a-6cf049291510,No resource,2016-09-26,2016-09-26,2022-03-14,Distribution of Freshwater - Glaciers and Icefields,Répartition de l'eau douce - Glaciers et champs de glace,No resources covered,Aucune ressource couverte,Natural Resources Canada , Ressources naturelles Canada
"Sep 1, 2026",1.0,e641f7cc-c9bd-46a0-a039-c0a87848ab7a,No resource,2018-06-27,2018-06-27,2026-04-17,Achievement Exam Results (School),Translation of Achievement Exam Results (School),No resources covered,Aucune ressource couverte,Government of Alberta , Gouvernement de l'Alberta
"Sep 1, 2026",2.0,e641f7cc-c9bd-46a0-a039-c0a87848ab7a,c70df39f-8c63-4859-a697-735465d11517,2018-06-27,2026-04-17,2026-04-17,Achievement Exam Results (School),Translation of Achievement Exam Results (School),Achievement Exam Results (School),Translation of Achievement Exam Results (School),Government of Alberta , Gouvernement de l'Alberta
"Sep 1, 2026",1.0,e657d84b-1eac-49db-ae7e-4a7c3297c6ea,f9558c1e-b88d-48f0-8524-cb068f72b6fe,2023-11-27,2026-08-28,2026-08-28,Screened passenger traffic at the largest airports in Canada,Nombre de passagers ayant fait l’objet d’un contrôle dans les plus grands aéroports du Canada,Dataset,Ensembles de données,Statistics Canada , Statistique Canada
"Sep 1, 2026",2.0,e6951cc4-ff29-52bf-af41-a162d52b1011,3780cdef-a9bd-4b7d-b283-a659c141194f,2016-09-26,2017-01-26,2017-01-26,Time Zones,Fuseaux horaires,Download English JPEG2000 through HTTP,Télécharger le fichier en format Anglais JPEG2000 via HTTP,Natural Resources Canada , Ressources naturelles Canada
"Sep 1, 2026",1.0,e6951cc4-ff29-52bf-af41-a162d52b1011,7ac550f1-4160-440e-8fac-564640702559,2016-09-26,2017-01-26,2017-01-26,Time Zones,Fuseaux horaires,Download French PDF through HTTP,Télécharger le fichier en format français PDF via HTTP,Natural Resources Canada , Ressources naturelles Canada
"Sep 1, 2026",1.0,e6951cc4-ff29-52bf-af41-a162d52b1011,No resource,2016-09-26,2016-09-26,2022-03-14,Time Zones,Fuseaux horaires,No resources covered,Aucune ressource couverte,Natural Resources Canada , Ressources naturelles Canada
"Sep 1, 2026",1.0,e6a24ec1-1b78-4872-9573-1c1fefe41d1c,No resource,2026-08-28,2026-08-28,2026-09-01,"Briefing Material prepared for the Librarian and Archivist of Canada Appearance before Standing Committee on Access to Information, Privacy and Ethics (ETHI) - February 12, 2026","Documents d'information préparés pour la Bibliothécaire et Archiviste du Canada en vue de la comparution au Comité permanent de l'accès à l'information, de la protection des renseignements personnels et de l'éthique (ETHI) - 12 février 2026",No resources covered,Aucune ressource couverte,Library and Archives Canada , Bibliothèque et Archives Canada
"Sep 1, 2026",1.0,e6a24ec1-1b78-4872-9573-1c1fefe41d1c,f1e57f79-be9d-4d59-991f-8886de63e689,2026-08-28,2026-09-01,2026-09-01,"Briefing Material prepared for the Librarian and Archivist of Canada Appearance before Standing Committee on Access to Information, Privacy and Ethics (ETHI) - February 12, 2026","Documents d'information préparés pour la Bibliothécaire et Archiviste du Canada en vue de la comparution au Comité permanent de l'accès à l'information, de la protection des renseignements personnels et de l'éthique (ETHI) - 12 février 2026","Standing Committee on Access to Information, Privacy and Ethics – Members biographies","Comité permanent de l'accès à l'information, de la protection des renseignements personnels et de l'éthique – Biographies des membres ",Library and Archives Canada , Bibliothèque et Archives Canada
"Sep 1, 2026",1.0,e7034dbd-1c6e-45de-fcf4-85c6f6fd7d7d,d71f80b2-256d-478f-8fba-0d4b70d3522a,2026-02-18,2026-02-18,2026-02-18,Spruce Budworm L2 Mapping,Cartographie L2 pour la tordeuse des bourgeons de l’épinette,Spruce Budworm L2 Mapping (CSV Excel (EU)),Cartographie L2 pour la tordeuse des bourgeons de l’épinette (CSV Excel (EU)),Government of New Brunswick , Gouvernement du Nouveau-Brunswick
"Sep 1, 2026",1.0,e7bd909b-b794-4437-ae79-1a1116c4c7ef,fcdd6bd1-93af-4e6e-a923-545d31bc26d7,2022-05-10,2022-05-10,2024-11-20,Marine Technical Review Board (MTRB),Bureau d´examen technique en matière maritime (BETMM),Marine Technical Review Board (MTRB) - Data Dictionary,Bureau d´examen technique -  en matière maritime (BETMM) - Dictionnaire de données,Transport Canada , Transports Canada
"Sep 1, 2026",3.0,e80851b8-de68-43bd-a85c-c72e1b3a3890,c74ec689-f642-4ea5-ae7d-3e6deeae504f,2016-09-26,2016-12-01,2025-06-25,Canadian Occupational Projection System (COPS) - 2024 to 2033 projections,Système de projection des professions au Canada (SPPC) - projections 2024 à 2033,"Projections of Job Openings: Total number (Expansion demand, retirement, Emigration and In-Service Mortality) by Occupation","Projections des ouvertures d’emploi: Nombre total (demande d'expansion, départs à la retraite, Émigration et décès en cours d’emploi)  par profession",Employment and Social Development Canada , Emploi et Développement social Canada
"Sep 1, 2026",1.0,e8745429-21e7-4a73-b3f5-90a779b78d1e,0f948790-a6ff-4d64-8d50-3e5fc867d468,2016-09-26,2022-04-29,2026-07-22,Temporary Foreign Worker Program Labour Market Impact Assessment Statistics 2025Q1-2026Q1,Statistiques du Programme des travailleurs étrangers temporaires sur l'évaluation de l'impact sur le marché du travail 2025T1-2026T1,Table 28-Number of Temporary Foreign Worker (TFW) Positions on Positive Labour Market Impact Assessments (LMIAs) under the Seasonal Agricultural Worker Program (SAWP) by Country of Residency between 2025Q1 and 2026Q1,Tableau 28-Nombre de postes de travailleurs étrangers temporaires (TET) sur les études d'impact sur le marché du travail (EIMT) positive dans le cadre du Programme des travailleurs agricoles saisonniers (PTAS) par pays de résidence entre 2025T1 et 2026T1,Employment and Social Development Canada , Emploi et Développement social Canada
"Sep 1, 2026",3.0,e8745429-21e7-4a73-b3f5-90a779b78d1e,52536f3d-7664-4bf5-86c0-88f03764915d,2016-09-26,2017-10-13,2026-07-22,Temporary Foreign Worker Program Labour Market Impact Assessment Statistics 2025Q1-2026Q1,Statistiques du Programme des travailleurs étrangers temporaires sur l'évaluation de l'impact sur le marché du travail 2025T1-2026T1,Table 01-Number of Temporary Foreign Worker (TFW) Positions on Positive Labour Market Impact Assessments (LMIAs) by Province/Territory between 2025Q1 and 2026Q1,"Tableau 01-Nombre de postes de travailleurs étrangers temporaires (TET) visés par les études d’impact sur le marché du travail (EIMT) positives, selon la province ou le territoire entre 2025T1 et 2026T1",Employment and Social Development Canada , Emploi et Développement social Canada
"Sep 1, 2026",3.0,e8745429-21e7-4a73-b3f5-90a779b78d1e,95e98c54-a7f5-4bdc-92b0-8e006afc3577,2016-09-26,2016-10-13,2026-01-07,Temporary Foreign Worker Program Labour Market Impact Assessment Statistics 2025Q1-2026Q1,Statistiques du Programme des travailleurs étrangers temporaires sur l'évaluation de l'impact sur le marché du travail 2025T1-2026T1,Glossary,Lexique,Employment and Social Development Canada , Emploi et Développement social Canada
"Sep 1, 2026",1.0,e8745429-21e7-4a73-b3f5-90a779b78d1e,f4eb46fa-5923-47cc-a988-56ef27abcc40,2016-09-26,2016-10-13,2026-07-22,Temporary Foreign Worker Program Labour Market Impact Assessment Statistics 2025Q1-2026Q1,Statistiques du Programme des travailleurs étrangers temporaires sur l'évaluation de l'impact sur le marché du travail 2025T1-2026T1,Table 09-Number of Temporary Foreign Worker (TFW) Positions on Positive Labour Market Impact Assessments (LMIAs) under the Primary Agriculture Stream by Province/Territory between 2025Q1 and 2026Q1,"Tableau 09-Nombre de postes de travailleurs étrangers temporaires (TET) visés par les études d'impact sur le marché du travail (EIMT) positives émisent dans le cadre du volet agriculture primaire, selon la province ou le territoire entre 2025T1 et 2026T1",Employment and Social Development Canada , Emploi et Développement social Canada
"Sep 1, 2026",1.0,e8a3fc19-6016-4c90-a5c0-eb35233d708e,50fa690b-703f-45ae-9d0c-aed46c571ad4,2023-04-13,2026-08-26,2026-08-26,"CRF Detailed Schedules of Payments - Employees with a gross salary of $75,000 or more",Calendriers de paiements détaillés du CRF - Employés dont le salaire brut est de 75 000$ ou plus,"FYE 2024 - Employees with a gross salary of $75,000 or more",FYE 2024 - Employés ayant un salaire brut de 75 000$ ou plus,Government of British Columbia , Gouvernment de la Colombie-Britannique
"Sep 1, 2026",2.0,e8a3fc19-6016-4c90-a5c0-eb35233d708e,54193691-5fbb-4827-b927-8a41da8b2228,2023-04-13,2026-08-26,2026-08-26,"CRF Detailed Schedules of Payments - Employees with a gross salary of $75,000 or more",Calendriers de paiements détaillés du CRF - Employés dont le salaire brut est de 75 000$ ou plus,"FYE 2025 Employees with a gross salary of $75,000 or more",FYE 2025 Employés ayant un salaire brut de 75 000$ ou plus,Government of British Columbia , Gouvernment de la Colombie-Britannique
"Sep 1, 2026",12.0,e8a3fc19-6016-4c90-a5c0-eb35233d708e,692bb00b-a3f5-4c12-bd06-810d1425c518,2023-04-13,2026-08-26,2026-08-26,"CRF Detailed Schedules of Payments - Employees with a gross salary of $75,000 or more",Calendriers de paiements détaillés du CRF - Employés dont le salaire brut est de 75 000$ ou plus,"FYE 2026 Employees with a gross salary of $75,000 or more",FYE 2026 Employés ayant un salaire brut de 75 000$ ou plus,Government of British Columbia , Gouvernment de la Colombie-Britannique
"Sep 1, 2026",7.0,e8a3fc19-6016-4c90-a5c0-eb35233d708e,No resource,2023-04-13,2023-04-13,2026-08-26,"CRF Detailed Schedules of Payments - Employees with a gross salary of $75,000 or more",Calendriers de paiements détaillés du CRF - Employés dont le salaire brut est de 75 000$ ou plus,No resources covered,Aucune ressource couverte,Government of British Columbia , Gouvernment de la Colombie-Britannique
"Sep 1, 2026",1.0,e8c42d2b-f8e4-4c7f-8540-9f7b3681ee41,No resource,2023-04-05,2023-04-05,2026-04-17,Alberta Water Well Information Database,Translation of Alberta Water Well Information Database,No resources covered,Aucune ressource couverte,Government of Alberta , Gouvernement de l'Alberta
"Sep 1, 2026",1.0,e98e107b-0c91-49d6-b1b0-213dd1949492,43b6fb94-8897-4f7c-9f4a-85e8dd04181a,2018-06-27,2023-01-17,2023-01-17,"Summary statistics for food services and drinking places (all establishments), by North American Industry Classification System (NAICS), inactive","Statistiques sommaires sur les services de restauration et de débits de boissons (tous les établissements), selon le Système de classification des industries de l'Amérique du Nord (SCIAN), inactif",Dataset,Ensembles de données,Statistics Canada , Statistique Canada
"Sep 1, 2026",1.0,e9b150b7-0cce-4a50-b26d-60934b8589ec,d3265cde-3fde-4e45-bc6d-2f6f5c875bae,2025-09-24,2026-05-27,2026-05-27,Survey of satisfaction among citizens with regard to public services,Sondage de satisfaction auprès des citoyens à l’égard des services collectifs,2025 - Survey results,2025-Résultats des sondages,Government and Municipalities of Québec , Gouvernement et municipalités du Québec
"Sep 1, 2026",1.0,ea07f118-0e47-456b-aebb-e53e6700ea94,No resource,2021-01-27,2021-01-27,2026-04-17,Announced projects: Rural Economic Development program,Projets annoncés : Programme de développement économique des collectivités rurales,No resources covered,Aucune ressource couverte,Government of Ontario , Gouvernement de l'Ontario
"Sep 1, 2026",3.0,ea639e28-c0fc-48bf-b5dd-b8899bd43072,6f422ded-5d9b-4ce6-b471-92fe46d1c734,2024-08-07,2026-08-03,2026-08-03,Job Postings Advertised on Canada's National Job Bank Website,Offres d'emploi publiées sur le site Web du Guichet-Emplois national du Canada,July 2026 Job Postings Advertised on Canada's National Job Bank Website,Juillet 2026 Offres d'emploi publiées sur le site Web du Guichet-Emplois national du Canada,Employment and Social Development Canada , Emploi et Développement social Canada
"Sep 1, 2026",11.0,ea639e28-c0fc-48bf-b5dd-b8899bd43072,No resource,2024-08-07,2024-08-07,2026-08-03,Job Postings Advertised on Canada's National Job Bank Website,Offres d'emploi publiées sur le site Web du Guichet-Emplois national du Canada,No resources covered,Aucune ressource couverte,Employment and Social Development Canada , Emploi et Développement social Canada
"Sep 1, 2026",1.0,ea639e28-c0fc-48bf-b5dd-b8899bd43072,e8c27948-6a40-452b-8d7d-2e1b799ca8aa,2024-08-07,2026-03-09,2026-03-09,Job Postings Advertised on Canada's National Job Bank Website,Offres d'emploi publiées sur le site Web du Guichet-Emplois national du Canada,February 2026 Job Postings Advertised on Canada's National Job Bank Website,Fevrier 2026 Offres d'emploi publiées sur le site Web du Guichet-Emplois national du Canada,Employment and Social Development Canada , Emploi et Développement social Canada
"Sep 1, 2026",3.0,ea8f2c37-90b6-4fee-857e-984d3060184e,5c8ab22c-4a5e-494b-879a-e0611bc10a95,2016-09-26,2016-12-01,2024-11-20,"History of the Federal Electoral Ridings, 1867-2010","Historique des circonscriptions, 1867-2010",Dataset,Ensemble de données,Library of Parliament , Bibliothèque du Parlement
"Sep 1, 2026",2.0,ea8f2c37-90b6-4fee-857e-984d3060184e,8c741846-a4ab-47db-a1c1-07d835dbb2cf,2016-09-26,2016-12-01,2024-08-28,"History of the Federal Electoral Ridings, 1867-2010","Historique des circonscriptions, 1867-2010",Data Dictionary,Dictionaire de données,Library of Parliament , Bibliothèque du Parlement
"Sep 1, 2026",5.0,ea8f2c37-90b6-4fee-857e-984d3060184e,No resource,2016-09-26,2016-09-26,2024-11-20,"History of the Federal Electoral Ridings, 1867-2010","Historique des circonscriptions, 1867-2010",No resources covered,Aucune ressource couverte,Library of Parliament , Bibliothèque du Parlement
"Sep 1, 2026",6.0,ea93b288-1579-58e8-b7eb-b72e16370cea,No resource,2016-09-26,2016-09-26,2022-02-22,Tactile Maps of Canada-Maps for Education-The Thematic Tactile Atlas of Canada-Rock Types,Cartes tactiles du Canada-Cartes éducatives-L'Atlas tactile thématique du Canada-Types de roches,No resources covered,Aucune ressource couverte,Natural Resources Canada , Ressources naturelles Canada
"Sep 1, 2026",3.0,eaee474c-4b7f-4940-8d48-59123d0da436,f62d59ef-e519-4b1f-bf71-d25e23ee0928,2021-03-02,2021-03-02,2026-08-10,Historical Insolvency Statistics - North American Industry Classification System (NAICS) Monthly,Statistiques sur l'insolvabilité historique - Système de classification des industries de l'Amérique du Nord (SCIAN) mensuels,Historical Insolvency Statistics - North American Industry Classification System (NAICS) Monthly,Statistiques sur l'insolvabilité historique - Système de classification des industries de l'Amérique du Nord (SCIAN) mensuels,"Innovation, Science and Economic Development Canada "," Innovation, Sciences et Développement économique Canada"
"Sep 1, 2026",2.0,eb46f59e-139b-4051-b8f5-fe5423648a66,No resource,2025-09-17,2025-09-17,2026-08-26,Reprocessing of Yukon magnetic data for NTS 106B,Retraitement des données magnétiques du Yukon pour le NTS 106B,No resources covered,Aucune ressource couverte,Government of Yukon , Gouvernement du Yukon
"Sep 1, 2026",1.0,ebcb27ba-cc51-4a42-a92e-3be4cbc006b9,1e1e91c9-f47f-4d25-975e-e167faceb903,2016-09-26,2016-10-21,2016-10-21,"Nutrients in Lake Winnipeg – Annual total phosphorus and total nitrogen concentration data for the Saskatchewan, Red, and Winnipeg rivers, Canada ","Éléments nutritifs dans le lac Winnipeg – Données sur les concentrations annuelles de phosphore et d'azote total pour les rivières Saskatchewan, Rouge et Winnipeg, Canada ",Data table (CSV; 4.19 kB),"Tableau de données (CSV; 4,19 ko)",Environment and Climate Change Canada , Environnement et Changement climatique Canada
"Sep 1, 2026",2.0,ebe546aa-ac34-491c-a828-fdc87fb70610,No resource,2020-06-05,2020-06-05,2026-01-28,Automated Snow Weather Station Locations,Localisations automatisées des stations météorologiques pour la neige,No resources covered,Aucune ressource couverte,Government of British Columbia , Gouvernment de la Colombie-Britannique
"Sep 1, 2026",1.0,ece743aa-514a-4024-93c6-7f5ed5cd4eb2,No resource,2016-09-26,2016-09-26,2026-06-01,Heads of Missions,Chefs de missions,No resources covered,Aucune ressource couverte,Global Affairs Canada , Affaires mondiales Canada
"Sep 1, 2026",1.0,ed4d48f3-750f-4eeb-93f9-cb62be138264,No resource,2019-12-16,2019-12-16,2025-07-24,Historic Insolvency Statistics - Annual (from 1987),Statistiques sur l'insolvabilité historique - annuel (à partir de 1987),No resources covered,Aucune ressource couverte,"Innovation, Science and Economic Development Canada "," Innovation, Sciences et Développement économique Canada"
"Sep 1, 2026",4.0,ededff77-a021-48d6-89a5-cdbcd75fb4ff,1e46d2e5-ebc6-474f-ac0d-235890b4ba6a,2017-10-20,2025-05-20,2026-04-15,Pest Management Regulatory Agency (PMRA) List of Formulants ,Liste des produits de formulation de l'Agence de réglementation de la lutte antiparasitaire (ARLA) ,PMRA List of Formulants ,Liste des produits de formulation de l'ARLA,Health Canada , Santé Canada
"Sep 1, 2026",1.0,ededff77-a021-48d6-89a5-cdbcd75fb4ff,No resource,2017-10-20,2017-10-20,2026-04-15,Pest Management Regulatory Agency (PMRA) List of Formulants ,Liste des produits de formulation de l'Agence de réglementation de la lutte antiparasitaire (ARLA) ,No resources covered,Aucune ressource couverte,Health Canada , Santé Canada
"Sep 1, 2026",5.0,ee11dfb4-94ce-5ec3-a7b2-b0067ca06364,No resource,2016-09-26,2016-09-26,2022-02-22,Tactile Maps of Canada-Maps For Mobility-City Downtown Maps-Montréal-Latin,Cartes tactiles du Canada-Les Cartes Pour La Mobilité-Cartes de centres-villes-Montréal-Latin,No resources covered,Aucune ressource couverte,Natural Resources Canada , Ressources naturelles Canada
"Sep 1, 2026",4.0,ee1580ab-a23d-4f86-a09b-79763677eb47,642b0aaa-0eb9-4b11-a5eb-224c08860fb3,2022-08-11,2025-09-23,2025-09-23,2020 Land Cover of Canada,Couverture des terres du Canada 2020,2020 Land Cover of Canada / Couverture terrestre du Canada,2020 Land Cover of Canada / Couverture terrestre du Canada,Natural Resources Canada , Ressources naturelles Canada
"Sep 1, 2026",6.0,ee1580ab-a23d-4f86-a09b-79763677eb47,No resource,2022-08-11,2022-08-11,2025-09-23,2020 Land Cover of Canada,Couverture des terres du Canada 2020,No resources covered,Aucune ressource couverte,Natural Resources Canada , Ressources naturelles Canada
"Sep 1, 2026",4.0,ee1580ab-a23d-4f86-a09b-79763677eb47,baddbc7e-4381-4af1-935f-454b53c32483,2022-08-11,2025-09-23,2025-09-23,2020 Land Cover of Canada,Couverture des terres du Canada 2020,Class Index,Class Index,Natural Resources Canada , Ressources naturelles Canada
"Sep 1, 2026",4.0,ee1580ab-a23d-4f86-a09b-79763677eb47,f1ba2faa-ff10-4526-815a-c57b99eef1bb,2022-08-11,2025-09-23,2025-09-23,2020 Land Cover of Canada,Couverture des terres du Canada 2020,2020 Land Cover of Canada,Couverture des terres du Canada 2020,Natural Resources Canada , Ressources naturelles Canada
"Sep 1, 2026",1.0,ee949112-5d13-420a-98a9-ec5822e026b3,8bd357f3-9006-4dfc-9dcc-49439b15b872,2021-04-13,2023-01-17,2023-01-17,"Inter-city indexes of price differentials of consumer goods and services, annual","Indices comparatifs des prix des biens et des services de consommation entre les villes, données annuelles",Dataset,Ensembles de données,Statistics Canada , Statistique Canada
"Sep 1, 2026",2.0,ee949112-5d13-420a-98a9-ec5822e026b3,No resource,2021-04-13,2021-04-13,2023-01-17,"Inter-city indexes of price differentials of consumer goods and services, annual","Indices comparatifs des prix des biens et des services de consommation entre les villes, données annuelles",No resources covered,Aucune ressource couverte,Statistics Canada , Statistique Canada
"Sep 1, 2026",1.0,ee94f29d-c3ff-40bc-b173-8762c640e0c9,No resource,2018-06-27,2018-06-27,2023-01-17,"Refined petroleum products statistics, monthly","Statistiques des produits pétroliers raffinés, mensuel",No resources covered,Aucune ressource couverte,Statistics Canada , Statistique Canada
"Sep 1, 2026",1.0,eea3bcd8-4b75-413f-b659-bb054569429f,527beb27-f7ed-40fe-bc9e-8d30c64b16fe,2026-05-15,2026-05-15,2026-05-15,Deputy Minister of Natural Resources Canada - Briefing Package - February 2026,Sous‑ministre de l’Énergie et des Ressources naturelles du Canada - Dossier d’information – février 2026,Deputy Minister of Natural Resources Canada - Briefing Package - February 2026,Sous‑ministre de l’Énergie et des Ressources naturelles du Canada - Dossier d’information – février 2026,Canadian Nuclear Safety Commission , Commission canadienne de sûreté nucléaire
"Sep 1, 2026",1.0,eed50a25-7893-420d-a723-da94cf406029,No resource,2021-01-27,2021-01-27,2026-02-25,Ontario Community Infrastructure Fund recipients,Fonds ontarien pour l’infrastructure communautaire : bénéficiaires,No resources covered,Aucune ressource couverte,Government of Ontario , Gouvernement de l'Ontario
"Sep 1, 2026",1.0,ef0e0f90-c30c-4dce-810f-3a64f1115e78,495a1590-5f57-4c5b-90fc-867ace5636ef,2024-10-02,2025-08-05,2025-08-05,GC HR and Pay - Quarterly Update Events,RH et paye du GC - Mises à jour trimestrielles,2025-06-23 Presentation - Quarterly Progress Update for All Employees,2025-06-23 Présentation - Mise-à-jour trimestrielle de progrès pour tous les employées,Public Services and Procurement Canada , Services publics et Approvisionnement Canada
"Sep 1, 2026",1.0,ef0e0f90-c30c-4dce-810f-3a64f1115e78,524a4247-2c1a-4d4a-8a5c-2690d7b54b44,2024-10-02,2024-10-02,2025-01-22,GC HR and Pay - Quarterly Update Events,RH et paye du GC - Mises à jour trimestrielles,2024-07-09 Progress Update for all Employees,2024-07-09 Mise à jour des progrès pour tous les employés,Public Services and Procurement Canada , Services publics et Approvisionnement Canada
"Sep 1, 2026",1.0,ef0e0f90-c30c-4dce-810f-3a64f1115e78,5627dc3e-73cd-4cdf-b84e-07bcf230b2e5,2024-10-02,2025-03-06,2025-03-06,GC HR and Pay - Quarterly Update Events,RH et paye du GC - Mises à jour trimestrielles,2025-01-22 Presentation - Quarterly Progress Update for All Employees,2025-01-22 Présentation - Mise à jour des progrès trimestrielle pour tous les employées,Public Services and Procurement Canada , Services publics et Approvisionnement Canada
"Sep 1, 2026",1.0,ef0e0f90-c30c-4dce-810f-3a64f1115e78,9a9bd9e3-a981-44e5-98b4-ebaebf537bee,2024-10-02,2024-11-29,2025-01-22,GC HR and Pay - Quarterly Update Events,RH et paye du GC - Mises à jour trimestrielles,2024-10-02 Presentation - Quarterly progress update for all employees,2024-10-02 Présentation - Mise à jour des progrès trimestrielle pour tous les employées,Public Services and Procurement Canada , Services publics et Approvisionnement Canada
"Sep 1, 2026",1.0,ef0e0f90-c30c-4dce-810f-3a64f1115e78,e6e5f103-7e98-4d59-9983-099766d01384,2024-10-02,2025-11-24,2025-11-24,GC HR and Pay - Quarterly Update Events,RH et paye du GC - Mises à jour trimestrielles,2025-10-27 Presentation - Quarterly Progress Update for Unions,2025-10-27 Présentation - Mise à jour trimestrielle de progrès pour les syndicats,Public Services and Procurement Canada , Services publics et Approvisionnement Canada
"Sep 1, 2026",1.0,ef416525-abb9-4805-a596-98681d34f153,e3106e23-da10-4421-b8dc-4aa863a704e8,2023-08-30,2026-08-19,2026-08-19,Licensed Well Contractors,Entrepreneurs en construction de puits autorisés,Licensed Well Contractors,des entrepreneurs en construction de puits autorisés,Government of Ontario , Gouvernement de l'Ontario
"Sep 1, 2026",2.0,ef546c83-43a8-4404-943e-ab324164eeb3,No resource,2016-09-26,2016-09-26,2025-12-18,Licensed Natural Health Products,Produits de santé naturels homologués,No resources covered,Aucune ressource couverte,Health Canada , Santé Canada
"Sep 1, 2026",2.0,ef546c83-43a8-4404-943e-ab324164eeb3,dfd9b872-c7ca-442f-806d-bb7044ae2daf,2016-09-26,2016-12-01,2025-05-28,Licensed Natural Health Products,Produits de santé naturels homologués,Read me file,Lisez-moi,Health Canada , Santé Canada
"Sep 1, 2026",1.0,ef8476ed-b02d-4f5c-b778-0d44c9126144,4cbfd43d-866b-497e-a59b-0ee7890ea950,2020-06-05,2026-01-28,2026-01-28,Bedrock Geology,Géologie du socle,bedrockgeology.xml,bedrockgeology.xml,Government of British Columbia , Gouvernment de la Colombie-Britannique
"Sep 1, 2026",1.0,efcf4eaa-db27-48df-b168-1b6628294074,No resource,2017-10-25,2017-10-25,2025-05-12,Canadian Armed Forces Food Services Daily Cost of Meals,Forces armées canadiennes service alimentaires coût de jour-repas fixe,No resources covered,Aucune ressource couverte,National Defence , Défense nationale
"Sep 1, 2026",1.0,f064a144-b4e0-4e9b-9970-e0fc2f84d1a8,0fa40e47-8d01-47eb-93f5-ac9538d52fe6,2016-09-26,2024-06-17,2026-06-16,Canada Pension Plan (CPP) and Old Age Security (OAS) - Annual Statistics Tables,Régime de pensions du Canada (RPC) et Sécurité de la vieillesse (SV) - Statistiques annuelles,"OAS – Net payments, by benefit type and calendar year","SV - Montants nets versés, selon le type de prestation et l’année civile",Employment and Social Development Canada , Emploi et Développement social Canada
"Sep 1, 2026",1.0,f0d12b41-54dc-4784-ad2b-83dffed2ab84,3391238b-f537-4231-8572-493b9392565b,2024-07-10,2024-07-10,2026-06-22,Federal public service statistics,Statistiques sur la fonction publique fédérale,Population of the federal public service by department or agency,Effectif de la fonction publique fédérale par ministère ou organisme,Treasury Board of Canada Secretariat , Secrétariat du Conseil du Trésor du Canada
"Sep 1, 2026",1.0,f0d12b41-54dc-4784-ad2b-83dffed2ab84,baa05779-9c69-40c9-ba42-875b340b5c47,2024-07-10,2024-07-10,2026-06-22,Federal public service statistics,Statistiques sur la fonction publique fédérale,Population of the federal public service by department and age band,Effectif de la fonction publique fédérale par ministère et catégorie d’âge,Treasury Board of Canada Secretariat , Secrétariat du Conseil du Trésor du Canada
"Sep 1, 2026",1.0,f0e4b353-8eb2-4684-94ed-d4b6be0c0f93,2c956b68-c594-4407-ae73-6ffcf1364414,2025-05-13,2025-10-15,2025-10-15,"Land cover mapping of the St. Lawrence Lowlands, circa 2014","Cartographie de l’occupation du sol des Basses-terres du Saint-Laurent, circa 2014","SLAP Land cover, circa 2014 Methodological Report","PASL Occupation du sol, circa 2014 Rapport methodologique",Environment and Climate Change Canada , Environnement et Changement climatique Canada
"Sep 1, 2026",3.0,f0f63701-d4bd-416b-8ed2-7a09f74abc6e,No resource,2023-01-30,2023-01-30,2026-01-09,"Employee wages by occupation, annual","Salaire des employés selon la profession, données annuelles",No resources covered,Aucune ressource couverte,Statistics Canada , Statistique Canada
"Sep 1, 2026",1.0,f22842f6-3a74-4a53-9c10-f2b723eecf37,3ee09d6b-7972-4f05-b544-12a66f0c3b28,2018-06-27,2023-01-17,2023-01-17,"Consumer Price Index (CPI), 2001 basket content, annual","Indice des prix à la consommation (IPC), le contenu du panier de 2001, annuel",Dataset,Ensembles de données,Statistics Canada , Statistique Canada
"Sep 1, 2026",1.0,f2303645-5952-4766-bd5c-3b9b50dda1ca,5c43a80b-6612-482b-b0e7-bfc3df931da2,2023-04-13,2026-04-17,2026-04-17,Big Game Harvest Statistics 1976 to Current,Translation of Big Game Harvest Statistics 1976 to Current,Big Game Harvest Statistics 1976 to 2023 - Region,Translation of Big Game Harvest Statistics 1976 to 2023 - Region,Government of British Columbia , Gouvernment de la Colombie-Britannique
"Sep 1, 2026",2.0,f2303645-5952-4766-bd5c-3b9b50dda1ca,7eb5f252-aa6e-4d31-89da-8c0bef0da252,2023-04-13,2026-04-17,2026-04-17,Big Game Harvest Statistics 1976 to Current,Translation of Big Game Harvest Statistics 1976 to Current,Big Game Harvest Statistics 1976 to 2023 - WMU,Translation of Big Game Harvest Statistics 1976 to 2023 - WMU,Government of British Columbia , Gouvernment de la Colombie-Britannique
"Sep 1, 2026",3.0,f2303645-5952-4766-bd5c-3b9b50dda1ca,No resource,2023-04-13,2023-04-13,2026-04-17,Big Game Harvest Statistics 1976 to Current,Translation of Big Game Harvest Statistics 1976 to Current,No resources covered,Aucune ressource couverte,Government of British Columbia , Gouvernment de la Colombie-Britannique
"Sep 1, 2026",1.0,f2d6263a-8b65-4350-9515-345875c6bebf,ee01df24-f150-41bb-91c7-a61aa607e0c3,2020-11-27,2026-08-26,2026-08-26,Large Landfill Sites (Historical data),Grandes décharges contrôlées (données historiques),Large Landfill Sites (Historical data),Grands sites d'enfouissement (données historiques),Government of Ontario , Gouvernement de l'Ontario
"Sep 1, 2026",5.0,f2d9985b-7195-4a12-8f6c-4efc9adca8d1,b39fe6a2-f762-465a-b6ae-a095f0d81aef,2021-01-27,2026-06-17,2026-06-17,Death registrations in Ontario (by location),Enregistrement des décès en Ontario (par lieu),Death registrations in Ontario (by location),Enregistrement des décès en Ontario (par lieu),Government of Ontario , Gouvernement de l'Ontario
"Sep 1, 2026",1.0,f4a8f715-894b-4b70-8244-7f5b4ca75876,No resource,2020-11-27,2020-11-27,2026-03-25,Geographic Township Improved,Cantons géographiques (version améliorée),No resources covered,Aucune ressource couverte,Government of Ontario , Gouvernement de l'Ontario
"Sep 1, 2026",1.0,f4d45e1d-1fb3-4a5b-ae12-7e6afe89e645,274221b7-dbe6-4f64-8b2d-992ec11e2297,2020-06-05,2026-01-28,2026-01-28,Residential Care Facilities,Établissements de soins résidentiels,gsr_residential_care,gsr_residential_care,Government of British Columbia , Gouvernment de la Colombie-Britannique
"Sep 1, 2026",1.0,f4d45e1d-1fb3-4a5b-ae12-7e6afe89e645,No resource,2020-06-05,2020-06-05,2026-01-28,Residential Care Facilities,Établissements de soins résidentiels,No resources covered,Aucune ressource couverte,Government of British Columbia , Gouvernment de la Colombie-Britannique
"Sep 1, 2026",1.0,f4e25ea2-e070-448c-9105-129807f5fc3a,7dbae74e-778f-40f7-bb7a-8cb3eaf2422e,2022-08-02,2024-07-29,2024-07-29,Perfluoroalkyl and Polyfluoroalkyl Substances in Canadian Municipal Wastewater Treatment Systems,Substances perfluoroalkylées et polyfluroalkylées dans les systèmes de traitement des eaux usées des municipalités canadiennes,PFASWastewater_EN_FR.csv,PFASWastewater_EN_FR.csv,Environment and Climate Change Canada , Environnement et Changement climatique Canada
"Sep 1, 2026",1.0,f4e25ea2-e070-448c-9105-129807f5fc3a,ecec4417-b5f1-4985-a159-b635f177088c,2022-08-02,2024-07-29,2024-07-29,Perfluoroalkyl and Polyfluoroalkyl Substances in Canadian Municipal Wastewater Treatment Systems,Substances perfluoroalkylées et polyfluroalkylées dans les systèmes de traitement des eaux usées des municipalités canadiennes,PFASBiosolids_EN_FR.csv,PFASBiosolids_EN_FR.csv,Environment and Climate Change Canada , Environnement et Changement climatique Canada
"Sep 1, 2026",1.0,f52a6457-fb37-4267-acde-11a1e57c4dc8,3f894e90-978b-4fea-be61-bb220693b3eb,2021-01-27,2026-07-15,2026-07-15,Population projections,Projections démographiques,Ontario MOF Population Projections,Ontario Projections Demographiques du MDF,Government of Ontario , Gouvernement de l'Ontario
"Sep 1, 2026",1.0,f5b6bfad-d06a-4952-ae47-976fb5092bcc,73b76051-b4cb-4a83-8816-db13ee249c3c,2020-07-24,2026-01-28,2026-01-28,Pharmacies in BC,Pharmacies en Colombie-Britannique,hlbc_Pharmacies,HLBC Pharmacies,Government of British Columbia , Gouvernment de la Colombie-Britannique
"Sep 1, 2026",9.0,f5c8a5a0-354d-455a-99ab-8276aa38032e,No resource,2016-09-26,2016-09-26,2026-08-29,Standing Offers and Supply Arrangements,Offres à commandes et arrangements en matière d'approvisionnement,No resources covered,Aucune ressource couverte,Public Services and Procurement Canada , Services publics et Approvisionnement Canada
"Sep 1, 2026",22.0,f5c8a5a0-354d-455a-99ab-8276aa38032e,e5dcaf48-87d6-4ce1-b17a-35607916b640,2016-09-26,2016-12-01,2026-08-29,Standing Offers and Supply Arrangements,Offres à commandes et arrangements en matière d'approvisionnement,Active Standing Offers and Supply Arrangements (SOSA),Offres à commandes et arrangements en matière d’approvisionnement (OCAMA) actifs,Public Services and Procurement Canada , Services publics et Approvisionnement Canada
"Sep 1, 2026",1.0,f5c8a5a0-354d-455a-99ab-8276aa38032e,f352898d-87bd-407e-873d-d9981c5c3cba,2016-09-26,2016-12-01,2026-08-29,Standing Offers and Supply Arrangements,Offres à commandes et arrangements en matière d'approvisionnement,Procurement Data Dictionary ,Dictionnaire des données sur l'approvisionnement,Public Services and Procurement Canada , Services publics et Approvisionnement Canada
"Sep 1, 2026",1.0,f5f2db55-31e4-42fb-8c73-23e1c44de9b2,No resource,2017-08-10,2017-08-10,2026-04-17,Major Projects Inventory,Inventaire des grands projets,No resources covered,Aucune ressource couverte,Natural Resources Canada , Ressources naturelles Canada
"Sep 1, 2026",5.0,f5f2db55-31e4-42fb-8c73-23e1c44de9b2,b2071d6b-b15e-4069-a6b2-e43c78365def,2017-08-10,2026-04-17,2026-04-17,Major Projects Inventory,Inventaire des grands projets,Major Projects Planned and Under Construction – 2025 to 2035 (English Report),Grands projets prévus ou en voie de mise en œuvre – 2025 à 2035 (Rapport en anglais),Natural Resources Canada , Ressources naturelles Canada
"Sep 1, 2026",1.0,f61fe3d7-f9d0-533d-8fe1-df772b07e155,e6bbb535-a5ed-4ccb-b739-2eb8955a5a41,2016-09-26,2017-01-26,2017-01-26,Annual runoff,Écoulement annuel,Download English JPEG through HTTP,Télécharger le fichier en format Anglais JPEG via HTTP,Natural Resources Canada , Ressources naturelles Canada
"Sep 1, 2026",2.0,f6bad1d5-d1dc-4fdd-a076-650f55cc3fbc,01257ba2-51b7-4066-be44-e77bb448efd1,2023-04-13,2026-08-26,2026-08-26,CRF Detailed Schedules of Payments - Other Supplier Payments,Calendriers de paiement détaillés du CRF - Autres paiements aux fournisseurs,FYE 2025 - Suppliers to BC Government,FYE 2025 - Fournisseurs du gouvernement de la Colombie-Britannique,Government of British Columbia , Gouvernment de la Colombie-Britannique
"Sep 1, 2026",4.0,f6bad1d5-d1dc-4fdd-a076-650f55cc3fbc,ec4524be-24de-44f6-8184-3cc96f381706,2023-04-13,2026-08-26,2026-08-26,CRF Detailed Schedules of Payments - Other Supplier Payments,Calendriers de paiement détaillés du CRF - Autres paiements aux fournisseurs,FYE 2026 - Suppliers to BC Government,FYE 2026 - Fournisseurs du gouvernement de la Colombie-Britannique,Government of British Columbia , Gouvernment de la Colombie-Britannique
"Sep 1, 2026",4.0,f7d4c308-83e0-4e07-8f55-64a005c146cc,5578c8c5-65f0-418a-8ece-773c7128137f,2025-11-24,2026-05-06,2026-09-01,Dose Data from the Fixed Point Surveillance Network,Données sur les doses tirées du Réseau de surveillance en poste fixe,2026 Dose Data from the Fixed Point Surveillance Network,2026 Données sur les doses tirées du Réseau de surveillance en poste fixe,Health Canada , Santé Canada
"Sep 1, 2026",1.0,f7dac054-efbf-402f-ab62-6fc4b32a619e,ebb292ef-5822-49d7-a84f-28ae8be8ac52,2020-06-05,2026-07-29,2026-07-29,Freshwater Atlas - Rivers,Atlas des eaux douces - Rivières,FWA_RIVERS_POLY,FA_RIVERS_POLY,Government of British Columbia , Gouvernment de la Colombie-Britannique
"Sep 1, 2026",1.0,f7e5498e-0ad8-4417-85c9-9b8aff9b9eda,0d2c1908-6ba5-4571-b0a3-d3652e33aa4a,2017-04-12,2019-11-05,2026-08-18,Permanent Residents – Monthly IRCC Updates,Résidents permanents – Mises à jour mensuelles d’IRCC,Canada ex-QC - Percentage of French Speaking Permanent Residents by Immigration Category,Canada ex-QC - Pourcentage de résidents permanents d'expression française selon la catégorie d'immigration,"Immigration, Refugees and Citizenship Canada "," Immigration, Réfugiés et Citoyenneté Canada"
"Sep 1, 2026",3.0,f7e5498e-0ad8-4417-85c9-9b8aff9b9eda,0f1e6cce-a2e3-4ded-92ca-47d3c7e55128,2017-04-12,2021-04-19,2026-08-18,Permanent Residents – Monthly IRCC Updates,Résidents permanents – Mises à jour mensuelles d’IRCC,Canada - Permanent Residents by Country of Citizenship and Immigration Category,Canada - Résidents permanents selon le pays de citoyenneté et catégorie d'immigration,"Immigration, Refugees and Citizenship Canada "," Immigration, Réfugiés et Citoyenneté Canada"
"Sep 1, 2026",1.0,f7e5498e-0ad8-4417-85c9-9b8aff9b9eda,166ea45e-4919-47c9-b1a6-35c4bdf51c03,2017-04-12,2018-05-23,2026-08-18,Permanent Residents – Monthly IRCC Updates,Résidents permanents – Mises à jour mensuelles d’IRCC,[rounded - not for calculations] Canada - Permanent resident by province/territory and immigration category,[arrondis - pas pour calculs] Canada - Résidents permanents selon la province / le territoire et la catégorie d'immigration,"Immigration, Refugees and Citizenship Canada "," Immigration, Réfugiés et Citoyenneté Canada"
"Sep 1, 2026",1.0,f7e5498e-0ad8-4417-85c9-9b8aff9b9eda,1a8171dc-292b-4209-a700-63cb699269ff,2017-04-12,2019-06-10,2026-08-18,Permanent Residents – Monthly IRCC Updates,Résidents permanents – Mises à jour mensuelles d’IRCC,"Canada - Permanent Residents by Province/Territory, Census Division and Census Subdivision","Canada - Résidents permanents selon la province / le territoire, la division et la subdivision de recensement ","Immigration, Refugees and Citizenship Canada "," Immigration, Réfugiés et Citoyenneté Canada"
"Sep 1, 2026",2.0,f7e5498e-0ad8-4417-85c9-9b8aff9b9eda,1b3c140b-8d3a-49a1-859e-da338bf907c6,2017-04-12,2017-04-12,2026-08-18,Permanent Residents – Monthly IRCC Updates,Résidents permanents – Mises à jour mensuelles d’IRCC,Canada – Permanent Residents by Country of Citizenship,Canada - Résidents permanents selon le pays de citoyenneté,"Immigration, Refugees and Citizenship Canada "," Immigration, Réfugiés et Citoyenneté Canada"
"Sep 1, 2026",15.0,f7e5498e-0ad8-4417-85c9-9b8aff9b9eda,5582034d-8f89-49d5-8597-483d628078a1,2017-04-12,2017-04-12,2026-08-18,Permanent Residents – Monthly IRCC Updates,Résidents permanents – Mises à jour mensuelles d’IRCC,Canada - Permanent Residents by Province/Territory and Immigration Category,Canada - Résidents permanents selon la province / le territoire et la catégorie d'immigration,"Immigration, Refugees and Citizenship Canada "," Immigration, Réfugiés et Citoyenneté Canada"
"Sep 1, 2026",1.0,f7e5498e-0ad8-4417-85c9-9b8aff9b9eda,58d86dd3-2936-4c58-9691-2afd35e61a9b,2017-04-12,2019-11-05,2026-08-18,Permanent Residents – Monthly IRCC Updates,Résidents permanents – Mises à jour mensuelles d’IRCC,Quebec - Percentage of English-Speaking Permanent Residents by Immigration Category,Québec - Pourcentage de résidents permanents d'expression anglaise selon la catégorie d'immigration,"Immigration, Refugees and Citizenship Canada "," Immigration, Réfugiés et Citoyenneté Canada"
"Sep 1, 2026",1.0,f7e5498e-0ad8-4417-85c9-9b8aff9b9eda,5f5fa9ca-b621-4dac-91d1-25654a25735c,2017-04-12,2018-05-23,2026-08-18,Permanent Residents – Monthly IRCC Updates,Résidents permanents – Mises à jour mensuelles d’IRCC,[rounded- not for calculations] Canada - Permanent Residents by Country of Citizenship,[arrondis - pas pour calculs] Canada - Résidents permanents selon le pays de citoyenneté,"Immigration, Refugees and Citizenship Canada "," Immigration, Réfugiés et Citoyenneté Canada"
"Sep 1, 2026",2.0,f7e5498e-0ad8-4417-85c9-9b8aff9b9eda,81021dfd-c110-42cf-a975-1b9be8b82980,2017-04-12,2017-04-12,2026-08-18,Permanent Residents – Monthly IRCC Updates,Résidents permanents – Mises à jour mensuelles d’IRCC,Canada - Permanent Residents by Province/Territory and Census Metropolitan Area (CMA),Canada - Résidents permanents selon la province / le territoire et la région métropolitaine de recensement,"Immigration, Refugees and Citizenship Canada "," Immigration, Réfugiés et Citoyenneté Canada"
"Sep 1, 2026",21.0,f7e5498e-0ad8-4417-85c9-9b8aff9b9eda,No resource,2017-04-12,2017-04-12,2026-08-18,Permanent Residents – Monthly IRCC Updates,Résidents permanents – Mises à jour mensuelles d’IRCC,No resources covered,Aucune ressource couverte,"Immigration, Refugees and Citizenship Canada "," Immigration, Réfugiés et Citoyenneté Canada"
"Sep 1, 2026",1.0,f7e5498e-0ad8-4417-85c9-9b8aff9b9eda,c5f2d5d3-e1c7-44d6-a54d-b6b2fb62fdba,2017-04-12,2017-04-12,2026-08-18,Permanent Residents – Monthly IRCC Updates,Résidents permanents – Mises à jour mensuelles d’IRCC,Canada - Permanent Residents by Province/Territory and Immigration Category,Canada - Résidents permanents selon la province / le territoire et la catégorie d'immigration,"Immigration, Refugees and Citizenship Canada "," Immigration, Réfugiés et Citoyenneté Canada"
"Sep 1, 2026",8.0,f7e5498e-0ad8-4417-85c9-9b8aff9b9eda,d1c1f4f3-2d7f-4e02-9a79-7af98209c2f3,2017-04-12,2017-04-12,2026-08-18,Permanent Residents – Monthly IRCC Updates,Résidents permanents – Mises à jour mensuelles d’IRCC,Canada – Permanent Residents by Country of Citizenship,Canada - Résidents permanents selon le pays de citoyenneté,"Immigration, Refugees and Citizenship Canada "," Immigration, Réfugiés et Citoyenneté Canada"
"Sep 1, 2026",1.0,f7e5498e-0ad8-4417-85c9-9b8aff9b9eda,d3821cd3-4dcf-4fe3-acc1-ebaef490a8b3,2017-04-12,2021-04-19,2026-08-18,Permanent Residents – Monthly IRCC Updates,Résidents permanents – Mises à jour mensuelles d’IRCC,Canada - Permanent Residents by Country of Citizenship and Immigration Category,Canada - Résidents permanents selon le pays de citoyenneté et catégorie d'immigration,"Immigration, Refugees and Citizenship Canada "," Immigration, Réfugiés et Citoyenneté Canada"
"Sep 1, 2026",1.0,f824a22b-78c1-4107-ae70-e38209e3f821,No resource,2018-06-27,2018-06-27,2026-07-01,Building Permits,Permis de construire,No resources covered,Aucune ressource couverte,Government of Alberta , Gouvernement de l'Alberta
"Sep 1, 2026",1.0,f82f66f2-a22b-4511-bccf-e1d74db39ae5,1bcfe8d1-0ec8-4494-b895-d2458520064b,2016-09-26,2024-06-20,2024-11-21,Temporary Foreign Worker Program (TFWP): Negative Labour Market Impact Assessment (LMIA) Employers List,Programme des travailleurs étrangers temporaires (PTET): Employeurs ayant obtenu une Étude d'impact sur le marché du travail (EIMT) négative ,"2024Q1-Employers Who Were Issued a Negative Labour Market Impact Assessment (LMIA) by Program Stream, National Occupational Classification (NOC) 2011 and Business Location, January to March 2024","2024T1-Employeurs ayant obtenu une étude d’impact sur le marché du travail  (EIMT) negative, par volet du programme, classification nationale des professions (CNP) 2011 et lieu de affaires, janvier à mars 2024",Employment and Social Development Canada , Emploi et Développement social Canada
"Sep 1, 2026",1.0,f82f66f2-a22b-4511-bccf-e1d74db39ae5,1da135e7-a84b-42f2-b579-b195c3a81b4b,2016-09-26,2024-12-20,2024-12-20,Temporary Foreign Worker Program (TFWP): Negative Labour Market Impact Assessment (LMIA) Employers List,Programme des travailleurs étrangers temporaires (PTET): Employeurs ayant obtenu une Étude d'impact sur le marché du travail (EIMT) négative ,"2024Q3-Employers Who Were Issued a Negative Labour Market Impact Assessment (LMIA) by Program Stream, National Occupational Classification (NOC) 2021 and Business Location, July to September 2024","2024T3-Employeurs ayant reçu une évaluation d'impact sur le marché du travail (EIMT) négative par volet de programme, Classification nationale des professions (CNP) 2021 et emplacement de l'entreprise, juillet à septembre 2024",Employment and Social Development Canada , Emploi et Développement social Canada
"Sep 1, 2026",8.0,f82f66f2-a22b-4511-bccf-e1d74db39ae5,1e854188-18c4-4cbe-b4e0-88561955fe05,2016-09-26,2026-07-22,2026-07-22,Temporary Foreign Worker Program (TFWP): Negative Labour Market Impact Assessment (LMIA) Employers List,Programme des travailleurs étrangers temporaires (PTET): Employeurs ayant obtenu une Étude d'impact sur le marché du travail (EIMT) négative ,"2026Q1-Employers Who Were Issued a Negative Labour Market Impact Assessment (LMIA) by Program Stream, National Occupational Classification (NOC) 2021 and Business Location, January to March 2026","2026T1-Employeurs ayant obtenu une étude d’impact sur le marché du travail  (EIMT) negative, par volet du programme, classification nationale des professions (CNP) 2021 et lieu de affaires, janvier à mars 2026",Employment and Social Development Canada , Emploi et Développement social Canada
"Sep 1, 2026",1.0,f82f66f2-a22b-4511-bccf-e1d74db39ae5,3c8499c2-4e27-493c-9c62-1883eb1d091d,2016-09-26,2023-12-12,2024-11-21,Temporary Foreign Worker Program (TFWP): Negative Labour Market Impact Assessment (LMIA) Employers List,Programme des travailleurs étrangers temporaires (PTET): Employeurs ayant obtenu une Étude d'impact sur le marché du travail (EIMT) négative ,"2023Q3-Employers Who Were Issued a Negative Labour Market Impact Assessment (LMIA) by Program Stream, National Occupational Classification (NOC) 2011 and Business Location, July to September 2023","2023T3-Employeurs ayant obtenu une étude d’impact sur le marché du travail  (EIMT) negative, par volet du programme, classification nationale des professions (CNP) 2011 et lieu de affaires, juillet à septembre 2023",Employment and Social Development Canada , Emploi et Développement social Canada
"Sep 1, 2026",2.0,f82f66f2-a22b-4511-bccf-e1d74db39ae5,3d2b9b57-0b6a-47d3-b38c-ef0c25e1b4e6,2016-09-26,2024-10-24,2024-11-20,Temporary Foreign Worker Program (TFWP): Negative Labour Market Impact Assessment (LMIA) Employers List,Programme des travailleurs étrangers temporaires (PTET): Employeurs ayant obtenu une Étude d'impact sur le marché du travail (EIMT) négative ,"2024Q2-Employers Who Were Issued a Negative Labour Market Impact Assessment (LMIA) by Program Stream, National Occupational Classification (NOC) 2021 and Business Location, April to June 2024","2024T2-Employeurs ayant obtenu une étude d’impact sur le marché du travail  (EIMT) negative, par volet du programme, classification nationale des professions (CNP) 2021 et lieu de affaires, avril à juin 2024",Employment and Social Development Canada , Emploi et Développement social Canada
"Sep 1, 2026",1.0,f82f66f2-a22b-4511-bccf-e1d74db39ae5,3fa31e47-cb51-4556-9096-358ea06acc38,2016-09-26,2023-06-22,2024-12-20,Temporary Foreign Worker Program (TFWP): Negative Labour Market Impact Assessment (LMIA) Employers List,Programme des travailleurs étrangers temporaires (PTET): Employeurs ayant obtenu une Étude d'impact sur le marché du travail (EIMT) négative ,"2023Q1-Employers Who Were Issued a Negative Labour Market Impact Assessment (LMIA) by Program Stream, National Occupational Classification (NOC) 2011 and Business Location, January to March 2023","2023T1- Employeurs ayant obtenu une étude d’impact sur le marché du travail  (EIMT) negative, par volet du programme, classification nationale des professions (CNP) 2011 et lieu de affaires, janvier à mars 2023",Employment and Social Development Canada , Emploi et Développement social Canada
"Sep 1, 2026",1.0,f82f66f2-a22b-4511-bccf-e1d74db39ae5,4220c95e-146f-48d2-830c-fae0c6799999,2016-09-26,2025-03-18,2025-03-18,Temporary Foreign Worker Program (TFWP): Negative Labour Market Impact Assessment (LMIA) Employers List,Programme des travailleurs étrangers temporaires (PTET): Employeurs ayant obtenu une Étude d'impact sur le marché du travail (EIMT) négative ,"2024Q4-Employers Who Were Issued a Negative Labour Market Impact Assessment (LMIA) by Program Stream, National Occupational Classification (NOC) 2021 and Business Location, October to December 2024","2024T4-Employeurs ayant obtenu une étude d’impact sur le marché du travail  (EIMT) negative, par volet du programme, classification nationale des professions (CNP) 2021 et lieu de affaires, octobre à décembre 2024",Employment and Social Development Canada , Emploi et Développement social Canada
"Sep 1, 2026",2.0,f82f66f2-a22b-4511-bccf-e1d74db39ae5,59d3b563-600c-486f-bec8-c8095ed77d8d,2016-09-26,2026-07-22,2026-07-22,Temporary Foreign Worker Program (TFWP): Negative Labour Market Impact Assessment (LMIA) Employers List,Programme des travailleurs étrangers temporaires (PTET): Employeurs ayant obtenu une Étude d'impact sur le marché du travail (EIMT) négative ,"2026Q1-Employers Who Were Issued a Negative Labour Market Impact Assessment (LMIA) by Program Stream, National Occupational Classification (NOC) 2021 and Business Location, January to March 2026","2026T1-Employeurs ayant obtenu une étude d’impact sur le marché du travail  (EIMT) negative, par volet du programme, classification nationale des professions (CNP) 2021 et lieu de affaires, janvier à mars 2026",Employment and Social Development Canada , Emploi et Développement social Canada
"Sep 1, 2026",2.0,f82f66f2-a22b-4511-bccf-e1d74db39ae5,6022699b-5213-4933-a58d-6bdc7cce78c3,2016-09-26,2025-10-23,2025-10-23,Temporary Foreign Worker Program (TFWP): Negative Labour Market Impact Assessment (LMIA) Employers List,Programme des travailleurs étrangers temporaires (PTET): Employeurs ayant obtenu une Étude d'impact sur le marché du travail (EIMT) négative ,"2025Q2-Employers Who Were Issued a Negative Labour Market Impact Assessment (LMIA) by Program Stream, National Occupational Classification (NOC) 2021 and Business Location, April to June 2025","2025T2-Employeurs ayant obtenu une étude d’impact sur le marché du travail  (EIMT) negative, par volet du programme, classification nationale des professions (CNP) 2021 et lieu de affaires, avril à juin 2025",Employment and Social Development Canada , Emploi et Développement social Canada
"Sep 1, 2026",2.0,f82f66f2-a22b-4511-bccf-e1d74db39ae5,689dc7db-c1dd-438c-9fb7-8136eca335ae,2016-09-26,2024-12-20,2024-12-20,Temporary Foreign Worker Program (TFWP): Negative Labour Market Impact Assessment (LMIA) Employers List,Programme des travailleurs étrangers temporaires (PTET): Employeurs ayant obtenu une Étude d'impact sur le marché du travail (EIMT) négative ,"2024Q3-Employers Who Were Issued a Negative Labour Market Impact Assessment (LMIA) by Program Stream, National Occupational Classification (NOC) 2021 and Business Location, July to September 2024","2024T3-Employeurs ayant reçu une évaluation d'impact sur le marché du travail (EIMT) négative par volet de programme, Classification nationale des professions (CNP) 2021 et emplacement de l'entreprise, juillet à septembre 2024",Employment and Social Development Canada , Emploi et Développement social Canada
"Sep 1, 2026",1.0,f82f66f2-a22b-4511-bccf-e1d74db39ae5,6a36e73c-b2ac-438e-b603-56ceea01c56b,2016-09-26,2025-06-19,2025-06-19,Temporary Foreign Worker Program (TFWP): Negative Labour Market Impact Assessment (LMIA) Employers List,Programme des travailleurs étrangers temporaires (PTET): Employeurs ayant obtenu une Étude d'impact sur le marché du travail (EIMT) négative ,"2025Q1-Employers Who Were Issued a Negative Labour Market Impact Assessment (LMIA) by Program Stream, National Occupational Classification (NOC) 2021 and Business Location, January to March 2025","2025Q1-Employeurs ayant obtenu une étude d’impact sur le marché du travail  (EIMT) negative, par volet du programme, classification nationale des professions (CNP) 2021 et lieu de affaires, Janvier à mars 2025",Employment and Social Development Canada , Emploi et Développement social Canada
"Sep 1, 2026",1.0,f82f66f2-a22b-4511-bccf-e1d74db39ae5,813a726a-fb58-48ad-81ff-28f1b663ece2,2016-09-26,2026-01-07,2026-01-07,Temporary Foreign Worker Program (TFWP): Negative Labour Market Impact Assessment (LMIA) Employers List,Programme des travailleurs étrangers temporaires (PTET): Employeurs ayant obtenu une Étude d'impact sur le marché du travail (EIMT) négative ,"2025Q3-Employers Who Were Issued a Negative Labour Market Impact Assessment (LMIA) by Program Stream, National Occupational Classification (NOC) 2021 and Business Location, July to September 2025","2025T3-Employeurs ayant obtenu une étude d’impact sur le marché du travail  (EIMT) negative, par volet du programme, classification nationale des professions (CNP) 2021 et lieu de affaires, juillet à septembre 2025",Employment and Social Development Canada , Emploi et Développement social Canada
"Sep 1, 2026",2.0,f82f66f2-a22b-4511-bccf-e1d74db39ae5,99615d96-207b-4fb6-83b5-564dfdc54003,2016-09-26,2026-03-16,2026-03-16,Temporary Foreign Worker Program (TFWP): Negative Labour Market Impact Assessment (LMIA) Employers List,Programme des travailleurs étrangers temporaires (PTET): Employeurs ayant obtenu une Étude d'impact sur le marché du travail (EIMT) négative ,"2025Q4-Employers Who Were Issued a Negative Labour Market Impact Assessment (LMIA) by Program Stream, National Occupational Classification (NOC) 2021 and Business Location, October to December 2025","2025T4- Employeurs ayant obtenu une étude d’impact sur le marché du travail  (EIMT) negative, par volet du programme, classification nationale des professions (CNP) 2021 et lieu de affaires, octobre à décembre 2025",Employment and Social Development Canada , Emploi et Développement social Canada
"Sep 1, 2026",1.0,f82f66f2-a22b-4511-bccf-e1d74db39ae5,9e7ea9c6-5c13-4ebd-a54a-32c30d167d5a,2016-09-26,2024-04-18,2024-11-21,Temporary Foreign Worker Program (TFWP): Negative Labour Market Impact Assessment (LMIA) Employers List,Programme des travailleurs étrangers temporaires (PTET): Employeurs ayant obtenu une Étude d'impact sur le marché du travail (EIMT) négative ,"2023Q4-Employers Who Were Issued a Negative Labour Market Impact Assessment (LMIA) by Program Stream, National Occupational Classification (NOC) 2011 and Business Location, October to December 2023","2023T4-Employeurs ayant obtenu une étude d’impact sur le marché du travail  (EIMT) negative, par volet du programme, classification nationale des professions (CNP) 2011 et lieu de affaires, octobre à décembre 2023",Employment and Social Development Canada , Emploi et Développement social Canada
"Sep 1, 2026",2.0,f82f66f2-a22b-4511-bccf-e1d74db39ae5,No resource,2016-09-26,2016-09-26,2026-07-22,Temporary Foreign Worker Program (TFWP): Negative Labour Market Impact Assessment (LMIA) Employers List,Programme des travailleurs étrangers temporaires (PTET): Employeurs ayant obtenu une Étude d'impact sur le marché du travail (EIMT) négative ,No resources covered,Aucune ressource couverte,Employment and Social Development Canada , Emploi et Développement social Canada
"Sep 1, 2026",1.0,f82f66f2-a22b-4511-bccf-e1d74db39ae5,a4c40bf2-0370-4e0d-ac16-aadc00cdbadc,2016-09-26,2025-10-23,2025-10-23,Temporary Foreign Worker Program (TFWP): Negative Labour Market Impact Assessment (LMIA) Employers List,Programme des travailleurs étrangers temporaires (PTET): Employeurs ayant obtenu une Étude d'impact sur le marché du travail (EIMT) négative ,"2025Q2-Employers Who Were Issued a Negative Labour Market Impact Assessment (LMIA) by Program Stream, National Occupational Classification (NOC) 2021 and Business Location, April to June 2025","2025T2-Employeurs ayant obtenu une étude d’impact sur le marché du travail  (EIMT) negative, par volet du programme, classification nationale des professions (CNP) 2021 et lieu de affaires, avril à juin 2025",Employment and Social Development Canada , Emploi et Développement social Canada
"Sep 1, 2026",1.0,f82f66f2-a22b-4511-bccf-e1d74db39ae5,b5432d4f-403f-44a2-b952-1eb2e65faa76,2016-09-26,2026-03-16,2026-03-16,Temporary Foreign Worker Program (TFWP): Negative Labour Market Impact Assessment (LMIA) Employers List,Programme des travailleurs étrangers temporaires (PTET): Employeurs ayant obtenu une Étude d'impact sur le marché du travail (EIMT) négative ,"2025Q4-Employers Who Were Issued a Negative Labour Market Impact Assessment (LMIA) by Program Stream, National Occupational Classification (NOC) 2021 and Business Location, October to December 2025","2025T4-Employeurs ayant obtenu une étude d’impact sur le marché du travail  (EIMT) negative, par volet du programme, classification nationale des professions (CNP) 2021 et lieu de affaires, octobre à décembre 2025",Employment and Social Development Canada , Emploi et Développement social Canada
"Sep 1, 2026",1.0,f82f66f2-a22b-4511-bccf-e1d74db39ae5,bf402b35-9270-4608-b244-3741a21be2fd,2016-09-26,2024-10-24,2024-11-20,Temporary Foreign Worker Program (TFWP): Negative Labour Market Impact Assessment (LMIA) Employers List,Programme des travailleurs étrangers temporaires (PTET): Employeurs ayant obtenu une Étude d'impact sur le marché du travail (EIMT) négative ,"2024Q2-Employers Who Were Issued a Negative Labour Market Impact Assessment (LMIA) by Program Stream, National Occupational Classification (NOC) 2021 and Business Location, April to June 2024","2024T2-Employeurs ayant obtenu une étude d’impact sur le marché du travail  (EIMT) negative, par volet du programme, classification nationale des professions (CNP) 2021 et lieu de affaires, avril à juin 2024",Employment and Social Development Canada , Emploi et Développement social Canada
"Sep 1, 2026",2.0,f82f66f2-a22b-4511-bccf-e1d74db39ae5,c3a55d04-bd4d-4b1f-8c6a-6f2c9fd4c62d,2016-09-26,2024-06-20,2024-11-21,Temporary Foreign Worker Program (TFWP): Negative Labour Market Impact Assessment (LMIA) Employers List,Programme des travailleurs étrangers temporaires (PTET): Employeurs ayant obtenu une Étude d'impact sur le marché du travail (EIMT) négative ,"2024Q1-Employers Who Were Issued a Negative Labour Market Impact Assessment (LMIA) by Program Stream, National Occupational Classification (NOC) 2011 and Business Location, January to March 2024","2024T1-Employeurs ayant obtenu une étude d’impact sur le marché du travail  (EIMT) negative, par volet du programme, classification nationale des professions (CNP) 2011 et lieu de affaires, janvier à mars 2024 ",Employment and Social Development Canada , Emploi et Développement social Canada
"Sep 1, 2026",2.0,f82f66f2-a22b-4511-bccf-e1d74db39ae5,dce97de0-120f-4f85-bfc7-e0bd95a85433,2016-09-26,2026-01-07,2026-01-07,Temporary Foreign Worker Program (TFWP): Negative Labour Market Impact Assessment (LMIA) Employers List,Programme des travailleurs étrangers temporaires (PTET): Employeurs ayant obtenu une Étude d'impact sur le marché du travail (EIMT) négative ,"2025Q3-Employers Who Were Issued a Negative Labour Market Impact Assessment (LMIA) by Program Stream, National Occupational Classification (NOC) 2021 and Business Location, July to September 2025","2025T3-Employeurs ayant obtenu une étude d’impact sur le marché du travail  (EIMT) negative, par volet du programme, classification nationale des professions (CNP) 2021 et lieu de affaires, juillet à septembre 2025",Employment and Social Development Canada , Emploi et Développement social Canada
"Sep 1, 2026",2.0,f8e27889-fb07-4f9d-b2ba-591578274b7c,No resource,2020-06-05,2020-06-05,2026-05-13,Traplines of British Columbia,Lignes de piégeage de la Colombie-Britannique,No resources covered,Aucune ressource couverte,Government of British Columbia , Gouvernment de la Colombie-Britannique
"Sep 1, 2026",1.0,f8e27889-fb07-4f9d-b2ba-591578274b7c,edd54e09-d4bf-4fef-b35e-aa8a3adf6651,2020-06-05,2026-05-13,2026-05-13,Traplines of British Columbia,Lignes de piégeage de la Colombie-Britannique,WAA_TRAPLINE_AREAS_SP,WAA_TRAPLINE_AREAS_SP,Government of British Columbia , Gouvernment de la Colombie-Britannique
"Sep 1, 2026",1.0,f9566991-eb97-49a9-a587-5f0725024985,c97222f4-18f0-4a67-a8c3-fa8a1bbaeb80,2023-04-13,2026-04-17,2026-04-17,Labour Market Outlook,Translation of Labour Market Outlook,Supply Composition for BC (10-Year Total),Translation of Supply Composition for BC (10-Year Total),Government of British Columbia , Gouvernment de la Colombie-Britannique
"Sep 1, 2026",1.0,f9bc91b0-598a-5986-9b18-1d163ac8551f,No resource,2016-09-26,2016-09-26,2022-02-23,Borehole Geophysical Logs in Surficial Sediments of Canada-Ontario,Diagraphies géophysiques dans les sédiments de surface au Canada-Ontario,No resources covered,Aucune ressource couverte,Natural Resources Canada , Ressources naturelles Canada
"Sep 1, 2026",1.0,fa349b87-f7af-1b65-2aa3-f1dffa7b6e3c,7048bf0a-7064-41de-8958-c793a2737c17,2026-01-14,2026-04-17,2026-04-17,2025 - Payments to Medical Practitioners,Paiements aux médecins,2025 - Payments to Medical Practitioners (CSV Excel),Paiements aux médecins (CSV Excel),Government of New Brunswick , Gouvernement du Nouveau-Brunswick
"Sep 1, 2026",1.0,fa349b87-f7af-1b65-2aa3-f1dffa7b6e3c,No resource,2026-01-14,2026-01-14,2026-04-17,2025 - Payments to Medical Practitioners,Paiements aux médecins,No resources covered,Aucune ressource couverte,Government of New Brunswick , Gouvernement du Nouveau-Brunswick
"Sep 1, 2026",1.0,fa8e76e5-9cad-4262-bbf0-a2a038666ce2,5d10c447-3993-42e2-8591-15e79e079acc,2018-06-27,2023-01-17,2023-01-17,"Land use, Census of Agriculture, 2011 and 2016, inactive","Utilisation des terres, Recensement de l’agriculture, 2011 et 2016, inactif",Dataset,Ensembles de données,Statistics Canada , Statistique Canada
"Sep 1, 2026",1.0,faef7b10-6357-8918-ad93-26d64ad82c83,No resource,2022-04-14,2022-04-14,2025-12-10,Crown Land,Terre de la Couronne,No resources covered,Aucune ressource couverte,Government of Nova Scotia , Gouvernment de la Nouvelle-Écosse
"Sep 1, 2026",1.0,fb1c834b-5a59-44f4-8ed9-6585e826f88d,No resource,2024-05-29,2024-05-29,2026-05-27,BC Parks Data API Access,Accès à l'API de données de BC Parks,No resources covered,Aucune ressource couverte,Government of British Columbia , Gouvernment de la Colombie-Britannique
"Sep 1, 2026",1.0,fb1c834b-5a59-44f4-8ed9-6585e826f88d,ad343eb2-1074-41e0-b272-68f4fc443831,2024-05-29,2026-05-27,2026-05-27,BC Parks Data API Access,Accès à l'API de données de BC Parks,BC Parks API: REST,API BC Parks : REST,Government of British Columbia , Gouvernment de la Colombie-Britannique
"Sep 1, 2026",1.0,fb3a7c18-90af-453e-bc0a-a76ecc471862,d73489d0-6866-45bf-9c2b-42741d3f7be3,2021-01-27,2026-08-26,2026-08-26,Ontario public school contact information,Coordonnées des écoles publiques de l’Ontario,"Publicly Funded Schools, August 2026, English","Les écoles publiques, août 2026, français",Government of Ontario , Gouvernement de l'Ontario
"Sep 1, 2026",1.0,fc8be387-9f40-4d98-b012-fa774f89d034,No resource,2018-06-27,2018-06-27,2026-08-28,"Detailed household final consumption expenditure, Canada, quarterly","Dépenses de consommation finale des ménages détaillées, Canada, trimestriel",No resources covered,Aucune ressource couverte,Statistics Canada , Statistique Canada
"Sep 1, 2026",1.0,fcb465c4-04e7-4416-9bbe-052c02f6d1e2,92892ea3-b036-4510-913a-6e4594ac93e8,2022-05-24,2026-08-20,2026-08-20,"Non-resident visitors entering Canada, by country of residence, mode of transportation, arrival type and traveller type","Visiteurs non-résidents entrant au Canada selon le pays de résidence, le mode de transport, le type d’arrivée et le type de voyageur",Dataset,Ensembles de données,Statistics Canada , Statistique Canada
"Sep 1, 2026",3.0,fcb465c4-04e7-4416-9bbe-052c02f6d1e2,No resource,2022-05-24,2022-05-24,2026-08-20,"Non-resident visitors entering Canada, by country of residence, mode of transportation, arrival type and traveller type","Visiteurs non-résidents entrant au Canada selon le pays de résidence, le mode de transport, le type d’arrivée et le type de voyageur",No resources covered,Aucune ressource couverte,Statistics Canada , Statistique Canada
"Sep 1, 2026",7.0,fcbc0200-79ba-4fa4-94a6-00e32facea6b,369f6f34-148a-42ed-b581-8c164e941a89,2025-11-28,2025-11-28,2026-04-28,Government of Canada AI Register (Minimum Viable Product),Registre de l'IA du gouvernement du Canada (produit minimum viable),GC AI Register (MVP),Registre de l'IA du GC (PMV),Treasury Board of Canada Secretariat , Secrétariat du Conseil du Trésor du Canada
"Sep 1, 2026",1.0,fcbc0200-79ba-4fa4-94a6-00e32facea6b,No resource,2025-11-28,2025-11-28,2026-04-28,Government of Canada AI Register (Minimum Viable Product),Registre de l'IA du gouvernement du Canada (produit minimum viable),No resources covered,Aucune ressource couverte,Treasury Board of Canada Secretariat , Secrétariat du Conseil du Trésor du Canada
"Sep 1, 2026",1.0,fce26341-9172-4fb9-b896-eaa5ceaedf89,aeda67cb-2a2c-4a3b-bf22-0128ca798649,2018-06-27,2026-08-28,2026-08-28,"Wages, salaries and employers' social contributions","Salaires, traitements et cotisations sociales à la charge des employeurs",Dataset,Ensembles de données,Statistics Canada , Statistique Canada
"Sep 1, 2026",2.0,fcf3e4d7-054c-4165-ac34-b8809b2ae0cd,9235c776-ac8b-4257-bfac-d5e77e9e6ecd,2016-09-26,2025-11-07,2025-11-07,Major Transfer Payments by Province and Territory as per the Public Accounts of Canada,Principaux paiements de transfert par province et territoire selon les Comptes publics du Canada,2025 - Major Transfer Payments by Province and Territory,2025 - Principaux paiements de transfert par province et territoire,Public Services and Procurement Canada , Services publics et Approvisionnement Canada
"Sep 1, 2026",1.0,fd0cb5c2-a9f1-45d7-b4df-835a416411d5,No resource,2021-01-27,2021-01-27,2026-04-17,Locally developed courses,Cours élaborés à l’échelon local,No resources covered,Aucune ressource couverte,Government of Ontario , Gouvernement de l'Ontario
"Sep 1, 2026",1.0,fd8efb83-b73d-5442-ab60-7987c824f5fd,fd0629c5-053d-4f2c-90d2-4afb15871f77,2016-09-26,2017-01-26,2017-01-26,Canada - Heating Degree-Days,Canada - Degrés-jours de chauffage,Download French PDF through HTTP,Télécharger le fichier en format francais PDF via HTTP,Natural Resources Canada , Ressources naturelles Canada
"Sep 1, 2026",1.0,fe0e4579-f966-42d8-834a-0a893399f240,17083e9d-7cd4-4caf-929b-5c449ca53929,2018-06-27,2023-01-17,2023-01-17,"Greenhouse gas emissions, by sector","Émissions de gaz à effet de serre (équivalents de dioxyde de carbone), selon le secteur",Dataset,Ensembles de données,Statistics Canada , Statistique Canada
"Sep 1, 2026",1.0,fea923b4-2bee-4dec-932f-97e29e2c6df7,No resource,2021-01-27,2021-01-27,2021-01-27,Natural Disasters,Désastres naturels,No resources covered,Aucune ressource couverte,Health Canada , Santé Canada
"Sep 1, 2026",2.0,ff1d7bcf-6606-4c4f-8b91-3a07dab73d67,033a0a88-c762-4455-b08e-54c62fa939f5,2016-10-27,2016-10-27,2026-01-08,Federal Child Support Tables – Ontario,Tables fédérales de pensions alimentaires pour enfants - Ontario,Federal Child Support Tables – Ontario,Tables fédérales de pensions alimentaires pour enfants - Ontario,Department of Justice Canada , Ministère de la Justice Canada
"Sep 1, 2026",1.0,ff1d7bcf-6606-4c4f-8b91-3a07dab73d67,0e4da79b-8ef8-4ea3-bb4d-e14408fd6b81,2016-10-27,2018-08-24,2026-01-08,Federal Child Support Tables – Ontario,Tables fédérales de pensions alimentaires pour enfants - Ontario,2017 Federal Child Support Tables: 1 to 4 children,2017 Pensions alimentaires pour enfants: un à quatre enfant(s),Department of Justice Canada , Ministère de la Justice Canada
"Sep 1, 2026",1.0,ff1d7bcf-6606-4c4f-8b91-3a07dab73d67,75ff54b9-eb8a-4124-98c3-7b853a2c7087,2016-10-27,2026-01-08,2026-01-08,Federal Child Support Tables – Ontario,Tables fédérales de pensions alimentaires pour enfants - Ontario,2025 Simplified Federal Child Support Tables: 1 to 4 children,Tables fédérales de pensions alimentaires pour enfants de 2025 : un à quatre enfant(s),Department of Justice Canada , Ministère de la Justice Canada
"Sep 1, 2026",1.0,ff1d7bcf-6606-4c4f-8b91-3a07dab73d67,No resource,2016-10-27,2016-10-27,2026-07-15,Federal Child Support Tables – Ontario,Tables fédérales de pensions alimentaires pour enfants - Ontario,No resources covered,Aucune ressource couverte,Department of Justice Canada , Ministère de la Justice Canada
