Page_URL,Downloads,day
open.canada.ca/data/en/dataset/90fed587-1364-4f33-a9ee-208181dc0b97,75.0,"Sep 1, 2026"
open.canada.ca/data/en/dataset/90fed587-1364-4f33-a9ee-208181dc0b97/resource/4ee7a4e0-ffc3-47af-94e7-30929d1eeb67,49.0,"Sep 1, 2026"
open.canada.ca/data/en/dataset/3aba681a-7883-45cf-8f66-7117d4bb15b5,38.0,"Sep 1, 2026"
open.canada.ca/data/en/dataset/800106c1-0b08-401e-8be2-ac45d62e662e,38.0,"Sep 1, 2026"
open.canada.ca/openmap/en.html,34.0,"Sep 1, 2026"
open.canada.ca/data/en/dataset/80c00cdb-1358-415c-bb8b-0de7f12675b8,31.0,"Sep 1, 2026"
open.canada.ca/data/en/dataset/90fed587-1364-4f33-a9ee-208181dc0b97/resource/8c205edb-9a82-468e-9aa4-b82266cbaad6,31.0,"Sep 1, 2026"
open.canada.ca/data/en/dataset/a9c18c37-b7b9-48ce-ac1d-b40a65bafa9e,30.0,"Sep 1, 2026"
ouvert.canada.ca/data/fr/dataset/90fed587-1364-4f33-a9ee-208181dc0b97,29.0,"Sep 1, 2026"
open.canada.ca/data/en/dataset/dc343c43-a592-4a27-8ee7-c77df56afb34,29.0,"Sep 1, 2026"
open.canada.ca/data/en/dataset/6abd20d4-7a1c-4b38-baa2-9525d0bb2fd2,25.0,"Sep 1, 2026"
open.canada.ca/data/en/dataset/b27ec3ef-7338-4e76-a6fd-128339a92df5/resource/945045fa-2de0-47d4-aad2-144d69467824,22.0,"Sep 1, 2026"
open.canada.ca/data/en/dataset/f5c8a5a0-354d-455a-99ab-8276aa38032e/resource/e5dcaf48-87d6-4ce1-b17a-35607916b640,22.0,"Sep 1, 2026"
open.canada.ca/data/en/dataset/dfa4daf1-669e-4514-82cd-982f27707ed0/resource/f015e958-829b-44bb-b201-641584b818dd,21.0,"Sep 1, 2026"
open.canada.ca/data/en/dataset/dfa4daf1-669e-4514-82cd-982f27707ed0,17.0,"Sep 1, 2026"
open.canada.ca/data/en/dataset/f7e5498e-0ad8-4417-85c9-9b8aff9b9eda,17.0,"Sep 1, 2026"
open.canada.ca/data/en/dataset/b166b1c1-0313-4706-8cca-f464f6fc7086,16.0,"Sep 1, 2026"
open.canada.ca/data/en/dataset/21db33b2-4ab1-5399-8bf6-8eb803a15fc0,16.0,"Sep 1, 2026"
ouvert.canada.ca/data/fr/dataset/dfa4daf1-669e-4514-82cd-982f27707ed0,16.0,"Sep 1, 2026"
open.canada.ca/data/en/dataset/91ed76b4-a1a2-4f87-9c4c-59cd64f7a9de,16.0,"Sep 1, 2026"
open.canada.ca/data/en/dataset/c962bb2e-b896-5113-9e55-23130d4e07a4,15.0,"Sep 1, 2026"
open.canada.ca/data/en/dataset/d24ae2dd-8399-4b49-8441-3e0318aaf69a/resource/33806abe-0317-4338-a4f8-88091b0511d7,15.0,"Sep 1, 2026"
open.canada.ca/data/en/dataset/f7e5498e-0ad8-4417-85c9-9b8aff9b9eda/resource/5582034d-8f89-49d5-8597-483d628078a1,15.0,"Sep 1, 2026"
open.canada.ca/data/en/dataset/5577f7aa-7a96-4c59-bc01-47ad54203930,15.0,"Sep 1, 2026"
open.canada.ca/data/en/dataset/91ed76b4-a1a2-4f87-9c4c-59cd64f7a9de/resource/d0f6040e-671c-4301-a235-e9e7ba164604,14.0,"Sep 1, 2026"
open.canada.ca/data/en/dataset/c44fc192-fd12-5463-90a9-c5afd9688dbc,14.0,"Sep 1, 2026"
open.canada.ca/data/en/dataset/0032ce54-c5dd-4b66-99a0-320a7b5e99f2,13.0,"Sep 1, 2026"
open.canada.ca/data/en/dataset/957782bf-847c-4644-a757-e383c0057995,13.0,"Sep 1, 2026"
open.canada.ca/data/en/dataset/ceb1ab5a-7d7c-4491-a2f7-560c47c4e22f/resource/648f0b3b-8d21-4373-94b4-72847dbf79a1,13.0,"Sep 1, 2026"
open.canada.ca/data/en/dataset/360024f2-17e9-4558-bfc1-3616485d65b9,12.0,"Sep 1, 2026"
open.canada.ca/data/en/dataset/b27ec3ef-7338-4e76-a6fd-128339a92df5,12.0,"Sep 1, 2026"
open.canada.ca/data/en/dataset/e8a3fc19-6016-4c90-a5c0-eb35233d708e/resource/692bb00b-a3f5-4c12-bd06-810d1425c518,12.0,"Sep 1, 2026"
open.canada.ca/data/en/dataset/7f5b2c8f-f3e8-47b2-a5b6-0f736f3613eb,12.0,"Sep 1, 2026"
open.canada.ca/data/en/dataset/ea639e28-c0fc-48bf-b5dd-b8899bd43072,11.0,"Sep 1, 2026"
open.canada.ca/data/en/dataset/dfa4daf1-669e-4514-82cd-982f27707ed0/resource/a2f5faf4-07fe-4a3c-9bd3-62bbf11a426f,11.0,"Sep 1, 2026"
open.canada.ca/data/en/dataset/791de1ec-7fc8-48f1-a4e4-8bbaebc67080/resource/a709204d-5d3f-4f35-8414-a567b37ec872,10.0,"Sep 1, 2026"
open.canada.ca/data/en/dataset/ceb1ab5a-7d7c-4491-a2f7-560c47c4e22f,9.0,"Sep 1, 2026"
open.canada.ca/data/en/dataset/90115b00-f9b8-49e8-afa3-b4cff8facaee,9.0,"Sep 1, 2026"
open.canada.ca/data/en/dataset/f5c8a5a0-354d-455a-99ab-8276aa38032e,9.0,"Sep 1, 2026"
open.canada.ca/data/en/dataset/90115b00-f9b8-49e8-afa3-b4cff8facaee/resource/b505b9bc-d375-4525-af39-afdf25639acf,9.0,"Sep 1, 2026"
open.canada.ca/data/en/dataset/9b286b9a-ba51-5cdb-99e1-880563949493,9.0,"Sep 1, 2026"
open.canada.ca/data/en/dataset/6abd20d4-7a1c-4b38-baa2-9525d0bb2fd2/resource/5870de7c-86fe-4d05-8d73-cd412e12fdeb,8.0,"Sep 1, 2026"
ouvert.canada.ca/data/fr/dataset/dfa4daf1-669e-4514-82cd-982f27707ed0/resource/f015e958-829b-44bb-b201-641584b818dd,8.0,"Sep 1, 2026"
open.canada.ca/data/en/dataset/3829eee9-f898-4643-9ad8-f48575b8873d,8.0,"Sep 1, 2026"
open.canada.ca/data/en/dataset/791de1ec-7fc8-48f1-a4e4-8bbaebc67080,8.0,"Sep 1, 2026"
open.canada.ca/data/en/dataset/4fe645a1-ffcd-40c1-9385-2c771be956a4,8.0,"Sep 1, 2026"
open.canada.ca/data/en/dataset/f82f66f2-a22b-4511-bccf-e1d74db39ae5/resource/1e854188-18c4-4cbe-b4e0-88561955fe05,8.0,"Sep 1, 2026"
open.canada.ca/data/en/dataset/dfa4daf1-669e-4514-82cd-982f27707ed0/resource/5d87eeb6-5305-4a0e-bc1d-fdf96e691749,8.0,"Sep 1, 2026"
open.canada.ca/data/en/dataset/f7e5498e-0ad8-4417-85c9-9b8aff9b9eda/resource/d1c1f4f3-2d7f-4e02-9a79-7af98209c2f3,8.0,"Sep 1, 2026"
open.canada.ca/data/en/dataset/90fed587-1364-4f33-a9ee-208181dc0b97/resource/06512c1b-d4a7-413f-bc1e-fc38de9f9aca,7.0,"Sep 1, 2026"
open.canada.ca/data/en/dataset/8dd8d51e-d7ef-53a2-b146-a1c55b61d183,7.0,"Sep 1, 2026"
open.canada.ca/data/en/dataset/98e56d84-011b-484c-8cb4-23c8c3db6ba1/resource/436a3785-c8b8-4a20-b6a2-bcbe68f45bcf,7.0,"Sep 1, 2026"
open.canada.ca/data/en/dataset/3f4ca79b-fcae-5fd6-909a-da95eb454ca5,7.0,"Sep 1, 2026"
ouvert.canada.ca/data/dataset/afec174b-1e9a-46e7-b820-2f16580131ad,7.0,"Sep 1, 2026"
open.canada.ca/data/en/dataset/59af1c96-fc8f-4fa0-b398-d65e953eadaa,7.0,"Sep 1, 2026"
open.canada.ca/data/en/dataset/e8a3fc19-6016-4c90-a5c0-eb35233d708e,7.0,"Sep 1, 2026"
ouvert.canada.ca/data/fr/dataset/6567ac46-558e-4c95-ab93-e8326ddf8f90,7.0,"Sep 1, 2026"
open.canada.ca/data/en/dataset/ae3edc42-a3df-5c48-ad3b-81ea28bb95be,6.0,"Sep 1, 2026"
open.canada.ca/data/en/dataset/90fed587-1364-4f33-a9ee-208181dc0b97/resource/3b7a821b-becc-4d96-9e39-0c2849f90c50,6.0,"Sep 1, 2026"
open.canada.ca/data/en/dataset/49362e40-ae80-58cb-ab3b-ac3366549758,6.0,"Sep 1, 2026"
open.canada.ca/data/en/dataset/957782bf-847c-4644-a757-e383c0057995/resource/1a50a644-11de-4584-ba14-475b40af2680,6.0,"Sep 1, 2026"
open.canada.ca/data/en/dataset/ac597ff8-ee13-48c3-b315-42e528090af2/resource/f005d5b2-7a16-4022-af6e-1a0773cb07a1,6.0,"Sep 1, 2026"
open.canada.ca/data/en/dataset/1b6139bd-ed7e-4043-bc28-ff00e10f3109,6.0,"Sep 1, 2026"
open.canada.ca/data/en/dataset/616d950b-5372-531b-8610-19b8e95a6f34,6.0,"Sep 1, 2026"
ouvert.canada.ca/carteouverte/fr.html,6.0,"Sep 1, 2026"
open.canada.ca/data/en/dataset/9b34e712-513f-44e9-babf-9df4f7256550,6.0,"Sep 1, 2026"
open.canada.ca/data/en/dataset/ea93b288-1579-58e8-b7eb-b72e16370cea,6.0,"Sep 1, 2026"
open.canada.ca/data/en/dataset/8ec4a9df-b76b-4a67-8f93-cdbc2e040098/resource/a1de6faa-cb68-4f47-aa57-efd46bd8f82b,6.0,"Sep 1, 2026"
open.canada.ca/data/en/dataset/6abd20d4-7a1c-4b38-baa2-9525d0bb2fd2/resource/05b804dd-11ec-4271-8d69-d6044e1a5481,6.0,"Sep 1, 2026"
open.canada.ca/data/en/dataset/809e4442-983a-4943-a2a0-382ba39c227a/resource/fec3e36b-2353-4ab9-bf24-f0d1a828a77d,6.0,"Sep 1, 2026"
open.canada.ca/data/en/dataset/adad580f-76b0-4502-bd05-20c125de9116/resource/9da94d63-b178-4a64-aeb3-b6a3bd721ad2,6.0,"Sep 1, 2026"
open.canada.ca/data/en/dataset/b1126a07-fd85-4d56-8395-143aba1747a4,6.0,"Sep 1, 2026"
open.canada.ca/data/en/dataset/a883eb14-0c0e-45c4-b8c4-b54c4a819edb,6.0,"Sep 1, 2026"
open.canada.ca/data/en/dataset/ee1580ab-a23d-4f86-a09b-79763677eb47,6.0,"Sep 1, 2026"
open.canada.ca/data/en/dataset/4f344cd6-0912-411a-ae16-41ea160cc8b5,6.0,"Sep 1, 2026"
open.canada.ca/data/en/dataset/87ac98c2-3e3d-5c57-ac4d-6f90da6cc1cb,6.0,"Sep 1, 2026"
open.canada.ca/data/en/dataset/fcbc0200-79ba-4fa4-94a6-00e32facea6b/resource/369f6f34-148a-42ed-b581-8c164e941a89,6.0,"Sep 1, 2026"
open.canada.ca/data/en/dataset/f5f2db55-31e4-42fb-8c73-23e1c44de9b2/resource/b2071d6b-b15e-4069-a6b2-e43c78365def,5.0,"Sep 1, 2026"
open.canada.ca/data/en/dataset/b34089f5-9861-5c58-aaf7-f0475afa5418/resource/808de36e-2c06-427f-9c57-444472cf5e63,5.0,"Sep 1, 2026"
open.canada.ca/data/en/dataset/7f5b2c8f-f3e8-47b2-a5b6-0f736f3613eb/resource/3f3a9648-35ed-4275-8b16-225bc7b15dc7,5.0,"Sep 1, 2026"
open.canada.ca/data/en/dataset/2ce347e5-02fd-4487-975d-67a435efdf9b/resource/6c422e92-261d-4bfa-ac76-207c3ee959e6,5.0,"Sep 1, 2026"
open.canada.ca/data/en/dataset/f2d9985b-7195-4a12-8f6c-4efc9adca8d1/resource/b39fe6a2-f762-465a-b6ae-a095f0d81aef,5.0,"Sep 1, 2026"
open.canada.ca/data/en/dataset/dfa4daf1-669e-4514-82cd-982f27707ed0/resource/5efa3920-83f6-4108-bb51-db2456e7b37c,5.0,"Sep 1, 2026"
open.canada.ca/data/en/dataset/90fed587-1364-4f33-a9ee-208181dc0b97/resource/fbfda891-5327-4e01-927e-0e0dd580d304,5.0,"Sep 1, 2026"
open.canada.ca/data/en/dataset/ee11dfb4-94ce-5ec3-a7b2-b0067ca06364,5.0,"Sep 1, 2026"
open.canada.ca/data/en/dataset/4fe645a1-ffcd-40c1-9385-2c771be956a4/resource/c2b7c21c-f643-4ad7-a9eb-f8b8372b5d78,5.0,"Sep 1, 2026"
open.canada.ca/data/en/dataset/90fed587-1364-4f33-a9ee-208181dc0b97/resource/bd5dab03-02dc-4542-8e01-c04dca9a0337,5.0,"Sep 1, 2026"
open.canada.ca/data/en/dataset/a8b74fa8-bd54-5c23-a521-af7c893316e6,5.0,"Sep 1, 2026"
ouvert.canada.ca/data/fr/dataset/360024f2-17e9-4558-bfc1-3616485d65b9,5.0,"Sep 1, 2026"
open.canada.ca/data/en/dataset/5e5d2750-d129-4952-b9fc-f824c5e480b4,5.0,"Sep 1, 2026"
open.canada.ca/data/en/dataset/a883eb14-0c0e-45c4-b8c4-b54c4a819edb/resource/12c03de6-c3f7-4f5f-bb5c-d479f2332842,5.0,"Sep 1, 2026"
open.canada.ca/data/en/dataset/38ddc983-1bf0-4bee-ad18-07dac8cfe884,5.0,"Sep 1, 2026"
open.canada.ca/data/en/dataset/d22354e8-cb01-5262-aed5-1de48d1ffb0a/resource/748cedf8-b0bc-4424-9afc-94dc86571f7f,5.0,"Sep 1, 2026"
open.canada.ca/data/en/dataset/094c9b54-a1ca-4aad-935e-2541e5a23b3f/resource/96afd472-924d-4af2-971c-bb7aade8989e,5.0,"Sep 1, 2026"
open.canada.ca/data/en/dataset/c7413d9f-112e-4a26-bbd1-ae2711856629/resource/7e5679e0-bd93-4fe2-871f-86a7bc2479b5,5.0,"Sep 1, 2026"
open.canada.ca/data/en/dataset/adad580f-76b0-4502-bd05-20c125de9116,4.0,"Sep 1, 2026"
open.canada.ca/data/en/dataset/c4c5c7f1-bfa6-4ff6-b4a0-c164cb2060f7/resource/3c911562-c541-463f-8cd4-490182cd57f9,4.0,"Sep 1, 2026"
open.canada.ca/data/en/dataset/2916fad5-ebcc-4c86-b0f3-4f619b29f412/resource/15eeafa2-c331-44e7-b37f-d0d54a51d2eb,4.0,"Sep 1, 2026"
open.canada.ca/data/en/dataset/ee1580ab-a23d-4f86-a09b-79763677eb47/resource/baddbc7e-4381-4af1-935f-454b53c32483,4.0,"Sep 1, 2026"
open.canada.ca/data/en/dataset/957782bf-847c-4644-a757-e383c0057995/resource/e47dfedf-4d65-4526-aa23-87e40d8583ae,4.0,"Sep 1, 2026"
open.canada.ca/data/en/dataset/f6bad1d5-d1dc-4fdd-a076-650f55cc3fbc/resource/ec4524be-24de-44f6-8184-3cc96f381706,4.0,"Sep 1, 2026"
open.canada.ca/data/en/dataset/1c3d15f9-9cfa-4010-8462-0d67e493d9b9/resource/c701e05e-4554-4c96-b7c9-0ec4a845fe91,4.0,"Sep 1, 2026"
open.canada.ca/data/en/dataset/3e8a4d9f-9a12-4498-9a0b-a5c81d3281b4,4.0,"Sep 1, 2026"
open.canada.ca/data/en/dataset/46db053b-6f9a-5fdd-bafe-a0ce81f2f709,4.0,"Sep 1, 2026"
open.canada.ca/data/en/dataset/ee1580ab-a23d-4f86-a09b-79763677eb47/resource/f1ba2faa-ff10-4526-815a-c57b99eef1bb,4.0,"Sep 1, 2026"
open.canada.ca/data/en/dataset/90fed587-1364-4f33-a9ee-208181dc0b97/resource/f995383c-800e-46dd-92fa-a06ec7a9a706,4.0,"Sep 1, 2026"
open.canada.ca/data/en/dataset/0888ca4a-49d6-4175-8f1b-099d3aaf8f81/resource/f1ea5751-dea7-48b3-a598-c21bf2d81c5d,4.0,"Sep 1, 2026"
open.canada.ca/data/en/dataset/ededff77-a021-48d6-89a5-cdbcd75fb4ff/resource/1e46d2e5-ebc6-474f-ac0d-235890b4ba6a,4.0,"Sep 1, 2026"
open.canada.ca/data/en/dataset/6abd20d4-7a1c-4b38-baa2-9525d0bb2fd2/resource/fa0e6965-4339-4694-9f91-7b84e7216c72,4.0,"Sep 1, 2026"
open.canada.ca/data/en/dataset/97a2a33c-54cc-4f2e-82c1-047ad8212f05,4.0,"Sep 1, 2026"
open.canada.ca/data/en/dataset/b0488a2e-e784-4b2d-aa88-3a4829b1d708/resource/062e1ac9-62a6-40fb-90e6-2ab684a90295,4.0,"Sep 1, 2026"
ouvert.canada.ca/data/fr/dataset/dfa4daf1-669e-4514-82cd-982f27707ed0/resource/a2f5faf4-07fe-4a3c-9bd3-62bbf11a426f,4.0,"Sep 1, 2026"
open.canada.ca/data/en/dataset/18752265-bda3-498c-a4ba-9dfe68cb98da,4.0,"Sep 1, 2026"
open.canada.ca/data/en/dataset/ac988c2a-ce33-4e8e-bf64-2c052c50892f/resource/caabbfe6-468a-45a7-aa5f-e98d8e6ce711,4.0,"Sep 1, 2026"
open.canada.ca/data/en/dataset/5c0099e0-7081-404e-a95f-b0541de06630,4.0,"Sep 1, 2026"
open.canada.ca/data/en/dataset/71bfc122-cd4c-4526-92e7-b5bd8572c3ab/resource/55d9bcf8-7964-42c4-ad82-8b3205dbae53,4.0,"Sep 1, 2026"
open.canada.ca/data/en/dataset/ee1580ab-a23d-4f86-a09b-79763677eb47/resource/642b0aaa-0eb9-4b11-a5eb-224c08860fb3,4.0,"Sep 1, 2026"
open.canada.ca/data/en/dataset/262451e7-6416-47b5-8453-f31d212ea657,4.0,"Sep 1, 2026"
open.canada.ca/data/en/dataset/7f245e4d-76c2-4caa-951a-45d1d2051333,4.0,"Sep 1, 2026"
open.canada.ca/data/en/dataset/d90eaf1b-2de8-43f0-923a-27a620ecdf41,4.0,"Sep 1, 2026"
open.canada.ca/data/en/dataset/94fc74d6-9b9a-4c2e-9c6c-45a5092453aa,4.0,"Sep 1, 2026"
open.canada.ca/data/en/dataset/742b4dcb-b834-46c9-93b7-6878bb0ae295/resource/a56fc93a-c40c-458f-8e30-f4156cb6fc33,4.0,"Sep 1, 2026"
open.canada.ca/data/en/dataset/8c065075-952e-41e0-8c66-d1d8443b3a61/resource/55077ccf-275a-4f1c-843c-2bdbea583988,4.0,"Sep 1, 2026"
open.canada.ca/data/en/dataset/98f1a129-f628-4ce4-b24d-6f16bf24dd64/resource/026e45b4-eb63-451f-b34f-d9308ea3a3d9,4.0,"Sep 1, 2026"
open.canada.ca/data/en/dataset/4cedd37e-0023-41fe-8eff-bea45385e469,4.0,"Sep 1, 2026"
open.canada.ca/data/en/dataset/40e01423-7728-429c-ac9d-2954385ccdfb/resource/7cd6f2c4-8db5-4b96-9d3a-b3c5bec44ca1,4.0,"Sep 1, 2026"
open.canada.ca/data/en/dataset/4bb5747f-cd21-488b-b1e5-139db0f4c2cb/resource/48d313c6-029c-40eb-ad10-02db10a528ca,4.0,"Sep 1, 2026"
open.canada.ca/data/en/dataset/66e95b48-3ac3-414f-ae54-2c4e21105dda,4.0,"Sep 1, 2026"
ouvert.canada.ca/data/fr/dataset/360024f2-17e9-4558-bfc1-3616485d65b9/resource/a7dcbff4-00b2-4051-9c82-e2058af32b64,4.0,"Sep 1, 2026"
open.canada.ca/data/en/dataset/c458957d-7ef1-5379-9c55-bef184096d26,4.0,"Sep 1, 2026"
open.canada.ca/data/en/dataset/1a16248f-027c-44eb-bdb9-9390ffceb28c,4.0,"Sep 1, 2026"
open.canada.ca/data/en/dataset/05b3abd0-e70f-4b3b-a9c5-acc436bd15b6,4.0,"Sep 1, 2026"
open.canada.ca/data/en/dataset/56bfc1c1-59a1-4ef4-b73f-203332a481c2,4.0,"Sep 1, 2026"
open.canada.ca/data/en/dataset/f7d4c308-83e0-4e07-8f55-64a005c146cc/resource/5578c8c5-65f0-418a-8ece-773c7128137f,4.0,"Sep 1, 2026"
open.canada.ca/data/en/dataset/b2acb3be-c720-4329-a8c0-d4d36c8db61e,4.0,"Sep 1, 2026"
open.canada.ca/data/en/dataset/4dab5b98-b97b-7ba7-9c23-b3eaf8e8d762,4.0,"Sep 1, 2026"
open.canada.ca/data/en/dataset/a0bd9999-600e-48ad-a186-310dfe135b28/resource/371681b4-1835-4e1e-8dd4-11c97d465835,4.0,"Sep 1, 2026"
open.canada.ca/data/en/dataset/a35cf382-690c-4221-a971-cf0fd189a46f/resource/f942e312-df08-4f05-8fba-8b37b2a688db,4.0,"Sep 1, 2026"
ouvert.canada.ca/data/fr/dataset/061c8cb7-ca4e-45be-a990-61fce7e7d2dc,4.0,"Sep 1, 2026"
open.canada.ca/data/en/dataset/ea8f2c37-90b6-4fee-857e-984d3060184e,4.0,"Sep 1, 2026"
open.canada.ca/data/en/dataset/870458a0-c1a6-5ccb-aca6-4b6874b19dd7,4.0,"Sep 1, 2026"
open.canada.ca/data/en/dataset/d8f85d91-7dec-4fd1-8055-483b77225d8b,4.0,"Sep 1, 2026"
open.canada.ca/data/en/dataset/b1cbfd48-2e6d-491d-b0d5-61b69f332453,3.0,"Sep 1, 2026"
open.canada.ca/data/en/dataset/4eee1558-45b7-4484-9336-e692897d393f/resource/5d329365-852c-4f5a-a3af-2d597fa3e0a4,3.0,"Sep 1, 2026"
open.canada.ca/data/en/dataset/ea8f2c37-90b6-4fee-857e-984d3060184e/resource/5c8ab22c-4a5e-494b-879a-e0611bc10a95,3.0,"Sep 1, 2026"
open.canada.ca/data/en/dataset/90fed587-1364-4f33-a9ee-208181dc0b97/resource/aed9328a-1b42-48bd-a096-75ef06eba025,3.0,"Sep 1, 2026"
open.canada.ca/data/en/dataset/3e4efd44-7a00-46d1-9c7c-171028a01066/resource/8c13971e-1175-4e52-80f2-e41de48e9cf7,3.0,"Sep 1, 2026"
open.canada.ca/data/en/dataset/dc343c43-a592-4a27-8ee7-c77df56afb34/resource/a3877960-65f2-47d0-9886-688ba1cabddc,3.0,"Sep 1, 2026"
open.canada.ca/data/en/dataset/4188dacc-07c5-f72c-cfb1-cd505fcd4eb4/resource/36f1efde-12a5-4980-bc53-3e1e4db4cfe8,3.0,"Sep 1, 2026"
open.canada.ca/data/en/dataset/80c00cdb-1358-415c-bb8b-0de7f12675b8/resource/f4eb196a-d0c1-45b0-bc48-e9b48c06cbce,3.0,"Sep 1, 2026"
ouvert.canada.ca/data/fr/dataset/4f1c44a6-1ecf-4da7-a1da-058b1ff9ce06/resource/9bfd4aed-acb6-45b3-842c-1f96fd679ba7,3.0,"Sep 1, 2026"
open.canada.ca/data/en/dataset/1c3d15f9-9cfa-4010-8462-0d67e493d9b9,3.0,"Sep 1, 2026"
open.canada.ca/data/en/dataset/c1b0f627-8c29-427c-ab73-33968ad9176e/resource/f4c9d4f1-e552-482d-8259-181dad6a3c3f,3.0,"Sep 1, 2026"
open.canada.ca/data/en/dataset/71bfc122-cd4c-4526-92e7-b5bd8572c3ab,3.0,"Sep 1, 2026"
open.canada.ca/data/en/dataset/2b44d212-5438-47a9-ad23-20eb8ada9709/resource/90baa17e-b801-44f2-a59a-c3b99a50b69f,3.0,"Sep 1, 2026"
ouvert.canada.ca/data/fr/dataset/ac988c2a-ce33-4e8e-bf64-2c052c50892f/resource/10aa6e6c-0bdb-4be6-9aef-1c66c1e5238f,3.0,"Sep 1, 2026"
open.canada.ca/data/en/dataset/06d31e10-a2a8-4d53-9ff3-567714a0a9f3,3.0,"Sep 1, 2026"
open.canada.ca/data/en/dataset/d9391250-c2fa-47ed-9216-aa38eb449aaf/resource/a823d651-0d66-4711-9828-e5060c15043e,3.0,"Sep 1, 2026"
open.canada.ca/data/en/dataset/e8745429-21e7-4a73-b3f5-90a779b78d1e/resource/52536f3d-7664-4bf5-86c0-88f03764915d,3.0,"Sep 1, 2026"
open.canada.ca/data/en/dataset/f7e5498e-0ad8-4417-85c9-9b8aff9b9eda/resource/0f1e6cce-a2e3-4ded-92ca-47d3c7e55128,3.0,"Sep 1, 2026"
open.canada.ca/data/en/dataset/a851ce30-e216-4d7d-a29c-05631eef140e/resource/c67a1005-41cb-459d-bcf1-579a89b0e715,3.0,"Sep 1, 2026"
ouvert.canada.ca/data/fr/dataset/42505498-ce5a-4b87-8505-6a606ddf4229/resource/bcbe4537-dc0b-42ae-a26f-3e02ec5df3a9,3.0,"Sep 1, 2026"
open.canada.ca/data/en/dataset/7ecfee4c-b6f5-45f8-9fd4-16976f55f8d9,3.0,"Sep 1, 2026"
open.canada.ca/data/en/dataset/4d44d14e-e2e3-41c4-b3d0-56b49f5eb0a4/resource/a82240cc-397f-4891-80c2-6b1bb6fe2943,3.0,"Sep 1, 2026"
open.canada.ca/data/en/dataset/873cfcb0-1c9b-4a48-a366-076697069bb9,3.0,"Sep 1, 2026"
open.canada.ca/data/en/dataset/c4c5c7f1-bfa6-4ff6-b4a0-c164cb2060f7/resource/b8931c16-0710-4c31-bbda-f60841e98cb4,3.0,"Sep 1, 2026"
open.canada.ca/data/en/dataset/0032ce54-c5dd-4b66-99a0-320a7b5e99f2/resource/7b6dd154-aa04-46ce-8880-ce4a5fa0a680,3.0,"Sep 1, 2026"
open.canada.ca/data/en/dataset/687a0e14-f660-4b50-b82e-baed3f3ab6f5,3.0,"Sep 1, 2026"
open.canada.ca/data/en/dataset/c1d860a2-e451-4df9-86d0-70c8699600e0,3.0,"Sep 1, 2026"
open.canada.ca/data/en/dataset/2061075a-55fe-47a5-be2f-984f12fc0d40/resource/1392b2aa-4877-4b95-913c-f2c6a7a89005,3.0,"Sep 1, 2026"
ouvert.canada.ca/data/fr/dataset/b1c2dffa-c2ba-4d0e-b803-a483eef0f579,3.0,"Sep 1, 2026"
open.canada.ca/data/en/dataset/8c387c19-9411-c58c-89d3-9e222ea3f50a,3.0,"Sep 1, 2026"
open.canada.ca/data/en/dataset/dfa4daf1-669e-4514-82cd-982f27707ed0/resource/a5fec3bd-e1e4-4a98-bf0d-1b0e8735ec7a,3.0,"Sep 1, 2026"
open.canada.ca/data/en/dataset/96e248e8-f422-5d69-a085-cce12b04e11a,3.0,"Sep 1, 2026"
open.canada.ca/data/en/dataset/dfa4daf1-669e-4514-82cd-982f27707ed0/resource/0a7918f0-6e8a-433b-9ea2-60e2b8674cb5,3.0,"Sep 1, 2026"
open.canada.ca/data/en/dataset/094c9b54-a1ca-4aad-935e-2541e5a23b3f,3.0,"Sep 1, 2026"
open.canada.ca/data/en/dataset/e3b07471-8cc7-431d-b7e3-eb20aae80413/resource/63b96ab2-11db-4969-8f54-23831b26d137,3.0,"Sep 1, 2026"
open.canada.ca/data/en/dataset/58e12a69-acec-454c-ac04-d006ff3c8c93,3.0,"Sep 1, 2026"
ouvert.canada.ca/data/dataset/1570cc15-4376-4d32-bdc3-73c0e7b7b059/resource/1be2171d-4649-4f9a-afbf-061c156dbbc7,3.0,"Sep 1, 2026"
open.canada.ca/data/en/dataset/c7413d9f-112e-4a26-bbd1-ae2711856629,3.0,"Sep 1, 2026"
open.canada.ca/data/en/dataset/45a18ab6-9e72-40ba-afcf-833ca25c3495,3.0,"Sep 1, 2026"
open.canada.ca/data/en/dataset/dfa4daf1-669e-4514-82cd-982f27707ed0/resource/bdc68e9a-9e15-40eb-b1f2-05afc48a828a,3.0,"Sep 1, 2026"
open.canada.ca/data/en/dataset/360024f2-17e9-4558-bfc1-3616485d65b9/resource/d5779439-e0fb-4e6f-82d0-c6070f654bec,3.0,"Sep 1, 2026"
open.canada.ca/data/en/dataset/80c00cdb-1358-415c-bb8b-0de7f12675b8/resource/b5c8bd25-fd2d-4aec-a220-a233f88157aa,3.0,"Sep 1, 2026"
open.canada.ca/data/en/dataset/593e9165-c6ce-4f9b-b519-03d315f92cd4/resource/a7ee3178-378a-4b75-b542-027ce8ab428e,3.0,"Sep 1, 2026"
open.canada.ca/data/en/dataset/80c00cdb-1358-415c-bb8b-0de7f12675b8/resource/e9f81074-9fc7-456f-8ce1-6fd101b77963,3.0,"Sep 1, 2026"
open.canada.ca/data/en/dataset/b0488a2e-e784-4b2d-aa88-3a4829b1d708,3.0,"Sep 1, 2026"
open.canada.ca/data/dataset/90fed587-1364-4f33-a9ee-208181dc0b97/resource/4ee7a4e0-ffc3-47af-94e7-30929d1eeb67,3.0,"Sep 1, 2026"
ouvert.canada.ca/data/fr/dataset/f7e5498e-0ad8-4417-85c9-9b8aff9b9eda,3.0,"Sep 1, 2026"
open.canada.ca/data/en/dataset/588eab5b-7b16-4a26-b996-23b955965ffa,3.0,"Sep 1, 2026"
open.canada.ca/data/en/dataset/ea639e28-c0fc-48bf-b5dd-b8899bd43072/resource/6f422ded-5d9b-4ce6-b471-92fe46d1c734,3.0,"Sep 1, 2026"
open.canada.ca/data/en/dataset/eaee474c-4b7f-4940-8d48-59123d0da436/resource/f62d59ef-e519-4b1f-bf71-d25e23ee0928,3.0,"Sep 1, 2026"
open.canada.ca/data/en/dataset/dd17d211-5038-479a-8f23-dafcb26c829b/resource/511e02da-bbd2-4cab-8804-5d52cabd27d8,3.0,"Sep 1, 2026"
open.canada.ca/data/en/dataset/b6cbcf4d-f763-4924-a2fb-8cc4a06e3de4/resource/450f7e37-73e6-4ec4-a5dc-7cc28411f828,3.0,"Sep 1, 2026"
ouvert.canada.ca/data/fr/dataset/52e4b14b-597a-4ecf-a184-23a6e69b0d57,3.0,"Sep 1, 2026"
open.canada.ca/data/en/dataset/b27ec3ef-7338-4e76-a6fd-128339a92df5/resource/2282e8c7-f949-454d-9c34-b6a78d94b162,3.0,"Sep 1, 2026"
open.canada.ca/data/en/dataset/e8745429-21e7-4a73-b3f5-90a779b78d1e/resource/95e98c54-a7f5-4bdc-92b0-8e006afc3577,3.0,"Sep 1, 2026"
open.canada.ca/data/en/dataset/98e56d84-011b-484c-8cb4-23c8c3db6ba1,3.0,"Sep 1, 2026"
open.canada.ca/data/en/dataset/2c75c627-3eb6-41ee-bb54-7b089eade484,3.0,"Sep 1, 2026"
open.canada.ca/data/en/dataset/fcb465c4-04e7-4416-9bbe-052c02f6d1e2,3.0,"Sep 1, 2026"
open.canada.ca/data/en/dataset/71bfc122-cd4c-4526-92e7-b5bd8572c3ab/resource/6f961cfb-bea6-428d-915a-9815311ff932,3.0,"Sep 1, 2026"
open.canada.ca/data/en/dataset/f0f63701-d4bd-416b-8ed2-7a09f74abc6e,3.0,"Sep 1, 2026"
open.canada.ca/data/en/dataset/296de17c-001c-4435-8f9a-f5acab632e85,3.0,"Sep 1, 2026"
open.canada.ca/data/en/info/7c22bd44-d7ed-4d1f-b3bd-9df75e1f6c4e/resource/f7b27c50-f391-43b8-a585-7946cdb81c16,3.0,"Sep 1, 2026"
open.canada.ca/data/en/dataset/3542f7c1-fe9b-4203-aa01-8c859a871bd3/resource/9b272f1d-b6d1-411f-a97b-926d9b88007b,3.0,"Sep 1, 2026"
open.canada.ca/data/en/dataset/f2303645-5952-4766-bd5c-3b9b50dda1ca,3.0,"Sep 1, 2026"
open.canada.ca/data/en/dataset/d2d6057f-d7c4-45d9-9fd9-0a58370577e0,3.0,"Sep 1, 2026"
open.canada.ca/data/en/dataset/e80851b8-de68-43bd-a85c-c72e1b3a3890/resource/c74ec689-f642-4ea5-ae7d-3e6deeae504f,3.0,"Sep 1, 2026"
open.canada.ca/data/en/dataset/c3c9f361-c7d3-4c87-8be0-64c2b62521ee/resource/56f10b18-2aeb-4734-b0ad-8450bdf25d08,2.0,"Sep 1, 2026"
open.canada.ca/data/en/dataset/d90eaf1b-2de8-43f0-923a-27a620ecdf41/resource/7a5f5134-cf4e-4831-9890-21b3c269ab75,2.0,"Sep 1, 2026"
open.canada.ca/data/en/dataset/4fe645a1-ffcd-40c1-9385-2c771be956a4/resource/b515f3ce-59a9-4ff8-91be-74799da7126c,2.0,"Sep 1, 2026"
open.canada.ca/data/en/dataset/7dffedc4-23fa-440c-a36d-adf5a6cc09f1,2.0,"Sep 1, 2026"
ouvert.canada.ca/data/fr/dataset/957782bf-847c-4644-a757-e383c0057995/resource/d3b28333-676f-407f-88d4-14f49f667400,2.0,"Sep 1, 2026"
open.canada.ca/data/en/dataset/4c6c515f-7c44-4bb6-ab56-c5f79f75f705,2.0,"Sep 1, 2026"
open.canada.ca/data/en/dataset/7227639f-78cd-5271-a7b4-fbe14eaeb519/resource/25ec8b53-e6c2-456c-93f9-f8f525c0785e,2.0,"Sep 1, 2026"
open.canada.ca/data/en/dataset/c48669a3-045b-400d-b730-48aafe8c5ee6/resource/0b7be44d-4a33-3372-87b5-d823e01b6fc1,2.0,"Sep 1, 2026"
open.canada.ca/data/en/dataset/4bb5747f-cd21-488b-b1e5-139db0f4c2cb,2.0,"Sep 1, 2026"
open.canada.ca/data/en/dataset/e641f7cc-c9bd-46a0-a039-c0a87848ab7a/resource/c70df39f-8c63-4859-a697-735465d11517,2.0,"Sep 1, 2026"
open.canada.ca/data/en/dataset/a1acb126-9ce8-40a9-b889-5da2b1dd20cb,2.0,"Sep 1, 2026"
open.canada.ca/data/en/dataset/2909a648-5753-4924-878a-b069392d9cde/resource/75e39f3f-d5c1-4f02-8919-5c9daf79fadc,2.0,"Sep 1, 2026"
open.canada.ca/data/en/dataset/2ce347e5-02fd-4487-975d-67a435efdf9b,2.0,"Sep 1, 2026"
ouvert.canada.ca/data/fr/dataset/360024f2-17e9-4558-bfc1-3616485d65b9/resource/d88dd42b-a25d-436e-bc0b-79096248bc4e,2.0,"Sep 1, 2026"
open.canada.ca/data/en/dataset/80c00cdb-1358-415c-bb8b-0de7f12675b8/resource/e3567bb5-5d98-44d0-b0e8-9cdd3732c9e4,2.0,"Sep 1, 2026"
open.canada.ca/data/en/dataset/0a1b4ff2-0a1d-41c0-ab1e-0d21e2d1a660,2.0,"Sep 1, 2026"
open.canada.ca/data/en/dataset/593e9165-c6ce-4f9b-b519-03d315f92cd4/resource/5d2d016b-0f82-47b4-812e-240fb91cd460,2.0,"Sep 1, 2026"
open.canada.ca/data/en/dataset/b61755fd-824b-469d-b75c-3448e31deb89,2.0,"Sep 1, 2026"
open.canada.ca/data/en/dataset/4aabd7c6-9bc5-1b99-1fc9-6c1be83e7909,2.0,"Sep 1, 2026"
ouvert.canada.ca/data/fr/dataset/b823cadc-0402-4392-a0f4-9128f8f7f58b/resource/3004c4a6-0533-470a-89f0-e94165d2a864,2.0,"Sep 1, 2026"
ouvert.canada.ca/data/fr/dataset/2462d66b-c622-4fbb-bb1d-d9f1ad6f87e5,2.0,"Sep 1, 2026"
open.canada.ca/data/en/dataset/74861f0c-1189-42aa-b7d3-aa18d82392a3,2.0,"Sep 1, 2026"
open.canada.ca/data/en/dataset/0fe65119-e96e-4a57-8bfe-9d9245fba06b,2.0,"Sep 1, 2026"
open.canada.ca/data/en/dataset/0c74053e-e29b-49b5-8337-ea1dc4e53929,2.0,"Sep 1, 2026"
open.canada.ca/data/en/dataset/beee0771-dab9-4be8-9b80-f8e8b3fdfd9d/resource/58de6f86-6b29-4e55-8bad-4ce96a0ef055,2.0,"Sep 1, 2026"
open.canada.ca/data/en/dataset/49f25051-3946-426e-a589-b7063f75bbd5/resource/8aff45d5-d9aa-3355-8ec3-96db3d138115,2.0,"Sep 1, 2026"
open.canada.ca/data/en/dataset/23eb8b56-dac8-4efc-be7c-b8fa11ba62e9/resource/dbe6f90d-d50e-41dd-aa0a-fd287992f23d,2.0,"Sep 1, 2026"
open.canada.ca/data/en/dataset/59af1c96-fc8f-4fa0-b398-d65e953eadaa/resource/9dfb6b84-2579-4e39-b30a-8c6ce1b8eb5a,2.0,"Sep 1, 2026"
open.canada.ca/data/en/dataset/36f33d8b-8527-48c5-adff-343639ec4b50,2.0,"Sep 1, 2026"
open.canada.ca/data/en/dataset/105adfc4-6dd8-45c7-b947-8e94fe8d65df,2.0,"Sep 1, 2026"
open.canada.ca/data/en/dataset/f82f66f2-a22b-4511-bccf-e1d74db39ae5/resource/3d2b9b57-0b6a-47d3-b38c-ef0c25e1b4e6,2.0,"Sep 1, 2026"
open.canada.ca/data/en/dataset/257d9576-1d54-43bd-aee8-294c955c956d,2.0,"Sep 1, 2026"
open.canada.ca/data/en/dataset/e193fec3-7021-4832-bbfd-8231aa48049b,2.0,"Sep 1, 2026"
open.canada.ca/data/en/dataset/976bb4f8-2b63-4150-910c-1f8e094cc83a/resource/8620a7fd-2891-43b3-bd8d-2b5324702cfc,2.0,"Sep 1, 2026"
open.canada.ca/data/en/dataset/d3903bcf-8893-11e0-8347-6cf049291510,2.0,"Sep 1, 2026"
open.canada.ca/data/en/dataset/d38de914-c94c-429b-8ab1-8776c31643e3,2.0,"Sep 1, 2026"
open.canada.ca/data/en/dataset/80c00cdb-1358-415c-bb8b-0de7f12675b8/resource/d3c4db23-284f-49d7-9c86-6d8532f417bd,2.0,"Sep 1, 2026"
open.canada.ca/data/en/dataset/59af1c96-fc8f-4fa0-b398-d65e953eadaa/resource/02f304e8-a6b1-4950-b0b5-f9facd1e3de7,2.0,"Sep 1, 2026"
ouvert.canada.ca/data/fr/dataset/cb3fa1f0-8893-11e0-8e20-6cf049291510/resource/7b70971c-d6d3-4825-a679-1bae1db4cc66,2.0,"Sep 1, 2026"
open.canada.ca/data/en/dataset/384d551b-dee1-4df8-8148-b3fcf865096a/resource/b36943ee-ced6-41b3-91dd-fae76614d857,2.0,"Sep 1, 2026"
open.canada.ca/data/en/dataset/59af1c96-fc8f-4fa0-b398-d65e953eadaa/resource/3053b788-e491-4a2a-9892-a4bc63e5c932,2.0,"Sep 1, 2026"
open.canada.ca/data/en/dataset/3542f7c1-fe9b-4203-aa01-8c859a871bd3,2.0,"Sep 1, 2026"
open.canada.ca/data/en/dataset/60f22648-c173-446f-aa8a-4929d75d63e3,2.0,"Sep 1, 2026"
open.canada.ca/data/en/dataset/80c00cdb-1358-415c-bb8b-0de7f12675b8/resource/8195b2cb-ce2d-4cd2-b829-6d07f4959f49,2.0,"Sep 1, 2026"
open.canada.ca/data/en/dataset/73dbaaca-24b6-4c04-bd52-e7b7ab0c3d8f/resource/33d9ad31-c385-4267-952d-807005b7b480,2.0,"Sep 1, 2026"
open.canada.ca/data/en/dataset/0d699fee-803b-4983-9ffc-c15ea8fecdfc,2.0,"Sep 1, 2026"
open.canada.ca/data/en/dataset/18752265-bda3-498c-a4ba-9dfe68cb98da/resource/c52f40a5-54b8-4a14-8e3e-3def544b2acf,2.0,"Sep 1, 2026"
open.canada.ca/data/en/dataset/f82f66f2-a22b-4511-bccf-e1d74db39ae5/resource/6022699b-5213-4933-a58d-6bdc7cce78c3,2.0,"Sep 1, 2026"
open.canada.ca/data/en/dataset/ef546c83-43a8-4404-943e-ab324164eeb3,2.0,"Sep 1, 2026"
open.canada.ca/data/en/dataset/957782bf-847c-4644-a757-e383c0057995/resource/1468aa2c-b71c-4930-addc-bd80e4554fd6,2.0,"Sep 1, 2026"
open.canada.ca/data/en/dataset/4fbf7bfd-d2c7-4a00-939a-f459d43570d8,2.0,"Sep 1, 2026"
open.canada.ca/data/en/dataset/ff1d7bcf-6606-4c4f-8b91-3a07dab73d67/resource/033a0a88-c762-4455-b08e-54c62fa939f5,2.0,"Sep 1, 2026"
ouvert.canada.ca/data/fr/dataset/976bb4f8-2b63-4150-910c-1f8e094cc83a/resource/d991bb6b-fb20-45d2-b626-3a711643f67e,2.0,"Sep 1, 2026"
open.canada.ca/data/en/dataset/c9b480e8-6620-41f2-9757-fe1840790d81,2.0,"Sep 1, 2026"
open.canada.ca/data/en/dataset/b9f51ef4-4605-4ef2-8231-62a2edda1b54,2.0,"Sep 1, 2026"
open.canada.ca/data/en/dataset/6609320b-ac9e-4737-8e9c-304e6e843c17/resource/6aadeaf0-a942-4989-aaa3-f75ef4e6b88a,2.0,"Sep 1, 2026"
open.canada.ca/data/en/dataset/3734623c-25c5-4e69-936d-26f764a2807f/resource/8b6d9ec4-7522-4f1d-9f99-c2a6a5e7d5e2,2.0,"Sep 1, 2026"
open.canada.ca/data/en/dataset/ea8f2c37-90b6-4fee-857e-984d3060184e/resource/8c741846-a4ab-47db-a1c1-07d835dbb2cf,2.0,"Sep 1, 2026"
open.canada.ca/data/en/dataset/b6567c5c-8339-4055-99fa-63f92114d9e4/resource/05e3ef75-6710-4e5b-bb36-506904265b74,2.0,"Sep 1, 2026"
open.canada.ca/data/en/dataset/90115b00-f9b8-49e8-afa3-b4cff8facaee/resource/3897ef92-a491-4bab-b9c0-eb94c8b173ad,2.0,"Sep 1, 2026"
open.canada.ca/data/en/dataset/432527ab-7aac-45b5-81d6-7597107a7013,2.0,"Sep 1, 2026"
open.canada.ca/data/en/dataset/ebe546aa-ac34-491c-a828-fdc87fb70610,2.0,"Sep 1, 2026"
ouvert.canada.ca/data/fr/dataset/b8c79d2f-3bd7-4f26-8102-be268be1582b/resource/af20fbaf-f494-428e-9b9a-e5fd0c6c1868,2.0,"Sep 1, 2026"
open.canada.ca/data/en/dataset/6a09c998-cddb-4a22-beff-4dca67ab892f/resource/43c67af5-e598-4a9b-a484-fe1cb5d775b5,2.0,"Sep 1, 2026"
open.canada.ca/data/en/dataset/42986a95-be23-436e-af15-7c6bf292a2e1/resource/167cec08-777a-4b29-a3a7-eda79f799bae,2.0,"Sep 1, 2026"
open.canada.ca/data/en/dataset/1a78a4bb-53e8-4c89-94fe-74b550100120/resource/b7ed90df-4ac3-4521-af10-fa7699c4a9bf,2.0,"Sep 1, 2026"
open.canada.ca/data/en/dataset/fcf3e4d7-054c-4165-ac34-b8809b2ae0cd/resource/9235c776-ac8b-4257-bfac-d5e77e9e6ecd,2.0,"Sep 1, 2026"
open.canada.ca/data/en/dataset/4cf233c2-f020-4f7a-9b87-1923252fbc24/resource/d3df76e9-c0e5-46c2-85ac-6da15f93f024,2.0,"Sep 1, 2026"
open.canada.ca/data/en/dataset/cb4b563d-23f7-4fe9-8dc1-eac45612a934/resource/69144cc2-e822-49d8-b4df-4cd1bd46b065,2.0,"Sep 1, 2026"
open.canada.ca/data/en/dataset/203bb08d-fdff-46f6-93ec-00e5d1d76a81/resource/6c9cfdc2-b3ea-4eb9-b564-fd28e7aba16b,2.0,"Sep 1, 2026"
open.canada.ca/data/en/dataset/dfa4daf1-669e-4514-82cd-982f27707ed0/resource/89b0fa2c-af49-4fb5-a74c-1cf2268fb521,2.0,"Sep 1, 2026"
open.canada.ca/data/en/dataset/c4c5c7f1-bfa6-4ff6-b4a0-c164cb2060f7,2.0,"Sep 1, 2026"
open.canada.ca/data/en/dataset/89d44ba6-7236-48ed-afab-f25a98c846ef/resource/455eff5d-0dac-47cf-9f7d-2d5a0702e47c,2.0,"Sep 1, 2026"
open.canada.ca/data/en/dataset/71bd9fb2-03db-4a3e-9d81-261d88bc79c6/resource/02d35a74-f891-4cad-8ca2-453a70c18f50,2.0,"Sep 1, 2026"
open.canada.ca/data/en/dataset/76defa14-473e-41e2-abfa-60021c4d934b/resource/a799d4c0-4f00-4624-a4dc-389f81ee381b,2.0,"Sep 1, 2026"
open.canada.ca/data/en/dataset/f6bad1d5-d1dc-4fdd-a076-650f55cc3fbc/resource/01257ba2-51b7-4066-be44-e77bb448efd1,2.0,"Sep 1, 2026"
open.canada.ca/data/en/dataset/7320b4ee-39d1-4bc2-a7fe-74259ec162d1/resource/69dba150-1258-49e0-b993-a7f3264dcb70,2.0,"Sep 1, 2026"
open.canada.ca/data/en/dataset/712e7355-91d7-7b4f-9d46-1e7b5561cd95/resource/9a3184bd-4618-4418-b7ad-65f68be9fe64,2.0,"Sep 1, 2026"
search.open.canada.ca/data/download/7dafa56d-709d-41b0-9571-1fd81469d21b,2.0,"Sep 1, 2026"
open.canada.ca/data/en/dataset/da63a546-bf94-40c8-a02a-8a9bb0457606/resource/f2961984-3f51-48bf-9af2-c8c8e0c19fca,2.0,"Sep 1, 2026"
open.canada.ca/data/en/dataset/f82f66f2-a22b-4511-bccf-e1d74db39ae5/resource/689dc7db-c1dd-438c-9fb7-8136eca335ae,2.0,"Sep 1, 2026"
open.canada.ca/data/dataset/e25aa5d6-8878-452b-8aa8-2e0f71b83e52,2.0,"Sep 1, 2026"
open.canada.ca/data/en/dataset/809e4442-983a-4943-a2a0-382ba39c227a,2.0,"Sep 1, 2026"
open.canada.ca/data/en/dataset/cde4c4fd-a0b2-4816-af43-13de7a3fd3e3/resource/b23fb1b6-f5e0-4a36-9113-2bab4a81a19a,2.0,"Sep 1, 2026"
open.canada.ca/data/en/dataset/29a55543-3e27-4d7a-8ce5-7b669305b2d8/resource/5df45f6a-c5ec-4199-9488-ba4e147bebe3,2.0,"Sep 1, 2026"
open.canada.ca/data/en/dataset/7c2c4f85-7305-4bf9-8268-54626fe2cb2b,2.0,"Sep 1, 2026"
open.canada.ca/data/en/dataset/cfda7ad3-5eef-46ad-9212-371ec5739865,2.0,"Sep 1, 2026"
open.canada.ca/data/en/dataset/f82f66f2-a22b-4511-bccf-e1d74db39ae5/resource/c3a55d04-bd4d-4b1f-8c6a-6f2c9fd4c62d,2.0,"Sep 1, 2026"
open.canada.ca/data/en/dataset/3d282116-e556-400c-9306-ca1a3cada77f,2.0,"Sep 1, 2026"
open.canada.ca/data/en/dataset/ef546c83-43a8-4404-943e-ab324164eeb3/resource/dfd9b872-c7ca-442f-806d-bb7044ae2daf,2.0,"Sep 1, 2026"
open.canada.ca/data/en/dataset/5e7acd31-b242-4f09-8a64-000af872d68f/resource/3f76612f-190b-48d6-8efb-8af7336533e1,2.0,"Sep 1, 2026"
open.canada.ca/data/en/dataset/b0e112e9-cf53-4e79-8838-23cd98debe5b,2.0,"Sep 1, 2026"
open.canada.ca/data/en/dataset/80c00cdb-1358-415c-bb8b-0de7f12675b8/resource/3eb35dcd-9b0c-4ae9-a45c-e5e481567c23,2.0,"Sep 1, 2026"
open.canada.ca/data/en/dataset/1366e1f1-e2c8-4905-89ae-e10f1be0a164/resource/0c5fc75a-c214-43c9-877b-9e732073a9b5,2.0,"Sep 1, 2026"
open.canada.ca/data/en/dataset/383eaf98-afd7-436a-9556-67ecf14f64a7/resource/b7873255-d4cc-4486-857c-0c3a3b593ca4,2.0,"Sep 1, 2026"
open.canada.ca/data/en/dataset/3e926919-a365-4a7d-b345-4822f8afa97e,2.0,"Sep 1, 2026"
open.canada.ca/data/en/dataset/402358f9-2808-44f7-99b3-58f6f5f95b1f/resource/d119a4e7-4db4-4463-9976-e1c76f56f569,2.0,"Sep 1, 2026"
open.canada.ca/data/en/dataset/4dab5b98-b97b-7ba7-9c23-b3eaf8e8d762/resource/810f1522-aed7-4caf-9750-b76c1c098ab1,2.0,"Sep 1, 2026"
open.canada.ca/data/dataset/1a09c5c1-3554-4b70-9e53-6322a72ec7d4/resource/c92a7841-643b-434c-a86a-0a7e8a9ed627,2.0,"Sep 1, 2026"
open.canada.ca/data/en/dataset/4e615eae-b90c-420b-adee-2ca35896caf6,2.0,"Sep 1, 2026"
ouvert.canada.ca/data/fr/dataset/f7e5498e-0ad8-4417-85c9-9b8aff9b9eda/resource/1b3c140b-8d3a-49a1-859e-da338bf907c6,2.0,"Sep 1, 2026"
open.canada.ca/data/en/dataset/dc343c43-a592-4a27-8ee7-c77df56afb34/resource/ff5113ae-04bd-4ee6-aee7-69221ef0934b,2.0,"Sep 1, 2026"
open.canada.ca/data/en/dataset/a5b5672c-ddc8-449c-8473-ff98e0b666a7,2.0,"Sep 1, 2026"
open.canada.ca/data/en/dataset/b1c2dffa-c2ba-4d0e-b803-a483eef0f579/resource/bb83bf3b-11cd-4e67-a1bd-3097cc5f9001,2.0,"Sep 1, 2026"
open.canada.ca/data/en/dataset/e04d55cd-74dd-4167-a9ea-c6eb9e9ab287/resource/5793d282-4305-4b3b-b347-164ac0eb4f52,2.0,"Sep 1, 2026"
open.canada.ca/data/en/dataset/c44edd5f-0f76-48c3-a68e-968d50fa2b49/resource/273404a7-cf15-4964-95dc-6988d10b35a3,2.0,"Sep 1, 2026"
open.canada.ca/data/en/dataset/adad580f-76b0-4502-bd05-20c125de9116/resource/8d49f430-6dfd-4122-a18d-b0868381f0e6,2.0,"Sep 1, 2026"
open.canada.ca/data/en/dataset/b813dcb6-cc08-4e06-97d4-85b7e4daa822/resource/e9e25bcf-b4e0-4624-b741-a06a4045e99d,2.0,"Sep 1, 2026"
open.canada.ca/data/en/dataset/4e75337e-70d0-4ed7-92d1-3b85192ec6b1/resource/d07f854d-1cac-4f18-b4f4-5b3c4c7ffa21,2.0,"Sep 1, 2026"
ouvert.canada.ca/data/fr/dataset/90fed587-1364-4f33-a9ee-208181dc0b97/resource/f8cf236d-542e-4dcd-af25-5de4f94f9504,2.0,"Sep 1, 2026"
open.canada.ca/data/en/dataset/cafbe230-8893-11e0-a140-6cf049291510/resource/d9527ad6-b7c7-4649-b05f-59eeaf779873,2.0,"Sep 1, 2026"
open.canada.ca/data/en/dataset/91ed76b4-a1a2-4f87-9c4c-59cd64f7a9de/resource/f2271fb5-6a8a-40c0-8425-503728c3f956,2.0,"Sep 1, 2026"
open.canada.ca/data/en/dataset/f82f66f2-a22b-4511-bccf-e1d74db39ae5/resource/59d3b563-600c-486f-bec8-c8095ed77d8d,2.0,"Sep 1, 2026"
ouvert.canada.ca/data/fr/dataset/cf149850-4dcd-4ee3-8197-7132291b7962,2.0,"Sep 1, 2026"
open.canada.ca/data/en/dataset/d0ec5070-683e-5dc9-b915-1e5815666adf/resource/b37e3648-2c1c-438e-83ba-a4bba7ac92d4,2.0,"Sep 1, 2026"
open.canada.ca/data/en/dataset/f82f66f2-a22b-4511-bccf-e1d74db39ae5/resource/99615d96-207b-4fb6-83b5-564dfdc54003,2.0,"Sep 1, 2026"
open.canada.ca/data/en/dataset/de203e61-8893-11e0-afae-6cf049291510,2.0,"Sep 1, 2026"
open.canada.ca/data/en/dataset/4d9112b5-9ce4-479f-8675-cb8e4521c48f,2.0,"Sep 1, 2026"
open.canada.ca/data/en/dataset/b2606c69-087d-4330-ad1d-122639b0cad0,2.0,"Sep 1, 2026"
open.canada.ca/data/en/dataset/8a692ad6-2ee7-4767-8838-8cad4b199803/resource/e11ef329-4147-47a1-a928-1e040786696c,2.0,"Sep 1, 2026"
open.canada.ca/data/en/dataset/1b24b6de-a876-4e3c-80af-762e06def6ed,2.0,"Sep 1, 2026"
open.canada.ca/data/en/dataset/38ddc983-1bf0-4bee-ad18-07dac8cfe884/resource/3d58dbe4-cf58-4631-9202-25261e8f2f70,2.0,"Sep 1, 2026"
open.canada.ca/data/en/dataset/360024f2-17e9-4558-bfc1-3616485d65b9/resource/4ff7924d-d606-4320-85e2-581af8f12b6b,2.0,"Sep 1, 2026"
open.canada.ca/data/en/dataset/dfa4daf1-669e-4514-82cd-982f27707ed0/resource/d5303a76-30ca-4e03-b670-e726140a08f5,2.0,"Sep 1, 2026"
open.canada.ca/data/en/dataset/cb2400fb-aee0-4b58-a88e-e6de32c43c16/resource/690d8a8e-5d8e-40fb-9a33-f1c4fe0b049e,2.0,"Sep 1, 2026"
open.canada.ca/data/en/dataset/80c00cdb-1358-415c-bb8b-0de7f12675b8/resource/694fdc72-eae4-4ee0-83eb-832ab7b230e3,2.0,"Sep 1, 2026"
open.canada.ca/data/en/dataset/a348c1d1-2392-4595-b5e2-c6a244a7e87f,2.0,"Sep 1, 2026"
open.canada.ca/data/en/dataset/00a331db-121b-445d-b119-35dbbe3eedd9,2.0,"Sep 1, 2026"
open.canada.ca/data/en/dataset/f82f66f2-a22b-4511-bccf-e1d74db39ae5,2.0,"Sep 1, 2026"
open.canada.ca/data/en/dataset/c4c5c7f1-bfa6-4ff6-b4a0-c164cb2060f7/resource/312a65c5-d0bc-4445-8a24-95b2690cc62b,2.0,"Sep 1, 2026"
open.canada.ca/data/en/dataset/d3881c4c-650d-4070-bf9b-1e00aabf0a1d/resource/85287ade-5e1b-4a47-8162-e577ad8eb812,2.0,"Sep 1, 2026"
ouvert.canada.ca/data/fr/dataset/90fed587-1364-4f33-a9ee-208181dc0b97/resource/8c205edb-9a82-468e-9aa4-b82266cbaad6,2.0,"Sep 1, 2026"
open.canada.ca/data/en/dataset/90115b00-f9b8-49e8-afa3-b4cff8facaee/resource/3039046e-2905-406f-a9aa-dd49c92cf604,2.0,"Sep 1, 2026"
open.canada.ca/data/en/dataset/90a9edf0-06db-4355-91ce-c0123c86f23b/resource/8268e7ef-bbf0-4563-879f-1c9db228fd13,2.0,"Sep 1, 2026"
open.canada.ca/data/en/dataset/3cafbe89-c98b-4b44-88f1-594e8d28838d/resource/901aa72c-e506-3fbd-8213-880d057e0cb3,2.0,"Sep 1, 2026"
open.canada.ca/data/en/dataset/6ab2803a-aace-4e60-83ed-44a7e0ccd1d8,2.0,"Sep 1, 2026"
open.canada.ca/data/en/dataset/e6951cc4-ff29-52bf-af41-a162d52b1011/resource/3780cdef-a9bd-4b7d-b283-a659c141194f,2.0,"Sep 1, 2026"
open.canada.ca/data/en/dataset/ee949112-5d13-420a-98a9-ec5822e026b3,2.0,"Sep 1, 2026"
open.canada.ca/data/en/dataset/006d5940-34b8-4d0e-963e-2cc7d61fd794/resource/93550c04-844c-4a16-b950-74a5ffaaf548,2.0,"Sep 1, 2026"
open.canada.ca/data/en/dataset/dc343c43-a592-4a27-8ee7-c77df56afb34/resource/4db7bc7c-d9cc-468b-8130-e799b13c69e8,2.0,"Sep 1, 2026"
open.canada.ca/data/en/dataset/757bb61a-a5c5-4f38-947b-0130355a7917,2.0,"Sep 1, 2026"
open.canada.ca/data/en/dataset/cfa9682c-808e-1f3f-a906-5f78df3fe740/resource/243bd880-bf91-4c7e-8d77-711a9089073d,2.0,"Sep 1, 2026"
open.canada.ca/data/en/dataset/22c7cb44-1463-48f7-8e47-88857f207702/resource/4d6d5025-6b94-47b5-9620-8130e2014bb4,2.0,"Sep 1, 2026"
open.canada.ca/data/en/dataset/904d1050-b7ff-4f41-a1bb-50b450e962a8/resource/5355cf44-dad0-448e-a209-d4948d4cf821,2.0,"Sep 1, 2026"
open.canada.ca/data/en/dataset/4ac6fe07-6d1a-517c-8106-2408a718b859/resource/fc70103f-6de8-4a3a-b508-d6ea46db7a40,2.0,"Sep 1, 2026"
open.canada.ca/data/en/dataset/f7e5498e-0ad8-4417-85c9-9b8aff9b9eda/resource/81021dfd-c110-42cf-a975-1b9be8b82980,2.0,"Sep 1, 2026"
open.canada.ca/data/en/dataset/9edf7410-365a-4197-989f-51cb1634efda/resource/fb9f97e4-375a-4ec8-bc9e-21336b137202,2.0,"Sep 1, 2026"
open.canada.ca/data/en/dataset/90fed587-1364-4f33-a9ee-208181dc0b97/resource/b369ae20-0c7e-4d10-93ca-07c86c91e6fe,2.0,"Sep 1, 2026"
open.canada.ca/data/en/dataset/29122e72-5762-25f0-732f-c6377f11763f,2.0,"Sep 1, 2026"
open.canada.ca/data/en/dataset/2bf9f856-20fe-4644-bf74-c8e45b3d94bd,2.0,"Sep 1, 2026"
open.canada.ca/data/en/dataset/f8e27889-fb07-4f9d-b2ba-591578274b7c,2.0,"Sep 1, 2026"
open.canada.ca/data/en/dataset/80c00cdb-1358-415c-bb8b-0de7f12675b8/resource/fd7c8679-8032-4613-b2b7-44fb8bc9c7c9,2.0,"Sep 1, 2026"
open.canada.ca/data/en/dataset/976bb4f8-2b63-4150-910c-1f8e094cc83a/resource/16c18c38-b255-4793-82d4-e32853adec33,2.0,"Sep 1, 2026"
open.canada.ca/data/en/dataset/ceb1ab5a-7d7c-4491-a2f7-560c47c4e22f/resource/d02053b1-0f36-4561-9984-477297b1ef10,2.0,"Sep 1, 2026"
open.canada.ca/data/en/dataset/5e55833e-0198-4ca2-9090-e6f878316c26/resource/61bc6fee-6cdf-4a00-b192-c36a9ea42924,2.0,"Sep 1, 2026"
open.canada.ca/data/en/dataset/5f82b379-c1e5-4a02-b825-f34fc645a529/resource/87decf8f-deb5-44be-9a79-0b015dd9113f,2.0,"Sep 1, 2026"
open.canada.ca/data/en/dataset/5f82b379-c1e5-4a02-b825-f34fc645a529/resource/7306eb3d-352e-4636-a34e-406eee67da68,2.0,"Sep 1, 2026"
open.canada.ca/data/en/dataset/742b4dcb-b834-46c9-93b7-6878bb0ae295,2.0,"Sep 1, 2026"
open.canada.ca/data/en/dataset/83096e57-6584-4a8c-9854-59a49e57fb28/resource/ff3451d3-43d1-4208-b93f-f8aae4cb65fe,2.0,"Sep 1, 2026"
open.canada.ca/data/en/dataset/80c00cdb-1358-415c-bb8b-0de7f12675b8/resource/e545170c-3689-4833-b2a8-e9e83100ab59,2.0,"Sep 1, 2026"
open.canada.ca/data/en/dataset/80c00cdb-1358-415c-bb8b-0de7f12675b8/resource/72c8fab0-24c8-4351-a673-efe7ee72bcf1,2.0,"Sep 1, 2026"
open.canada.ca/data/en/dataset/80c00cdb-1358-415c-bb8b-0de7f12675b8/resource/1f16eb1b-cc03-4c95-a81c-0fdc0722c5ee,2.0,"Sep 1, 2026"
open.canada.ca/data/en/dataset/749812b5-4b11-4483-a8ad-9ab2c6618239/resource/4db67a4d-58e6-43d8-928b-db822ad23c1f,2.0,"Sep 1, 2026"
open.canada.ca/data/en/dataset/d4a0e406-eea9-41a7-bcae-28c31f3b9c65,2.0,"Sep 1, 2026"
open.canada.ca/data/en/dataset/90fed587-1364-4f33-a9ee-208181dc0b97/resource/dc061c7d-5d56-450d-8060-4bfc0ed6f0b3,2.0,"Sep 1, 2026"
ouvert.canada.ca/data/fr/dataset/055919c2-101e-4329-bfd7-1d0c333c0e62/resource/de8a365d-6326-4013-a661-7647e5996c55,2.0,"Sep 1, 2026"
open.canada.ca/data/en/dataset/dc343c43-a592-4a27-8ee7-c77df56afb34/resource/404fa9e0-73b1-4a8c-9f43-8045d7edb426,2.0,"Sep 1, 2026"
open.canada.ca/data/en/dataset/0126c7e2-2a49-52de-9090-69e644f6cec7/resource/555ea6ac-79f3-4087-bf46-9b4ffce02425,2.0,"Sep 1, 2026"
open.canada.ca/data/dataset/e43be180-7511-4e6f-84d3-ad6c9f5c3e2b/resource/61925eb9-1187-4da1-9f50-40914984e667,2.0,"Sep 1, 2026"
open.canada.ca/data/en/dataset/d2a34f6d-3750-44e9-9a6d-aa9494a34df7,2.0,"Sep 1, 2026"
open.canada.ca/data/en/dataset/d3556145-3ffc-4e6d-9303-e2d560b0de8b,2.0,"Sep 1, 2026"
open.canada.ca/data/en/dataset/791de1ec-7fc8-48f1-a4e4-8bbaebc67080/resource/0078679e-6e99-4cee-b1a6-0980991d9783,2.0,"Sep 1, 2026"
open.canada.ca/data/en/dataset/dc343c43-a592-4a27-8ee7-c77df56afb34/resource/b7597d90-0d9a-44d8-8d31-3434d693d6d9,2.0,"Sep 1, 2026"
ouvert.canada.ca/data/fr/dataset/74f2472e-5bb9-4d2d-8be5-0931c96eeeff/resource/22cef5c8-5f6c-4db6-ab32-21fad5adfaa2,2.0,"Sep 1, 2026"
ouvert.canada.ca/data/fr/dataset/b27ec3ef-7338-4e76-a6fd-128339a92df5,2.0,"Sep 1, 2026"
open.canada.ca/data/en/dataset/a35cf382-690c-4221-a971-cf0fd189a46f,2.0,"Sep 1, 2026"
open.canada.ca/data/en/dataset/f82f66f2-a22b-4511-bccf-e1d74db39ae5/resource/dce97de0-120f-4f85-bfc7-e0bd95a85433,2.0,"Sep 1, 2026"
open.canada.ca/data/en/dataset/d0f54727-6c0b-4e5a-aa04-ea1463cf9f4c/resource/a53fda5b-134f-449d-a639-9b896065fc21,2.0,"Sep 1, 2026"
open.canada.ca/data/en/dataset/98f1a129-f628-4ce4-b24d-6f16bf24dd64,2.0,"Sep 1, 2026"
open.canada.ca/data/en/dataset/d00389e0-66da-4895-bd56-39a0dd64aa78/resource/2bf45351-fcff-4374-b15b-5e8e2e28977e,2.0,"Sep 1, 2026"
open.canada.ca/data/en/dataset/d892511c-d851-4f85-a0ec-708bc05d2810,2.0,"Sep 1, 2026"
open.canada.ca/data/en/dataset/2909a648-5753-4924-878a-b069392d9cde,2.0,"Sep 1, 2026"
open.canada.ca/data/en/dataset/1358284b-26e7-4c69-abd8-398d3da2c270/resource/69b6fcd5-50c9-43bd-bd18-3f4e031854d0,2.0,"Sep 1, 2026"
open.canada.ca/data/en/dataset/6abd20d4-7a1c-4b38-baa2-9525d0bb2fd2/resource/f034c950-a514-4dde-95c6-f9b8e6811c57,2.0,"Sep 1, 2026"
ouvert.canada.ca/data/dataset/5cb09c26-94aa-4c5e-bb01-464033888ddd,2.0,"Sep 1, 2026"
open.canada.ca/data/en/dataset/2916fad5-ebcc-4c86-b0f3-4f619b29f412/resource/02a92b0f-b26d-4fbd-9601-d27651703715,2.0,"Sep 1, 2026"
open.canada.ca/data/en/dataset/dfa4daf1-669e-4514-82cd-982f27707ed0/resource/fc52e37f-1520-47d1-bff6-5925deb6974f,2.0,"Sep 1, 2026"
open.canada.ca/data/en/dataset/68f2f577-28a7-46b4-bca9-7e9770f2f357/resource/58078c81-e630-4cd4-b8c8-ea12ceded1ee,2.0,"Sep 1, 2026"
open.canada.ca/data/en/dataset/7069387e-9986-4297-9f55-0288e9676947,2.0,"Sep 1, 2026"
ouvert.canada.ca/data/fr/dataset/94fc74d6-9b9a-4c2e-9c6c-45a5092453aa,2.0,"Sep 1, 2026"
open.canada.ca/data/en/dataset/91ed76b4-a1a2-4f87-9c4c-59cd64f7a9de/resource/027ee7f8-4b87-45cd-a10f-f95d3a5d4e09,2.0,"Sep 1, 2026"
ouvert.canada.ca/data/fr/dataset/64a90e8d-5bc0-4027-8645-b5881b4068d4/resource/92e2cba4-149a-4f72-b62d-b64f11b930ab,2.0,"Sep 1, 2026"
open.canada.ca/data/en/dataset/be36f85e-e419-4978-9c34-cb5795622595,2.0,"Sep 1, 2026"
open.canada.ca/data/en/dataset/9fbed581-4dd3-42c9-8244-59ee0b50bde8/resource/b24da5c7-beb8-4514-ac2a-8350b9f3a023,2.0,"Sep 1, 2026"
open.canada.ca/data/en/dataset/70ef2117-1095-4d77-80eb-b87f2bada2a4/resource/ab35c449-ef35-40cf-bf96-0b0589c1eba5,2.0,"Sep 1, 2026"
open.canada.ca/data/en/dataset/98f1a129-f628-4ce4-b24d-6f16bf24dd64/resource/67a7f9ee-9c47-43a6-ab06-5e7242e12638,2.0,"Sep 1, 2026"
open.canada.ca/data/en/dataset/f2303645-5952-4766-bd5c-3b9b50dda1ca/resource/7eb5f252-aa6e-4d31-89da-8c0bef0da252,2.0,"Sep 1, 2026"
open.canada.ca/data/en/dataset/5147fb5a-d9ef-4e69-89a1-14b73aa0f153/resource/e014f37f-07cb-44c9-8363-6c7209819aa5,2.0,"Sep 1, 2026"
open.canada.ca/data/en/dataset/69c68f22-8a2a-43d1-8f4e-4017e3ffebba/resource/1ffc4a5e-e41b-48c7-929e-633d023ef8dc,2.0,"Sep 1, 2026"
open.canada.ca/data/en/dataset/a75c3d6c-354d-436d-999d-431fb3a9de79/resource/be95e003-ebc0-45f4-953d-83629927e105,2.0,"Sep 1, 2026"
open.canada.ca/data/en/dataset/4188dacc-07c5-f72c-cfb1-cd505fcd4eb4/resource/ee15dbf5-25ac-4ed4-9923-d037af435a13,2.0,"Sep 1, 2026"
open.canada.ca/data/en/dataset/eb46f59e-139b-4051-b8f5-fe5423648a66,2.0,"Sep 1, 2026"
ouvert.canada.ca/data/fr/dataset/c9336648-098a-4984-b0cb-be65b951cadd,2.0,"Sep 1, 2026"
open.canada.ca/data/en/dataset/e8a3fc19-6016-4c90-a5c0-eb35233d708e/resource/54193691-5fbb-4827-b927-8a41da8b2228,2.0,"Sep 1, 2026"
open.canada.ca/data/en/dataset/8c93249d-f348-4dc0-bb75-10a24f1fefae/resource/663fd126-2d3f-4fda-9676-fc7650acfdca,2.0,"Sep 1, 2026"
open.canada.ca/data/en/dataset/593e9165-c6ce-4f9b-b519-03d315f92cd4,2.0,"Sep 1, 2026"
open.canada.ca/data/en/dataset/90ffdeb0-a2d7-41d3-9596-f5d2b2bb79dd/resource/c7c0b8ff-bcd4-4681-8e3b-95fac81cefe0,2.0,"Sep 1, 2026"
ouvert.canada.ca/data/fr/dataset/1b026aab-edb3-4d5d-8231-270a09ed4e82/resource/703f757b-59eb-4ccf-9922-cb40ee8e671f,2.0,"Sep 1, 2026"
ouvert.canada.ca/data/fr/dataset/dfa4daf1-669e-4514-82cd-982f27707ed0/resource/5d87eeb6-5305-4a0e-bc1d-fdf96e691749,2.0,"Sep 1, 2026"
open.canada.ca/data/en/dataset/91ed76b4-a1a2-4f87-9c4c-59cd64f7a9de/resource/fdb8db54-44e3-4380-990a-a28e49c384d4,2.0,"Sep 1, 2026"
ouvert.canada.ca/data/fr/dataset/8f1749a5-ac67-467a-9c01-752b375127c3/resource/9b5a9da8-4d61-441e-af8a-784ab4121cc1,2.0,"Sep 1, 2026"
open.canada.ca/data/en/dataset/c446f15c-d37b-457c-96c8-380a94b47bda/resource/c984b6cb-d208-476c-b1cc-170634a2f4d0,2.0,"Sep 1, 2026"
open.canada.ca/data/en/dataset/76defa14-473e-41e2-abfa-60021c4d934b/resource/3694bede-7115-4e87-b5b9-bf8a30e49adc,2.0,"Sep 1, 2026"
open.canada.ca/data/en/dataset/0126c7e2-2a49-52de-9090-69e644f6cec7/resource/e83fdd72-fc0b-4e61-a576-c5f0bb118a62,2.0,"Sep 1, 2026"
open.canada.ca/data/en/dataset/acceb1c3-2fa0-4fce-8a78-cf2b8588ed80,2.0,"Sep 1, 2026"
open.canada.ca/data/en/dataset/791de1ec-7fc8-48f1-a4e4-8bbaebc67080/resource/40a12fc0-10fc-45fa-ab90-ff9f40539b93,2.0,"Sep 1, 2026"
open.canada.ca/data/en/dataset/bfc25c69-84a5-4f6c-bbf2-7528233c3541/resource/ad3f693f-a357-4669-a756-239fe5883ceb,2.0,"Sep 1, 2026"
ouvert.canada.ca/data/fr/dataset/baad3bb6-5879-4e34-a4a6-a43212706cb7,1.0,"Sep 1, 2026"
open.canada.ca/data/en/dataset/44c6bf5b-8532-4336-83ed-d64d9dbaaa14,1.0,"Sep 1, 2026"
open.canada.ca/data/en/dataset/bf00b7f4-e370-46b7-94e4-0bdedc98531b/resource/d244771b-2f1f-4bd7-afa5-93673811ef14,1.0,"Sep 1, 2026"
ouvert.canada.ca/data/fr/dataset/4f1c44a6-1ecf-4da7-a1da-058b1ff9ce06/resource/7df029fe-f4bf-420b-8f9f-8cd7243327ee,1.0,"Sep 1, 2026"
open.canada.ca/data/en/dataset/d22354e8-cb01-5262-aed5-1de48d1ffb0a/resource/070b1ff3-9b5d-4f3e-98e2-0038e82304b5,1.0,"Sep 1, 2026"
ouvert.canada.ca/data/fr/dataset/b6cbcf4d-f763-4924-a2fb-8cc4a06e3de4/resource/0e535b9a-f815-4044-ad66-d4ee65796712,1.0,"Sep 1, 2026"
open.canada.ca/data/en/dataset/1366e1f1-e2c8-4905-89ae-e10f1be0a164/resource/92fbe80d-f580-4d0b-9350-b08a3420c019,1.0,"Sep 1, 2026"
ouvert.canada.ca/data/fr/dataset/8cd81673-5b0b-4050-b4a6-aed80975158a/resource/1ad1a032-2413-4f3c-bd83-fd4a90d28c27,1.0,"Sep 1, 2026"
open.canada.ca/data/en/dataset/30aeb5c1-4285-46c8-b60b-15b1a6f4258b/resource/4c0465f2-433a-4ae0-8e6b-b21607ff841d,1.0,"Sep 1, 2026"
open.canada.ca/data/en/dataset/634ee4e0-c8f7-4971-b4de-12901b0b4be6/resource/5763b0be-b928-41a0-99df-b522dc4869a8,1.0,"Sep 1, 2026"
open.canada.ca/data/dataset/efcf4eaa-db27-48df-b168-1b6628294074,1.0,"Sep 1, 2026"
ouvert.canada.ca/data/fr/dataset/dbdfbdba-0725-470d-a23e-da69dbedc4e6,1.0,"Sep 1, 2026"
ouvert.canada.ca/data/fr/dataset/2599fe61-0e6e-40b9-958a-f56dd7f1fa09/resource/e86e8cfe-e581-41bb-a414-705d93e19478,1.0,"Sep 1, 2026"
open.canada.ca/data/en/dataset/8268d8ad-4c09-4bb0-a6a0-f4ef5eb748fc,1.0,"Sep 1, 2026"
open.canada.ca/data/en/dataset/ca243c40-a6d3-4a46-a578-b4fad4369df0,1.0,"Sep 1, 2026"
open.canada.ca/data/en/dataset/bd8389e2-6494-4bd2-8a5d-6225df2c94d8/resource/5f010815-003d-469d-8fd2-f6a6e3088a79,1.0,"Sep 1, 2026"
open.canada.ca/data/en/dataset/ab48c63b-4143-4e62-8f36-831e31a2095d/resource/784e7488-8488-457e-a965-1844fd63476a,1.0,"Sep 1, 2026"
open.canada.ca/data/en/dataset/ee949112-5d13-420a-98a9-ec5822e026b3/resource/8bd357f3-9006-4dfc-9dcc-49439b15b872,1.0,"Sep 1, 2026"
open.canada.ca/data/en/dataset/6dd66784-3bcb-419a-bfab-631beb928646,1.0,"Sep 1, 2026"
ouvert.canada.ca/data/fr/dataset/b6cbcf4d-f763-4924-a2fb-8cc4a06e3de4,1.0,"Sep 1, 2026"
open.canada.ca/data/en/dataset/f0d12b41-54dc-4784-ad2b-83dffed2ab84/resource/baa05779-9c69-40c9-ba42-875b340b5c47,1.0,"Sep 1, 2026"
open.canada.ca/data/en/dataset/d5614095-e77a-4cb4-a5e6-9f8bff067c9f,1.0,"Sep 1, 2026"
open.canada.ca/data/en/dataset/befea406-cb91-4937-98d9-d615b6ff7a32,1.0,"Sep 1, 2026"
open.canada.ca/data/en/dataset/de203e61-8893-11e0-afae-6cf049291510/resource/d47bc53c-b821-4752-a771-5fd6797f4c17,1.0,"Sep 1, 2026"
open.canada.ca/data/en/dataset/4dab5b98-b97b-7ba7-9c23-b3eaf8e8d762/resource/068745ec-8ba5-4191-83b7-2b8d7df88ae7,1.0,"Sep 1, 2026"
open.canada.ca/data/en/dataset/8ec4a9df-b76b-4a67-8f93-cdbc2e040098/resource/139c1476-355f-4052-bde9-e15fc7948909,1.0,"Sep 1, 2026"
ouvert.canada.ca/data/fr/dataset/11345e77-f6ab-4a10-9c53-06a874135b07,1.0,"Sep 1, 2026"
open.canada.ca/data/en/dataset/3542f7c1-fe9b-4203-aa01-8c859a871bd3/resource/7ceea207-ac04-4917-b104-252442696b46,1.0,"Sep 1, 2026"
ouvert.canada.ca/data/dataset/75a954ee-8fb8-a70b-0d70-0a2e788e5c66,1.0,"Sep 1, 2026"
open.canada.ca/data/en/dataset/53753f06-8b28-42d7-89f7-04cd014323b0,1.0,"Sep 1, 2026"
open.canada.ca/data/en/info/791de1ec-7fc8-48f1-a4e4-8bbaebc67080/resource/a709204d-5d3f-4f35-8414-a567b37ec872,1.0,"Sep 1, 2026"
open.canada.ca/data/en/dataset/20b1a680-fd36-42ca-a073-2d3a0cfb68d6,1.0,"Sep 1, 2026"
open.canada.ca/data/en/dataset/5b99672b-69ff-5d08-b26b-10da06f8e30c/resource/eb6fc2e8-b22b-415c-808f-efec6d04f538,1.0,"Sep 1, 2026"
open.canada.ca/data/en/dataset/945ff452-3b35-4bd7-8018-4de914587ef3/resource/4b647288-dc59-4ce6-9c56-73b3842f1de2,1.0,"Sep 1, 2026"
open.canada.ca/data/en/dataset/80c00cdb-1358-415c-bb8b-0de7f12675b8/resource/1e4f5e21-5de8-4fd0-bada-a8c93f2b893d,1.0,"Sep 1, 2026"
open.canada.ca/data/en/dataset/93b413d8-1840-4770-9629-641d74bd1cc6/resource/7d505801-da2f-46a6-9775-2e30c241b437,1.0,"Sep 1, 2026"
open.canada.ca/data/dataset/4c6c515f-7c44-4bb6-ab56-c5f79f75f705/resource/0cf8a4bc-b20e-40a9-bc36-38219652edd2,1.0,"Sep 1, 2026"
open.canada.ca/data/en/dataset/80c00cdb-1358-415c-bb8b-0de7f12675b8/resource/a56df1f9-beeb-46d8-8dcc-687f1d53b7bf,1.0,"Sep 1, 2026"
open.canada.ca/data/en/dataset/39a58c58-aafd-40dc-97d7-9e4cb907b4c6/resource/921f3566-6629-4a76-8e0e-259552530f57,1.0,"Sep 1, 2026"
ouvert.canada.ca/data/fr/info/ac988c2a-ce33-4e8e-bf64-2c052c50892f,1.0,"Sep 1, 2026"
open.canada.ca/data/en/dataset/1366e1f1-e2c8-4905-89ae-e10f1be0a164/resource/cce09bfa-6482-447c-b225-46ef3ebd6fe6,1.0,"Sep 1, 2026"
open.canada.ca/data/en/dataset/7d95e2f5-83de-4c3d-b642-f37f512edeb4/resource/fd360191-3b51-474e-b689-ada780645e79,1.0,"Sep 1, 2026"
ouvert.canada.ca/data/fr/dataset/4fe645a1-ffcd-40c1-9385-2c771be956a4/resource/c2b7c21c-f643-4ad7-a9eb-f8b8372b5d78,1.0,"Sep 1, 2026"
open.canada.ca/data/en/dataset/a6ba08bc-cb53-48b4-a1e5-e1bc95116761,1.0,"Sep 1, 2026"
open.canada.ca/data/en/dataset/29a55543-3e27-4d7a-8ce5-7b669305b2d8,1.0,"Sep 1, 2026"
open.canada.ca/data/en/dataset/888580ad-9b27-42c4-a6e8-b335c6f57f53,1.0,"Sep 1, 2026"
ouvert.canada.ca/data/fr/dataset/b8c79d2f-3bd7-4f26-8102-be268be1582b/resource/7e412b22-6d6e-4fe4-863f-45466b69ffde,1.0,"Sep 1, 2026"
ouvert.canada.ca/data/fr/dataset/d9b6498c-0a85-482d-a2bb-68639d1f1bff/resource/ccb44590-784c-4594-878f-b09d48880c74,1.0,"Sep 1, 2026"
ouvert.canada.ca/data/fr/dataset/18c56d8a-696f-512f-961d-e4bc17945620/resource/e94f58e1-b7b2-4123-ad57-dc7671f2c0b9,1.0,"Sep 1, 2026"
search.open.canada.ca/contracts/download/45399ebd-bf9b-450f-b260-780ede89fb2d,1.0,"Sep 1, 2026"
open.canada.ca/data/en/dataset/0b8a919c-b4da-4228-9613-89ab587dca56,1.0,"Sep 1, 2026"
open.canada.ca/data/en/dataset/9b34e712-513f-44e9-babf-9df4f7256550/resource/c294b584-bee1-4fc2-b02e-cef8601816ab,1.0,"Sep 1, 2026"
open.canada.ca/data/en/dataset/4c6c515f-7c44-4bb6-ab56-c5f79f75f705/resource/1d3afc80-6482-4b27-93e9-91127825232f,1.0,"Sep 1, 2026"
open.canada.ca/data/en/dataset/fb3a7c18-90af-453e-bc0a-a76ecc471862/resource/d73489d0-6866-45bf-9c2b-42741d3f7be3,1.0,"Sep 1, 2026"
open.canada.ca/data/en/dataset/1eb9eba7-71d1-4b30-9fb1-30cbdab7e63a/resource/21eb7966-38da-4814-a80e-521bce6c4c27,1.0,"Sep 1, 2026"
ouvert.canada.ca/data/fr/dataset/8dc04c10-708e-4afa-813e-acb96c3101a1,1.0,"Sep 1, 2026"
open.canada.ca/data/en/dataset/4fe645a1-ffcd-40c1-9385-2c771be956a4/resource/ad8621f6-2854-4483-820b-e1e4f2903e8b,1.0,"Sep 1, 2026"
ouvert.canada.ca/data/fr/dataset/706a6d1a-df8e-40e3-8e0c-94211025c528,1.0,"Sep 1, 2026"
open.canada.ca/data/en/dataset/3ac0d080-6149-499a-8b06-7ce5f00ec56c/resource/8736cd7e-9bf9-4a45-9eee-a6cb3c43c07e,1.0,"Sep 1, 2026"
search.open.canada.ca/grants/download/b5d0c303-a006-4939-8e46-f94ee402666a,1.0,"Sep 1, 2026"
open.canada.ca/data/en/dataset/ab20f976-d9f2-4602-aaf6-bb69a88016b5/resource/5a3ee4a3-cebd-4c32-bfcc-adf3edb0537c,1.0,"Sep 1, 2026"
open.canada.ca/data/en/dataset/d892511c-d851-4f85-a0ec-708bc05d2810/resource/e43232c3-e047-4fd3-99c5-59c175dd6737,1.0,"Sep 1, 2026"
open.canada.ca/data/en/dataset/2e6f30d9-857d-4364-8611-5625b59562be/resource/3a8f0777-e41c-4e48-a22d-a510537ce17a,1.0,"Sep 1, 2026"
open.canada.ca/data/en/dataset/306e5004-534b-4110-9feb-58e3a5c3fd97,1.0,"Sep 1, 2026"
open.canada.ca/data/en/dataset/76defa14-473e-41e2-abfa-60021c4d934b/resource/5b7e86ae-ebac-4c9e-a480-58ec36f3a87c,1.0,"Sep 1, 2026"
open.canada.ca/data/en/dataset/44a11d09-3f0b-418a-98dd-20a74f1ae32e/resource/b09776bf-e5c7-4284-a758-f1df52d8f7fb,1.0,"Sep 1, 2026"
open.canada.ca/data/en/dataset/34c2d026-91cb-4d89-9d79-1fa240cd8a55,1.0,"Sep 1, 2026"
ouvert.canada.ca/data/fr/dataset/fd8efb83-b73d-5442-ab60-7987c824f5fd/resource/fd0629c5-053d-4f2c-90d2-4afb15871f77,1.0,"Sep 1, 2026"
ouvert.canada.ca/data/fr/dataset/f0e4b353-8eb2-4684-94ed-d4b6be0c0f93/resource/2c956b68-c594-4407-ae73-6ffcf1364414,1.0,"Sep 1, 2026"
open.canada.ca/data/en/dataset/5765f374-91b6-4de1-ae36-278a9174b6c1,1.0,"Sep 1, 2026"
open.canada.ca/data/en/dataset/0888ca4a-49d6-4175-8f1b-099d3aaf8f81,1.0,"Sep 1, 2026"
open.canada.ca/data/en/dataset/d8be571e-0491-4472-946f-7040ec8d5bfd,1.0,"Sep 1, 2026"
ouvert.canada.ca/data/dataset/76c5b564-94d2-4dc3-b3b8-64c19ff44399,1.0,"Sep 1, 2026"
open.canada.ca/data/en/dataset/261c32ab-4cfd-4f81-9dea-7b64065690dc/resource/39434379-45a1-43d5-aea7-a7a50113c291,1.0,"Sep 1, 2026"
open.canada.ca/data/dataset/ece743aa-514a-4024-93c6-7f5ed5cd4eb2,1.0,"Sep 1, 2026"
search.open.canada.ca/contracts/download/f304fc4d-9970-490c-b7e6-b62c229400e7,1.0,"Sep 1, 2026"
open.canada.ca/data/en/dataset/4444b25a-cd38-46b8-bfb8-15e5d28ba4e7/resource/0c2244d9-287e-49f4-a006-82d3de25df6c,1.0,"Sep 1, 2026"
open.canada.ca/data/en/dataset/16348a20-02f4-4557-b68c-d1754e3026a4/resource/0ccae3c9-f0e8-4ad8-a16a-0e3da550c22f,1.0,"Sep 1, 2026"
open.canada.ca/data/en/dataset/2caec448-1b4b-a107-d050-210e5c7b0e27,1.0,"Sep 1, 2026"
open.canada.ca/data/en/dataset/f7e5498e-0ad8-4417-85c9-9b8aff9b9eda/resource/d3821cd3-4dcf-4fe3-acc1-ebaef490a8b3,1.0,"Sep 1, 2026"
ouvert.canada.ca/data/fr/dataset/4f1c44a6-1ecf-4da7-a1da-058b1ff9ce06/resource/a9f6c900-5cf6-44af-ac9b-0b8095e5ce68,1.0,"Sep 1, 2026"
ouvert.canada.ca/data/dataset/b2acb3be-c720-4329-a8c0-d4d36c8db61e/resource/92b650b8-b3a5-4f7e-9552-0aac76df5b7d,1.0,"Sep 1, 2026"
open.canada.ca/data/dataset/4d44d14e-e2e3-41c4-b3d0-56b49f5eb0a4/resource/a82240cc-397f-4891-80c2-6b1bb6fe2943,1.0,"Sep 1, 2026"
open.canada.ca/data/en/dataset/16e683c4-0a53-515d-bee1-221174e0eb89/resource/46787c2c-ed73-4781-a43c-c1385be8e7cf,1.0,"Sep 1, 2026"
open.canada.ca/data/en/dataset/9140392d-69df-45ae-9099-3c8d39c07e50,1.0,"Sep 1, 2026"
open.canada.ca/data/en/dataset/dbc3fc05-ba53-43af-8170-496f22941fc5/resource/30d7f18e-75bb-4c15-80e4-76f384c1a98a,1.0,"Sep 1, 2026"
search.open.canada.ca/contracts/download/0cb5aa15-d0d9-4a8d-9a1c-5e7b1ad7c0dd,1.0,"Sep 1, 2026"
open.canada.ca/data/en/dataset/2061075a-55fe-47a5-be2f-984f12fc0d40/resource/f265eaf5-aef0-4a1e-bca1-38c5dfb152e2,1.0,"Sep 1, 2026"
open.canada.ca/data/en/dataset/4f344cd6-0912-411a-ae16-41ea160cc8b5/resource/819c63b0-9559-4f2c-89ae-f6b7b2958b00,1.0,"Sep 1, 2026"
open.canada.ca/data/en/dataset/800106c1-0b08-401e-8be2-ac45d62e662e/resource/5b1a3d87-5c4f-49c0-ab4d-49503c48a276,1.0,"Sep 1, 2026"
open.canada.ca/data/en/dataset/43a63c4f-b08e-4c53-99bb-20b90b83c6c0/resource/146a4cb1-4b63-4130-91e7-3814a04b302e,1.0,"Sep 1, 2026"
open.canada.ca/data/en/dataset/14d93d62-16bf-48da-ae4f-4be21a32e2ad/resource/0c722b4b-8148-4d88-a749-9bf2a620bbf6,1.0,"Sep 1, 2026"
open.canada.ca/data/en/dataset/f5c8a5a0-354d-455a-99ab-8276aa38032e/resource/f352898d-87bd-407e-873d-d9981c5c3cba,1.0,"Sep 1, 2026"
open.canada.ca/data/en/dataset/216b5913-4f8f-496c-971f-c892d5b62fc1,1.0,"Sep 1, 2026"
open.canada.ca/data/en/dataset/ff1d7bcf-6606-4c4f-8b91-3a07dab73d67/resource/0e4da79b-8ef8-4ea3-bb4d-e14408fd6b81,1.0,"Sep 1, 2026"
open.canada.ca/data/en/dataset/45a00be0-d572-4e42-be18-1bbaaf6c85ee/resource/378d652b-76c2-434a-88ec-60b28be86895,1.0,"Sep 1, 2026"
open.canada.ca/data/en/dataset/b6567c5c-8339-4055-99fa-63f92114d9e4/resource/a999c304-2667-4a2b-9377-e5add1ef9bed,1.0,"Sep 1, 2026"
open.canada.ca/data/en/dataset/8a692ad6-2ee7-4767-8838-8cad4b199803/resource/0085f916-319b-408a-9652-e86e6a764242,1.0,"Sep 1, 2026"
open.canada.ca/data/en/dataset/4e7bad54-07ba-5a95-8d6e-06dda1ae0644/resource/ba4dfe0f-2446-4b3e-8ea6-3e062f07ee03,1.0,"Sep 1, 2026"
open.canada.ca/data/en/dataset/4dfed297-49ff-4c0d-9aa2-0572a95faf00,1.0,"Sep 1, 2026"
open.canada.ca/data/en/dataset/90fed587-1364-4f33-a9ee-208181dc0b97/resource/56aba012-5b4a-4628-8398-b0d433a6d08f,1.0,"Sep 1, 2026"
open.canada.ca/data/en/dataset/6e47f705-71ed-41f0-8fd5-d1a8508a3b63/resource/6bf05451-a925-412f-b06d-1e655d67a291,1.0,"Sep 1, 2026"
open.canada.ca/data/en/dataset/e8745429-21e7-4a73-b3f5-90a779b78d1e/resource/0f948790-a6ff-4d64-8d50-3e5fc867d468,1.0,"Sep 1, 2026"
open.canada.ca/data/en/dataset/5cfd93bd-b3ee-4b0b-8816-33d388f6811d,1.0,"Sep 1, 2026"
search.open.canada.ca/grants/download/d83c5a9e-9a79-454d-8753-3d1ec321a47d,1.0,"Sep 1, 2026"
open.canada.ca/data/en/dataset/76defa14-473e-41e2-abfa-60021c4d934b/resource/03cc5cdc-c678-42b4-99cd-e9aff45ccdd4,1.0,"Sep 1, 2026"
open.canada.ca/data/en/dataset/f82f66f2-a22b-4511-bccf-e1d74db39ae5/resource/4220c95e-146f-48d2-830c-fae0c6799999,1.0,"Sep 1, 2026"
open.canada.ca/data/en/dataset/f4d45e1d-1fb3-4a5b-ae12-7e6afe89e645/resource/274221b7-dbe6-4f64-8b2d-992ec11e2297,1.0,"Sep 1, 2026"
open.canada.ca/data/en/dataset/2916fad5-ebcc-4c86-b0f3-4f619b29f412/resource/4ebc050f-6c3c-4dfd-817e-875b2caf3ec6,1.0,"Sep 1, 2026"
open.canada.ca/data/en/dataset/3a1eb6ef-6054-4f9d-b1f6-c30322cd7abf,1.0,"Sep 1, 2026"
open.canada.ca/data/en/dataset/bdbab8a6-c101-4db3-8165-214f1ef7cfe8,1.0,"Sep 1, 2026"
open.canada.ca/data/en/dataset/791de1ec-7fc8-48f1-a4e4-8bbaebc67080/resource/5df5c450-561e-4cd3-9f6c-e2bf3fb83fd2,1.0,"Sep 1, 2026"
open.canada.ca/data/en/dataset/4fe645a1-ffcd-40c1-9385-2c771be956a4/resource/27a6e551-6127-4740-990e-04f7b597d327,1.0,"Sep 1, 2026"
open.canada.ca/data/en/dataset/6b4319b0-4761-4733-b836-3787eef65248/resource/a939f51e-48e0-49f6-8136-ed7144bb7e75,1.0,"Sep 1, 2026"
open.canada.ca/data/en/dataset/8ee79eb8-9e2c-4fb0-a2a5-51f54f2f383f/resource/39a4ee47-647d-45fc-a202-61249bd45501,1.0,"Sep 1, 2026"
open.canada.ca/data/en/dataset/0691e087-2808-49c8-9f10-c3f0c2bdd75f,1.0,"Sep 1, 2026"
open.canada.ca/data/en/dataset/f82f66f2-a22b-4511-bccf-e1d74db39ae5/resource/bf402b35-9270-4608-b244-3741a21be2fd,1.0,"Sep 1, 2026"
open.canada.ca/data/en/dataset/71bfc122-cd4c-4526-92e7-b5bd8572c3ab/resource/efc25294-d510-4ad2-b481-48d04cb3ac3b,1.0,"Sep 1, 2026"
ouvert.canada.ca/data/dataset/1570cc15-4376-4d32-bdc3-73c0e7b7b059/resource/a5f5a892-acd1-4e5b-bbc9-863f8692c7df,1.0,"Sep 1, 2026"
open.canada.ca/data/en/dataset/92344413-8035-4c08-b996-65a9b3f62fca,1.0,"Sep 1, 2026"
open.canada.ca/data/en/dataset/b6cbcf4d-f763-4924-a2fb-8cc4a06e3de4,1.0,"Sep 1, 2026"
ouvert.canada.ca/data/fr/dataset/d0f54727-6c0b-4e5a-aa04-ea1463cf9f4c/resource/6c6d0d30-4a78-4217-9f24-5846414345a8,1.0,"Sep 1, 2026"
open.canada.ca/data/en/dataset/8e56f67a-4d16-4b53-8e0b-e020f6931f65,1.0,"Sep 1, 2026"
open.canada.ca/data/dataset/9831236f-6e01-447a-9e28-b9c6b3348631/resource/b0184756-ad7c-4a5b-b512-fcecc0f96dd3,1.0,"Sep 1, 2026"
open.canada.ca/data/en/dataset/dc475fb0-8893-11e0-9ab7-6cf049291510/resource/42a5f98e-e985-4ee1-a115-4943be1d4d3b,1.0,"Sep 1, 2026"
open.canada.ca/data/en/dataset/ededff77-a021-48d6-89a5-cdbcd75fb4ff,1.0,"Sep 1, 2026"
ouvert.canada.ca/data/fr/dataset/18c56d8a-696f-512f-961d-e4bc17945620/resource/24b17b5e-e7b1-431a-9924-8ec632ef0e88,1.0,"Sep 1, 2026"
open.canada.ca/data/en/dataset/754ed5fa-774c-9a0a-60f6-a8e3f9af292f,1.0,"Sep 1, 2026"
ouvert.canada.ca/data/dataset/76c5b564-94d2-4dc3-b3b8-64c19ff44399/resource/06e9f4a1-3131-4449-89c1-2da69fd6a62b,1.0,"Sep 1, 2026"
open.canada.ca/data/en/dataset/960e209a-51b8-489c-9580-95126428a732,1.0,"Sep 1, 2026"
open.canada.ca/data/en/dataset/69f8d82a-bc22-4071-9e9f-0ed66fa7940a,1.0,"Sep 1, 2026"
open.canada.ca/data/en/dataset/43bb00a3-9b50-4db1-a8f5-a39b19987f90/resource/70e711af-afcf-42fb-8cb6-44b7e713a473,1.0,"Sep 1, 2026"
open.canada.ca/data/en/dataset/f22842f6-3a74-4a53-9c10-f2b723eecf37/resource/3ee09d6b-7972-4f05-b544-12a66f0c3b28,1.0,"Sep 1, 2026"
open.canada.ca/data/en/dataset/88bbfdae-ebb5-5f0a-ac00-fca53a5cab7a,1.0,"Sep 1, 2026"
open.canada.ca/data/dataset/065439a9-c194-4259-9c95-245a852be4a1/resource/7961f6e7-be2b-48b9-b1c6-914a399990bd,1.0,"Sep 1, 2026"
ouvert.canada.ca/data/fr/dataset/79c99c29-deff-4093-9c55-fde484d20028,1.0,"Sep 1, 2026"
open.canada.ca/data/en/dataset/f7e5498e-0ad8-4417-85c9-9b8aff9b9eda/resource/1a8171dc-292b-4209-a700-63cb699269ff,1.0,"Sep 1, 2026"
open.canada.ca/data/en/dataset/522b07b9-78e2-4819-b736-ad9208eb1067,1.0,"Sep 1, 2026"
open.canada.ca/data/en/dataset/16348a20-02f4-4557-b68c-d1754e3026a4,1.0,"Sep 1, 2026"
open.canada.ca/data/en/dataset/7d95e2f5-83de-4c3d-b642-f37f512edeb4,1.0,"Sep 1, 2026"
open.canada.ca/data/en/dataset/8a5710e7-5009-5695-aefc-b6d200a20481/resource/6dd55500-5a3d-4c51-aa61-72f5eedb3605,1.0,"Sep 1, 2026"
open.canada.ca/data/en/dataset/59af1c96-fc8f-4fa0-b398-d65e953eadaa/resource/9f0ff943-021a-4f17-80e5-bef41bb050e8,1.0,"Sep 1, 2026"
open.canada.ca/data/en/dataset/d24ae2dd-8399-4b49-8441-3e0318aaf69a/resource/5acdc34d-7bbe-45a1-b57c-753ca5fd7b47,1.0,"Sep 1, 2026"
open.canada.ca/data/en/dataset/e00172b8-35c2-4651-a8c5-13ab30bd7236/resource/53836d68-e789-4a6e-81c1-0a600930dc9a,1.0,"Sep 1, 2026"
open.canada.ca/data/en/dataset/6c78fb2f-d23b-45b4-b3af-cc6f6cc4fff8/resource/cb212b6b-b356-41a4-b355-4f3b03e82ea5,1.0,"Sep 1, 2026"
open.canada.ca/data/en/dataset/c056830d-6d41-42a8-a11f-3af947e57b1b/resource/938d1a7a-6ba3-4811-b356-5abd686312e0,1.0,"Sep 1, 2026"
open.canada.ca/data/en/dataset/65f1cde1-95e0-4a1d-9a1a-c45b2f83a351,1.0,"Sep 1, 2026"
open.canada.ca/data/en/dataset/f7dac054-efbf-402f-ab62-6fc4b32a619e/resource/ebb292ef-5822-49d7-a84f-28ae8be8ac52,1.0,"Sep 1, 2026"
open.canada.ca/data/en/dataset/0032ce54-c5dd-4b66-99a0-320a7b5e99f2/resource/a1cbafa3-df2b-44c9-8488-833b31b76e01,1.0,"Sep 1, 2026"
open.canada.ca/data/en/dataset/772087ee-e11f-42a8-ab6b-a175d6c6e249,1.0,"Sep 1, 2026"
open.canada.ca/data/en/dataset/3f718801-099d-4037-bb0a-1d41ba8aca8b/resource/be8fb51a-5aa1-4fc5-9bb3-40aee274bd33,1.0,"Sep 1, 2026"
open.canada.ca/data/en/dataset/33fc635f-d41e-4702-89f6-f6e8837dc568/resource/4459a132-cc49-4de7-8e27-c0424d8de392,1.0,"Sep 1, 2026"
open.canada.ca/data/en/dataset/6ab2803a-aace-4e60-83ed-44a7e0ccd1d8/resource/ce8a87b1-bc89-498f-82d8-be5f8e828b78,1.0,"Sep 1, 2026"
search.open.canada.ca/grants/download/6adbdeee-cc42-4e06-8484-bd0f22771782,1.0,"Sep 1, 2026"
open.canada.ca/data/en/dataset/a1acb126-9ce8-40a9-b889-5da2b1dd20cb/resource/643c2420-0944-4a76-a455-e20da6493b4c,1.0,"Sep 1, 2026"
open.canada.ca/data/en/dataset/08de9f4c-61f4-4b6d-8189-d17e3282d36d,1.0,"Sep 1, 2026"
open.canada.ca/data/en/dataset/a3f143ce-1440-471c-b640-a8053ca99a3f,1.0,"Sep 1, 2026"
ouvert.canada.ca/data/fr/dataset/675d7095-4ceb-44f1-85f1-bf99bcb67950,1.0,"Sep 1, 2026"
open.canada.ca/data/en/dataset/e5e419f8-7219-4faa-8b0d-22c006b5434f,1.0,"Sep 1, 2026"
open.canada.ca/data/en/dataset/005494f2-1848-48d5-abe4-a76a7846f035,1.0,"Sep 1, 2026"
ouvert.canada.ca/data/fr/dataset/e09393f1-b161-4d37-9e49-29ccb1e14996/resource/d9e79040-bd1a-4807-8e0e-33d4c0566607,1.0,"Sep 1, 2026"
open.canada.ca/data/en/dataset/05a9e718-6810-4e73-8bb9-5955efeb91a0,1.0,"Sep 1, 2026"
ouvert.canada.ca/data/dataset/712e7355-91d7-7b4f-9d46-1e7b5561cd95,1.0,"Sep 1, 2026"
open.canada.ca/data/en/dataset/f82f66f2-a22b-4511-bccf-e1d74db39ae5/resource/1da135e7-a84b-42f2-b579-b195c3a81b4b,1.0,"Sep 1, 2026"
open.canada.ca/data/en/dataset/06d31e10-a2a8-4d53-9ff3-567714a0a9f3/resource/1bec9a0b-9c98-494e-a9ab-3aa587d59530,1.0,"Sep 1, 2026"
open.canada.ca/data/en/dataset/e5ea9140-8893-11e0-858a-6cf049291510,1.0,"Sep 1, 2026"
open.canada.ca/data/en/dataset/65e2d45e-efc6-4c29-9a9b-db59bc96aa0e/resource/eb15fef5-08de-438c-a833-141e9c6c9023,1.0,"Sep 1, 2026"
open.canada.ca/data/en/dataset/5fefdd9b-e7e9-4139-93a1-aa4e696fb237,1.0,"Sep 1, 2026"
ouvert.canada.ca/data/fr/dataset/90115b00-f9b8-49e8-afa3-b4cff8facaee,1.0,"Sep 1, 2026"
open.canada.ca/data/en/dataset/92d7bc61-3724-44cd-9917-e2bf75023d4e/resource/9909e902-3fb3-4a18-a76c-862fd12f67e6,1.0,"Sep 1, 2026"
open.canada.ca/data/en/dataset/6769cd12-e841-48e0-a594-ffd642df5324,1.0,"Sep 1, 2026"
open.canada.ca/data/en/dataset/7f8c0451-8179-49ca-a93a-43dc381874ce,1.0,"Sep 1, 2026"
open.canada.ca/data/en/dataset/56578f58-a775-44ea-9cc5-9bf7c78410e6,1.0,"Sep 1, 2026"
open.canada.ca/data/en/dataset/b6cbcf4d-f763-4924-a2fb-8cc4a06e3de4/resource/63f3ba24-cb8d-4c27-9c3d-3b53b9a9dfcc,1.0,"Sep 1, 2026"
open.canada.ca/data/en/dataset/10ce43bd-fb58-4969-806b-4bffebc87bec/resource/f015095d-15e7-4ef7-97d1-e5fed3486e40,1.0,"Sep 1, 2026"
open.canada.ca/data/en/dataset/1f438de3-f273-4e66-b082-ab9a6bc22b01,1.0,"Sep 1, 2026"
ouvert.canada.ca/data/dataset/1c805aec-9c9e-4e8f-81d0-e73971e9b5c8/resource/bdb91531-ec77-4b86-9cb1-56004277a9ef,1.0,"Sep 1, 2026"
open.canada.ca/data/en/dataset/ad724dff-9727-40b4-8820-d1a9d13dd988/resource/5c4c4664-8fa7-4ffc-95c5-c86418f82255,1.0,"Sep 1, 2026"
open.canada.ca/data/en/dataset/33155dcb-bdfb-46a4-8bf7-493f017e6ff8/resource/1d837e27-07f5-4e53-9233-f15595c50107,1.0,"Sep 1, 2026"
open.canada.ca/data/en/dataset/7c3d7022-2631-45bc-8f6b-f3d51b7779a7/resource/87c4a4fe-909a-4b8f-8650-945521e6b05a,1.0,"Sep 1, 2026"
open.canada.ca/data/en/dataset/f9566991-eb97-49a9-a587-5f0725024985/resource/c97222f4-18f0-4a67-a8c3-fa8a1bbaeb80,1.0,"Sep 1, 2026"
open.canada.ca/data/en/dataset/23344072-7118-4715-84a9-daf630ec76c8,1.0,"Sep 1, 2026"
open.canada.ca/data/en/dataset/c4c5c7f1-bfa6-4ff6-b4a0-c164cb2060f7/resource/a79f7297-9b20-427a-be79-d286daa92412,1.0,"Sep 1, 2026"
search.open.canada.ca/grants/download/8fa0f129-adc1-4760-ba59-81d0acfd4a15,1.0,"Sep 1, 2026"
open.canada.ca/data/en/dataset/f7e5498e-0ad8-4417-85c9-9b8aff9b9eda/resource/5f5fa9ca-b621-4dac-91d1-25654a25735c,1.0,"Sep 1, 2026"
open.canada.ca/data/en/dataset/db177a8c-5d7d-49eb-8290-31e6a45d786c/resource/f49d3696-eb6f-4a85-87c2-3e83a09f9fa5,1.0,"Sep 1, 2026"
open.canada.ca/data/dataset/9253a01b-f1d9-4b67-ba98-857667827c7b/resource/0b8cb01c-1333-4f33-afe6-3043c7b6cde0,1.0,"Sep 1, 2026"
ouvert.canada.ca/data/dataset/f52a6457-fb37-4267-acde-11a1e57c4dc8/resource/3f894e90-978b-4fea-be61-bb220693b3eb,1.0,"Sep 1, 2026"
ouvert.canada.ca/data/fr/dataset/b8c79d2f-3bd7-4f26-8102-be268be1582b/resource/ee50bb6b-c80c-4151-9a3d-bc9affc6b663,1.0,"Sep 1, 2026"
open.canada.ca/data/en/dataset/e3c3c580-996a-4668-8bc5-6aa7c7dc4932,1.0,"Sep 1, 2026"
open.canada.ca/data/en/dataset/8ee79eb8-9e2c-4fb0-a2a5-51f54f2f383f/resource/3f184cba-cfd4-471d-b3c3-89894399b33c,1.0,"Sep 1, 2026"
open.canada.ca/data/en/dataset/c5df3a4d-2520-4dcb-8445-0cff5107bb92,1.0,"Sep 1, 2026"
open.canada.ca/data/en/dataset/ef0e0f90-c30c-4dce-810f-3a64f1115e78/resource/5627dc3e-73cd-4cdf-b84e-07bcf230b2e5,1.0,"Sep 1, 2026"
open.canada.ca/data/en/dataset/fb1c834b-5a59-44f4-8ed9-6585e826f88d,1.0,"Sep 1, 2026"
ouvert.canada.ca/data/fr/dataset/43a63c4f-b08e-4c53-99bb-20b90b83c6c0/resource/21254102-1c5b-42ff-96d2-fcb0ff447186,1.0,"Sep 1, 2026"
open.canada.ca/data/en/dataset/7d95e2f5-83de-4c3d-b642-f37f512edeb4/resource/6b05104f-2fdb-4997-9255-63b3c24556ef,1.0,"Sep 1, 2026"
open.canada.ca/data/en/dataset/38ef4d26-b838-447b-b874-9233a0884cf0,1.0,"Sep 1, 2026"
open.canada.ca/data/en/dataset/cb041f8f-8893-11e0-b9f8-6cf049291510/resource/58292bd3-e5dc-4ba8-8361-bf3aac369488,1.0,"Sep 1, 2026"
open.canada.ca/data/en/dataset/138006a1-e303-4800-b754-4ded68e695d9,1.0,"Sep 1, 2026"
open.canada.ca/data/en/dataset/4c9f59d6-667f-8285-a75d-25ac73d61e9b,1.0,"Sep 1, 2026"
open.canada.ca/data/en/dataset/1b3f5723-3f29-413f-b82d-a39913aecf64/resource/f17b7dfc-f8e8-4ce9-bf06-f8c2394f31e5,1.0,"Sep 1, 2026"
open.canada.ca/data/en/dataset/49ea6767-d343-311e-de84-b1390cef5c7b,1.0,"Sep 1, 2026"
open.canada.ca/data/en/dataset/4b2b3e81-4740-42de-923f-963f551b2d64/resource/df82d7d1-416b-45f1-ae94-1bb89a9260e9,1.0,"Sep 1, 2026"
open.canada.ca/data/en/dataset/496ff9b7-b7d1-5b90-95ae-8aafb1af90ec/resource/b339fc9d-95b3-4576-9988-f7bc70f218b4,1.0,"Sep 1, 2026"
search.open.canada.ca/grants/download/e2f72a20-5889-4e86-aa97-75dccccf7818,1.0,"Sep 1, 2026"
open.canada.ca/data/en/info/1591ec0d-ba21-4c33-9317-9d9f1cf49245/resource/faec9087-1553-420a-a628-e268e497c3d9,1.0,"Sep 1, 2026"
open.canada.ca/data/en/dataset/2a4d089f-2923-4c8e-a726-fb3bd6783fb9/resource/feeed637-4ee5-4b1e-8c1c-b73c56c1321c,1.0,"Sep 1, 2026"
ouvert.canada.ca/data/dataset/44e83031-ac0f-4789-82b7-47c6a5793415/resource/a7a2864e-92a7-4f4b-a198-c1dc794aa3c4,1.0,"Sep 1, 2026"
open.canada.ca/data/en/dataset/d4f80bd3-17e3-a7e8-4bfe-d22a430678d5,1.0,"Sep 1, 2026"
ouvert.canada.ca/data/dataset/05b3abd0-e70f-4b3b-a9c5-acc436bd15b6/resource/aff519a3-a71e-4934-b052-dd29419be224,1.0,"Sep 1, 2026"
open.canada.ca/data/en/dataset/cd36c2e3-f2ad-4654-8954-25e79a346b36/resource/2d6542bf-2f9f-444b-86a1-928030a62f18,1.0,"Sep 1, 2026"
open.canada.ca/data/en/dataset/18bf3ea7-1940-46ec-af52-9ba3f77ed708/resource/32606a6a-03f6-427b-a365-82b1f5026eb2,1.0,"Sep 1, 2026"
open.canada.ca/data/en/dataset/20f94cee-a316-4a53-8ce9-83ad6e70eefd,1.0,"Sep 1, 2026"
open.canada.ca/data/en/dataset/3bda8899-279a-46fc-9ad9-8dee68d05def/resource/e163ddd6-c924-4abf-bfb7-1588648a6b77,1.0,"Sep 1, 2026"
open.canada.ca/data/en/dataset/736fa9b2-62e4-4e31-aea4-51869605b363/resource/d2639429-c304-45a6-90b3-770562f4d46d,1.0,"Sep 1, 2026"
open.canada.ca/data/en/dataset/b2606c69-087d-4330-ad1d-122639b0cad0/resource/843cd813-5dfe-4407-97fd-e665de2e669f,1.0,"Sep 1, 2026"
ouvert.canada.ca/data/fr/dataset/42505498-ce5a-4b87-8505-6a606ddf4229,1.0,"Sep 1, 2026"
open.canada.ca/data/en/dataset/92697343-d36d-4427-a1a8-ebac6b2725cc,1.0,"Sep 1, 2026"
open.canada.ca/data/en/dataset/1d946396-cf9a-4fa1-8942-4541063bfba4/resource/0de26c1d-a0b6-4a72-a9ef-3e29c6b8a9cd,1.0,"Sep 1, 2026"
open.canada.ca/data/en/dataset/500e414e-4b10-44b1-b46e-c2ae4a011a30,1.0,"Sep 1, 2026"
open.canada.ca/data/en/dataset/a376864b-18f2-49d8-9b98-1b7268ffb3c0/resource/e9b75bbe-8223-47ec-a2cb-e9c5b41227fa,1.0,"Sep 1, 2026"
open.canada.ca/data/en/dataset/4a888a96-3ad7-42e2-8206-31a36c8f679e,1.0,"Sep 1, 2026"
open.canada.ca/data/en/dataset/10ce43bd-fb58-4969-806b-4bffebc87bec/resource/2a7a17bf-b67c-4fc2-b636-959c7f1d7ae4,1.0,"Sep 1, 2026"
open.canada.ca/data/en/dataset/0e5d0190-70a6-4c37-874f-8416849119b5/resource/fbcb37ae-8860-4170-84c5-0e0ff1ecc4f1,1.0,"Sep 1, 2026"
open.canada.ca/data/en/dataset/502b8125-e48b-443a-b463-a5b76eda8c25/resource/a7761b27-ab78-4228-b46b-7fdbbecb2dbf,1.0,"Sep 1, 2026"
open.canada.ca/data/en/dataset/cb4b563d-23f7-4fe9-8dc1-eac45612a934/resource/30b85145-13b8-4c02-882c-f8d612bd21c1,1.0,"Sep 1, 2026"
ouvert.canada.ca/data/fr/dataset/74f2472e-5bb9-4d2d-8be5-0931c96eeeff,1.0,"Sep 1, 2026"
open.canada.ca/data/en/dataset/04f5b200-bab1-4ecf-bd1a-0cd2f55cb34d/resource/6cf97210-a12f-4b34-b5d3-e2e5713567fa,1.0,"Sep 1, 2026"
open.canada.ca/data/en/dataset/e6a24ec1-1b78-4872-9573-1c1fefe41d1c,1.0,"Sep 1, 2026"
open.canada.ca/data/en/dataset/ac3515d6-2753-47a5-8575-35be7d127f43/resource/56bc0585-6c1b-4f0c-86c3-30d0cc0302f8,1.0,"Sep 1, 2026"
open.canada.ca/data/en/dataset/791de1ec-7fc8-48f1-a4e4-8bbaebc67080/resource/8726f371-eb34-4fee-984a-8e97b5115e56,1.0,"Sep 1, 2026"
ouvert.canada.ca/data/fr/dataset/1358284b-26e7-4c69-abd8-398d3da2c270,1.0,"Sep 1, 2026"
open.canada.ca/data/en/dataset/d3881c4c-650d-4070-bf9b-1e00aabf0a1d,1.0,"Sep 1, 2026"
open.canada.ca/data/en/dataset/c5df3a4d-2520-4dcb-8445-0cff5107bb92/resource/c3fa7838-2711-4605-bd54-58a7a30cbd99,1.0,"Sep 1, 2026"
ouvert.canada.ca/data/fr/dataset/40e01423-7728-429c-ac9d-2954385ccdfb,1.0,"Sep 1, 2026"
open.canada.ca/data/en/dataset/481d6d4d-a536-4df9-9e9c-7473cd2ed89e/resource/84f6cb7b-e0c8-4618-be17-c3385d60bf72,1.0,"Sep 1, 2026"
open.canada.ca/data/en/dataset/f2303645-5952-4766-bd5c-3b9b50dda1ca/resource/5c43a80b-6612-482b-b0e7-bfc3df931da2,1.0,"Sep 1, 2026"
open.canada.ca/data/en/dataset/5f46f0c0-277f-479c-b34d-a1385f0fe88b/resource/fd095dfd-c038-49ef-baa5-3f4a29d5c704,1.0,"Sep 1, 2026"
ouvert.canada.ca/data/fr/dataset/c1b0f627-8c29-427c-ab73-33968ad9176e,1.0,"Sep 1, 2026"
open.canada.ca/data/dataset/1a09c5c1-3554-4b70-9e53-6322a72ec7d4/resource/d56a0e08-f90c-4923-adbc-f1ca54463e19,1.0,"Sep 1, 2026"
open.canada.ca/data/en/dataset/c1b0f627-8c29-427c-ab73-33968ad9176e,1.0,"Sep 1, 2026"
open.canada.ca/data/en/dataset/c6879faf-2bc7-4c84-999c-0626ae33ec84/resource/c9d9e342-1a99-4200-81bd-8a63039e5a8d,1.0,"Sep 1, 2026"
open.canada.ca/data/en/dataset/b1126a07-fd85-4d56-8395-143aba1747a4/resource/a838caf9-5fd2-4dcd-85ee-5fe86df35071,1.0,"Sep 1, 2026"
open.canada.ca/data/en/dataset/498a6086-e7c3-440c-b4d3-22fc6c5599a9/resource/8f2ad233-0438-4a24-8a90-56ebc01fc371,1.0,"Sep 1, 2026"
open.canada.ca/data/en/dataset/9485d74f-7711-41f2-b8fc-3822417de022/resource/5793f588-912c-475e-a240-a2a258395afd,1.0,"Sep 1, 2026"
open.canada.ca/data/en/dataset/4610968d-dff2-4449-8cf7-fdbc0fc3d279,1.0,"Sep 1, 2026"
open.canada.ca/data/en/dataset/05b3abd0-e70f-4b3b-a9c5-acc436bd15b6/resource/d205c11b-9803-4d3a-8ac8-ab7b648d145b,1.0,"Sep 1, 2026"
open.canada.ca/data/en/dataset/055919c2-101e-4329-bfd7-1d0c333c0e62,1.0,"Sep 1, 2026"
ouvert.canada.ca/data/fr/dataset/b6cbcf4d-f763-4924-a2fb-8cc4a06e3de4/resource/46bee0ae-2abf-40f8-ab56-91ebe529a4ba,1.0,"Sep 1, 2026"
open.canada.ca/data/en/dataset/71c25df1-0577-43f7-b9f8-95cc321e7cbc/resource/744d904b-9eca-459d-b8bf-5c3cac281fe6,1.0,"Sep 1, 2026"
ouvert.canada.ca/data/fr/dataset/34e547e9-8e2f-472c-829b-c3c9d2396555/resource/ef82fcff-0d02-445a-9d36-afa8593fd902,1.0,"Sep 1, 2026"
open.canada.ca/data/en/dataset/f82f66f2-a22b-4511-bccf-e1d74db39ae5/resource/3fa31e47-cb51-4556-9096-358ea06acc38,1.0,"Sep 1, 2026"
open.canada.ca/data/en/dataset/81cc47ac-e88d-4b7f-9318-8774a2d919e6,1.0,"Sep 1, 2026"
open.canada.ca/data/dataset/08805015-0a8c-4e43-a15d-0551c6cd8911/resource/79c3e27b-3132-480c-b1ff-160ccc44f16f,1.0,"Sep 1, 2026"
open.canada.ca/data/en/dataset/ed4d48f3-750f-4eeb-93f9-cb62be138264,1.0,"Sep 1, 2026"
open.canada.ca/data/dataset/0e1e57aa-e664-41b5-a69f-d814d4407d62,1.0,"Sep 1, 2026"
open.canada.ca/data/en/dataset/3ff1e1de-d665-4398-a12a-e8ce55f887ac,1.0,"Sep 1, 2026"
open.canada.ca/data/en/dataset/06d31e10-a2a8-4d53-9ff3-567714a0a9f3/resource/a42d8d12-aab3-479f-938f-22ba99cec314,1.0,"Sep 1, 2026"
ouvert.canada.ca/data/fr/dataset/1211010d-9ba0-422a-9910-a8dab0aef0f0/resource/151b8ec3-8c56-422d-a102-0d1f519d36bc,1.0,"Sep 1, 2026"
open.canada.ca/data/en/dataset/1c949987-310c-4bd8-adaa-a9268332e4c0,1.0,"Sep 1, 2026"
ouvert.canada.ca/data/fr/dataset/873cfcb0-1c9b-4a48-a366-076697069bb9/resource/90c1419c-1db7-4824-9b7a-cdd47f3dd908,1.0,"Sep 1, 2026"
search.open.canada.ca/contracts/download/24e5b885-4866-4d8d-b847-2e46de075fe4,1.0,"Sep 1, 2026"
open.canada.ca/data/en/dataset/8beacccf-3b54-4d12-9cf7-24e2ada90a83,1.0,"Sep 1, 2026"
open.canada.ca/data/en/dataset/9e11e114-ef0d-4814-8d93-24af23716489,1.0,"Sep 1, 2026"
open.canada.ca/data/dataset/1a09c5c1-3554-4b70-9e53-6322a72ec7d4/resource/44c20f16-220f-44a0-86f7-b2839ed12085,1.0,"Sep 1, 2026"
open.canada.ca/data/en/dataset/10ce43bd-fb58-4969-806b-4bffebc87bec/resource/23cc8060-9dfc-44a4-9c9d-cd49363cb5af,1.0,"Sep 1, 2026"
open.canada.ca/data/dataset/903c41c4-09c7-4af9-a43c-af3b6ff5c705,1.0,"Sep 1, 2026"
open.canada.ca/data/en/dataset/0e62c919-4933-40d4-8e77-8057f343e8af/resource/7973c301-1a81-41dc-9067-dbfae4d4931f,1.0,"Sep 1, 2026"
open.canada.ca/data/en/dataset/f82f66f2-a22b-4511-bccf-e1d74db39ae5/resource/3c8499c2-4e27-493c-9c62-1883eb1d091d,1.0,"Sep 1, 2026"
open.canada.ca/data/en/dataset/80c00cdb-1358-415c-bb8b-0de7f12675b8/resource/37fe5088-b30c-4713-9a42-5a3e7e08fcb0,1.0,"Sep 1, 2026"
search.open.canada.ca/travelq/download/d44b3ae2-0b21-47c5-8e15-0a5ecdb4df43,1.0,"Sep 1, 2026"
open.canada.ca/data/en/dataset/2ee0fda2-c38b-48d3-9159-dc5b8605383f,1.0,"Sep 1, 2026"
open.canada.ca/data/en/dataset/1dc7cdcd-5a1c-450a-9544-2a98a3011d61/resource/a9a1b7d3-407a-4c5b-a343-c128b6b75293,1.0,"Sep 1, 2026"
open.canada.ca/data/dataset/e25aa5d6-8878-452b-8aa8-2e0f71b83e52/resource/029c1b2e-7877-4de6-bb03-37952bd63917,1.0,"Sep 1, 2026"
search.open.canada.ca/data/download/4a184c6b-f352-4b20-8472-2417a2769fe7,1.0,"Sep 1, 2026"
open.canada.ca/data/en/dataset/d22354e8-cb01-5262-aed5-1de48d1ffb0a,1.0,"Sep 1, 2026"
open.canada.ca/data/en/dataset/f7e5498e-0ad8-4417-85c9-9b8aff9b9eda/resource/166ea45e-4919-47c9-b1a6-35c4bdf51c03,1.0,"Sep 1, 2026"
open.canada.ca/data/en/dataset/92697343-d36d-4427-a1a8-ebac6b2725cc/resource/0c847794-4f0f-4aa4-bd0e-2c3bcd4702df,1.0,"Sep 1, 2026"
open.canada.ca/data/en/dataset/43a63c4f-b08e-4c53-99bb-20b90b83c6c0/resource/21254102-1c5b-42ff-96d2-fcb0ff447186,1.0,"Sep 1, 2026"
open.canada.ca/data/en/dataset/06d31e10-a2a8-4d53-9ff3-567714a0a9f3/resource/f9d321f3-fbec-4069-950d-b0a8d09dfff1,1.0,"Sep 1, 2026"
open.canada.ca/data/en/dataset/712e7355-91d7-7b4f-9d46-1e7b5561cd95,1.0,"Sep 1, 2026"
open.canada.ca/data/en/dataset/33fc635f-d41e-4702-89f6-f6e8837dc568,1.0,"Sep 1, 2026"
open.canada.ca/data/en/dataset/20e546a9-f626-4e14-bdac-56f6803daf5b,1.0,"Sep 1, 2026"
open.canada.ca/data/en/dataset/80c00cdb-1358-415c-bb8b-0de7f12675b8/resource/dec91969-9c33-452d-94f1-35b6d429f244,1.0,"Sep 1, 2026"
open.canada.ca/data/en/info/69c68f22-8a2a-43d1-8f4e-4017e3ffebba/resource/1ffc4a5e-e41b-48c7-929e-633d023ef8dc,1.0,"Sep 1, 2026"
open.canada.ca/data/en/dataset/cdc419ab-80e6-772c-2822-511d0ca0fa5d,1.0,"Sep 1, 2026"
open.canada.ca/data/en/dataset/0eaf158e-9c94-5416-92d1-f5ceae31b99a/resource/c77aac38-8b8b-411d-9758-8728e6dfa900,1.0,"Sep 1, 2026"
open.canada.ca/data/en/dataset/a35cf382-690c-4221-a971-cf0fd189a46f/resource/27e54a33-3c39-42a9-8d58-46dd37c527e5,1.0,"Sep 1, 2026"
open.canada.ca/data/en/dataset/fcbc0200-79ba-4fa4-94a6-00e32facea6b,1.0,"Sep 1, 2026"
open.canada.ca/data/en/dataset/85d3990a-ec0a-4436-8ebd-150de3ba0747/resource/5fc41332-2521-41a2-9565-76762370310f,1.0,"Sep 1, 2026"
open.canada.ca/data/en/dataset/d4f80bd3-17e3-a7e8-4bfe-d22a430678d5/resource/0037f487-16f6-4050-8310-bb69d2e61a1d,1.0,"Sep 1, 2026"
open.canada.ca/data/en/dataset/c018c2e5-97f9-4249-b183-097aae572e71,1.0,"Sep 1, 2026"
open.canada.ca/data/en/dataset/7069387e-9986-4297-9f55-0288e9676947/resource/bc081c9f-7264-4ffe-bbbf-6cd12975f0f0,1.0,"Sep 1, 2026"
open.canada.ca/data/en/dataset/61173db1-d9a3-4379-82f0-66812e619eba,1.0,"Sep 1, 2026"
open.canada.ca/data/en/dataset/d8f85d91-7dec-4fd1-8055-483b77225d8b/resource/06842a57-7aac-4244-9ea9-4c5b62c36caa,1.0,"Sep 1, 2026"
ouvert.canada.ca/data/fr/dataset/293819ae-961c-4ecc-9f88-34f0b6d8330c/resource/593dac9e-122e-4421-8155-ec44c5b4acf4,1.0,"Sep 1, 2026"
open.canada.ca/data/en/dataset/b1126a07-fd85-4d56-8395-143aba1747a4/resource/290f3412-e6b7-4811-b738-c360e11d22ef,1.0,"Sep 1, 2026"
open.canada.ca/data/en/dataset/b0e2476e-30a2-4ab3-ba5f-d680af5550f2,1.0,"Sep 1, 2026"
open.canada.ca/data/en/dataset/980d598c-73c9-4003-b6e1-78a9a3081b6c/resource/bfd485d6-2d1e-4167-9835-7ed62494daf9,1.0,"Sep 1, 2026"
open.canada.ca/data/en/dataset/c6879faf-2bc7-4c84-999c-0626ae33ec84,1.0,"Sep 1, 2026"
open.canada.ca/data/en/dataset/dc343c43-a592-4a27-8ee7-c77df56afb34/resource/16b8379f-4ea9-4094-8568-e9e560f00d6c,1.0,"Sep 1, 2026"
open.canada.ca/data/en/dataset/af73a64b-c8fd-4535-b9d6-3aacaf745be6,1.0,"Sep 1, 2026"
open.canada.ca/data/en/dataset/791de1ec-7fc8-48f1-a4e4-8bbaebc67080/resource/b9c04c85-4395-4d14-adf4-a20991a18298,1.0,"Sep 1, 2026"
open.canada.ca/data/en/info/06d31e10-a2a8-4d53-9ff3-567714a0a9f3/resource/a42d8d12-aab3-479f-938f-22ba99cec314,1.0,"Sep 1, 2026"
open.canada.ca/data/en/dataset/b6cbcf4d-f763-4924-a2fb-8cc4a06e3de4/resource/a18fc8e4-8b76-4a08-83a5-81bdbb7680f4,1.0,"Sep 1, 2026"
open.canada.ca/data/en/dataset/cd36c2e3-f2ad-4654-8954-25e79a346b36,1.0,"Sep 1, 2026"
open.canada.ca/data/en/dataset/4d44d14e-e2e3-41c4-b3d0-56b49f5eb0a4/resource/53ee4945-4fc4-4ce3-81ef-5c5e02a6d096,1.0,"Sep 1, 2026"
open.canada.ca/data/en/dataset/cb642c60-b3ba-499f-a63c-bd61a28a9f3f/resource/31ecbdc7-ef04-407e-bf47-dca70d1b1ec1,1.0,"Sep 1, 2026"
ouvert.canada.ca/data/fr/dataset/004de02c-19f1-4da0-9af8-33f893e41972/resource/8c632637-12a0-45e4-ab3e-95b31b0b295c,1.0,"Sep 1, 2026"
open.canada.ca/data/dataset/e8c42d2b-f8e4-4c7f-8540-9f7b3681ee41,1.0,"Sep 1, 2026"
ouvert.canada.ca/data/fr/dataset/2fa2b472-4b96-421c-9982-e238adcce758/resource/81e2f3f6-bfae-4c1b-b0fb-d10e8ac98ac0,1.0,"Sep 1, 2026"
search.open.canada.ca/data/download/11c0765a-ac02-4c9f-8ad6-f65db24032df,1.0,"Sep 1, 2026"
open.canada.ca/data/en/dataset/13c319e7-4a10-4cf8-953c-c8b8add0afba,1.0,"Sep 1, 2026"
open.canada.ca/data/en/dataset/85458f98-1ef4-4e33-a4d0-241c01231e3a,1.0,"Sep 1, 2026"
ouvert.canada.ca/data/fr/dataset/b0488a2e-e784-4b2d-aa88-3a4829b1d708/resource/062e1ac9-62a6-40fb-90e6-2ab684a90295,1.0,"Sep 1, 2026"
open.canada.ca/data/en/dataset/f4e25ea2-e070-448c-9105-129807f5fc3a/resource/7dbae74e-778f-40f7-bb7a-8cb3eaf2422e,1.0,"Sep 1, 2026"
open.canada.ca/data/en/dataset/ef8476ed-b02d-4f5c-b778-0d44c9126144/resource/4cbfd43d-866b-497e-a59b-0ee7890ea950,1.0,"Sep 1, 2026"
open.canada.ca/data/en/dataset/2af751e7-79f9-4da8-9b45-14688818dca3/resource/5a700271-e973-43c6-b88d-2919fbea7bd9,1.0,"Sep 1, 2026"
open.canada.ca/data/en/dataset/7a098ea9-cc31-4d79-b326-89f6cd1fbb7d/resource/786c2c73-2536-4f0f-9a63-6feece9ee48a,1.0,"Sep 1, 2026"
open.canada.ca/data/en/dataset/fd0cb5c2-a9f1-45d7-b4df-835a416411d5,1.0,"Sep 1, 2026"
open.canada.ca/data/en/dataset/80c00cdb-1358-415c-bb8b-0de7f12675b8/resource/2160ad68-860e-4924-af63-a4eb70afa1f0,1.0,"Sep 1, 2026"
open.canada.ca/data/en/dataset/360024f2-17e9-4558-bfc1-3616485d65b9/resource/9b20b866-de27-436c-bc1b-c5d470a25507,1.0,"Sep 1, 2026"
ouvert.canada.ca/data/fr/dataset/d3881c4c-650d-4070-bf9b-1e00aabf0a1d/resource/44e5da51-5add-4846-a420-ed8382e25367,1.0,"Sep 1, 2026"
ouvert.canada.ca/data/fr/dataset/b8c79d2f-3bd7-4f26-8102-be268be1582b/resource/59b52369-c67c-414f-83b3-ddfdbb07febe,1.0,"Sep 1, 2026"
open.canada.ca/data/en/dataset/e7034dbd-1c6e-45de-fcf4-85c6f6fd7d7d/resource/d71f80b2-256d-478f-8fba-0d4b70d3522a,1.0,"Sep 1, 2026"
open.canada.ca/data/en/dataset/a348c1d1-2392-4595-b5e2-c6a244a7e87f/resource/230a9eb5-98ab-49cf-bb78-88f08cff9ac6,1.0,"Sep 1, 2026"
open.canada.ca/data/en/dataset/dc343c43-a592-4a27-8ee7-c77df56afb34/resource/999ce2ea-60da-410c-ada0-aebf14d43793,1.0,"Sep 1, 2026"
open.canada.ca/data/en/dataset/0840231b-5bbf-447f-81ce-3ec0673aefc4,1.0,"Sep 1, 2026"
open.canada.ca/data/en/dataset/2909a648-5753-4924-878a-b069392d9cde/resource/22d58168-f6d2-4a89-ad20-4980e9e7530d,1.0,"Sep 1, 2026"
open.canada.ca/data/en/dataset/f82f66f2-a22b-4511-bccf-e1d74db39ae5/resource/a4c40bf2-0370-4e0d-ac16-aadc00cdbadc,1.0,"Sep 1, 2026"
open.canada.ca/data/en/dataset/976bb4f8-2b63-4150-910c-1f8e094cc83a,1.0,"Sep 1, 2026"
ouvert.canada.ca/data/fr/dataset/6e47f705-71ed-41f0-8fd5-d1a8508a3b63/resource/b36ac8a0-5ceb-40a4-8d59-a6f56122abfd,1.0,"Sep 1, 2026"
open.canada.ca/data/en/dataset/a376864b-18f2-49d8-9b98-1b7268ffb3c0/resource/82a88044-4555-47ff-84a3-02a5a5610310,1.0,"Sep 1, 2026"
ouvert.canada.ca/data/fr/dataset/baad3bb6-5879-4e34-a4a6-a43212706cb7/resource/830fcb79-465d-4fe5-92ab-e369bf9f430e,1.0,"Sep 1, 2026"
open.canada.ca/data/en/dataset/7320b4ee-39d1-4bc2-a7fe-74259ec162d1/resource/0e9d7be8-9d77-484a-a923-4a3a60daac44,1.0,"Sep 1, 2026"
open.canada.ca/data/en/dataset/b3d0faf2-828f-488c-ab00-690f2df8d665/resource/54876de7-c9f9-4f5b-a212-dff1c684c1ea,1.0,"Sep 1, 2026"
open.canada.ca/data/en/dataset/b7d5f4db-6e1e-49e4-8712-d16db93f56a1/resource/2090cb39-ad40-4227-aef0-39c8b3ec2ae9,1.0,"Sep 1, 2026"
open.canada.ca/data/en/dataset/45a00be0-d572-4e42-be18-1bbaaf6c85ee,1.0,"Sep 1, 2026"
ouvert.canada.ca/data/fr/dataset/976bb4f8-2b63-4150-910c-1f8e094cc83a/resource/8620a7fd-2891-43b3-bd8d-2b5324702cfc,1.0,"Sep 1, 2026"
ouvert.canada.ca/data/fr/dataset/dcedda6c-3c72-4ba3-9c05-36774279ff30,1.0,"Sep 1, 2026"
open.canada.ca/data/en/dataset/b34089f5-9861-5c58-aaf7-f0475afa5418/resource/bb6d007b-0dee-4008-a877-188197565ee0,1.0,"Sep 1, 2026"
open.canada.ca/data/en/dataset/7f5b2c8f-f3e8-47b2-a5b6-0f736f3613eb/resource/aa4a392d-12b5-47fc-bb54-954bc83ad2d3,1.0,"Sep 1, 2026"
open.canada.ca/data/en/dataset/0e52f1b0-089a-430e-bbd1-1367d7328a2e/resource/b6db2152-8bb4-4d4b-9220-1b04d6507917,1.0,"Sep 1, 2026"
open.canada.ca/data/en/dataset/4444b25a-cd38-46b8-bfb8-15e5d28ba4e7,1.0,"Sep 1, 2026"
open.canada.ca/data/en/dataset/1fab2afd-4f3c-4922-a07e-58d7bed9dcfc/resource/5ddf2bac-666e-4342-81c8-59274da78425,1.0,"Sep 1, 2026"
open.canada.ca/data/en/dataset/262451e7-6416-47b5-8453-f31d212ea657/resource/4076469c-d61e-4c82-9e3e-b49873a4152e,1.0,"Sep 1, 2026"
open.canada.ca/data/en/dataset/d8e94369-43ad-4fee-a9e9-57901906cc99/resource/87e5c2bd-64cb-48d0-9ec3-f7692b03e2a6,1.0,"Sep 1, 2026"
open.canada.ca/data/en/dataset/be414e8b-8bc1-4844-a0af-0ad16e6a13cb,1.0,"Sep 1, 2026"
open.canada.ca/data/en/dataset/67d33e1c-0289-49e4-8eb2-85ac731197a0/resource/5c25a830-2abc-4960-8ea9-9c727e2fb228,1.0,"Sep 1, 2026"
open.canada.ca/data/en/dataset/a851ce30-e216-4d7d-a29c-05631eef140e/resource/1857e9f7-6039-4629-804b-53b4bd15ccee,1.0,"Sep 1, 2026"
open.canada.ca/data/en/dataset/86e2e0c7-150b-4a2b-b90c-ebc62f26f8a2/resource/347e7727-4335-43b6-be8d-38a27a18b11d,1.0,"Sep 1, 2026"
open.canada.ca/data/en/dataset/261c32ab-4cfd-4f81-9dea-7b64065690dc,1.0,"Sep 1, 2026"
open.canada.ca/data/en/dataset/1fb7d8d4-7713-4ec6-b957-4a882a84fed3/resource/01280212-0faf-47fc-b1f9-db99a627303c,1.0,"Sep 1, 2026"
open.canada.ca/data/en/dataset/16ec36d1-b320-4dcd-b71f-94670a59095a/resource/360dbbcc-3979-439f-afd9-e4450b7245ed,1.0,"Sep 1, 2026"
open.canada.ca/data/en/dataset/e8a3fc19-6016-4c90-a5c0-eb35233d708e/resource/50fa690b-703f-45ae-9d0c-aed46c571ad4,1.0,"Sep 1, 2026"
open.canada.ca/data/en/dataset/5b99672b-69ff-5d08-b26b-10da06f8e30c/resource/814f52f7-465d-4ebc-996f-d62c426eee6e,1.0,"Sep 1, 2026"
open.canada.ca/data/en/dataset/d9f565a0-22df-4433-ae10-b27c7f20e6f3,1.0,"Sep 1, 2026"
open.canada.ca/data/en/dataset/52e4b14b-597a-4ecf-a184-23a6e69b0d57/resource/ff057c3c-b966-4a76-b254-2fe6a6b77a4f,1.0,"Sep 1, 2026"
search.open.canada.ca/grants/download/89629762-e69a-40ad-b567-824384717c0b,1.0,"Sep 1, 2026"
open.canada.ca/data/en/dataset/522b07b9-78e2-4819-b736-ad9208eb1067/resource/8d1f0027-2879-4a5e-beed-13debad11f0d,1.0,"Sep 1, 2026"
open.canada.ca/data/en/dataset/f82f66f2-a22b-4511-bccf-e1d74db39ae5/resource/1bcfe8d1-0ec8-4494-b895-d2458520064b,1.0,"Sep 1, 2026"
open.canada.ca/data/en/dataset/f2d6263a-8b65-4350-9515-345875c6bebf/resource/ee01df24-f150-41bb-91c7-a61aa607e0c3,1.0,"Sep 1, 2026"
open.canada.ca/data/en/dataset/4e7bad54-07ba-5a95-8d6e-06dda1ae0644,1.0,"Sep 1, 2026"
open.canada.ca/data/en/dataset/fce26341-9172-4fb9-b896-eaa5ceaedf89/resource/aeda67cb-2a2c-4a3b-bf22-0128ca798649,1.0,"Sep 1, 2026"
open.canada.ca/data/en/dataset/7562ebc0-4110-4161-a6d3-5f3f32ffab95,1.0,"Sep 1, 2026"
open.canada.ca/data/en/dataset/aa8a85f7-ed42-4c1e-b78d-bb814163c1d3/resource/e7c9109d-a1d8-4cf6-925e-eb0b6be295fd,1.0,"Sep 1, 2026"
open.canada.ca/data/en/dataset/b6567c5c-8339-4055-99fa-63f92114d9e4/resource/f0234d45-77df-4ffa-8838-668426b45f0e,1.0,"Sep 1, 2026"
open.canada.ca/data/en/dataset/2b44d212-5438-47a9-ad23-20eb8ada9709,1.0,"Sep 1, 2026"
open.canada.ca/data/en/dataset/71bd9fb2-03db-4a3e-9d81-261d88bc79c6,1.0,"Sep 1, 2026"
open.canada.ca/data/en/dataset/76defa14-473e-41e2-abfa-60021c4d934b/resource/41883787-def4-4cdd-bccd-71d76b32d9d0,1.0,"Sep 1, 2026"
search.open.canada.ca/data/download/7695dffe-e3ae-4b56-81a3-054c0dd77fc0,1.0,"Sep 1, 2026"
open.canada.ca/data/en/dataset/ef0e0f90-c30c-4dce-810f-3a64f1115e78/resource/e6e5f103-7e98-4d59-9983-099766d01384,1.0,"Sep 1, 2026"
search.open.canada.ca/contracts/download/ac0b070a-633f-4a45-935b-d14d1aba1c08,1.0,"Sep 1, 2026"
open.canada.ca/data/en/dataset/bfc25c69-84a5-4f6c-bbf2-7528233c3541,1.0,"Sep 1, 2026"
ouvert.canada.ca/data/fr/dataset/a733fb88-ddaf-47f8-95bb-e107630e8e62/resource/6dbea53a-2387-495b-a87d-58591e09da07,1.0,"Sep 1, 2026"
open.canada.ca/data/en/dataset/4fe645a1-ffcd-40c1-9385-2c771be956a4/resource/61bd2956-9a7f-4e8e-bc21-ba2e5a16c758,1.0,"Sep 1, 2026"
open.canada.ca/data/en/dataset/b8a34d1b-d27f-4506-973c-d2ea2f68c623/resource/b86afb9b-fa9f-4e2b-aa00-eaee5c897e32,1.0,"Sep 1, 2026"
open.canada.ca/data/en/dataset/f7e5498e-0ad8-4417-85c9-9b8aff9b9eda/resource/0d2c1908-6ba5-4571-b0a3-d3652e33aa4a,1.0,"Sep 1, 2026"
open.canada.ca/data/en/dataset/d892511c-d851-4f85-a0ec-708bc05d2810/resource/5d980959-af8e-4e5d-a5bb-6636a566c381,1.0,"Sep 1, 2026"
open.canada.ca/data/en/dataset/bf00b7f4-e370-46b7-94e4-0bdedc98531b/resource/a057a293-8940-49f9-a4a9-cd2635a3a4d1,1.0,"Sep 1, 2026"
open.canada.ca/data/dataset/20e546a9-f626-4e14-bdac-56f6803daf5b/resource/58871e88-1363-42b7-bc42-d63678aa85ec,1.0,"Sep 1, 2026"
open.canada.ca/data/en/dataset/1358284b-26e7-4c69-abd8-398d3da2c270/resource/83161e84-f59d-4703-8ca9-fcc3fd2a84ac,1.0,"Sep 1, 2026"
open.canada.ca/data/en/dataset/20e546a9-f626-4e14-bdac-56f6803daf5b/resource/c8b40bc2-fc87-4dcd-b397-257ddf3c06f0,1.0,"Sep 1, 2026"
open.canada.ca/data/en/dataset/c7c19fd6-d004-46d1-83cf-cdd687c3588e/resource/9bbf3a34-33df-4e3d-9d50-5616c8a066c9,1.0,"Sep 1, 2026"
open.canada.ca/data/en/dataset/45711667-7878-4d86-8b5e-d0be5997dd16,1.0,"Sep 1, 2026"
open.canada.ca/data/en/dataset/a9c18c37-b7b9-48ce-ac1d-b40a65bafa9e/resource/e5834186-0e98-4dc0-9830-a94cb5006ed9,1.0,"Sep 1, 2026"
open.canada.ca/data/en/dataset/d733066f-54be-42c7-bd4f-2ce01d7c46ba/resource/a16891bb-03a9-4e86-b316-f427ac232b1c,1.0,"Sep 1, 2026"
open.canada.ca/data/en/dataset/380f8da2-a18e-4747-a29f-7775450b7283/resource/7b319e7b-9e9f-40d7-aeaf-489bfcd6435b,1.0,"Sep 1, 2026"
open.canada.ca/data/en/dataset/71c930b9-563a-46da-a10f-ead49ccbc390,1.0,"Sep 1, 2026"
open.canada.ca/data/en/dataset/b20def75-eff3-4174-a118-8b729c6a991b,1.0,"Sep 1, 2026"
open.canada.ca/data/en/dataset/8ac7fcc1-779c-480c-a31a-3bfca2629cd5/resource/3808dbc0-977f-43b6-8862-b3dfc676b183,1.0,"Sep 1, 2026"
open.canada.ca/data/en/dataset/0797e893-751e-4695-8229-a5066e4fe43c,1.0,"Sep 1, 2026"
open.canada.ca/data/en/dataset/f82f66f2-a22b-4511-bccf-e1d74db39ae5/resource/6a36e73c-b2ac-438e-b603-56ceea01c56b,1.0,"Sep 1, 2026"
open.canada.ca/data/en/dataset/26346ddf-fa5d-4057-b43c-350f644bf1ff/resource/57f47b7b-3640-4bd8-9e41-a699364f3a9c,1.0,"Sep 1, 2026"
open.canada.ca/data/en/dataset/6457fad6-b6f5-47a3-9bd1-ad14aea4b9e0/resource/16d45299-d0e3-4db5-9dd1-64308ed233a7,1.0,"Sep 1, 2026"
open.canada.ca/data/en/dataset/618f4b84-8020-5943-9669-251eec77e3a8,1.0,"Sep 1, 2026"
open.canada.ca/data/en/dataset/4eee1558-45b7-4484-9336-e692897d393f/resource/bcd4035b-e4e4-4b51-868f-ca482e46ba76,1.0,"Sep 1, 2026"
open.canada.ca/data/en/dataset/065439a9-c194-4259-9c95-245a852be4a1/resource/d9ff2144-4591-4ef5-b313-be5012eca3be,1.0,"Sep 1, 2026"
ouvert.canada.ca/data/dataset/4d9de3fb-b72c-5802-9392-165a39a369a4,1.0,"Sep 1, 2026"
open.canada.ca/data/en/dataset/14d93d62-16bf-48da-ae4f-4be21a32e2ad,1.0,"Sep 1, 2026"
open.canada.ca/data/en/dataset/c999d1a9-8333-4871-9226-7d3a53f490a6,1.0,"Sep 1, 2026"
open.canada.ca/data/en/dataset/d151af6e-045a-48ec-9ab0-7e3fcbab97ab,1.0,"Sep 1, 2026"
open.canada.ca/data/en/dataset/76defa14-473e-41e2-abfa-60021c4d934b/resource/b5bc6a75-b893-4760-a170-e402e2f12c3d,1.0,"Sep 1, 2026"
open.canada.ca/data/en/dataset/a75c3d6c-354d-436d-999d-431fb3a9de79,1.0,"Sep 1, 2026"
open.canada.ca/data/en/dataset/39f7a8e3-8df1-4440-9873-3d36344b6bf7/resource/a010c052-f609-421e-857a-74c3c99d600c,1.0,"Sep 1, 2026"
open.canada.ca/data/en/dataset/cb4911f1-89d8-47f0-92e1-2cbfac3d300b,1.0,"Sep 1, 2026"
open.canada.ca/data/en/dataset/3a277f42-00f4-4b39-8343-364108825661/resource/1768b789-645c-4ffb-8bc3-fc7316d09585,1.0,"Sep 1, 2026"
open.canada.ca/data/en/dataset/39aec434-74a6-5ea4-8b9b-707966e1aa3e/resource/0c689c0e-dbf5-4bce-9c37-c03140004f35,1.0,"Sep 1, 2026"
open.canada.ca/data/en/dataset/a3edf193-5c56-4b38-bcc5-c8708c60ce38/resource/587898fe-4b24-4f8f-871f-630a9f4c2e48,1.0,"Sep 1, 2026"
open.canada.ca/data/en/dataset/15eff28d-5b09-4b6a-b528-221973b2a040/resource/95bdf534-34e7-4003-a2f3-64fcbcd97eeb,1.0,"Sep 1, 2026"
open.canada.ca/data/en/dataset/202331df-5e12-4666-a694-abc830649b02,1.0,"Sep 1, 2026"
open.canada.ca/data/en/dataset/5e5d2750-d129-4952-b9fc-f824c5e480b4/resource/d360d2e5-3783-45de-8c7b-ecd5d1f5640c,1.0,"Sep 1, 2026"
open.canada.ca/data/en/dataset/1b6139bd-ed7e-4043-bc28-ff00e10f3109/resource/e1ffee62-58cb-4e3e-b359-115c658388ad,1.0,"Sep 1, 2026"
open.canada.ca/data/en/dataset/a0f65b7d-80aa-45c4-bcd1-a0f4b391241a/resource/761d0261-ed88-43d7-b3bf-e133910ad7c0,1.0,"Sep 1, 2026"
open.canada.ca/data/en/dataset/97a2a33c-54cc-4f2e-82c1-047ad8212f05/resource/c2baf82c-6d6d-43fa-8da8-4c642462d6a9,1.0,"Sep 1, 2026"
open.canada.ca/data/en/dataset/30aeb5c1-4285-46c8-b60b-15b1a6f4258b,1.0,"Sep 1, 2026"
open.canada.ca/data/en/dataset/065439a9-c194-4259-9c95-245a852be4a1/resource/4acf5ea8-cf65-41c3-a585-d515c7cfdb1a,1.0,"Sep 1, 2026"
open.canada.ca/data/en/dataset/0a432534-da5f-4d26-94b2-027d54580ff2,1.0,"Sep 1, 2026"
open.canada.ca/data/en/dataset/98654d8e-9fda-47d4-ad76-889ef3d5c801,1.0,"Sep 1, 2026"
open.canada.ca/data/en/dataset/d151af6e-045a-48ec-9ab0-7e3fcbab97ab/resource/4ce3e55d-c71d-4de5-830f-65a23baf0a0c,1.0,"Sep 1, 2026"
open.canada.ca/data/en/dataset/20112847-4d9e-46bc-a571-945350126962/resource/491311b9-d8fd-469d-8ff3-056e65d70d0a,1.0,"Sep 1, 2026"
open.canada.ca/data/en/dataset/dc343c43-a592-4a27-8ee7-c77df56afb34/resource/990254ab-7ffa-4fcf-883b-94b9231c7074,1.0,"Sep 1, 2026"
open.canada.ca/data/en/dataset/9322c841-1498-4f18-91c5-3e09235f63ac/resource/4c046189-e309-4f06-92b8-6391b65d51d5,1.0,"Sep 1, 2026"
open.canada.ca/data/en/dataset/4add5f7d-ec19-411a-aa00-4289f40521a9,1.0,"Sep 1, 2026"
open.canada.ca/data/en/dataset/59af1c96-fc8f-4fa0-b398-d65e953eadaa/resource/a0491494-264e-4f66-b7a9-eb5c58bbf4fd,1.0,"Sep 1, 2026"
ouvert.canada.ca/data/fr/dataset/5cb32773-e7b1-4681-b82a-43cc39778c1a,1.0,"Sep 1, 2026"
ouvert.canada.ca/data/fr/dataset/90fed587-1364-4f33-a9ee-208181dc0b97/resource/aed9328a-1b42-48bd-a096-75ef06eba025,1.0,"Sep 1, 2026"
open.canada.ca/data/en/dataset/2e6f30d9-857d-4364-8611-5625b59562be/resource/dfd0389f-3e66-4fb8-bc49-a5a158749d96,1.0,"Sep 1, 2026"
open.canada.ca/data/en/dataset/d832ac69-b953-4246-84bc-38cb9dccaff2,1.0,"Sep 1, 2026"
open.canada.ca/data/en/dataset/92e3ad59-c7d3-4b79-ba90-5540a67a89a7/resource/58a1d590-0415-4169-a10d-83bf21c92225,1.0,"Sep 1, 2026"
open.canada.ca/data/en/dataset/5c358f51-bc8c-4565-854d-9d2e35e6b178/resource/17508fd7-4eba-45c3-85be-d98598aa72a1,1.0,"Sep 1, 2026"
open.canada.ca/data/en/dataset/7ad7ea01-eb23-4824-bccc-66adb7c5bdf8/resource/f532fa54-7069-4e9e-842e-75ba33372fa7,1.0,"Sep 1, 2026"
open.canada.ca/data/en/dataset/0ed37cd6-d831-4183-bf43-b05e29570298,1.0,"Sep 1, 2026"
open.canada.ca/data/en/dataset/a1302774-b04c-4dc6-9b7e-7f827b8244ec,1.0,"Sep 1, 2026"
open.canada.ca/data/en/dataset/bac83470-bc8f-4065-8ef3-bf76463c4ef2/resource/2f316cfd-ed0b-458f-a81b-c09cf05eca2e,1.0,"Sep 1, 2026"
open.canada.ca/data/en/dataset/aff6b442-1b27-4f24-8546-6b38f96bba1d,1.0,"Sep 1, 2026"
open.canada.ca/data/en/dataset/ab0c22c6-bbc2-5838-9b6e-7d83c61ba91d/resource/03ffb9df-0d5d-4298-883b-7c140cf9d5cf,1.0,"Sep 1, 2026"
open.canada.ca/data/en/dataset/cdfc2d7b-c046-4bf0-90ac-4897232619e1/resource/ca2e29ce-220b-459c-bcbf-6117abb16d77,1.0,"Sep 1, 2026"
open.canada.ca/data/en/dataset/f82f66f2-a22b-4511-bccf-e1d74db39ae5/resource/b5432d4f-403f-44a2-b952-1eb2e65faa76,1.0,"Sep 1, 2026"
open.canada.ca/data/en/info/1257e5c1-243f-4ab8-be42-e7433c8ebe70/resource/9d45bfac-0e30-4f36-ae8e-b11c4ff9fda5,1.0,"Sep 1, 2026"
ouvert.canada.ca/data/fr/dataset/d0f54727-6c0b-4e5a-aa04-ea1463cf9f4c/resource/78ea83eb-8a4a-4a5c-a3d1-0e47e228e5a5,1.0,"Sep 1, 2026"
open.canada.ca/data/en/dataset/d8a4e021-434d-709f-b135-4e282987d09c/resource/0ba0a302-20bf-4e7c-9df1-1dfe29df65d6,1.0,"Sep 1, 2026"
open.canada.ca/data/en/dataset/756bc907-34bb-4b33-9a87-b3c1a6c3f292/resource/126b3794-1cde-4d84-903f-ee75d6951d8a,1.0,"Sep 1, 2026"
open.canada.ca/data/en/dataset/cdab7073-728d-47f0-b967-51b96f5680c8,1.0,"Sep 1, 2026"
ouvert.canada.ca/data/fr/dataset/69c68f22-8a2a-43d1-8f4e-4017e3ffebba/resource/0dec8c73-fe1c-4adc-9f1c-e51b0e4a63b2,1.0,"Sep 1, 2026"
open.canada.ca/data/en/dataset/beda322a-cde7-44ab-a406-e58f7ce22272/resource/f890c9e3-6331-4f20-874b-4c8d513de00b,1.0,"Sep 1, 2026"
open.canada.ca/data/en/dataset/92b1748f-39ba-4edf-b26e-a5067ab64526/resource/aefe60b0-9d85-444f-afd6-981b9a0da637,1.0,"Sep 1, 2026"
search.open.canada.ca/contracts/download/eacfe5c3-dae1-4e46-a5c7-a61a2902ef0c,1.0,"Sep 1, 2026"
open.canada.ca/data/en/dataset/2be50dc0-103c-4680-85fb-bfd8a98c5142/resource/54a9a5d9-1279-4442-9587-95fe4477107b,1.0,"Sep 1, 2026"
open.canada.ca/data/en/dataset/c70a73e6-e42d-4e2a-91e3-6c0d41568952,1.0,"Sep 1, 2026"
open.canada.ca/data/en/dataset/fa349b87-f7af-1b65-2aa3-f1dffa7b6e3c/resource/7048bf0a-7064-41de-8958-c793a2737c17,1.0,"Sep 1, 2026"
ouvert.canada.ca/data/fr/dataset/6abd20d4-7a1c-4b38-baa2-9525d0bb2fd2,1.0,"Sep 1, 2026"
open.canada.ca/data/en/dataset/4eee1558-45b7-4484-9336-e692897d393f/resource/5455750e-a079-4bf8-828b-09e2337eb29b,1.0,"Sep 1, 2026"
ouvert.canada.ca/data/fr/dataset/b64179f3-ea0f-4abb-9cc5-85432fc958a0/resource/e91aa8b5-ae85-4c1f-890a-f073e6604ca6,1.0,"Sep 1, 2026"
open.canada.ca/data/en/dataset/40e01423-7728-429c-ac9d-2954385ccdfb/resource/2eb27061-d365-4219-ae27-07711eb73a2b,1.0,"Sep 1, 2026"
open.canada.ca/data/en/dataset/ab0b3ace-537c-44f6-9c5c-4acbff5cf68d/resource/8a20e4cf-9284-4d9a-8a84-c2ac84ce722e,1.0,"Sep 1, 2026"
open.canada.ca/data/en/dataset/3b070a33-c13e-4a1f-a5ce-63e3a4d616bc,1.0,"Sep 1, 2026"
open.canada.ca/data/en/dataset/80c00cdb-1358-415c-bb8b-0de7f12675b8/resource/600fa0f0-6410-493e-a891-1ac25ddf8004,1.0,"Sep 1, 2026"
ouvert.canada.ca/data/fr/dataset/7f5b2c8f-f3e8-47b2-a5b6-0f736f3613eb/resource/3f3a9648-35ed-4275-8b16-225bc7b15dc7,1.0,"Sep 1, 2026"
open.canada.ca/data/en/dataset/12131264-d922-40f5-188e-495225eeaa61/resource/52ee65b5-3c04-497c-9955-44739620ec3b,1.0,"Sep 1, 2026"
open.canada.ca/data/en/dataset/2457d303-8449-4f4e-af79-811ea747e3f5/resource/a8689d00-6e07-4b3f-bda4-fdccb0211414,1.0,"Sep 1, 2026"
ouvert.canada.ca/data/fr/dataset/e6951cc4-ff29-52bf-af41-a162d52b1011/resource/7ac550f1-4160-440e-8fac-564640702559,1.0,"Sep 1, 2026"
ouvert.canada.ca/data/fr/dataset/60236652-5aa7-4452-b2e1-7f96197e927a/resource/4e201108-79d3-4b79-9ac8-1bbf2505de7c,1.0,"Sep 1, 2026"
ouvert.canada.ca/data/fr/dataset/60236652-5aa7-4452-b2e1-7f96197e927a/resource/92873659-5635-4d0a-a4a4-5daff7e274e5,1.0,"Sep 1, 2026"
ouvert.canada.ca/data/fr/dataset/dcedda6c-3c72-4ba3-9c05-36774279ff30/resource/593ed474-9b4e-4e2f-b62a-ba8ad987b535,1.0,"Sep 1, 2026"
open.canada.ca/data/en/dataset/02c94bcc-1568-3963-e178-7e83cf9c55f0,1.0,"Sep 1, 2026"
open.canada.ca/data/en/dataset/eed50a25-7893-420d-a723-da94cf406029,1.0,"Sep 1, 2026"
ouvert.canada.ca/data/fr/dataset/6a09c998-cddb-4a22-beff-4dca67ab892f/resource/112330a3-1c76-42e8-9c4b-8cc1e988480a,1.0,"Sep 1, 2026"
ouvert.canada.ca/data/fr/dataset/360024f2-17e9-4558-bfc1-3616485d65b9/resource/2261a41c-16ed-48b4-a0c2-ace06210e949,1.0,"Sep 1, 2026"
open.canada.ca/data/en/dataset/b7d5f4db-6e1e-49e4-8712-d16db93f56a1/resource/93117a20-002a-4828-a49f-5d1e5977153f,1.0,"Sep 1, 2026"
open.canada.ca/data/en/dataset/2fe6b7f1-fbfe-4aaf-808f-b977d40d44db/resource/3c37d066-9c05-404c-bd80-7413e423828a,1.0,"Sep 1, 2026"
open.canada.ca/data/en/dataset/69942bdb-560e-7420-e784-d7eaaed053a1/resource/a30d4e02-9821-4d0b-9cab-61ab0a6a3121,1.0,"Sep 1, 2026"
open.canada.ca/data/en/dataset/d9391250-c2fa-47ed-9216-aa38eb449aaf,1.0,"Sep 1, 2026"
open.canada.ca/data/en/dataset/ebcb27ba-cc51-4a42-a92e-3be4cbc006b9/resource/1e1e91c9-f47f-4d25-975e-e167faceb903,1.0,"Sep 1, 2026"
open.canada.ca/data/en/dataset/4f344cd6-0912-411a-ae16-41ea160cc8b5/resource/38932102-f7a9-40c6-b4f1-fa8e81981726,1.0,"Sep 1, 2026"
open.canada.ca/data/en/dataset/e657d84b-1eac-49db-ae7e-4a7c3297c6ea/resource/f9558c1e-b88d-48f0-8524-cb068f72b6fe,1.0,"Sep 1, 2026"
open.canada.ca/data/en/dataset/b0e112e9-cf53-4e79-8838-23cd98debe5b/resource/cb52e1d0-ab62-4357-91cc-d8f5a2114e02,1.0,"Sep 1, 2026"
open.canada.ca/data/en/dataset/f8e27889-fb07-4f9d-b2ba-591578274b7c/resource/edd54e09-d4bf-4fef-b35e-aa8a3adf6651,1.0,"Sep 1, 2026"
open.canada.ca/data/en/dataset/62155d6f-9167-4972-b77c-b90734b628dc,1.0,"Sep 1, 2026"
open.canada.ca/data/en/dataset/14d93d62-16bf-48da-ae4f-4be21a32e2ad/resource/5dd8d7ee-f445-484b-83ff-d400773f5e41,1.0,"Sep 1, 2026"
open.canada.ca/data/en/dataset/b813dcb6-cc08-4e06-97d4-85b7e4daa822/resource/faa89c52-597a-44ab-84b7-ae38fbfb1ffc,1.0,"Sep 1, 2026"
open.canada.ca/data/dataset/dd2b0390-c77a-4c9f-b1bc-cb8d9f4a23c5,1.0,"Sep 1, 2026"
open.canada.ca/data/en/dataset/eea3bcd8-4b75-413f-b659-bb054569429f/resource/527beb27-f7ed-40fe-bc9e-8d30c64b16fe,1.0,"Sep 1, 2026"
open.canada.ca/data/en/info/540435ee-6b2a-4e61-8828-4f99353da8d2/resource/95aa15ce-20fa-4ad2-8f4f-86eb3c7fcb0c,1.0,"Sep 1, 2026"
open.canada.ca/data/en/dataset/5cc3fa63-6023-4d67-b228-222719f146cb,1.0,"Sep 1, 2026"
open.canada.ca/data/en/dataset/d0cdef71-9343-46c3-b2e7-c1ded5907686/resource/51e0db22-b5ef-40b8-b260-eca19d6564fe,1.0,"Sep 1, 2026"
open.canada.ca/data/en/dataset/0e4e2ed5-d94d-4380-86e4-251b37519837/resource/45a8445c-42bd-42eb-a601-ee685b7f1c48,1.0,"Sep 1, 2026"
open.canada.ca/data/en/dataset/428fc380-dff4-4bf7-913d-3d719ecdff00/resource/de6fb2b7-069f-42d0-ad00-7e6e8a782540,1.0,"Sep 1, 2026"
open.canada.ca/data/en/dataset/dc639a40-8893-11e0-96ca-6cf049291510/resource/6a745e8b-d794-44c8-8713-7b53b73c8cd8,1.0,"Sep 1, 2026"
open.canada.ca/data/en/dataset/71c25df1-0577-43f7-b9f8-95cc321e7cbc/resource/9101e7db-4524-4216-b663-87f73c82627f,1.0,"Sep 1, 2026"
open.canada.ca/data/en/dataset/06d31e10-a2a8-4d53-9ff3-567714a0a9f3/resource/92fa80a8-82d2-422c-9a3b-b3fcbccdb05d,1.0,"Sep 1, 2026"
open.canada.ca/data/en/dataset/3b070a33-c13e-4a1f-a5ce-63e3a4d616bc/resource/6b888ac4-7120-46e2-9365-68ff1d3ed8d9,1.0,"Sep 1, 2026"
ouvert.canada.ca/data/fr/dataset/74f2472e-5bb9-4d2d-8be5-0931c96eeeff/resource/54f04de4-d796-41cb-8cb0-7ca11e8f2f42,1.0,"Sep 1, 2026"
ouvert.canada.ca/data/fr/dataset/b823cadc-0402-4392-a0f4-9128f8f7f58b/resource/033990b5-68e9-4686-83ca-b96fbe4f9204,1.0,"Sep 1, 2026"
open.canada.ca/data/en/dataset/2909a648-5753-4924-878a-b069392d9cde/resource/2e2283c2-b113-4dd5-8a44-d579539529d6,1.0,"Sep 1, 2026"
search.open.canada.ca/grants/download/fcd99bfc-cc73-4f50-83b6-c33a7aa23216,1.0,"Sep 1, 2026"
open.canada.ca/data/en/dataset/0e0fc54a-aa37-14a8-260e-962625e996fa,1.0,"Sep 1, 2026"
open.canada.ca/data/en/dataset/e00172b8-35c2-4651-a8c5-13ab30bd7236,1.0,"Sep 1, 2026"
open.canada.ca/data/en/info/687a0e14-f660-4b50-b82e-baed3f3ab6f5/resource/3681702e-4732-49dd-a58f-8f0456b74552,1.0,"Sep 1, 2026"
open.canada.ca/data/en/dataset/ab36a4ab-9b69-49b1-8be6-6faa3f0d0c67/resource/70d366a8-5b87-49c3-bfc2-08f77880987c,1.0,"Sep 1, 2026"
open.canada.ca/data/en/dataset/1358284b-26e7-4c69-abd8-398d3da2c270/resource/563aa4bf-dc3d-4ece-8669-dd68dd6c2fbf,1.0,"Sep 1, 2026"
open.canada.ca/data/en/dataset/f5b6bfad-d06a-4952-ae47-976fb5092bcc/resource/73b76051-b4cb-4a83-8816-db13ee249c3c,1.0,"Sep 1, 2026"
open.canada.ca/data/en/dataset/fb1c834b-5a59-44f4-8ed9-6585e826f88d/resource/ad343eb2-1074-41e0-b272-68f4fc443831,1.0,"Sep 1, 2026"
ouvert.canada.ca/data/fr/dataset/13db2583-427a-4e5f-b679-8532d3df571f,1.0,"Sep 1, 2026"
open.canada.ca/data/en/dataset/ef0e0f90-c30c-4dce-810f-3a64f1115e78/resource/524a4247-2c1a-4d4a-8a5c-2690d7b54b44,1.0,"Sep 1, 2026"
open.canada.ca/data/en/dataset/33ab290a-5e0d-4c20-9772-78d5a81dc8f7/resource/d6cb18c6-e162-48cd-9bf5-10478ccf09df,1.0,"Sep 1, 2026"
open.canada.ca/data/en/dataset/06d31e10-a2a8-4d53-9ff3-567714a0a9f3/resource/adf3e432-4076-435b-88fb-46f094bc1ac4,1.0,"Sep 1, 2026"
ouvert.canada.ca/data/fr/dataset/47caa405-be2b-4e9e-8f53-c478ade2ca74/resource/a8d2eda9-1280-4f4b-b812-d6170216f410,1.0,"Sep 1, 2026"
open.canada.ca/data/en/dataset/31a045ef-6e05-4b97-b669-9b6f3154f85c/resource/70c6b2db-e96e-4827-9be7-d458c909d905,1.0,"Sep 1, 2026"
open.canada.ca/data/en/dataset/48db61ab-7266-4aa5-8c8e-7df1f259ef8c/resource/885ae27d-6000-4e7f-a7e6-b6fa69e69dbf,1.0,"Sep 1, 2026"
open.canada.ca/data/en/dataset/9662830b-f2b7-bfae-47bb-b9689bb711c2,1.0,"Sep 1, 2026"
open.canada.ca/data/en/dataset/0b0bf313-9626-4b8d-987a-0584c0cda692,1.0,"Sep 1, 2026"
open.canada.ca/data/en/dataset/d6211c73-82c4-4ba8-94c9-361ce4cc7346,1.0,"Sep 1, 2026"
open.canada.ca/data/en/dataset/2f4117d9-41fc-44db-87d4-dbdb77f14086/resource/40f56d7a-8835-47c7-a191-244bf64bec7c,1.0,"Sep 1, 2026"
open.canada.ca/data/en/dataset/73dbaaca-24b6-4c04-bd52-e7b7ab0c3d8f/resource/8b95f07b-f097-4f40-b280-2e62d85db1f9,1.0,"Sep 1, 2026"
open.canada.ca/data/en/dataset/cf9ba695-59dc-4cc0-8a52-94ff6d9db665/resource/648bf16e-e3bf-440e-a1ce-2d0eb173fc4a,1.0,"Sep 1, 2026"
open.canada.ca/data/en/dataset/d3881c4c-650d-4070-bf9b-1e00aabf0a1d/resource/3bea3e4a-cd4a-4e71-99a3-2f0eefa5888e,1.0,"Sep 1, 2026"
open.canada.ca/data/en/dataset/0e62c919-4933-40d4-8e77-8057f343e8af/resource/f0436fff-5ff3-44aa-bc96-0e7373998c18,1.0,"Sep 1, 2026"
open.canada.ca/data/en/dataset/4e2415a6-6329-45d2-8e6d-95ca06a2cf7c,1.0,"Sep 1, 2026"
open.canada.ca/data/en/dataset/2c941f86-146b-4c99-9241-97ef466fff5e/resource/f26d30d9-3173-4e01-9fe5-0479b72868c8,1.0,"Sep 1, 2026"
open.canada.ca/data/en/dataset/588eab5b-7b16-4a26-b996-23b955965ffa/resource/fbecf7fb-9d31-429a-b201-4c1663f7215b,1.0,"Sep 1, 2026"
open.canada.ca/data/en/dataset/2e7c5a58-986f-402c-9dec-a45e0dadf8dd,1.0,"Sep 1, 2026"
open.canada.ca/data/en/dataset/c88e3d88-98df-44ff-8210-963dda56d903,1.0,"Sep 1, 2026"
open.canada.ca/data/en/dataset/a35cf382-690c-4221-a971-cf0fd189a46f/resource/64774bc1-c90a-4ae2-a3ac-d9b50673a895,1.0,"Sep 1, 2026"
ouvert.canada.ca/data/fr/dataset/7f5b2c8f-f3e8-47b2-a5b6-0f736f3613eb,1.0,"Sep 1, 2026"
open.canada.ca/data/en/dataset/2d943e73-c852-ac79-4c3b-63b6b5c61423,1.0,"Sep 1, 2026"
open.canada.ca/data/dataset/90fed587-1364-4f33-a9ee-208181dc0b97/resource/8c205edb-9a82-468e-9aa4-b82266cbaad6,1.0,"Sep 1, 2026"
open.canada.ca/data/en/dataset/94fc74d6-9b9a-4c2e-9c6c-45a5092453aa/resource/8825a8d9-8134-475f-a48c-31748e6fb536,1.0,"Sep 1, 2026"
ouvert.canada.ca/data/dataset/6bc06b8a-52b5-427b-87c9-15fabbe559fb/resource/20df7fa8-0348-4a39-8632-6e1f60b2766c,1.0,"Sep 1, 2026"
open.canada.ca/data/en/dataset/27b450d8-3a9a-460a-8f71-587737b2cdf4/resource/93e3fbdf-ab2a-47c9-9e77-5127c25c5da9,1.0,"Sep 1, 2026"
open.canada.ca/data/en/dataset/67d33e1c-0289-49e4-8eb2-85ac731197a0,1.0,"Sep 1, 2026"
open.canada.ca/data/en/dataset/3e6697eb-b1e3-414e-9754-3781cdb5e43d,1.0,"Sep 1, 2026"
open.canada.ca/data/en/dataset/182ea565-76b4-4287-8fea-a7b9b5bd3e48,1.0,"Sep 1, 2026"
ouvert.canada.ca/data/fr/dataset/ea8f2c37-90b6-4fee-857e-984d3060184e,1.0,"Sep 1, 2026"
open.canada.ca/data/en/dataset/0968ddc5-710e-4388-b379-184764df6f4c,1.0,"Sep 1, 2026"
open.canada.ca/data/en/dataset/a5268fa6-cd31-46e2-a98d-161f77e79ad9/resource/e324e7cf-1964-4d3b-a2e4-c2f1e5f4b450,1.0,"Sep 1, 2026"
open.canada.ca/data/en/dataset/4ad6baea-4d2c-460f-a8bf-5d000db498f7/resource/76f7b878-844f-4f08-a6cd-1195a3451303,1.0,"Sep 1, 2026"
open.canada.ca/data/en/dataset/b8a34d1b-d27f-4506-973c-d2ea2f68c623,1.0,"Sep 1, 2026"
ouvert.canada.ca/data/fr/dataset/ac638390-4349-448b-81be-fb0d6d94e0e8,1.0,"Sep 1, 2026"
open.canada.ca/data/en/dataset/5f82b379-c1e5-4a02-b825-f34fc645a529/resource/fcd8cb29-cacc-4b03-a8a7-731cd84fd874,1.0,"Sep 1, 2026"
open.canada.ca/data/en/dataset/e418841e-d9dc-4caf-9a19-09b3269a3e1e/resource/29a6ec31-3014-4fcf-8384-a7bdafc32c24,1.0,"Sep 1, 2026"
open.canada.ca/data/en/dataset/203bb08d-fdff-46f6-93ec-00e5d1d76a81/resource/029d1645-03f1-49ef-81f4-082197f9cc9a,1.0,"Sep 1, 2026"
open.canada.ca/data/en/dataset/10ce43bd-fb58-4969-806b-4bffebc87bec/resource/bd9cf3f2-4cd5-47b1-ba74-ab68cd0a941b,1.0,"Sep 1, 2026"
open.canada.ca/data/en/dataset/90115b00-f9b8-49e8-afa3-b4cff8facaee/resource/d3702eb4-5ef4-412f-86fd-219e6b8f5fdc,1.0,"Sep 1, 2026"
open.canada.ca/data/en/dataset/b813dcb6-cc08-4e06-97d4-85b7e4daa822/resource/e86e8769-16c0-4e4c-88fe-504e21a71e43,1.0,"Sep 1, 2026"
open.canada.ca/data/en/dataset/5c0099e0-7081-404e-a95f-b0541de06630/resource/293059ca-79c6-4115-a9ca-1ac8965932b4,1.0,"Sep 1, 2026"
open.canada.ca/data/en/dataset/67fd1fae-4950-4018-a491-62e60cbd6974/resource/980c16a1-8e18-4719-b4aa-8b915ebd495d,1.0,"Sep 1, 2026"
open.canada.ca/data/dataset/fc8be387-9f40-4d98-b012-fa774f89d034,1.0,"Sep 1, 2026"
open.canada.ca/data/dataset/065439a9-c194-4259-9c95-245a852be4a1/resource/4acf5ea8-cf65-41c3-a585-d515c7cfdb1a,1.0,"Sep 1, 2026"
open.canada.ca/data/en/dataset/adcc64b1-2de6-480d-9c69-1a8602766cea/resource/93bc238a-0f7e-430e-aa25-d4e284013985,1.0,"Sep 1, 2026"
open.canada.ca/data/en/dataset/fa349b87-f7af-1b65-2aa3-f1dffa7b6e3c,1.0,"Sep 1, 2026"
open.canada.ca/data/en/dataset/f4d45e1d-1fb3-4a5b-ae12-7e6afe89e645,1.0,"Sep 1, 2026"
open.canada.ca/data/en/dataset/90fed587-1364-4f33-a9ee-208181dc0b97/resource/36d1f9d3-9906-4079-8741-c55bf539de3b,1.0,"Sep 1, 2026"
open.canada.ca/data/en/dataset/a9f0b1c5-df3d-4aa4-8b03-2d9c860823da/resource/e224debf-c9fc-466d-9bdc-daf491551e9a,1.0,"Sep 1, 2026"
search.open.canada.ca/grants/download/f6156937-d646-412a-bac3-4f6c20388117,1.0,"Sep 1, 2026"
open.canada.ca/data/en/dataset/522d1b67-30d8-4a34-9b62-5da99b1035e6,1.0,"Sep 1, 2026"
open.canada.ca/data/dataset/2c53729a-2453-4633-92f3-6876a45f8bc4,1.0,"Sep 1, 2026"
open.canada.ca/data/en/dataset/49edb1d7-5cb4-4fa7-897c-515d1aad5da3,1.0,"Sep 1, 2026"
open.canada.ca/data/en/dataset/16b7eeb0-9a97-46c0-af3d-7f2114dedf5e/resource/e0f9fd59-82f5-4165-b25b-a0423be3d4a6,1.0,"Sep 1, 2026"
open.canada.ca/data/en/dataset/10b1dee3-c85a-45bd-8a17-f9954d4306b6/resource/7467d832-3fd0-4a7c-828b-732a8f541333,1.0,"Sep 1, 2026"
open.canada.ca/data/en/dataset/bdbab8a6-c101-4db3-8165-214f1ef7cfe8/resource/4d39330b-b65e-4fcf-83e5-f20a40663d9c,1.0,"Sep 1, 2026"
open.canada.ca/data/en/info/6bc06b8a-52b5-427b-87c9-15fabbe559fb/resource/20df7fa8-0348-4a39-8632-6e1f60b2766c,1.0,"Sep 1, 2026"
open.canada.ca/data/en/dataset/f0d12b41-54dc-4784-ad2b-83dffed2ab84/resource/3391238b-f537-4231-8572-493b9392565b,1.0,"Sep 1, 2026"
open.canada.ca/data/en/dataset/746709f1-c729-44a1-ba84-7be5eadd3664,1.0,"Sep 1, 2026"
open.canada.ca/data/en/dataset/1c3d15f9-9cfa-4010-8462-0d67e493d9b9/resource/25a85034-72db-4878-8086-6c3b510b603a,1.0,"Sep 1, 2026"
open.canada.ca/data/en/dataset/a851ce30-e216-4d7d-a29c-05631eef140e/resource/67d7dcf7-5e4c-417a-9dbc-40ae8cea2800,1.0,"Sep 1, 2026"
open.canada.ca/data/en/dataset/97a2a33c-54cc-4f2e-82c1-047ad8212f05/resource/4c0262b1-8a23-4bf0-85a3-63cf6d490d62,1.0,"Sep 1, 2026"
open.canada.ca/data/en/dataset/76defa14-473e-41e2-abfa-60021c4d934b/resource/c036999b-cf6c-446a-b432-36607c6aebd4,1.0,"Sep 1, 2026"
open.canada.ca/data/en/dataset/79c99c29-deff-4093-9c55-fde484d20028/resource/d5e1e6e8-c13c-4224-8b22-521a1661a0ee,1.0,"Sep 1, 2026"
open.canada.ca/data/en/dataset/6e16f703-9c57-46c9-9194-6573398c17e6,1.0,"Sep 1, 2026"
ouvert.canada.ca/data/fr/dataset/fcbc0200-79ba-4fa4-94a6-00e32facea6b/resource/369f6f34-148a-42ed-b581-8c164e941a89,1.0,"Sep 1, 2026"
open.canada.ca/data/en/dataset/ea07f118-0e47-456b-aebb-e53e6700ea94,1.0,"Sep 1, 2026"
open.canada.ca/data/en/dataset/f7e5498e-0ad8-4417-85c9-9b8aff9b9eda/resource/c5f2d5d3-e1c7-44d6-a54d-b6b2fb62fdba,1.0,"Sep 1, 2026"
open.canada.ca/data/en/dataset/8ee79eb8-9e2c-4fb0-a2a5-51f54f2f383f/resource/c415dbbc-cac0-471a-b3ae-7d0fca9a99e2,1.0,"Sep 1, 2026"
open.canada.ca/data/en/dataset/f61fe3d7-f9d0-533d-8fe1-df772b07e155/resource/e6bbb535-a5ed-4ccb-b739-2eb8955a5a41,1.0,"Sep 1, 2026"
open.canada.ca/data/en/dataset/63a40754-28a0-4fdc-8e6e-c56854e16dec/resource/ad1460a7-e792-40ad-9d73-3dc150e93094,1.0,"Sep 1, 2026"
ouvert.canada.ca/data/fr/dataset/b8c79d2f-3bd7-4f26-8102-be268be1582b,1.0,"Sep 1, 2026"
open.canada.ca/data/en/dataset/4446f7b8-9f1e-4b2a-a3ee-31f3fabe6e3d,1.0,"Sep 1, 2026"
open.canada.ca/data/en/dataset/3fe41e48-850e-4df2-81db-9df16d3c56a5/resource/51e8f1c1-7f2b-4245-900a-2304342410c0,1.0,"Sep 1, 2026"
open.canada.ca/data/en/dataset/363300fd-6ac1-47f0-abc2-58213a66be12/resource/05bfffdd-7142-453a-90b7-fd8b314b1508,1.0,"Sep 1, 2026"
open.canada.ca/data/en/dataset/76defa14-473e-41e2-abfa-60021c4d934b/resource/1711c1fb-402d-4948-af75-ba985dd078d4,1.0,"Sep 1, 2026"
open.canada.ca/data/en/dataset/18bf3ea7-1940-46ec-af52-9ba3f77ed708/resource/1f4b018b-a303-48bb-8ea0-10746e7cf435,1.0,"Sep 1, 2026"
open.canada.ca/data/en/dataset/bd4583a0-2e88-4f28-870b-b199a5d77b24,1.0,"Sep 1, 2026"
open.canada.ca/data/en/dataset/414f83f2-cb97-41b0-b0c0-d543b158daad,1.0,"Sep 1, 2026"
open.canada.ca/data/en/dataset/6abd20d4-7a1c-4b38-baa2-9525d0bb2fd2/resource/5f1d6ffe-c038-407e-afbf-94b920286b40,1.0,"Sep 1, 2026"
open.canada.ca/data/en/dataset/910100c0-4f8c-5ae8-ae87-69bf230e43cf/resource/6d657cb8-8835-4a33-b2ce-b323ac24f8fe,1.0,"Sep 1, 2026"
ouvert.canada.ca/data/fr/dataset/90fed587-1364-4f33-a9ee-208181dc0b97/resource/65794992-cce4-4103-a1f6-ec6e3d249e90,1.0,"Sep 1, 2026"
open.canada.ca/data/en/dataset/593e9165-c6ce-4f9b-b519-03d315f92cd4/resource/e8376ee8-e546-444a-b47e-29a3317a602a,1.0,"Sep 1, 2026"
open.canada.ca/data/en/dataset/0f8f0592-0223-407e-a1d0-90a89da189e9,1.0,"Sep 1, 2026"
open.canada.ca/data/en/dataset/813ff561-b38d-4241-b370-0a17c60976af/resource/3921f712-6966-4d4f-93da-40aab29b52d5,1.0,"Sep 1, 2026"
ouvert.canada.ca/data/fr/dataset/83d03eb4-6f96-4db9-86c7-8f2b841f4146/resource/8fb14282-bfa6-4dbf-a4ca-4f19762217a4,1.0,"Sep 1, 2026"
ouvert.canada.ca/data/fr/dataset/5cb32773-e7b1-4681-b82a-43cc39778c1a/resource/56067fb5-9a7d-4adf-a61e-32556a29bcfc,1.0,"Sep 1, 2026"
ouvert.canada.ca/data/fr/dataset/ab0b3ace-537c-44f6-9c5c-4acbff5cf68d/resource/8a20e4cf-9284-4d9a-8a84-c2ac84ce722e,1.0,"Sep 1, 2026"
open.canada.ca/data/en/dataset/b0e112e9-cf53-4e79-8838-23cd98debe5b/resource/56ab7900-20a0-4438-94ed-8d4582041fcd,1.0,"Sep 1, 2026"
open.canada.ca/data/en/dataset/0e3b2563-55ff-4c9a-8418-6a6c387f2103,1.0,"Sep 1, 2026"
open.canada.ca/data/en/dataset/957782bf-847c-4644-a757-e383c0057995/resource/e5b98031-1952-49c9-b224-b88a97d48228,1.0,"Sep 1, 2026"
search.open.canada.ca/contracts/download/5ea9eb08-5d12-4188-b02a-079fac2e22f3,1.0,"Sep 1, 2026"
ouvert.canada.ca/data/fr/dataset/b27ec3ef-7338-4e76-a6fd-128339a92df5/resource/945045fa-2de0-47d4-aad2-144d69467824,1.0,"Sep 1, 2026"
open.canada.ca/data/en/dataset/d38de914-c94c-429b-8ab1-8776c31643e3/resource/6e698ee1-7d0c-44b7-a581-126e18625ae3,1.0,"Sep 1, 2026"
open.canada.ca/data/en/dataset/f82f66f2-a22b-4511-bccf-e1d74db39ae5/resource/813a726a-fb58-48ad-81ff-28f1b663ece2,1.0,"Sep 1, 2026"
open.canada.ca/data/en/info/6d1e869d-8c98-4c23-a638-f6ad471cb7dc/resource/dc7e4c99-50a9-4299-9173-201bdbd2bb93,1.0,"Sep 1, 2026"
ouvert.canada.ca/data/fr/dataset/2ce347e5-02fd-4487-975d-67a435efdf9b/resource/18294a26-0def-4ec2-bb87-dc0a93174b43,1.0,"Sep 1, 2026"
open.canada.ca/data/en/dataset/58657662-9135-4a52-994f-031ca01f5398,1.0,"Sep 1, 2026"
open.canada.ca/data/en/dataset/67b44816-9764-4609-ace1-68dc1764e9ea/resource/9e3e0ae9-22a9-4ffa-830e-0ab4857ce42e,1.0,"Sep 1, 2026"
open.canada.ca/data/en/dataset/2909a648-5753-4924-878a-b069392d9cde/resource/109aa106-1463-4593-885d-5ab0c6de3405,1.0,"Sep 1, 2026"
open.canada.ca/data/en/dataset/96c80880-9229-59ec-b508-63b5c10cc35a/resource/f2db967d-d6da-4f5b-bb5f-c892c872be75,1.0,"Sep 1, 2026"
open.canada.ca/data/dataset/85d3990a-ec0a-4436-8ebd-150de3ba0747/resource/5fc41332-2521-41a2-9565-76762370310f,1.0,"Sep 1, 2026"
open.canada.ca/data/en/dataset/960c4913-2cf9-4530-bf51-55f4aaff4b7b/resource/75397a9e-b226-40f1-87e0-4ca2c8022aed,1.0,"Sep 1, 2026"
open.canada.ca/data/en/dataset/bfab5876-77e5-4dbf-8693-3b0bc69428b8,1.0,"Sep 1, 2026"
open.canada.ca/data/en/dataset/593e9165-c6ce-4f9b-b519-03d315f92cd4/resource/e431b664-11f6-4cfb-9170-a820ef774871,1.0,"Sep 1, 2026"
open.canada.ca/data/en/dataset/19c0022e-1a80-4d48-a20c-182674a0daaa,1.0,"Sep 1, 2026"
open.canada.ca/data/en/dataset/4749cd1c-78f3-45d3-94d1-736e8af41bd4/resource/e5c8d748-0e7b-4f46-891f-93abcd02e60d,1.0,"Sep 1, 2026"
search.open.canada.ca/grants/download/676cdb92-7139-4bbc-8b89-55a34d1bf95e,1.0,"Sep 1, 2026"
open.canada.ca/data/en/dataset/d38de914-c94c-429b-8ab1-8776c31643e3/resource/7143f1c9-e270-4ae0-9466-7f7485250a8e,1.0,"Sep 1, 2026"
open.canada.ca/data/en/dataset/fe0e4579-f966-42d8-834a-0a893399f240/resource/17083e9d-7cd4-4caf-929b-5c449ca53929,1.0,"Sep 1, 2026"
open.canada.ca/data/en/dataset/92344413-8035-4c08-b996-65a9b3f62fca/resource/175fc8ad-3974-4565-acce-81744e8389bb,1.0,"Sep 1, 2026"
open.canada.ca/data/en/dataset/b90d077d-5df7-47b1-90c7-00c323ac25a4/resource/1d68b96e-568e-4a01-9d2c-b900cec0b7ef,1.0,"Sep 1, 2026"
ouvert.canada.ca/data/dataset/b2acb3be-c720-4329-a8c0-d4d36c8db61e/resource/5ac6ac65-737b-41cd-949b-ef503a40e5b0,1.0,"Sep 1, 2026"
open.canada.ca/data/en/dataset/cde4c4fd-a0b2-4816-af43-13de7a3fd3e3/resource/2656cc87-7de8-4b55-9b13-91dc2958d02d,1.0,"Sep 1, 2026"
ouvert.canada.ca/data/fr/dataset/348504f1-43a6-4e0c-aee5-fc470b1dc888,1.0,"Sep 1, 2026"
open.canada.ca/data/en/dataset/76defa14-473e-41e2-abfa-60021c4d934b/resource/e3db2ebf-3281-40ba-b293-1927f9362ded,1.0,"Sep 1, 2026"
open.canada.ca/data/en/dataset/67c81048-e230-47f2-ad9a-38bc68f3b51e/resource/a45db76b-6638-4b77-807a-17a283abbdb0,1.0,"Sep 1, 2026"
open.canada.ca/data/en/dataset/bc58074d-f806-441c-a31d-0329e671c5f1/resource/4a8ea638-90bd-4431-9aee-2da342526e01,1.0,"Sep 1, 2026"
search.open.canada.ca/grants/download/4686bfd8-af14-4918-9baf-cd22d5c3d84b,1.0,"Sep 1, 2026"
ouvert.canada.ca/data/fr/dataset/e6951cc4-ff29-52bf-af41-a162d52b1011,1.0,"Sep 1, 2026"
open.canada.ca/data/en/dataset/29ab4f6e-3ba3-48b9-8861-f2123ae30326/resource/594b846d-7497-40d6-8307-997e8cc5b6e9,1.0,"Sep 1, 2026"
open.canada.ca/data/dataset/f7e5498e-0ad8-4417-85c9-9b8aff9b9eda,1.0,"Sep 1, 2026"
open.canada.ca/data/en/dataset/ea639e28-c0fc-48bf-b5dd-b8899bd43072/resource/e8c27948-6a40-452b-8d7d-2e1b799ca8aa,1.0,"Sep 1, 2026"
open.canada.ca/data/en/dataset/91ed76b4-a1a2-4f87-9c4c-59cd64f7a9de/resource/52af898b-9901-4239-b130-3aa25e5b3f14,1.0,"Sep 1, 2026"
open.canada.ca/data/en/dataset/332fe811-2514-4174-ba2e-120895295ee8,1.0,"Sep 1, 2026"
ouvert.canada.ca/data/fr/dataset/203bb08d-fdff-46f6-93ec-00e5d1d76a81,1.0,"Sep 1, 2026"
open.canada.ca/data/en/dataset/0df567bd-508a-9803-b75c-25a8bc1c88fc,1.0,"Sep 1, 2026"
open.canada.ca/data/en/dataset/945ff452-3b35-4bd7-8018-4de914587ef3/resource/689cfb07-a8b8-4d15-b647-11d0dae1b853,1.0,"Sep 1, 2026"
open.canada.ca/data/en/dataset/24609591-b775-4b9a-bc73-c451ab0ecb1b,1.0,"Sep 1, 2026"
ouvert.canada.ca/data/fr/dataset/c60e0d39-9c9d-473e-9fa7-8987dc6aff4f/resource/6c1c83f7-4e5e-48cb-afd9-e008c13c1ff4,1.0,"Sep 1, 2026"
search.open.canada.ca/grants/download/6c095b82-7ca4-4cbb-b769-01ed9d578351,1.0,"Sep 1, 2026"
open.canada.ca/data/en/dataset/498a6086-e7c3-440c-b4d3-22fc6c5599a9/resource/46184133-0dc9-47b4-a6c5-174326d0dc48,1.0,"Sep 1, 2026"
open.canada.ca/data/en/dataset/e6a24ec1-1b78-4872-9573-1c1fefe41d1c/resource/f1e57f79-be9d-4d59-991f-8886de63e689,1.0,"Sep 1, 2026"
open.canada.ca/data/en/dataset/873cfcb0-1c9b-4a48-a366-076697069bb9/resource/69cad69a-57de-4d55-a3b4-e148db7271e7,1.0,"Sep 1, 2026"
open.canada.ca/data/en/dataset/061c8cb7-ca4e-45be-a990-61fce7e7d2dc/resource/49ef2691-822f-4a46-b600-3dd285d0d578,1.0,"Sep 1, 2026"
open.canada.ca/data/en/dataset/10ce43bd-fb58-4969-806b-4bffebc87bec/resource/44e666cc-f12d-4b3f-9369-6e0843d2bb48,1.0,"Sep 1, 2026"
open.canada.ca/data/en/dataset/f82f66f2-a22b-4511-bccf-e1d74db39ae5/resource/9e7ea9c6-5c13-4ebd-a54a-32c30d167d5a,1.0,"Sep 1, 2026"
open.canada.ca/data/en/dataset/44ff66e7-f9b6-4703-a18b-2cff40444b28,1.0,"Sep 1, 2026"
open.canada.ca/data/en/dataset/e287b0dd-8b07-435b-8a76-0c7ec84ac228,1.0,"Sep 1, 2026"
open.canada.ca/data/en/dataset/a376864b-18f2-49d8-9b98-1b7268ffb3c0/resource/69ba58e5-232a-4b80-b5ca-4b5a36abbfdf,1.0,"Sep 1, 2026"
open.canada.ca/data/dataset/fea923b4-2bee-4dec-932f-97e29e2c6df7,1.0,"Sep 1, 2026"
open.canada.ca/data/en/dataset/29ab4f6e-3ba3-48b9-8861-f2123ae30326/resource/b6dbc8f2-6d1f-4772-a226-206e0631b3a9,1.0,"Sep 1, 2026"
open.canada.ca/data/en/dataset/83320390-7715-43bc-a281-2049bf5d4232/resource/f0ca63e0-c15e-45b5-9656-77abe1564b1c,1.0,"Sep 1, 2026"
open.canada.ca/data/en/dataset/55438acb-aa67-407a-9fdb-1cb21eb24e28,1.0,"Sep 1, 2026"
open.canada.ca/data/en/dataset/dcfd4a3e-22bd-1e6d-9b1c-7e5979a4646e/resource/06590652-f481-405d-9ba8-80eba1de3ee3,1.0,"Sep 1, 2026"
search.open.canada.ca/contracts/download/29c84893-7514-4bfe-8520-d621946b9044,1.0,"Sep 1, 2026"
open.canada.ca/data/en/dataset/4e75337e-70d0-4ed7-92d1-3b85192ec6b1,1.0,"Sep 1, 2026"
open.canada.ca/data/en/dataset/40e01423-7728-429c-ac9d-2954385ccdfb/resource/4c2ccdfb-cb4d-463b-b074-8b2b02d3b17a,1.0,"Sep 1, 2026"
open.canada.ca/data/en/dataset/cb4b563d-23f7-4fe9-8dc1-eac45612a934,1.0,"Sep 1, 2026"
open.canada.ca/data/en/dataset/7a049187-cf29-4ffe-9028-235b95c61fa3/resource/e4f557c9-8c85-4160-99e4-71d1a6bed5d4,1.0,"Sep 1, 2026"
open.canada.ca/data/en/dataset/92615302-ffa9-4c8b-9e60-d1cc1e7f2b23/resource/9c5b8207-2d0b-4a0b-be83-0e68b0f2cfab,1.0,"Sep 1, 2026"
open.canada.ca/data/dataset/2c53729a-2453-4633-92f3-6876a45f8bc4/resource/e42927f6-16ee-4273-9071-2ce5095cd615,1.0,"Sep 1, 2026"
open.canada.ca/data/en/dataset/89073037-d2fc-4a6d-9ce9-f0b1bcb48745,1.0,"Sep 1, 2026"
open.canada.ca/data/en/dataset/3bda8899-279a-46fc-9ad9-8dee68d05def,1.0,"Sep 1, 2026"
open.canada.ca/data/en/dataset/c41ae976-81fd-43e8-8094-adde75dc3ffc/resource/fa2998b8-fc5b-45f6-95c9-c5fa6caf19a2,1.0,"Sep 1, 2026"
open.canada.ca/data/en/dataset/7fb9b092-e8be-45e4-8fcc-42ae91640fc9/resource/9de8a11e-d421-415d-aff7-525beb580f16,1.0,"Sep 1, 2026"
open.canada.ca/data/en/dataset/4f344cd6-0912-411a-ae16-41ea160cc8b5/resource/52063d66-4a70-4898-82fa-cbb24617a1d4,1.0,"Sep 1, 2026"
ouvert.canada.ca/data/fr/dataset/7d99f548-b36d-3b82-bb7f-36c7fff71baa/resource/dbcbfd02-d4f8-4e54-895f-865aad61f72f,1.0,"Sep 1, 2026"
open.canada.ca/data/en/dataset/e641f7cc-c9bd-46a0-a039-c0a87848ab7a,1.0,"Sep 1, 2026"
open.canada.ca/data/en/dataset/39194018-abf3-45fd-9310-2acac0f64fa2,1.0,"Sep 1, 2026"
ouvert.canada.ca/data/fr/dataset/4eb0d39b-6182-42d9-a2e0-96384d60d117/resource/5bc3549c-f08a-4876-a237-93f06b09dc25,1.0,"Sep 1, 2026"
open.canada.ca/data/en/dataset/38ddc983-1bf0-4bee-ad18-07dac8cfe884/resource/c687a4ef-9f90-4a32-81f4-f6a07badb1c4,1.0,"Sep 1, 2026"
open.canada.ca/data/en/dataset/6bac5dab-8c85-4c24-9216-9ae6b98956cc,1.0,"Sep 1, 2026"
open.canada.ca/data/en/dataset/b4e2b302-9bc6-4b33-b880-6496f8cef0f1/resource/6da9e15e-9680-4f41-8ef4-ffed83ba5ddf,1.0,"Sep 1, 2026"
ouvert.canada.ca/data/fr/dataset/4f1c44a6-1ecf-4da7-a1da-058b1ff9ce06/resource/bb586699-578a-4b90-9624-0c569a6ccc70,1.0,"Sep 1, 2026"
open.canada.ca/data/en/dataset/34a8484d-5a00-4e34-a235-75881141385e,1.0,"Sep 1, 2026"
search.open.canada.ca/contracts/download/aeb3b7b7-279c-452b-b91e-883727231e4f,1.0,"Sep 1, 2026"
open.canada.ca/data/en/dataset/18bf3ea7-1940-46ec-af52-9ba3f77ed708,1.0,"Sep 1, 2026"
open.canada.ca/data/en/dataset/42986a95-be23-436e-af15-7c6bf292a2e1,1.0,"Sep 1, 2026"
open.canada.ca/data/en/dataset/aca81811-4b08-4382-9af7-204e0b9d2448/resource/6383a756-9205-4ab7-b7c7-bbf9a284d218,1.0,"Sep 1, 2026"
ouvert.canada.ca/data/fr/dataset/e98e107b-0c91-49d6-b1b0-213dd1949492/resource/43b6fb94-8897-4f7c-9f4a-85e8dd04181a,1.0,"Sep 1, 2026"
open.canada.ca/data/en/dataset/49edb1d7-5cb4-4fa7-897c-515d1aad5da3/resource/c7b21862-428e-4107-aa32-0b4a41d368cf,1.0,"Sep 1, 2026"
open.canada.ca/data/en/dataset/a348c1d1-2392-4595-b5e2-c6a244a7e87f/resource/a4330483-7a03-4be4-9e73-2a9e87aaff53,1.0,"Sep 1, 2026"
ouvert.canada.ca/data/fr/dataset/b8c79d2f-3bd7-4f26-8102-be268be1582b/resource/a64c74f8-2f67-4241-bdf0-bc87ba36fcf1,1.0,"Sep 1, 2026"
open.canada.ca/data/en/dataset/d90a56e8-de27-4354-b8ee-33e08546b4fc/resource/d2769b44-3ab7-4371-9347-c11fa655fc09,1.0,"Sep 1, 2026"
ouvert.canada.ca/data/fr/dataset/51e22198-146b-464f-8c13-5435c9ad9e40,1.0,"Sep 1, 2026"
open.canada.ca/data/en/dataset/9b34e712-513f-44e9-babf-9df4f7256550/resource/a707bdc3-6278-497a-bcf7-971c171ea47e,1.0,"Sep 1, 2026"
ouvert.canada.ca/data/fr/dataset/5829b5b0-ea6f-476f-be94-bc2b8797769a,1.0,"Sep 1, 2026"
open.canada.ca/data/en/dataset/0e5d0190-70a6-4c37-874f-8416849119b5/resource/92aede14-6cdd-4cda-ba2f-856b28fb954d,1.0,"Sep 1, 2026"
ouvert.canada.ca/data/fr/dataset/d3881c4c-650d-4070-bf9b-1e00aabf0a1d/resource/323af940-c666-4d2f-afa6-13d92a087f44,1.0,"Sep 1, 2026"
ouvert.canada.ca/data/fr/dataset/1b6139bd-ed7e-4043-bc28-ff00e10f3109/resource/019f2a90-e3a9-489d-b6e1-f74f4ba1d006,1.0,"Sep 1, 2026"
open.canada.ca/data/en/dataset/f824a22b-78c1-4107-ae70-e38209e3f821,1.0,"Sep 1, 2026"
open.canada.ca/data/en/dataset/80c00cdb-1358-415c-bb8b-0de7f12675b8/resource/9a0a7b94-634b-4092-9a3b-e6001cf74f5b,1.0,"Sep 1, 2026"
ouvert.canada.ca/data/fr/dataset/1c3d15f9-9cfa-4010-8462-0d67e493d9b9,1.0,"Sep 1, 2026"
open.canada.ca/data/en/dataset/1e153f9f-3930-4133-8d35-ade2e8f7e7e3/resource/9a3bac22-3a84-4b3c-9c0c-672015264553,1.0,"Sep 1, 2026"
open.canada.ca/data/en/dataset/76defa14-473e-41e2-abfa-60021c4d934b/resource/87b478ff-e73f-433b-8d93-d0ba847bd176,1.0,"Sep 1, 2026"
ouvert.canada.ca/data/fr/dataset/90fed587-1364-4f33-a9ee-208181dc0b97/resource/7dee6510-9b98-4512-bfbd-f475f214cee6,1.0,"Sep 1, 2026"
open.canada.ca/data/en/dataset/18bf3ea7-1940-46ec-af52-9ba3f77ed708/resource/e4b22e01-0f9b-444e-ad0c-e7a86fbeecbb,1.0,"Sep 1, 2026"
ouvert.canada.ca/data/fr/dataset/01d008c0-4dd1-403a-b49b-03b1843edcc3/resource/cbbc4c87-fa7c-4e85-b91f-2a5c6b932249,1.0,"Sep 1, 2026"
open.canada.ca/data/en/dataset/0fe65119-e96e-4a57-8bfe-9d9245fba06b/resource/008455f0-a480-4f93-bb7f-458e696d4ece,1.0,"Sep 1, 2026"
ouvert.canada.ca/data/fr/dataset/90fed587-1364-4f33-a9ee-208181dc0b97/resource/79c798e4-418e-4ad4-94cd-1a3c08cd449f,1.0,"Sep 1, 2026"
open.canada.ca/data/en/dataset/873cfcb0-1c9b-4a48-a366-076697069bb9/resource/4a3f109f-299f-469f-affa-10391c856b54,1.0,"Sep 1, 2026"
open.canada.ca/data/en/dataset/98f1a129-f628-4ce4-b24d-6f16bf24dd64/resource/9df1b18d-d036-4783-a61c-99f1f75b3ac5,1.0,"Sep 1, 2026"
open.canada.ca/data/en/dataset/cf149850-4dcd-4ee3-8197-7132291b7962/resource/fc681d22-b06f-402d-9b2a-6d1daa850271,1.0,"Sep 1, 2026"
open.canada.ca/data/en/dataset/e8745429-21e7-4a73-b3f5-90a779b78d1e/resource/f4eb46fa-5923-47cc-a988-56ef27abcc40,1.0,"Sep 1, 2026"
ouvert.canada.ca/data/dataset/65e2d45e-efc6-4c29-9a9b-db59bc96aa0e,1.0,"Sep 1, 2026"
open.canada.ca/data/en/dataset/5015a2f0-babd-708e-3ab3-96bd2d366af7/resource/b3c22b04-11e6-45ac-ae64-aac26c376e76,1.0,"Sep 1, 2026"
open.canada.ca/data/en/dataset/3e4efd44-7a00-46d1-9c7c-171028a01066,1.0,"Sep 1, 2026"
open.canada.ca/data/en/dataset/5f5182ad-7f42-4fbf-b679-2fb439e20b5d/resource/4a55a6d2-84ef-4286-adb2-29dc67c375e3,1.0,"Sep 1, 2026"
open.canada.ca/data/en/dataset/4eee1558-45b7-4484-9336-e692897d393f/resource/21432a41-a8ba-4418-8699-30c61bf0283b,1.0,"Sep 1, 2026"
open.canada.ca/data/en/dataset/07653869-f303-46c2-a04e-9ab479b73cbf/resource/e55822fc-12e5-430c-8359-58a72c56f8c8,1.0,"Sep 1, 2026"
open.canada.ca/data/en/dataset/d8c5fbc4-1f7c-4697-97bc-b14e02296d15/resource/f3fad471-ca46-4117-9340-19a0e1c94d86,1.0,"Sep 1, 2026"
open.canada.ca/data/en/dataset/ca4674e1-8893-11e0-a2eb-6cf049291510,1.0,"Sep 1, 2026"
open.canada.ca/data/en/dataset/4c6c515f-7c44-4bb6-ab56-c5f79f75f705/resource/2658af9f-0676-4d61-8e49-fc8fa612bc69,1.0,"Sep 1, 2026"
ouvert.canada.ca/data/fr/dataset/06d31e10-a2a8-4d53-9ff3-567714a0a9f3,1.0,"Sep 1, 2026"
open.canada.ca/data/en/dataset/9253a01b-f1d9-4b67-ba98-857667827c7b,1.0,"Sep 1, 2026"
open.canada.ca/data/en/dataset/4188dacc-07c5-f72c-cfb1-cd505fcd4eb4/resource/f8f770ca-7105-42fc-8a10-6cbbd4f8d988,1.0,"Sep 1, 2026"
open.canada.ca/data/en/dataset/2f4117d9-41fc-44db-87d4-dbdb77f14086,1.0,"Sep 1, 2026"
open.canada.ca/data/en/dataset/b2acb3be-c720-4329-a8c0-d4d36c8db61e/resource/0b912228-e5a5-4c4a-aa0b-b8ec78ee3cf0,1.0,"Sep 1, 2026"
open.canada.ca/data/en/dataset/79df93d5-d310-4b39-8d6f-8faa5f3995ba,1.0,"Sep 1, 2026"
open.canada.ca/data/en/dataset/85a89ddd-e4a1-4acc-94db-bbb62a1327a1,1.0,"Sep 1, 2026"
open.canada.ca/data/en/dataset/028dd58d-320c-53fb-b5bc-8188fd5d5edf/resource/8d74775f-dfe1-42a7-a4d8-3f5be4794e4a,1.0,"Sep 1, 2026"
open.canada.ca/data/en/dataset/2a6542c5-a607-412c-a8bd-399672fe5100,1.0,"Sep 1, 2026"
ouvert.canada.ca/data/fr/dataset/8a21881f-178a-4160-8789-990a0f2a838c/resource/a29e62f4-f7a9-4163-9ebe-93a193137f9f,1.0,"Sep 1, 2026"
open.canada.ca/data/en/dataset/0a7619fd-2ffe-44b5-9027-3dfcec0866fd/resource/7ba57b86-2c58-4437-a49e-5f6f4af17666,1.0,"Sep 1, 2026"
search.open.canada.ca/grants/download/382fabd8-72de-4be2-b50f-044afdd8d813,1.0,"Sep 1, 2026"
open.canada.ca/data/en/dataset/059f7416-cfb3-44e9-a6f8-4c5f74bd5b4f/resource/c515847c-9209-4841-8207-1afc412b5791,1.0,"Sep 1, 2026"
open.canada.ca/data/en/dataset/27515ccc-0cad-4f7d-b8ab-2a909090f128/resource/69e2a0a4-2776-46ae-a24f-75540953ff9c,1.0,"Sep 1, 2026"
open.canada.ca/data/en/dataset/a7752b0c-408c-4c8f-a2d0-4f2e1d19dbe5/resource/05caeba8-8c41-4ff5-80af-ab5a270afe48,1.0,"Sep 1, 2026"
open.canada.ca/data/dataset/1a09c5c1-3554-4b70-9e53-6322a72ec7d4/resource/6fa943d1-66a0-4aa5-b864-abda89b415d2,1.0,"Sep 1, 2026"
open.canada.ca/data/en/dataset/80c00cdb-1358-415c-bb8b-0de7f12675b8/resource/1229e5a8-a507-4f80-8926-6e931ff9ad47,1.0,"Sep 1, 2026"
open.canada.ca/data/en/dataset/a376864b-18f2-49d8-9b98-1b7268ffb3c0/resource/d1cfe8ff-ae53-456d-9de9-043eb91a65a5,1.0,"Sep 1, 2026"
open.canada.ca/data/en/dataset/970ff3c4-50fd-4eeb-b402-f82f9ee22990/resource/2dde0122-8597-464b-bca2-748337318c8d,1.0,"Sep 1, 2026"
open.canada.ca/data/en/dataset/2916fad5-ebcc-4c86-b0f3-4f619b29f412,1.0,"Sep 1, 2026"
open.canada.ca/data/en/dataset/18bb430e-ffc8-43e6-a20e-cc4e15c3fd71/resource/e6269cc8-38d2-42c4-990e-02d77916a7fa,1.0,"Sep 1, 2026"
open.canada.ca/data/en/dataset/b64650d4-19c5-58ab-bb0b-0988feb01982/resource/15376328-986d-4ee0-8b60-bb9949dd6411,1.0,"Sep 1, 2026"
open.canada.ca/data/en/dataset/cb2400fb-aee0-4b58-a88e-e6de32c43c16/resource/10894ece-4c04-4557-a077-48ab463061c6,1.0,"Sep 1, 2026"
open.canada.ca/data/en/dataset/08013e71-101a-457c-af76-c7b13a08ff64,1.0,"Sep 1, 2026"
ouvert.canada.ca/data/fr/dataset/236294e1-bc74-486f-ab97-422227bc8832/resource/1d8523c2-b1aa-4196-8114-2e30a07181be,1.0,"Sep 1, 2026"
open.canada.ca/data/en/dataset/3829eee9-f898-4643-9ad8-f48575b8873d/resource/f8aea5b3-f8b1-450c-b541-27d8534c6688,1.0,"Sep 1, 2026"
open.canada.ca/data/en/dataset/14dac0b2-57d8-431d-8215-1258c393440e,1.0,"Sep 1, 2026"
open.canada.ca/data/en/dataset/d230ddcf-a374-48b7-9e56-484d3bdc9075/resource/6f4b26f9-8193-4c65-bfb6-cbb0b8305605,1.0,"Sep 1, 2026"
open.canada.ca/data/en/dataset/23045c82-c657-47d2-9c09-c8a546668906,1.0,"Sep 1, 2026"
open.canada.ca/data/en/dataset/ef0e0f90-c30c-4dce-810f-3a64f1115e78/resource/495a1590-5f57-4c5b-90fc-867ace5636ef,1.0,"Sep 1, 2026"
open.canada.ca/data/en/dataset/bdbab8a6-c101-4db3-8165-214f1ef7cfe8/resource/541a2b52-7b39-4a1c-b07c-1596e8e60fae,1.0,"Sep 1, 2026"
open.canada.ca/data/en/dataset/1c795c9f-ab00-4234-8bf2-0b7d447d8dd6/resource/e81ace9f-cd51-4ac2-87e9-72f7c99c3839,1.0,"Sep 1, 2026"
ouvert.canada.ca/data/fr/dataset/061c8cb7-ca4e-45be-a990-61fce7e7d2dc/resource/5fe5ac6a-afe9-4bf8-8c55-27a2ca7cc0e5,1.0,"Sep 1, 2026"
open.canada.ca/data/en/dataset/97954e19-9671-40fc-808a-9ca0579069b5,1.0,"Sep 1, 2026"
open.canada.ca/data/en/dataset/58657662-9135-4a52-994f-031ca01f5398/resource/0ae18adf-fd5f-44c8-88b5-2bd841f404c2,1.0,"Sep 1, 2026"
open.canada.ca/data/en/dataset/618f4b84-8020-5943-9669-251eec77e3a8/resource/f09a91d3-7003-475f-9b31-4d8b03cfb3d8,1.0,"Sep 1, 2026"
open.canada.ca/data/en/dataset/577fa13b-7279-4517-acb9-e152d464d5ca,1.0,"Sep 1, 2026"
ouvert.canada.ca/data/fr/dataset/b32a6bd3-cf3e-40e3-9719-48c86dae913c,1.0,"Sep 1, 2026"
open.canada.ca/data/en/dataset/f4e25ea2-e070-448c-9105-129807f5fc3a/resource/ecec4417-b5f1-4985-a159-b635f177088c,1.0,"Sep 1, 2026"
open.canada.ca/data/en/dataset/90fed587-1364-4f33-a9ee-208181dc0b97/resource/cbb38578-9116-44f4-9976-124c1031e201,1.0,"Sep 1, 2026"
open.canada.ca/data/en/dataset/236294e1-bc74-486f-ab97-422227bc8832/resource/0db1b0dd-0830-4745-9be0-377d9fdb5a18,1.0,"Sep 1, 2026"
open.canada.ca/data/en/dataset/8ee79eb8-9e2c-4fb0-a2a5-51f54f2f383f/resource/a6cfead3-0774-4c7b-a440-174d2550da69,1.0,"Sep 1, 2026"
open.canada.ca/data/en/dataset/83b76283-6444-4455-8f22-67c6ab7524c1,1.0,"Sep 1, 2026"
ouvert.canada.ca/data/dataset/cdb006fa-2df0-8acb-2266-d4b1dc775bdf,1.0,"Sep 1, 2026"
open.canada.ca/data/dataset/36515a02-cc2e-4f17-a1d8-6bcbfc92bce1,1.0,"Sep 1, 2026"
open.canada.ca/data/en/dataset/10ce43bd-fb58-4969-806b-4bffebc87bec/resource/9deed2a8-c8a2-4b5d-b002-31b0c64264be,1.0,"Sep 1, 2026"
open.canada.ca/data/en/dataset/e472315f-036d-4a46-80d1-fc1f92da316b,1.0,"Sep 1, 2026"
open.canada.ca/data/en/dataset/3eac04b7-b790-4b90-a6b0-a088f44f76d7,1.0,"Sep 1, 2026"
ouvert.canada.ca/data/fr/dataset/0e0e61e4-804b-5fff-8116-4cab180ee33f,1.0,"Sep 1, 2026"
open.canada.ca/data/en/dataset/1674baf5-6822-4788-afb3-f8659531d7c0/resource/1e5a4fc3-d891-4b96-96c2-284778cd8cd7,1.0,"Sep 1, 2026"
open.canada.ca/data/en/dataset/91ed76b4-a1a2-4f87-9c4c-59cd64f7a9de/resource/fe7617f7-a676-4966-aae3-c4cfbab4b935,1.0,"Sep 1, 2026"
open.canada.ca/data/en/dataset/aff441fd-1440-480f-b61a-8a34d2f8cda2,1.0,"Sep 1, 2026"
search.open.canada.ca/contracts/download/8b13267d-d62c-460a-99c2-6134b1fc5e34,1.0,"Sep 1, 2026"
open.canada.ca/data/en/dataset/d5b89acc-5f2a-435d-b8f5-18002ba24c2a/resource/42f31158-ac4d-49ba-8ebd-a6a700aa5465,1.0,"Sep 1, 2026"
ouvert.canada.ca/data/dataset/de3bf628-3f2c-d02b-65fd-a0754ade958c,1.0,"Sep 1, 2026"
open.canada.ca/data/en/dataset/4bb5747f-cd21-488b-b1e5-139db0f4c2cb/resource/e2c78af7-83e6-4e15-a830-a7a31bd7c212,1.0,"Sep 1, 2026"
open.canada.ca/data/en/dataset/411a40af-14b0-4d66-a36a-15e8cb0563dd/resource/b616e8d5-e12c-466f-aae8-0601a56b0fe0,1.0,"Sep 1, 2026"
open.canada.ca/data/en/dataset/712e7355-91d7-7b4f-9d46-1e7b5561cd95/resource/90276820-c02b-45fb-9e5e-8c0fad968a20,1.0,"Sep 1, 2026"
open.canada.ca/data/en/dataset/a348c1d1-2392-4595-b5e2-c6a244a7e87f/resource/82f7af02-42c6-4275-9f5e-214397e5fea9,1.0,"Sep 1, 2026"
open.canada.ca/data/en/dataset/0d77ce53-eb4e-5690-9a73-576c59ab4098/resource/f7dc60c6-06af-4fca-9483-b9cff93e6985,1.0,"Sep 1, 2026"
open.canada.ca/data/en/dataset/e1f5053f-958a-462f-bbe1-66c14f315731/resource/77c7d141-7283-4d21-b52f-3fbaf37ac5b3,1.0,"Sep 1, 2026"
open.canada.ca/data/en/dataset/ef0e0f90-c30c-4dce-810f-3a64f1115e78/resource/9a9bd9e3-a981-44e5-98b4-ebaebf537bee,1.0,"Sep 1, 2026"
open.canada.ca/data/en/dataset/16b7eeb0-9a97-46c0-af3d-7f2114dedf5e/resource/21eb8844-329a-4328-9d4e-8053e2290add,1.0,"Sep 1, 2026"
open.canada.ca/data/en/dataset/a9c18c37-b7b9-48ce-ac1d-b40a65bafa9e/resource/ab33ef52-766f-4d24-87c2-329ccb9bd49e,1.0,"Sep 1, 2026"
open.canada.ca/data/en/dataset/2c53729a-2453-4633-92f3-6876a45f8bc4/resource/f103066d-ccca-4e64-97c0-3b32e278a46d,1.0,"Sep 1, 2026"
ouvert.canada.ca/data/fr/dataset/7dffedc4-23fa-440c-a36d-adf5a6cc09f1/resource/f424c3df-9ca3-4135-9cfb-0cc4f1d3307e,1.0,"Sep 1, 2026"
search.open.canada.ca/grants/download/19308a41-9b94-40d2-b3a6-b4ef2251c259,1.0,"Sep 1, 2026"
open.canada.ca/data/en/dataset/c6085f69-652f-4f33-9b0a-89b24d90ccff/resource/792e4cc2-b0cb-465e-9cd0-7b7b2bfb1871,1.0,"Sep 1, 2026"
open.canada.ca/data/dataset/5c7dd237-ba33-2913-8446-b5382cfc2551/resource/3198cbca-2a1f-4426-8721-216e39ac7d50,1.0,"Sep 1, 2026"
open.canada.ca/data/en/dataset/2c3672b6-4c17-4ff5-9861-29e2dd6d03b3,1.0,"Sep 1, 2026"
open.canada.ca/data/en/dataset/b82096d6-81a7-4db7-b042-11e173b078ae,1.0,"Sep 1, 2026"
ouvert.canada.ca/data/fr/dataset/9fb08ed4-2a4b-5163-e7c3-0d3b88db083a/resource/db0e4664-a854-4a77-9b05-bc816b8e335e,1.0,"Sep 1, 2026"
open.canada.ca/data/en/dataset/4c6c515f-7c44-4bb6-ab56-c5f79f75f705/resource/c046ea03-a121-470d-bd23-20a4d7fd7b20,1.0,"Sep 1, 2026"
open.canada.ca/data/dataset/ff1d7bcf-6606-4c4f-8b91-3a07dab73d67,1.0,"Sep 1, 2026"
open.canada.ca/data/en/dataset/94fc74d6-9b9a-4c2e-9c6c-45a5092453aa/resource/93490387-b242-417b-956e-01128b3022ab,1.0,"Sep 1, 2026"
open.canada.ca/data/en/dataset/b64650d4-19c5-58ab-bb0b-0988feb01982/resource/ca78b15b-154e-4311-b231-c678c17d14cf,1.0,"Sep 1, 2026"
open.canada.ca/data/en/dataset/9883c8aa-f1ba-444d-afbe-07a8df6cfce5/resource/680dd913-2d4d-460b-93e8-1ca8602176f4,1.0,"Sep 1, 2026"
open.canada.ca/data/en/dataset/9edf7410-365a-4197-989f-51cb1634efda,1.0,"Sep 1, 2026"
open.canada.ca/data/en/dataset/360024f2-17e9-4558-bfc1-3616485d65b9/resource/f2696d77-a292-454c-a3aa-89bb4e95dd75,1.0,"Sep 1, 2026"
open.canada.ca/data/en/dataset/1d815243-28ce-45e6-ad6b-58643327a253/resource/8c5a7b18-d888-48f8-9abe-d641db4dc70a,1.0,"Sep 1, 2026"
open.canada.ca/data/en/dataset/cb2deeb0-8893-11e0-bf75-6cf049291510/resource/757af477-dabf-4b7e-9cb5-5aa210a7f246,1.0,"Sep 1, 2026"
open.canada.ca/data/en/dataset/90fed587-1364-4f33-a9ee-208181dc0b97/resource/3a28dd68-e061-46f4-824f-053ad292ad89,1.0,"Sep 1, 2026"
open.canada.ca/data/en/dataset/873cfcb0-1c9b-4a48-a366-076697069bb9/resource/1aed64b3-a376-48d7-91de-9f1304235eae,1.0,"Sep 1, 2026"
open.canada.ca/data/en/dataset/07c42deb-9435-43b9-a416-7ce316f3893d,1.0,"Sep 1, 2026"
open.canada.ca/data/en/dataset/1c949987-310c-4bd8-adaa-a9268332e4c0/resource/aa8a57d9-38ec-4082-b87f-c6ba53d0726f,1.0,"Sep 1, 2026"
open.canada.ca/data/en/dataset/1a12f1f0-d36f-4aee-8b79-135934dea63d,1.0,"Sep 1, 2026"
open.canada.ca/data/dataset/20e546a9-f626-4e14-bdac-56f6803daf5b/resource/36e78a39-f036-4a8d-a3ae-7f0d9345984a,1.0,"Sep 1, 2026"
open.canada.ca/data/en/dataset/ef416525-abb9-4805-a596-98681d34f153/resource/e3106e23-da10-4421-b8dc-4aa863a704e8,1.0,"Sep 1, 2026"
open.canada.ca/data/en/dataset/b6567c5c-8339-4055-99fa-63f92114d9e4/resource/db2011f0-0eb7-4fd1-8428-874bdb51033b,1.0,"Sep 1, 2026"
open.canada.ca/data/en/dataset/b90d077d-5df7-47b1-90c7-00c323ac25a4/resource/4b0611ac-eb70-42cc-9e89-cdebf58b56ac,1.0,"Sep 1, 2026"
open.canada.ca/data/en/dataset/1a7fa21f-b2f2-4f85-b40d-231b4e6a94e7,1.0,"Sep 1, 2026"
open.canada.ca/data/en/dataset/5489d54a-9925-44e3-a1a8-b26c1f64e811/resource/98d75494-d33b-4572-930b-49ef80b22eba,1.0,"Sep 1, 2026"
open.canada.ca/data/en/dataset/49d5ba7d-d860-40d9-9183-892979e4acbe,1.0,"Sep 1, 2026"
open.canada.ca/data/en/dataset/7a5cda52-c7df-427f-9ced-26f19a8a64d6/resource/d2a8ad16-8b6a-4989-9f58-52d0abb85381,1.0,"Sep 1, 2026"
open.canada.ca/data/en/dataset/004f6b03-ac84-4c7c-90cb-35949e6260bc/resource/85ef9127-e0a1-465d-832e-d6f1bae32b8c,1.0,"Sep 1, 2026"
open.canada.ca/data/en/dataset/e5d0a8e0-a200-4bd8-8939-d12e5278f31c,1.0,"Sep 1, 2026"
open.canada.ca/data/en/dataset/9b34e712-513f-44e9-babf-9df4f7256550/resource/0c8bfc6c-9787-41c6-825c-46b9ddf1f4ad,1.0,"Sep 1, 2026"
open.canada.ca/data/en/dataset/c7c19fd6-d004-46d1-83cf-cdd687c3588e/resource/dfde463e-9ea1-4a1a-adea-11ce5b1b36ec,1.0,"Sep 1, 2026"
open.canada.ca/data/en/dataset/2e7c5a58-986f-402c-9dec-a45e0dadf8dd/resource/9be07afa-e976-4420-9bbd-6712a507de24,1.0,"Sep 1, 2026"
ouvert.canada.ca/data/fr/dataset/5829b5b0-ea6f-476f-be94-bc2b8797769a/resource/8403653e-6998-435e-8b20-0df0dbd75a02,1.0,"Sep 1, 2026"
open.canada.ca/data/en/dataset/a376864b-18f2-49d8-9b98-1b7268ffb3c0/resource/e86672ca-e3ab-4def-97d7-d549dfe50713,1.0,"Sep 1, 2026"
open.canada.ca/data/en/dataset/1b026aab-edb3-4d5d-8231-270a09ed4e82/resource/ed0a3a5b-f320-44fe-94d9-cc73b7cb0248,1.0,"Sep 1, 2026"
open.canada.ca/data/en/dataset/e7bd909b-b794-4437-ae79-1a1116c4c7ef/resource/fcdd6bd1-93af-4e6e-a923-545d31bc26d7,1.0,"Sep 1, 2026"
open.canada.ca/data/en/dataset/9c285bb1-7919-426a-b6c0-29a4d2edde48/resource/47f28012-05af-4f8d-a2b8-20a59fde6599,1.0,"Sep 1, 2026"
open.canada.ca/data/en/dataset/90fed587-1364-4f33-a9ee-208181dc0b97/resource/296a2d75-f93c-4c88-892e-e2b03a3b2ad9,1.0,"Sep 1, 2026"
open.canada.ca/data/en/dataset/f9bc91b0-598a-5986-9b18-1d163ac8551f,1.0,"Sep 1, 2026"
open.canada.ca/data/en/dataset/1222839b-090f-459e-8edb-e01d78b1fd37,1.0,"Sep 1, 2026"
open.canada.ca/data/en/dataset/5e5d2750-d129-4952-b9fc-f824c5e480b4/resource/dcf377ce-151f-48b5-bddf-4dd3def0d136,1.0,"Sep 1, 2026"
open.canada.ca/data/en/dataset/593e9165-c6ce-4f9b-b519-03d315f92cd4/resource/c31d6d64-a244-4a83-ba5e-9123a8170f6f,1.0,"Sep 1, 2026"
open.canada.ca/data/en/dataset/1358284b-26e7-4c69-abd8-398d3da2c270/resource/f3ddcfbc-a852-4dee-be3c-5b08864c9afe,1.0,"Sep 1, 2026"
open.canada.ca/data/en/dataset/2e7c5a58-986f-402c-9dec-a45e0dadf8dd/resource/227f18b7-a68e-4896-9043-94f62a3498a0,1.0,"Sep 1, 2026"
open.canada.ca/data/en/dataset/96a40eee-14aa-41a3-a9a1-123459890e0e,1.0,"Sep 1, 2026"
open.canada.ca/data/en/dataset/57bd4dfa-8321-4123-aa74-2a740b9e25ae,1.0,"Sep 1, 2026"
open.canada.ca/data/en/info/d8f4f2f3-0b64-4d54-8661-6219a0315a47/resource/873689f5-3f8f-4cbc-97ec-b0ece11d0a92,1.0,"Sep 1, 2026"
open.canada.ca/data/en/dataset/2af751e7-79f9-4da8-9b45-14688818dca3/resource/9b3aeea2-efc1-410a-9e5a-d78903d2970a,1.0,"Sep 1, 2026"
open.canada.ca/data/en/dataset/86d91f04-c564-4f53-8150-2ce95952eebe/resource/3db9b230-6b18-4a45-9ee7-758845801b22,1.0,"Sep 1, 2026"
open.canada.ca/data/en/dataset/67c492bc-6bb2-4e0d-957f-17360312f6a7/resource/3cd9e11b-a354-4cc2-9259-d5922864f588,1.0,"Sep 1, 2026"
open.canada.ca/data/en/dataset/7ad7ea01-eb23-4824-bccc-66adb7c5bdf8,1.0,"Sep 1, 2026"
open.canada.ca/data/en/dataset/736fa9b2-62e4-4e31-aea4-51869605b363,1.0,"Sep 1, 2026"
open.canada.ca/data/en/dataset/d2d6057f-d7c4-45d9-9fd9-0a58370577e0/resource/3afeb3fa-b84f-489e-8b9d-cf1e7133ad9b,1.0,"Sep 1, 2026"
open.canada.ca/data/en/dataset/f5f2db55-31e4-42fb-8c73-23e1c44de9b2,1.0,"Sep 1, 2026"
ouvert.canada.ca/data/fr/dataset/6a09c998-cddb-4a22-beff-4dca67ab892f/resource/43c67af5-e598-4a9b-a484-fe1cb5d775b5,1.0,"Sep 1, 2026"
open.canada.ca/data/en/dataset/f064a144-b4e0-4e9b-9970-e0fc2f84d1a8/resource/0fa40e47-8d01-47eb-93f5-ac9538d52fe6,1.0,"Sep 1, 2026"
open.canada.ca/data/en/dataset/76defa14-473e-41e2-abfa-60021c4d934b/resource/e80c80e1-a77c-423a-9b5b-0e7657324a2f,1.0,"Sep 1, 2026"
open.canada.ca/data/en/dataset/564a3d0e-bf33-490e-b9a3-3c28fe6a5468/resource/422e7e5d-2d3d-4a5e-abcd-dca0f9e3bfb6,1.0,"Sep 1, 2026"
open.canada.ca/data/en/dataset/9ccc78a3-0418-438c-9d49-d8882fff2c5f/resource/cb06b4e0-78f0-4bf9-963c-ac896389917b,1.0,"Sep 1, 2026"
open.canada.ca/data/en/dataset/2372e3ba-915f-4dbd-8671-ac0c4a0ec155/resource/9bdab39f-4322-4b85-a151-c76073c232c5,1.0,"Sep 1, 2026"
open.canada.ca/data/en/dataset/67c492bc-6bb2-4e0d-957f-17360312f6a7,1.0,"Sep 1, 2026"
open.canada.ca/data/en/dataset/c1b0f627-8c29-427c-ab73-33968ad9176e/resource/fe4ee9fe-5f07-4a35-b2e2-646b6abf521e,1.0,"Sep 1, 2026"
open.canada.ca/data/en/dataset/ff1d7bcf-6606-4c4f-8b91-3a07dab73d67/resource/75ff54b9-eb8a-4124-98c3-7b853a2c7087,1.0,"Sep 1, 2026"
open.canada.ca/data/en/dataset/6abd20d4-7a1c-4b38-baa2-9525d0bb2fd2/resource/d6f62874-db08-4205-ba55-6dc885d66d08,1.0,"Sep 1, 2026"
search.open.canada.ca/grants/download/d0113cbd-fb1d-4cbe-be74-b7e8ebd1390c,1.0,"Sep 1, 2026"
open.canada.ca/data/en/dataset/e9b150b7-0cce-4a50-b26d-60934b8589ec/resource/d3265cde-3fde-4e45-bc6d-2f6f5c875bae,1.0,"Sep 1, 2026"
open.canada.ca/data/en/dataset/b5518921-d27a-02e5-1857-6fc576418930/resource/76531bb3-8871-4b24-9580-96a4ca392493,1.0,"Sep 1, 2026"
open.canada.ca/data/en/dataset/dbe45821-8893-11e0-a8da-6cf049291510/resource/efa3fa58-f223-4c11-90eb-d96bd629fef2,1.0,"Sep 1, 2026"
open.canada.ca/data/en/dataset/ca1847da-e908-43de-bd8c-588570331650,1.0,"Sep 1, 2026"
open.canada.ca/data/en/dataset/f4a8f715-894b-4b70-8244-7f5b4ca75876,1.0,"Sep 1, 2026"
open.canada.ca/data/en/dataset/e547539b-7fc6-4879-be54-3d1f80ac9e9e/resource/b47a541b-2e8a-46e1-9586-4e4b0496eaa7,1.0,"Sep 1, 2026"
open.canada.ca/data/en/dataset/10837e5e-d2f6-4eba-a208-161c661530a1/resource/5b59dabd-7bc5-4ef4-bc3a-b9b1c77bc32d,1.0,"Sep 1, 2026"
open.canada.ca/data/en/dataset/dd17d211-5038-479a-8f23-dafcb26c829b,1.0,"Sep 1, 2026"
open.canada.ca/data/en/info/cca357d1-814a-4acc-b0df-f983a2da3571/resource/da02ab0e-3980-4c9c-a45e-df4571582481,1.0,"Sep 1, 2026"
ouvert.canada.ca/data/fr/dataset/4eee1558-45b7-4484-9336-e692897d393f/resource/a536d14b-c47c-4ce5-acd7-c8855352f3f5,1.0,"Sep 1, 2026"
open.canada.ca/data/en/dataset/52e4b14b-597a-4ecf-a184-23a6e69b0d57/resource/3e266296-0da1-4959-86df-e89255190bff,1.0,"Sep 1, 2026"
open.canada.ca/data/en/dataset/8ee79eb8-9e2c-4fb0-a2a5-51f54f2f383f/resource/84b8c08d-928b-4d27-8304-245e88922cc2,1.0,"Sep 1, 2026"
open.canada.ca/data/en/dataset/5ba0d0bc-f1d2-4c17-9bcc-f85080549fe9/resource/d763339e-5d1a-4040-ab53-5b0254b5881c,1.0,"Sep 1, 2026"
open.canada.ca/data/en/dataset/90fed587-1364-4f33-a9ee-208181dc0b97/resource/9c690222-fc92-4849-bd55-9bf4085d3dac,1.0,"Sep 1, 2026"
open.canada.ca/data/en/dataset/76defa14-473e-41e2-abfa-60021c4d934b/resource/a89d69d2-37bf-47dd-a8e9-3b3328eaaabb,1.0,"Sep 1, 2026"
ouvert.canada.ca/data/fr/dataset/2bcf34b5-4e9a-431b-9e43-1eace6c873bd,1.0,"Sep 1, 2026"
open.canada.ca/data/en/dataset/7a5cda52-c7df-427f-9ced-26f19a8a64d6/resource/e4214872-2754-4a35-96ea-4521c8dd0b22,1.0,"Sep 1, 2026"
open.canada.ca/data/en/dataset/1d42f7b9-1549-40aa-8ac6-0e0302ff2902/resource/e1b7912c-f71a-4b80-aeb0-8dde1a7084f0,1.0,"Sep 1, 2026"
open.canada.ca/data/en/dataset/800106c1-0b08-401e-8be2-ac45d62e662e/resource/23b213b3-a4a4-4813-95f9-3916af57568c,1.0,"Sep 1, 2026"
open.canada.ca/data/en/dataset/032df664-5b95-49d5-bb0e-ab6ee4c5642f,1.0,"Sep 1, 2026"
open.canada.ca/data/en/dataset/dd2b0390-c77a-4c9f-b1bc-cb8d9f4a23c5,1.0,"Sep 1, 2026"
open.canada.ca/data/dataset/92697343-d36d-4427-a1a8-ebac6b2725cc,1.0,"Sep 1, 2026"
open.canada.ca/data/en/dataset/cb47d4b9-059a-4c09-a522-ee4e6eb1329d/resource/139e8820-66b3-4f34-bfd8-089c85c97fe4,1.0,"Sep 1, 2026"
open.canada.ca/data/en/dataset/79fdad93-9025-49ad-ba16-c26d718cc070,1.0,"Sep 1, 2026"
open.canada.ca/data/en/dataset/90ffdeb0-a2d7-41d3-9596-f5d2b2bb79dd,1.0,"Sep 1, 2026"
open.canada.ca/data/en/dataset/0af975f1-bb45-40e6-b8d8-9ae4909f1dc6/resource/36623146-d151-42ac-9005-77875c61caa3,1.0,"Sep 1, 2026"
open.canada.ca/data/en/dataset/07653869-f303-46c2-a04e-9ab479b73cbf/resource/4eb24bc1-795c-46ec-833b-0e028a50f5b1,1.0,"Sep 1, 2026"
open.canada.ca/data/dataset/289a0f56-b04d-4742-b1b7-353270e837c0,1.0,"Sep 1, 2026"
open.canada.ca/data/en/dataset/a828eab4-5449-4ae5-a92f-e33b09da6934,1.0,"Sep 1, 2026"
open.canada.ca/data/en/info/17b780ea-0773-489a-b847-0299c4f993f0/resource/4150f7cf-ad79-4e88-8f9a-eaac33d3ded9,1.0,"Sep 1, 2026"
open.canada.ca/data/en/dataset/a9e40f30-3229-4fb7-8105-83e751c848d4/resource/9cf5cd30-5543-407d-abfb-4eda5bee2307,1.0,"Sep 1, 2026"
open.canada.ca/data/en/dataset/9139319a-9cef-4584-ab4e-6b5f4393ed15/resource/e78e4ca5-74d9-4267-9fd3-c2403b708c7c,1.0,"Sep 1, 2026"
open.canada.ca/data/dataset/ee94f29d-c3ff-40bc-b173-8762c640e0c9,1.0,"Sep 1, 2026"
open.canada.ca/data/en/dataset/dd9dc721-17f5-410d-9d79-27f53af63ed4,1.0,"Sep 1, 2026"
ouvert.canada.ca/data/fr/dataset/706a6d1a-df8e-40e3-8e0c-94211025c528/resource/23d5b4bb-644e-4f9a-9c07-e4e8f75e6249,1.0,"Sep 1, 2026"
ouvert.canada.ca/data/dataset/ac4d7703-1dee-4eb9-b71d-65bcd5427157,1.0,"Sep 1, 2026"
open.canada.ca/data/en/dataset/5b99672b-69ff-5d08-b26b-10da06f8e30c/resource/93af9399-242e-49c8-b138-8d03ede3d780,1.0,"Sep 1, 2026"
open.canada.ca/data/en/dataset/d892511c-d851-4f85-a0ec-708bc05d2810/resource/8ce1b49a-c8c7-4a3f-a06e-a745dc8a38be,1.0,"Sep 1, 2026"
ouvert.canada.ca/data/fr/dataset/0e0e61e4-804b-5fff-8116-4cab180ee33f/resource/0810b87e-721f-41c7-a748-24e6991d37f6,1.0,"Sep 1, 2026"
open.canada.ca/data/en/dataset/4382d531-04ed-46b7-a10b-35df6fe36d56,1.0,"Sep 1, 2026"
open.canada.ca/data/en/dataset/80c00cdb-1358-415c-bb8b-0de7f12675b8/resource/5d174c72-9dca-4961-88f2-fc8e6257941b,1.0,"Sep 1, 2026"
open.canada.ca/data/en/dataset/85ef5f5c-d285-4703-a2f2-afd780b67f02/resource/6e7de86c-6ddc-474e-8de4-66d7fb42b8ab,1.0,"Sep 1, 2026"
open.canada.ca/data/en/dataset/21b821cf-0f1c-40ee-8925-eab12d357668/resource/8216fb3b-534f-42fc-9049-ecab3bd76647,1.0,"Sep 1, 2026"
open.canada.ca/data/en/dataset/1b6139bd-ed7e-4043-bc28-ff00e10f3109/resource/e0cafc22-f564-4524-b82a-9ad7554f57ef,1.0,"Sep 1, 2026"
ouvert.canada.ca/data/fr/dataset/90115b00-f9b8-49e8-afa3-b4cff8facaee/resource/b2340357-b3f8-4ba1-b19b-431ade55d11e,1.0,"Sep 1, 2026"
open.canada.ca/data/en/dataset/1f15ca45-8bfd-4f9c-9ec6-2c0c440e69c2/resource/ac40f464-dba0-454c-9448-3fc66b88d68e,1.0,"Sep 1, 2026"
ouvert.canada.ca/data/fr/dataset/a733fb88-ddaf-47f8-95bb-e107630e8e62/resource/0ef39e54-b836-4b46-9636-c45412e6cf2d,1.0,"Sep 1, 2026"
open.canada.ca/data/en/dataset/a5184ea8-f036-4d1c-99f8-fb1744077827/resource/7bba2690-9a75-4cca-a9cc-dc81316cfd0d,1.0,"Sep 1, 2026"
open.canada.ca/data/en/dataset/885eee85-11f0-18bb-c954-48e5ff8bf551/resource/c9dc1fff-c5ef-4c29-a966-0f4ea8696fc6,1.0,"Sep 1, 2026"
open.canada.ca/data/en/dataset/9671bee4-4f73-48a0-a4c1-5d23dd0e901a/resource/d789add4-247a-451e-ae82-c6c3b9f5e70a,1.0,"Sep 1, 2026"
open.canada.ca/data/en/dataset/2d5636bd-4e6c-4f7d-a02a-98b762d8603f,1.0,"Sep 1, 2026"
open.canada.ca/data/en/info/776ee857-b0c3-433a-a0c8-1529272ca53b/resource/d3775709-8f28-4fe9-9683-37930d9e996f,1.0,"Sep 1, 2026"
open.canada.ca/data/en/dataset/10a3cf3f-65d1-4654-8a6f-9207a0f5030c,1.0,"Sep 1, 2026"
open.canada.ca/data/en/dataset/fcb465c4-04e7-4416-9bbe-052c02f6d1e2/resource/92892ea3-b036-4510-913a-6e4594ac93e8,1.0,"Sep 1, 2026"
open.canada.ca/data/en/dataset/6d9f412c-c5fa-497e-9a97-447369440f71/resource/2135c64a-cf28-4d23-9309-e96c43f14315,1.0,"Sep 1, 2026"
ouvert.canada.ca/data/fr/dataset/0e0e61e4-804b-5fff-8116-4cab180ee33f/resource/9c129821-4a39-4ffc-a992-a67120c1993c,1.0,"Sep 1, 2026"
open.canada.ca/data/en/dataset/45104589-ec39-4240-898f-2c11f28bd513/resource/4e37cea2-4c58-4c4a-ad96-a7ec3a97d7ce,1.0,"Sep 1, 2026"
open.canada.ca/data/en/dataset/7dffedc4-23fa-440c-a36d-adf5a6cc09f1/resource/cce956c1-556d-4fbb-bb24-20f46e1b39d0,1.0,"Sep 1, 2026"
search.open.canada.ca/contracts/download/e1908c6e-3bf2-4fbb-8fd2-8c0535b8338f,1.0,"Sep 1, 2026"
open.canada.ca/data/en/dataset/4e558a98-d9ab-49d2-a493-1a1c7f8bb0d1,1.0,"Sep 1, 2026"
open.canada.ca/data/en/dataset/97a2a33c-54cc-4f2e-82c1-047ad8212f05/resource/30ff98ef-2311-48fa-b5d6-2315febdcd92,1.0,"Sep 1, 2026"
open.canada.ca/data/en/dataset/2bcf34b5-4e9a-431b-9e43-1eace6c873bd/resource/951db06f-e45f-4936-b037-fe759193d351,1.0,"Sep 1, 2026"
open.canada.ca/data/en/dataset/71124206-d0d1-41c1-ac97-fb72e1ee5b93/resource/56c91472-106f-4e02-9e68-c476c15db782,1.0,"Sep 1, 2026"
ouvert.canada.ca/data/fr/dataset/d23b2e02-085d-43e5-9e6e-e1d558ebfdd5,1.0,"Sep 1, 2026"
open.canada.ca/data/en/info/791de1ec-7fc8-48f1-a4e4-8bbaebc67080/resource/0078679e-6e99-4cee-b1a6-0980991d9783,1.0,"Sep 1, 2026"
open.canada.ca/data/en/dataset/24969dcc-6618-4aa0-94d9-083e6400072a/resource/a7c242f5-0f4d-407c-874f-9a747d5c48ff,1.0,"Sep 1, 2026"
open.canada.ca/data/en/dataset/4d39c9f9-a85c-4bf2-b920-138fdd423384/resource/a5aff689-4537-4f5d-906b-b30e1143b0d9,1.0,"Sep 1, 2026"
open.canada.ca/data/en/dataset/faef7b10-6357-8918-ad93-26d64ad82c83,1.0,"Sep 1, 2026"
open.canada.ca/data/en/dataset/8ec4a9df-b76b-4a67-8f93-cdbc2e040098,1.0,"Sep 1, 2026"
ouvert.canada.ca/data/dataset/45711667-7878-4d86-8b5e-d0be5997dd16,1.0,"Sep 1, 2026"
open.canada.ca/data/en/dataset/d6ab23ad-149f-40de-9b1f-640abd4debde,1.0,"Sep 1, 2026"
open.canada.ca/data/en/dataset/b6567c5c-8339-4055-99fa-63f92114d9e4,1.0,"Sep 1, 2026"
ouvert.canada.ca/data/fr/dataset/4018f5bb-9d85-52c1-b326-27d73d634076/resource/91666123-a461-467b-93d0-b3daa9a08dee,1.0,"Sep 1, 2026"
open.canada.ca/data/en/dataset/10b9338d-e794-4e6d-be00-e12c5e321526,1.0,"Sep 1, 2026"
ouvert.canada.ca/data/fr/dataset/1ba556af-baa9-42b2-a2b6-9390fd61a559,1.0,"Sep 1, 2026"
open.canada.ca/data/en/dataset/57180b36-3428-4a7f-afe3-2161a6b44ec5/resource/cb5b5566-f599-4d12-abae-8279a0230928,1.0,"Sep 1, 2026"
open.canada.ca/data/en/dataset/9b34e712-513f-44e9-babf-9df4f7256550/resource/fdc69618-dd90-4f38-b040-3046ee6657db,1.0,"Sep 1, 2026"
ouvert.canada.ca/data/fr/dataset/4eb0d39b-6182-42d9-a2e0-96384d60d117/resource/0ebe639f-29b4-47b5-8d73-d6d420e52e8e,1.0,"Sep 1, 2026"
open.canada.ca/data/en/dataset/a3edf193-5c56-4b38-bcc5-c8708c60ce38/resource/7a1159d5-61af-4f79-bdbb-717d57cac5dc,1.0,"Sep 1, 2026"
open.canada.ca/data/en/dataset/4cc207cc-ff03-44f8-8c5f-415af5224646,1.0,"Sep 1, 2026"
ouvert.canada.ca/data/fr/dataset/f7e5498e-0ad8-4417-85c9-9b8aff9b9eda/resource/58d86dd3-2936-4c58-9691-2afd35e61a9b,1.0,"Sep 1, 2026"
open.canada.ca/data/en/dataset/2909a648-5753-4924-878a-b069392d9cde/resource/0be49c36-d560-492e-a19b-2fca3dbd6300,1.0,"Sep 1, 2026"
open.canada.ca/data/en/dataset/363300fd-6ac1-47f0-abc2-58213a66be12,1.0,"Sep 1, 2026"
open.canada.ca/data/en/dataset/21f123f6-1837-4d07-aff7-cb257fa63b6e/resource/1470fb55-2667-4a55-8726-f133cd6847fc,1.0,"Sep 1, 2026"
open.canada.ca/data/en/dataset/1b1c2b92-b388-47d9-87d4-01aee8d3c3e4/resource/22653cdd-d1e2-4c04-9d11-61b5cdd79b4e,1.0,"Sep 1, 2026"
open.canada.ca/data/en/info/06d31e10-a2a8-4d53-9ff3-567714a0a9f3/resource/ed590592-d9f1-4b67-b01a-4f47695d697f,1.0,"Sep 1, 2026"
open.canada.ca/data/en/dataset/9b34e712-513f-44e9-babf-9df4f7256550/resource/f551de3d-d8f8-453c-bce8-0ca36c4ee9bb,1.0,"Sep 1, 2026"
search.open.canada.ca/grants/download/3906ffde-ddf6-449f-9893-29d5de6ea887,1.0,"Sep 1, 2026"
open.canada.ca/data/en/dataset/3d282116-e556-400c-9306-ca1a3cada77f/resource/ae18b505-205b-4095-9879-0f6acbf1ad0c,1.0,"Sep 1, 2026"
open.canada.ca/data/en/dataset/c056830d-6d41-42a8-a11f-3af947e57b1b/resource/02e2659c-1760-41f0-a95a-26e1e2883b90,1.0,"Sep 1, 2026"
open.canada.ca/data/en/dataset/333d9788-5cad-408d-bc11-81b183c1d121/resource/0d4d76f2-d3fa-4000-8462-1ca8c371bf20,1.0,"Sep 1, 2026"
open.canada.ca/data/en/dataset/c688b87f-e85f-4842-b0e1-a8f79ebf1133/resource/58e33b70-d910-44f5-ad05-4affdb40fe57,1.0,"Sep 1, 2026"
open.canada.ca/data/en/dataset/99538aed-2c09-4188-bcea-5b200ca78d9a,1.0,"Sep 1, 2026"
open.canada.ca/data/en/dataset/76b524a3-8535-46d2-8cd8-36b2b0d81873,1.0,"Sep 1, 2026"
open.canada.ca/data/en/dataset/6609320b-ac9e-4737-8e9c-304e6e843c17/resource/49573073-85cd-40f9-b087-9ba4883e55d1,1.0,"Sep 1, 2026"
open.canada.ca/data/en/dataset/9831236f-6e01-447a-9e28-b9c6b3348631,1.0,"Sep 1, 2026"
open.canada.ca/data/en/dataset/76defa14-473e-41e2-abfa-60021c4d934b/resource/4b168d19-8abb-474c-b7ac-5dde1073df03,1.0,"Sep 1, 2026"
open.canada.ca/data/en/dataset/6a3df5aa-7524-47a0-bf76-c45d12c8ef35/resource/586466ca-9950-43e2-aacb-6be0ebb4b9b6,1.0,"Sep 1, 2026"
ouvert.canada.ca/data/dataset/38f61b0c-160d-452c-a3cb-ab7ede8d7601/resource/12937a17-1f57-4201-a241-be07703c6284,1.0,"Sep 1, 2026"
open.canada.ca/data/en/dataset/8c387c19-9411-c58c-89d3-9e222ea3f50a/resource/3cb38f81-6134-418c-9899-13c03c7b8dd7,1.0,"Sep 1, 2026"
open.canada.ca/data/en/dataset/1358284b-26e7-4c69-abd8-398d3da2c270,1.0,"Sep 1, 2026"
open.canada.ca/data/en/dataset/180dfc4c-8c1a-4c31-8e29-84953476bb92,1.0,"Sep 1, 2026"
open.canada.ca/data/en/dataset/296de17c-001c-4435-8f9a-f5acab632e85/resource/d9d6b5e6-aa1c-4fd5-9af3-424128bdc4d2,1.0,"Sep 1, 2026"
open.canada.ca/data/en/dataset/2e7c5a58-986f-402c-9dec-a45e0dadf8dd/resource/ca61ffd4-242f-44fd-85a8-03c79a8b417e,1.0,"Sep 1, 2026"
ouvert.canada.ca/data/fr/dataset/fa8e76e5-9cad-4262-bbf0-a2a038666ce2/resource/5d10c447-3993-42e2-8591-15e79e079acc,1.0,"Sep 1, 2026"
open.canada.ca/data/en/dataset/dc343c43-a592-4a27-8ee7-c77df56afb34/resource/bc616cb7-e5e8-4d67-a328-1ce1e2335146,1.0,"Sep 1, 2026"
open.canada.ca/data/en/dataset/b1a7c834-81b2-47be-8133-055e097c81aa,1.0,"Sep 1, 2026"
open.canada.ca/data/dataset/dfa4daf1-669e-4514-82cd-982f27707ed0,1.0,"Sep 1, 2026"
open.canada.ca/data/dataset/5c829a81-9f56-4404-845d-3ea03e457e97/resource/0956fbed-530e-45ec-9bed-7257cf1f7f9e,1.0,"Sep 1, 2026"
open.canada.ca/data/dataset/08805015-0a8c-4e43-a15d-0551c6cd8911/resource/a62913ee-ae9d-4f41-965a-c4102f862220,1.0,"Sep 1, 2026"
open.canada.ca/data/dataset/1c3d15f9-9cfa-4010-8462-0d67e493d9b9,1.0,"Sep 1, 2026"
ouvert.canada.ca/data/fr/dataset/d0f54727-6c0b-4e5a-aa04-ea1463cf9f4c,1.0,"Sep 1, 2026"
open.canada.ca/data/en/dataset/cab4826f-4a19-41f8-9041-3f02a1f6d966/resource/7cfa846c-2aef-4621-a15f-cec8d4a989b2,1.0,"Sep 1, 2026"
open.canada.ca/data/en/dataset/76defa14-473e-41e2-abfa-60021c4d934b/resource/bcab4f8f-18a3-4ed7-9c2e-751bdf6f4f0a,1.0,"Sep 1, 2026"
open.canada.ca/data/en/dataset/c999d1a9-8333-4871-9226-7d3a53f490a6/resource/00976f7d-b0b8-49e3-a41e-0a195207287c,1.0,"Sep 1, 2026"
open.canada.ca/data/dataset/362e89a0-8793-443c-9c4e-8607e9df1242/resource/1cfef0ed-f44d-4669-834e-62d5bd7214f9,1.0,"Sep 1, 2026"
ouvert.canada.ca/data/fr/dataset/dfa4daf1-669e-4514-82cd-982f27707ed0/resource/fc52e37f-1520-47d1-bff6-5925deb6974f,1.0,"Sep 1, 2026"
open.canada.ca/data/dataset/2c53729a-2453-4633-92f3-6876a45f8bc4/resource/f103066d-ccca-4e64-97c0-3b32e278a46d,1.0,"Sep 1, 2026"
